frame,stage,roi,template_scale,x,y,score,variance_distance,stride,selected
1,coarse,1,0.3,38,0,19.610519409179688,,,True
1,coarse,2,0.3,73,4,19.681324005126953,,,True
1,detail,1,1.0,79,0,29.444787979125977,1.1898887157440186,4,False
1,detail,1,0.9,81,0,27.710309982299805,0.9521884918212891,3,False
1,detail,1,0.8,69,0,25.958120346069336,1.1262519359588623,3,False
1,detail,1,0.7,71,6,25.77623748779297,1.0223746299743652,2,False
1,detail,1,0.6,75,12,25.882404327392578,1.2069017887115479,2,False
1,detail,2,1.0,120,0,26.596418380737305,1.3831074237823486,4,False
1,detail,2,0.9,129,6,25.67252540588379,1.5459461212158203,3,False
1,detail,2,0.8,129,12,25.92911720275879,1.689591646194458,3,False
1,detail,2,0.7,128,12,24.981508255004883,2.36446213722229,2,False
1,detail,2,0.6,128,18,24.21994972229004,2.495650053024292,2,True
2,coarse,1,0.3,38,0,19.185028076171875,,,True
2,coarse,2,0.3,73,4,19.297325134277344,,,True
2,detail,1,1.0,79,0,29.134721755981445,1.2192811965942383,4,False
2,detail,1,0.9,81,0,27.416780471801758,0.9811437129974365,3,False
2,detail,1,0.8,69,0,25.475984573364258,1.1587944030761719,3,False
2,detail,1,0.7,69,6,25.15974235534668,1.1564078330993652,2,False
2,detail,1,0.6,75,12,25.598220825195312,1.2058062553405762,2,False
2,detail,2,1.0,120,0,26.11534309387207,1.3619980812072754,4,False
2,detail,2,0.9,129,6,25.438566207885742,1.5778515338897705,3,False
2,detail,2,0.8,129,9,25.72037124633789,1.6627426147460938,3,False
2,detail,2,0.7,130,18,25.341968536376953,1.6313040256500244,2,False
2,detail,2,0.6,128,20,24.59803009033203,2.1830639839172363,2,True
3,coarse,1,0.3,72,4,19.416156768798828,,,True
3,coarse,2,0.3,48,4,19.41816520690918,,,True
3,detail,1,1.0,128,0,26.379528045654297,1.222775936126709,4,False
3,detail,1,0.9,129,6,25.241430282592773,1.2494568824768066,3,False
3,detail,1,0.8,129,12,25.734098434448242,1.3091955184936523,3,False
3,detail,1,0.7,130,20,25.2576904296875,1.4536950588226318,2,False
3,detail,1,0.6,132,26,24.55482292175293,1.367330551147461,2,True
3,detail,2,1.0,99,18,31.111560821533203,1.1855695247650146,4,False
3,detail,2,0.9,83,12,29.60701560974121,0.857342004776001,3,False
3,detail,2,0.8,83,6,26.859710693359375,0.7747044563293457,3,False
3,detail,2,0.7,85,12,26.601268768310547,0.9521024227142334,2,False
3,detail,2,0.6,85,18,27.573171615600586,0.8380391597747803,2,False
4,coarse,1,0.3,38,0,19.232755661010742,,,True
4,coarse,2,0.3,58,6,19.31907844543457,,,True
4,detail,1,1.0,71,0,29.020601272583008,1.1263363361358643,4,False
4,detail,1,0.9,69,0,27.493383407592773,1.2380151748657227,3,False
4,detail,1,0.8,69,0,25.562299728393555,1.0204682350158691,3,False
4,detail,1,0.7,77,6,25.849811553955078,1.081423044204712,2,False
4,detail,1,0.6,71,14,25.51494026184082,1.0690839290618896,2,False
4,detail,2,1.0,119,4,28.01479148864746,1.2266294956207275,4,False
4,detail,2,0.9,121,9,26.374767303466797,1.2426741123199463,3,False
4,detail,2,0.8,121,15,26.205373764038086,1.1068856716156006,3,False
4,detail,2,0.7,127,16,25.97822380065918,1.679638147354126,2,False
4,detail,2,0.6,127,22,25.170305252075195,1.9005842208862305,2,True
5,coarse,1,0.3,38,0,19.28646469116211,,,True
5,coarse,2,0.3,64,6,19.373825073242188,,,True
5,detail,1,1.0,81,8,30.22653579711914,0.9722883701324463,4,False
5,detail,1,0.9,72,3,27.98899269104004,0.9375097751617432,3,False
5,detail,1,0.8,72,0,26.696910858154297,0.9992179870605469,3,False
5,detail,1,0.7,71,8,25.8597412109375,0.8380167484283447,2,False
5,detail,1,0.6,71,14,25.428321838378906,1.1155567169189453,2,False
5,detail,2,1.0,119,0,26.09856414794922,1.4218809604644775,4,False
5,detail,2,0.9,130,6,25.1241397857666,1.3656094074249268,3,False
5,detail,2,0.8,130,12,25.206016540527344,1.4584147930145264,3,False
5,detail,2,0.7,131,18,24.905807495117188,1.5774736404418945,2,False
5,detail,2,0.6,127,20,24.036989212036133,2.3740580081939697,2,True
6,coarse,1,0.3,38,0,20.000446319580078,,,True
6,coarse,2,0.3,72,4,20.12516975402832,,,True
6,detail,1,1.0,81,8,30.703662872314453,0.9361088275909424,4,False
6,detail,1,0.9,78,0,29.1085205078125,0.9762959480285645,3,False
6,detail,1,0.8,72,0,27.187700271606445,0.955909252166748,3,False
6,detail,1,0.7,77,6,26.511409759521484,1.0420267581939697,2,False
6,detail,1,0.6,71,14,26.178001403808594,1.27565598487854,2,False
6,detail,2,1.0,120,0,26.525737762451172,1.5314788818359375,4,False
6,detail,2,0.9,129,6,26.23208999633789,1.481261968612671,3,False
6,detail,2,0.8,132,12,26.297880172729492,1.4038009643554688,3,False
6,detail,2,0.7,132,18,25.376842498779297,1.5675022602081299,2,False
6,detail,2,0.6,128,20,24.745220184326172,2.2708535194396973,2,True
7,coarse,1,0.3,48,4,19.451780319213867,,,True
7,coarse,2,0.3,72,4,19.534603118896484,,,True
7,detail,1,1.0,99,18,30.927383422851562,1.0947718620300293,4,False
7,detail,1,0.9,83,18,30.83839225769043,0.7452037334442139,3,False
7,detail,1,0.8,83,18,30.226226806640625,0.695354700088501,3,False
7,detail,1,0.7,83,12,28.42344856262207,0.5533695220947266,2,False
7,detail,1,0.6,85,18,27.920303344726562,0.657459020614624,2,False
7,detail,2,1.0,120,0,26.21379852294922,1.6274919509887695,4,False
7,detail,2,0.9,132,6,26.271024703979492,1.4070396423339844,3,False
7,detail,2,0.8,132,12,25.833091735839844,1.4719102382659912,3,False
7,detail,2,0.7,128,12,24.512271881103516,2.4736037254333496,2,False
7,detail,2,0.6,128,18,23.96664047241211,2.6764729022979736,2,True
8,coarse,1,0.3,38,0,19.250553131103516,,,True
8,coarse,2,0.3,58,6,19.377086639404297,,,True
8,detail,1,1.0,81,8,30.57978630065918,0.9609174728393555,4,False
8,detail,1,0.9,78,0,28.710224151611328,0.9685249328613281,3,False
8,detail,1,0.8,72,0,26.367952346801758,0.9481549263000488,3,False
8,detail,1,0.7,73,6,25.907747268676758,0.9846439361572266,2,False
8,detail,1,0.6,73,14,25.753860473632812,1.0138602256774902,2,False
8,detail,2,1.0,121,0,26.17560577392578,1.5434529781341553,4,False
8,detail,2,0.9,121,6,25.95183753967285,1.5280497074127197,3,False
8,detail,2,0.8,124,12,26.25636100769043,1.7018239498138428,3,False
8,detail,2,0.7,127,12,24.108341217041016,2.588880777359009,2,False
8,detail,2,0.6,129,18,23.891773223876953,2.595038890838623,2,True
9,coarse,1,0.3,38,0,19.258556365966797,,,True
9,coarse,2,0.3,73,4,19.4199161529541,,,True
9,detail,1,1.0,81,8,30.49046516418457,0.9068593978881836,4,False
9,detail,1,0.9,78,0,28.549381256103516,0.971820592880249,3,False
9,detail,1,0.8,72,3,27.1646785736084,0.9880776405334473,3,False
9,detail,1,0.7,73,8,26.43701171875,0.991182804107666,2,False
9,detail,1,0.6,73,14,25.72291374206543,1.1803152561187744,2,False
9,detail,2,1.0,120,0,25.91129493713379,1.577204704284668,4,False
9,detail,2,0.9,129,3,25.855430603027344,1.7428271770477295,3,False
9,detail,2,0.8,132,12,25.418800354003906,1.5180611610412598,3,False
9,detail,2,0.7,128,12,24.000064849853516,2.4744133949279785,2,False
9,detail,2,0.6,128,18,23.620237350463867,2.6232247352600098,2,True
10,coarse,1,0.3,38,0,19.28529930114746,,,True
10,coarse,2,0.3,73,4,19.457704544067383,,,True
10,detail,1,1.0,81,16,30.30425453186035,1.4571857452392578,4,False
10,detail,1,0.9,78,0,28.433053970336914,0.9925856590270996,3,False
10,detail,1,0.8,72,3,27.046894073486328,1.005934715270996,3,False
10,detail,1,0.7,73,8,26.241607666015625,1.0017385482788086,2,False
10,detail,1,0.6,73,14,25.541032791137695,1.2046024799346924,2,False
10,detail,2,1.0,120,0,25.93031120300293,1.7011744976043701,4,False
10,detail,2,0.9,132,6,25.626667022705078,1.5515131950378418,3,False
10,detail,2,0.8,132,12,25.248435974121094,1.6238369941711426,3,False
10,detail,2,0.7,128,12,24.17202377319336,2.576279401779175,2,False
10,detail,2,0.6,132,18,23.681079864501953,2.4686062335968018,2,True
11,coarse,1,0.3,38,0,18.88031768798828,,,True
11,coarse,2,0.3,58,6,19.10687255859375,,,True
11,detail,1,1.0,75,0,29.34312629699707,1.0184097290039062,4,False
11,detail,1,0.9,72,3,27.445194244384766,0.9426975250244141,3,False
11,detail,1,0.8,72,0,25.32737922668457,0.9440100193023682,3,False
11,detail,1,0.7,73,8,25.6688289642334,0.9341042041778564,2,False
11,detail,1,0.6,79,14,25.382173538208008,1.059861421585083,2,False
11,detail,2,1.0,121,0,25.660215377807617,1.6603028774261475,4,False
11,detail,2,0.9,121,6,25.611114501953125,1.624443531036377,3,False
11,detail,2,0.8,124,12,25.667455673217773,1.7287893295288086,3,False
11,detail,2,0.7,127,12,23.644001007080078,2.7085094451904297,2,False
11,detail,2,0.6,129,18,23.314748764038086,2.7952919006347656,2,True
12,coarse,1,0.3,38,0,19.724058151245117,,,True
12,coarse,2,0.3,62,6,19.813749313354492,,,True
12,detail,1,1.0,75,0,29.93886375427246,1.0816690921783447,4,False
12,detail,1,0.9,75,3,28.714553833007812,1.100545883178711,3,False
12,detail,1,0.8,72,3,27.156003952026367,1.0155980587005615,3,False
12,detail,1,0.7,73,8,26.34512710571289,0.8151838779449463,2,False
12,detail,1,0.6,75,14,26.765748977661133,0.9066200256347656,2,False
12,detail,2,1.0,119,0,26.518810272216797,1.49558424949646,4,False
12,detail,2,0.9,131,6,25.460298538208008,1.4578418731689453,3,False
12,detail,2,0.8,132,12,25.479787826538086,1.478071689605713,3,False
12,detail,2,0.7,129,14,25.34625244140625,2.1415116786956787,2,False
12,detail,2,0.6,129,20,24.276859283447266,2.3737943172454834,2,True
13,coarse,1,0.3,38,0,19.36862564086914,,,True
13,coarse,2,0.3,58,6,19.434951782226562,,,True
13,detail,1,1.0,81,0,29.00971031188965,1.4677271842956543,4,False
13,detail,1,0.9,83,0,27.20625877380371,1.289644479751587,3,False
13,detail,1,0.8,72,0,25.823665618896484,1.5220727920532227,3,False
13,detail,1,0.7,71,6,25.106401443481445,1.1936683654785156,2,False
13,detail,1,0.6,77,12,25.444110870361328,1.3748199939727783,2,False
13,detail,2,1.0,121,0,25.896690368652344,1.558316707611084,4,False
13,detail,2,0.9,123,6,25.88846206665039,1.6374797821044922,3,False
13,detail,2,0.8,124,12,25.926177978515625,1.7525193691253662,3,False
13,detail,2,0.7,128,10,23.729896545410156,2.527573823928833,2,True
13,detail,2,0.6,129,18,23.97452735900879,2.2828962802886963,2,False
14,coarse,1,0.3,38,0,19.204599380493164,,,True
14,coarse,2,0.3,58,6,19.31899070739746,,,True
14,detail,1,1.0,81,0,28.950151443481445,1.5097863674163818,4,False
14,detail,1,0.9,83,0,27.095367431640625,1.3581295013427734,3,False
14,detail,1,0.8,72,0,25.577716827392578,1.552598476409912,3,False
14,detail,1,0.7,71,6,24.995121002197266,1.139068841934204,2,False
14,detail,1,0.6,79,12,24.19610595703125,1.4775207042694092,2,False
14,detail,2,1.0,121,0,25.68622398376465,1.5010309219360352,4,False
14,detail,2,0.9,123,6,25.595924377441406,1.6041159629821777,3,False
14,detail,2,0.8,124,12,25.689071655273438,1.7243971824645996,3,False
14,detail,2,0.7,128,10,23.476842880249023,2.372734785079956,2,True
14,detail,2,0.6,129,18,23.734472274780273,2.1431164741516113,2,False
15,coarse,1,0.3,38,0,19.221418380737305,,,True
15,coarse,2,0.3,58,6,19.376264572143555,,,True
15,detail,1,1.0,81,0,29.03261947631836,1.5216469764709473,4,False
15,detail,1,0.9,83,0,27.220670700073242,1.3361730575561523,3,False
15,detail,1,0.8,72,0,25.508363723754883,1.5405309200286865,3,False
15,detail,1,0.7,73,6,25.137357711791992,1.1929552555084229,2,False
15,detail,1,0.6,79,12,24.23935317993164,1.407602310180664,2,False
15,detail,2,1.0,121,0,25.83625602722168,1.567579746246338,4,False
15,detail,2,0.9,123,6,25.75849151611328,1.6548335552215576,3,False
15,detail,2,0.8,124,12,25.778432846069336,1.772233009338379,3,False
15,detail,2,0.7,128,10,23.57537078857422,2.570927143096924,2,True
15,detail,2,0.6,129,18,23.690446853637695,2.315823554992676,2,False
16,coarse,1,0.3,24,0,19.405990600585938,,,True
16,coarse,2,0.3,52,6,19.4904842376709,,,True
16,coarse,3,0.3,73,0,19.60556983947754,,,True
16,detail,1,1.0,43,16,33.542816162109375,0.9891500473022461,4,False
16,detail,1,0.9,53,27,30.718996047973633,0.9059286117553711,3,False
16,detail,1,0.8,35,0,27.70734214782715,1.2008285522460938,3,False
16,detail,1,0.7,35,0,26.241050720214844,1.63148832321167,2,False
16,detail,1,0.6,39,2,23.971532821655273,1.8100337982177734,2,False
16,detail,2,1.0,99,18,30.49838638305664,1.4140880107879639,4,False
16,detail,2,0.9,103,27,30.706098556518555,1.2877237796783447,3,False
16,detail,2,0.8,94,12,26.92589569091797,1.7871856689453125,3,False
16,detail,2,0.7,93,12,24.906068801879883,1.7847330570220947,2,False
16,detail,2,0.6,95,20,24.93334197998047,1.8277127742767334,2,False
16,detail,3,1.0,120,0,26.19676971435547,1.3716552257537842,4,False
16,detail,3,0.9,132,6,25.20506477355957,1.5973165035247803,3,False
16,detail,3,0.8,132,12,24.956308364868164,1.699571132659912,3,False
16,detail,3,0.7,128,12,24.048742294311523,2.4228627681732178,2,False
16,detail,3,0.6,134,18,23.52311134338379,2.2656610012054443,2,True
17,coarse,1,0.3,38,0,19.11968231201172,,,True
17,coarse,2,0.3,58,6,19.28466796875,,,True
17,detail,1,1.0,81,0,28.93999671936035,1.7232646942138672,4,False
17,detail,1,0.9,83,0,27.02364158630371,1.510603666305542,3,False
17,detail,1,0.8,72,0,25.215049743652344,1.612689733505249,3,False
17,detail,1,0.7,73,6,24.841005325317383,1.2449030876159668,2,False
17,detail,1,0.6,79,12,24.247953414916992,1.7068839073181152,2,False
17,detail,2,1.0,121,0,25.66259002685547,1.5242350101470947,4,False
17,detail,2,0.9,123,6,25.476890563964844,1.5844759941101074,3,False
17,detail,2,0.8,124,15,25.465160369873047,1.7471683025360107,3,False
17,detail,2,0.7,128,12,23.73820686340332,2.4319517612457275,2,False
17,detail,2,0.6,130,18,23.428125381469727,2.4281089305877686,2,True
18,coarse,1,0.3,42,2,19.35277557373047,,,True
18,coarse,2,0.4,64,0,21.222272872924805,,,True
18,detail,1,1.0,83,0,27.81123161315918,1.3166275024414062,4,False
18,detail,1,0.9,86,0,26.007810592651367,1.1144979000091553,3,False
18,detail,1,0.8,71,0,25.222158432006836,1.3826377391815186,3,False
18,detail,1,0.7,73,6,25.0034122467041,1.2210633754730225,2,False
18,detail,1,0.6,79,12,24.54770851135254,1.6122245788574219,2,False
18,detail,2,1.0,121,0,25.701793670654297,1.3963079452514648,4,False
18,detail,2,0.9,132,6,24.87139892578125,1.5038304328918457,3,False
18,detail,2,0.8,132,12,24.968339920043945,1.5877048969268799,3,False
18,detail,2,0.7,129,12,23.936208724975586,2.1782712936401367,2,False
18,detail,2,0.6,131,18,23.723255157470703,2.1539857387542725,2,True
19,coarse,1,0.3,38,0,18.957843780517578,,,True
19,coarse,2,0.3,58,6,19.15915298461914,,,True
19,detail,1,1.0,75,0,28.88819122314453,1.577716588973999,4,False
19,detail,1,0.9,83,0,26.912391662597656,1.4385132789611816,3,False
19,detail,1,0.8,72,0,24.98651885986328,1.479848861694336,3,False
19,detail,1,0.7,73,6,24.58844566345215,1.3854517936706543,2,False
19,detail,1,0.6,79,12,24.222002029418945,1.6936368942260742,2,False
19,detail,2,1.0,121,4,27.3718318939209,1.4400784969329834,4,False
19,detail,2,0.9,123,6,25.295330047607422,1.4457345008850098,3,False
19,detail,2,0.8,124,15,25.248193740844727,1.5672383308410645,3,False
19,detail,2,0.7,128,14,24.714082717895508,1.8606305122375488,2,False
19,detail,2,0.6,129,20,23.82379722595215,1.8132128715515137,2,True
20,coarse,1,0.3,38,0,19.276140213012695,,,True
20,coarse,2,0.3,72,6,19.306299209594727,,,True
20,detail,1,1.0,75,0,29.222396850585938,1.7188239097595215,4,False
20,detail,1,0.9,83,0,27.309974670410156,1.6832597255706787,3,False
20,detail,1,0.8,72,0,25.30903434753418,1.5925865173339844,3,False
20,detail,1,0.7,73,6,24.949495315551758,1.416088342666626,2,False
20,detail,1,0.6,79,12,24.623849868774414,1.6761410236358643,2,False
20,detail,2,1.0,132,0,26.142820358276367,1.5867481231689453,4,False
20,detail,2,0.9,132,6,25.273273468017578,1.717008113861084,3,False
20,detail,2,0.8,132,12,25.534568786621094,1.8331577777862549,3,False
20,detail,2,0.7,128,12,23.8825626373291,2.0172300338745117,2,False
20,detail,2,0.6,130,18,23.206735610961914,2.073275566101074,2,True
21,coarse,1,0.3,73,6,19.36992073059082,,,True
21,coarse,2,0.3,34,0,19.420246124267578,,,True
21,coarse,3,0.5,50,2,25.466876983642578,,,True
21,detail,1,1.0,132,0,26.174711227416992,1.6183619499206543,4,False
21,detail,1,0.9,132,6,25.369976043701172,1.7801554203033447,3,False
21,detail,1,0.8,129,3,23.848228454589844,2.2639753818511963,3,False
21,detail,1,0.7,130,10,23.362926483154297,2.3199472427368164,2,False
21,detail,1,0.6,130,18,23.251113891601562,2.1845617294311523,2,True
21,detail,2,1.0,73,0,28.786296844482422,1.5843966007232666,4,False
21,detail,2,0.9,70,0,27.581581115722656,1.6075654029846191,3,False
21,detail,2,0.8,73,0,25.89862823486328,1.6745619773864746,3,False
21,detail,2,0.7,73,6,25.050708770751953,1.3956129550933838,2,False
21,detail,2,0.6,79,12,24.82944107055664,1.6355082988739014,2,False
21,detail,3,1.0,103,18,30.532352447509766,1.0899147987365723,4,False
21,detail,3,0.9,94,12,27.891551971435547,1.8643066883087158,3,False
21,detail,3,0.8,94,15,27.354463577270508,1.9464411735534668,3,False
21,detail,3,0.7,93,12,25.477657318115234,2.038041830062866,2,False
21,detail,3,0.6,95,20,25.300199508666992,2.088467597961426,2,False
22,coarse,1,0.3,73,6,19.37405014038086,,,True
22,coarse,2,0.3,24,0,19.599201202392578,,,True
22,coarse,3,0.3,48,4,19.736976623535156,,,True
22,detail,1,1.0,132,0,26.340770721435547,1.7980523109436035,4,False
22,detail,1,0.9,132,6,25.704349517822266,1.9621706008911133,3,False
22,detail,1,0.8,129,3,24.013193130493164,2.2621495723724365,3,False
22,detail,1,0.7,140,10,23.52848243713379,2.7528202533721924,2,False
22,detail,1,0.6,132,16,23.12185287475586,2.916686534881592,2,True
22,detail,2,1.0,43,12,32.02959442138672,1.2668917179107666,4,False
22,detail,2,0.9,53,27,29.835092544555664,1.1148688793182373,3,False
22,detail,2,0.8,53,33,27.61452293395996,1.0630474090576172,3,False
22,detail,2,0.7,43,0,25.535850524902344,1.2374939918518066,2,False
22,detail,2,0.6,41,4,24.512399673461914,1.6223561763763428,2,False
22,detail,3,1.0,87,0,27.318864822387695,1.4287161827087402,4,False
22,detail,3,0.9,86,0,26.310884475708008,1.3471221923828125,3,False
22,detail,3,0.8,89,6,25.74359130859375,1.513561487197876,3,False
22,detail,3,0.7,87,6,25.22754669189453,1.6834039688110352,2,False
22,detail,3,0.6,95,20,25.311626434326172,2.015085458755493,2,False
23,coarse,1,0.3,48,4,19.158056259155273,,,True
23,coarse,2,0.4,71,0,21.340394973754883,,,True
23,detail,1,1.0,87,0,26.750534057617188,1.4829068183898926,4,False
23,detail,1,0.9,86,0,25.7430419921875,1.4386539459228516,3,False
23,detail,1,0.8,89,6,25.169048309326172,1.58481764793396,3,False
23,detail,1,0.7,87,6,24.5878963470459,1.7396697998046875,2,False
23,detail,1,0.6,83,12,23.355789184570312,1.9395785331726074,2,False
23,detail,2,1.0,132,0,26.155887603759766,1.8146862983703613,4,False
23,detail,2,0.9,132,6,25.55048370361328,2.0007412433624268,3,False
23,detail,2,0.8,129,3,23.74335289001465,2.2898614406585693,3,False
23,detail,2,0.7,130,10,23.412921905517578,2.397113800048828,2,False
23,detail,2,0.6,132,16,22.889558792114258,2.9745655059814453,2,True
24,coarse,1,0.3,38,0,19.14311408996582,,,True
24,coarse,2,0.3,58,8,19.202606201171875,,,True
24,detail,1,1.0,75,0,28.662704467773438,1.9468200206756592,4,False
24,detail,1,0.9,83,0,27.154117584228516,1.94822096824646,3,False
24,detail,1,0.8,72,0,24.908267974853516,1.827256441116333,3,False
24,detail,1,0.7,79,4,24.106454849243164,2.0978755950927734,2,False
24,detail,1,0.6,81,12,23.61009407043457,1.9671456813812256,2,False
24,detail,2,1.0,121,0,25.92403221130371,1.6095373630523682,4,False
24,detail,2,0.9,123,9,25.654335021972656,1.8215367794036865,3,False
24,detail,2,0.8,124,15,25.467899322509766,1.8623383045196533,3,False
24,detail,2,0.7,128,12,24.166719436645508,2.0624806880950928,2,False
24,detail,2,0.6,130,18,23.324787139892578,2.147195816040039,2,True
25,coarse,1,0.3,38,0,19.218372344970703,,,True
25,coarse,2,0.3,60,4,19.328113555908203,,,True
25,detail,1,1.0,75,0,28.49356460571289,1.8223984241485596,4,False
25,detail,1,0.9,83,0,27.148719787597656,1.661893606185913,3,False
25,detail,1,0.8,72,0,25.025230407714844,1.8259456157684326,3,False
25,detail,1,0.7,79,4,24.244461059570312,1.895702600479126,2,False
25,detail,1,0.6,81,12,23.675151824951172,1.757699728012085,2,False
25,detail,2,1.0,123,0,26.162965774536133,2.0093517303466797,4,False
25,detail,2,0.9,122,9,26.15256690979004,1.8407349586486816,3,False
25,detail,2,0.8,128,0,23.315662384033203,2.9889438152313232,3,False
25,detail,2,0.7,129,8,23.014320373535156,3.304478645324707,2,False
25,detail,2,0.6,131,14,22.809459686279297,3.811918020248413,2,True
26,coarse,1,0.3,24,0,19.179485321044922,,,True
26,coarse,2,0.3,52,6,19.26603889465332,,,True
26,coarse,3,0.4,71,0,21.539175033569336,,,True
26,detail,1,1.0,43,16,32.26180648803711,1.0364491939544678,4,False
26,detail,1,0.9,35,24,31.694610595703125,1.41721773147583,3,False
26,detail,1,0.8,38,3,27.355255126953125,1.115858554840088,3,False
26,detail,1,0.7,37,0,26.127063751220703,1.5021345615386963,2,False
26,detail,1,0.6,35,2,24.886138916015625,1.5897388458251953,2,False
26,detail,2,1.0,99,18,30.212766647338867,1.0175502300262451,4,False
26,detail,2,0.9,103,27,29.862730026245117,0.980903148651123,3,False
26,detail,2,0.8,106,33,31.681055068969727,0.9074554443359375,3,False
26,detail,2,0.7,91,16,27.009265899658203,1.663661241531372,2,False
26,detail,2,0.6,91,20,26.167076110839844,1.6443893909454346,2,False
26,detail,3,1.0,132,0,26.168424606323242,1.933126449584961,4,False
26,detail,3,0.9,132,6,25.75143814086914,2.0646655559539795,3,False
26,detail,3,0.8,126,0,23.370908737182617,3.2300033569335938,3,False
26,detail,3,0.7,130,8,23.114826202392578,3.3021857738494873,2,False
26,detail,3,0.6,130,16,22.743040084838867,3.1697847843170166,2,True
27,coarse,1,0.3,24,0,19.2408390045166,,,True
27,coarse,2,0.3,52,6,19.269956588745117,,,True
27,coarse,3,0.4,71,0,21.54071044921875,,,True
27,detail,1,1.0,43,16,32.3922004699707,1.1175861358642578,4,False
27,detail,1,0.9,35,24,31.784605026245117,1.494748830795288,3,False
27,detail,1,0.8,38,3,27.515748977661133,1.1924757957458496,3,False
27,detail,1,0.7,37,0,26.28382110595703,1.5296447277069092,2,False
27,detail,1,0.6,41,4,24.20972442626953,1.7202889919281006,2,False
27,detail,2,1.0,99,18,30.242385864257812,1.059319019317627,4,False
27,detail,2,0.9,103,27,29.878448486328125,1.0398147106170654,3,False
27,detail,2,0.8,106,33,31.740489959716797,0.9920172691345215,3,False
27,detail,2,0.7,91,16,26.91777229309082,1.7385187149047852,2,False
27,detail,2,0.6,91,20,26.073266983032227,1.715667963027954,2,False
27,detail,3,1.0,132,0,26.184974670410156,1.937223196029663,4,False
27,detail,3,0.9,132,6,25.875951766967773,2.0712509155273438,3,False
27,detail,3,0.8,129,0,23.558820724487305,2.865488052368164,3,False
27,detail,3,0.7,130,8,23.29155158996582,3.1825263500213623,2,False
27,detail,3,0.6,130,14,22.979066848754883,3.8874948024749756,2,True
28,coarse,1,0.3,24,0,19.45018768310547,,,True
28,coarse,2,0.3,54,6,19.509672164916992,,,True
28,detail,1,1.0,43,16,32.3831901550293,1.1522934436798096,4,False
28,detail,1,0.9,35,24,31.738847732543945,1.5151002407073975,3,False
28,detail,1,0.8,38,3,27.719375610351562,1.259279727935791,3,False
28,detail,1,0.7,37,0,26.45323944091797,1.6251640319824219,2,False
28,detail,1,0.6,41,4,24.476280212402344,1.777989387512207,2,True
28,detail,2,1.0,99,18,30.323135375976562,1.101569652557373,4,False
28,detail,2,0.9,104,27,29.85528564453125,1.0044066905975342,3,False
28,detail,2,0.8,107,33,31.702083587646484,1.0021405220031738,3,False
28,detail,2,0.7,109,38,32.20191192626953,0.8158910274505615,2,False
28,detail,2,0.6,95,32,29.91311264038086,1.9888701438903809,2,False
29,coarse,1,0.3,24,0,19.4249267578125,,,True
29,coarse,2,0.3,54,6,19.447376251220703,,,True
29,detail,1,1.0,43,16,32.24029541015625,1.1226882934570312,4,False
29,detail,1,0.9,35,24,31.540428161621094,1.512263298034668,3,False
29,detail,1,0.8,38,3,27.62738609313965,1.2619163990020752,3,False
29,detail,1,0.7,37,0,26.33237648010254,1.6271142959594727,2,False
29,detail,1,0.6,41,4,24.45629119873047,1.7360296249389648,2,True
29,detail,2,1.0,99,18,30.395984649658203,1.1147432327270508,4,False
29,detail,2,0.9,104,27,29.87564468383789,1.0231859683990479,3,False
29,detail,2,0.8,107,33,31.662485122680664,0.9874341487884521,3,False
29,detail,2,0.7,95,32,31.937509536743164,1.9536967277526855,2,False
29,detail,2,0.6,99,30,29.153982162475586,2.1583120822906494,2,False
30,coarse,1,0.3,38,0,19.054609298706055,,,True
30,coarse,2,0.3,58,6,19.17410659790039,,,True
30,detail,1,1.0,75,0,28.179183959960938,1.8277606964111328,4,False
30,detail,1,0.9,83,0,27.00908088684082,1.6399109363555908,3,False
30,detail,1,0.8,72,0,24.73002815246582,1.8124361038208008,3,False
30,detail,1,0.7,79,4,24.292396545410156,1.8946959972381592,2,False
30,detail,1,0.6,81,12,23.688186645507812,1.8112647533416748,2,False
30,detail,2,1.0,121,0,26.097938537597656,1.8928163051605225,4,False
30,detail,2,0.9,123,9,25.808361053466797,2.0967769622802734,3,False
30,detail,2,0.8,125,3,24.277536392211914,2.3896825313568115,3,False
30,detail,2,0.7,128,8,23.506099700927734,3.3556830883026123,2,False
30,detail,2,0.6,130,14,23.020082473754883,3.789836883544922,2,True
31,coarse,1,0.3,73,6,19.391050338745117,,,True
31,coarse,2,0.3,50,4,19.46415138244629,,,True
31,coarse,3,0.3,24,0,19.570560455322266,,,True
31,detail,1,1.0,132,0,26.326522827148438,2.024519443511963,4,False
31,detail,1,0.9,123,9,25.879653930664062,2.102874755859375,3,False
31,detail,1,0.8,126,0,23.597454071044922,3.188922643661499,3,False
31,detail,1,0.7,130,8,23.434221267700195,3.217393398284912,2,False
31,detail,1,0.6,130,16,22.923690795898438,3.0662994384765625,2,True
31,detail,2,1.0,87,8,29.071632385253906,1.1801173686981201,4,False
31,detail,2,0.9,87,0,25.738019943237305,1.1993465423583984,3,False
31,detail,2,0.8,87,6,25.86138916015625,1.331430196762085,3,False
31,detail,2,0.7,91,14,25.78569793701172,1.7133755683898926,2,False
31,detail,2,0.6,87,14,25.333833694458008,1.5367205142974854,2,False
31,detail,3,1.0,35,16,32.2709846496582,1.364417552947998,4,False
31,detail,3,0.9,35,24,31.544010162353516,1.4988913536071777,3,False
31,detail,3,0.8,35,0,27.627918243408203,1.294804334640503,3,False
31,detail,3,0.7,37,0,26.294784545898438,1.5192663669586182,2,False
31,detail,3,0.6,41,4,24.666357040405273,1.6227638721466064,2,False
32,coarse,1,0.3,50,4,19.11121940612793,,,True
32,coarse,2,0.4,71,0,21.64900779724121,,,True
32,coarse,3,0.4,26,0,22.85555076599121,,,True
32,detail,1,1.0,87,8,28.778745651245117,1.2281148433685303,4,False
32,detail,1,0.9,87,0,25.419748306274414,1.2665822505950928,3,False
32,detail,1,0.8,87,6,25.58104133605957,1.3571326732635498,3,False
32,detail,1,0.7,91,14,25.504802703857422,1.6541810035705566,2,False
32,detail,1,0.6,93,20,25.75010871887207,1.815295696258545,2,False
32,detail,2,1.0,132,0,26.2459774017334,2.0341835021972656,4,False
32,detail,2,0.9,123,9,25.849302291870117,2.1352107524871826,3,False
32,detail,2,0.8,126,0,23.446083068847656,3.266282796859741,3,False
32,detail,2,0.7,132,6,23.39655876159668,4.062453269958496,2,False
32,detail,2,0.6,130,16,23.013160705566406,3.1486639976501465,2,True
32,detail,3,1.0,59,16,32.12779998779297,1.2661912441253662,4,False
32,detail,3,0.9,61,27,29.546541213989258,1.4503934383392334,3,False
32,detail,3,0.8,63,33,28.346240997314453,1.5715575218200684,3,False
32,detail,3,0.7,66,6,25.057287216186523,1.3645248413085938,2,False
32,detail,3,0.6,68,6,23.99652862548828,1.7622590065002441,2,False
33,coarse,1,0.3,24,0,19.685102462768555,,,True
33,coarse,2,0.3,73,6,19.758108139038086,,,True
33,coarse,3,0.3,50,4,19.785978317260742,,,True
33,detail,1,1.0,35,16,32.509910583496094,1.380394458770752,4,False
33,detail,1,0.9,35,24,31.919797897338867,1.5251195430755615,3,False
33,detail,1,0.8,41,3,27.96146011352539,1.3660671710968018,3,False
33,detail,1,0.7,43,0,25.837257385253906,1.3299140930175781,2,False
33,detail,1,0.6,41,4,25.10540771484375,1.9535956382751465,2,False
33,detail,2,1.0,124,0,26.590242385864258,2.0325193405151367,4,False
33,detail,2,0.9,123,9,26.23691749572754,2.0267670154571533,3,False
33,detail,2,0.8,126,0,23.737640380859375,3.2844371795654297,3,False
33,detail,2,0.7,132,6,23.491008758544922,4.168111801147461,2,False
33,detail,2,0.6,130,16,23.365814208984375,3.1613874435424805,2,True
33,detail,3,1.0,87,8,29.264976501464844,1.2265625,4,False
33,detail,3,0.9,87,0,25.984729766845703,1.295149564743042,3,False
33,detail,3,0.8,87,6,26.15384864807129,1.2993566989898682,3,False
33,detail,3,0.7,91,14,26.0319766998291,1.6708900928497314,2,False
33,detail,3,0.6,93,20,26.334592819213867,1.8746435642242432,2,False
34,coarse,1,0.3,73,6,19.798725128173828,,,True
34,coarse,2,0.3,38,0,19.963281631469727,,,True
34,detail,1,1.0,132,0,26.550235748291016,1.852043867111206,4,False
34,detail,1,0.9,123,9,26.430009841918945,1.8355522155761719,3,False
34,detail,1,0.8,129,0,23.707897186279297,3.164839744567871,3,False
34,detail,1,0.7,130,8,23.55286979675293,3.534404993057251,2,False
34,detail,1,0.6,132,14,23.293964385986328,4.321229934692383,2,True
34,detail,2,1.0,75,0,28.644865036010742,1.6977272033691406,4,False
34,detail,2,0.9,72,0,27.648235321044922,1.7894370555877686,3,False
34,detail,2,0.8,72,0,25.44747543334961,1.5890014171600342,3,False
34,detail,2,0.7,79,4,25.182369232177734,1.877394676208496,2,False
34,detail,2,0.6,81,12,24.40133285522461,1.8445866107940674,2,False
35,coarse,1,0.3,50,4,19.739707946777344,,,True
35,coarse,2,0.3,73,6,19.753385543823242,,,True
35,coarse,3,0.5,28,2,26.166410446166992,,,True
35,detail,1,1.0,87,4,28.627233505249023,1.5682995319366455,4,False
35,detail,1,0.9,87,0,26.09203338623047,1.5515084266662598,3,False
35,detail,1,0.8,90,6,25.551538467407227,1.8525373935699463,3,False
35,detail,1,0.7,91,14,26.060482025146484,1.8684678077697754,2,False
35,detail,1,0.6,87,14,25.550146102905273,1.852942943572998,2,False
35,detail,2,1.0,132,0,26.472110748291016,1.815178632736206,4,False
35,detail,2,0.9,135,6,26.33892059326172,1.7840347290039062,3,False
35,detail,2,0.8,129,3,24.38898468017578,2.4498584270477295,3,False
35,detail,2,0.7,130,10,23.98619270324707,2.525794267654419,2,False
35,detail,2,0.6,134,16,23.66841697692871,2.8550779819488525,2,True
35,detail,3,1.0,65,4,29.397563934326172,1.777787208557129,4,False
35,detail,3,0.9,65,3,28.015071868896484,1.8551416397094727,3,False
35,detail,3,0.8,68,0,27.230972290039062,1.762603998184204,3,False
35,detail,3,0.7,72,2,26.094295501708984,1.8821804523468018,2,False
35,detail,3,0.6,74,8,24.886606216430664,1.8872711658477783,2,False
36,coarse,1,0.3,28,0,19.190715789794922,,,True
36,coarse,2,0.3,50,4,19.286521911621094,,,True
36,coarse,3,0.4,71,0,21.673961639404297,,,True
36,detail,1,1.0,61,18,32.04411697387695,1.2926888465881348,4,False
36,detail,1,0.9,63,27,29.140649795532227,1.4639816284179688,3,False
36,detail,1,0.8,65,33,27.435626983642578,1.5964629650115967,3,False
36,detail,1,0.7,43,0,25.359420776367188,1.5091006755828857,2,False
36,detail,1,0.6,43,6,25.067651748657227,1.5897886753082275,2,False
36,detail,2,1.0,87,0,26.668989181518555,1.5990643501281738,4,False
36,detail,2,0.9,90,0,25.760452270507812,1.9415016174316406,3,False
36,detail,2,0.8,90,6,25.206926345825195,1.863011121749878,3,False
36,detail,2,0.7,99,14,24.853134155273438,2.397484540939331,2,False
36,detail,2,0.6,101,20,23.85259437561035,2.243403673171997,2,False
36,detail,3,1.0,132,0,26.03549575805664,1.8878979682922363,4,False
36,detail,3,0.9,135,6,25.879968643188477,1.859083890914917,3,False
36,detail,3,0.8,129,3,23.932010650634766,2.552959680557251,3,False
36,detail,3,0.7,132,10,23.517969131469727,2.5533361434936523,2,False
36,detail,3,0.6,134,16,22.667743682861328,3.031768560409546,2,True
37,coarse,1,0.3,46,2,19.618330001831055,,,True
37,coarse,2,0.4,66,0,22.36581039428711,,,True
37,detail,1,1.0,87,0,27.148786544799805,1.096846580505371,4,False
37,detail,1,0.9,88,6,27.04120445251465,1.1098546981811523,3,False
37,detail,1,0.8,88,6,26.102802276611328,1.2528154850006104,3,False
37,detail,1,0.7,81,4,24.342517852783203,1.949289321899414,2,False
37,detail,1,0.6,83,12,24.035615921020508,1.8812627792358398,2,True
37,detail,2,1.0,124,0,26.590356826782227,1.7921645641326904,4,False
37,detail,2,0.9,135,6,26.344886779785156,1.734300136566162,3,False
37,detail,2,0.8,135,12,25.831382751464844,1.9007494449615479,3,False
37,detail,2,0.7,130,12,25.02652359008789,2.6425065994262695,2,False
37,detail,2,0.6,136,18,24.14011001586914,2.5791234970092773,2,False
38,coarse,1,0.3,46,2,19.57927894592285,,,True
38,coarse,2,0.3,26,0,19.743932723999023,,,True
38,coarse,3,0.4,66,0,21.932580947875977,,,True
38,detail,1,1.0,87,4,28.901620864868164,1.066178321838379,4,False
38,detail,1,0.9,88,6,27.03170394897461,1.0470483303070068,3,False
38,detail,1,0.8,88,6,26.05499839782715,1.18505859375,3,False
38,detail,1,0.7,81,4,24.436635971069336,1.9688746929168701,2,False
38,detail,1,0.6,81,12,24.963518142700195,1.9754035472869873,2,False
38,detail,2,1.0,43,12,32.956565856933594,1.1147246360778809,4,False
38,detail,2,0.9,39,24,33.54367446899414,1.4748010635375977,3,False
38,detail,2,0.8,39,3,27.957237243652344,1.4701623916625977,3,False
38,detail,2,0.7,43,0,26.260868072509766,1.6528618335723877,2,False
38,detail,2,0.6,39,2,25.371938705444336,1.9356634616851807,2,False
38,detail,3,1.0,124,0,26.36956214904785,1.8439760208129883,4,False
38,detail,3,0.9,135,6,26.008150100708008,1.783942699432373,3,False
38,detail,3,0.8,135,12,25.613834381103516,1.8602268695831299,3,False
38,detail,3,0.7,130,12,24.836063385009766,2.534174680709839,2,False
38,detail,3,0.6,136,18,23.96802520751953,2.5442116260528564,2,True
39,coarse,1,0.3,46,2,19.36228370666504,,,True
39,coarse,2,0.4,66,0,22.112525939941406,,,True
39,detail,1,1.0,87,0,26.88211441040039,1.107865571975708,4,False
39,detail,1,0.9,88,0,25.765634536743164,1.0418062210083008,3,False
39,detail,1,0.8,88,6,25.953083038330078,1.2383551597595215,3,False
39,detail,1,0.7,81,4,24.316116333007812,1.9394385814666748,2,True
39,detail,1,0.6,81,12,24.911914825439453,2.00504732131958,2,False
39,detail,2,1.0,124,0,26.211835861206055,1.710557460784912,4,False
39,detail,2,0.9,135,6,25.6739559173584,1.6379814147949219,3,False
39,detail,2,0.8,135,12,25.325910568237305,1.703559398651123,3,False
39,detail,2,0.7,132,12,24.844501495361328,2.1621270179748535,2,False
39,detail,2,0.6,136,20,24.57173728942871,1.972780704498291,2,False
40,coarse,1,0.3,60,6,20.121652603149414,,,True
40,coarse,2,0.3,36,0,20.230745315551758,,,True
40,detail,1,1.0,123,0,26.74877166748047,1.6461668014526367,4,False
40,detail,1,0.9,125,9,26.54450035095215,1.5935001373291016,3,False
40,detail,1,0.8,125,15,26.823978424072266,1.369659423828125,3,False
40,detail,1,0.7,131,14,25.86719512939453,2.100674867630005,2,False
40,detail,1,0.6,131,20,25.551542282104492,2.134474039077759,2,False
40,detail,2,1.0,75,0,29.415664672851562,1.9237496852874756,4,False
40,detail,2,0.9,74,0,28.51338768005371,2.1323816776275635,3,False
40,detail,2,0.8,74,0,26.157052993774414,2.1013541221618652,3,False
40,detail,2,0.7,81,4,25.22650909423828,2.0291786193847656,2,False
40,detail,2,0.6,83,12,24.715106964111328,1.9882004261016846,2,True
41,coarse,1,0.3,68,0,20.59236717224121,,,True
41,coarse,2,0.3,46,2,20.99311065673828,,,True
41,coarse,3,0.3,16,26,21.064306259155273,,,True
41,detail,1,1.0,124,0,27.127986907958984,1.6142194271087646,4,False
41,detail,1,0.9,135,6,26.323352813720703,1.5721888542175293,3,False
41,detail,1,0.8,135,12,26.11665916442871,1.6724214553833008,3,False
41,detail,1,0.7,132,12,25.489112854003906,2.0370452404022217,2,False
41,detail,1,0.6,136,20,25.522140502929688,1.743795394897461,2,False
41,detail,2,1.0,87,0,28.280277252197266,1.0770480632781982,4,False
41,detail,2,0.9,88,0,27.370361328125,1.000058650970459,3,False
41,detail,2,0.8,88,6,27.71968650817871,1.1822638511657715,3,False
41,detail,2,0.7,81,4,26.052366256713867,1.9467418193817139,2,False
41,detail,2,0.6,81,12,26.718990325927734,1.9389317035675049,2,False
41,detail,3,1.0,23,35,29.83735466003418,1.4611527919769287,4,False
41,detail,3,0.9,25,23,28.339263916015625,1.6667215824127197,3,False
41,detail,3,0.8,28,47,27.302907943725586,1.5564720630645752,3,False
41,detail,3,0.7,31,47,24.51145362854004,1.7458138465881348,2,False
41,detail,3,0.6,31,47,22.745376586914062,1.4385333061218262,2,True
42,coarse,1,0.3,46,2,19.839738845825195,,,True
42,coarse,2,0.4,66,0,22.06599998474121,,,True
42,detail,1,1.0,87,8,29.861095428466797,1.016615390777588,4,False
42,detail,1,0.9,85,0,28.134294509887695,1.589184284210205,3,False
42,detail,1,0.8,88,6,26.996959686279297,0.9684431552886963,3,False
42,detail,1,0.7,81,4,25.187246322631836,1.876974105834961,2,False
42,detail,1,0.6,83,12,24.672163009643555,1.7989068031311035,2,True
42,detail,2,1.0,124,0,26.85270118713379,1.5438711643218994,4,False
42,detail,2,0.9,135,6,25.949993133544922,1.5444090366363525,3,False
42,detail,2,0.8,135,12,25.68297576904297,1.702509880065918,3,False
42,detail,2,0.7,136,18,25.48451042175293,1.7467148303985596,2,False
42,detail,2,0.6,136,20,25.003639221191406,1.753347635269165,2,False
43,coarse,1,0.3,48,2,19.77897071838379,,,True
43,coarse,2,0.3,26,0,19.883663177490234,,,True
43,coarse,3,0.3,68,0,19.893592834472656,,,True
43,detail,1,1.0,83,0,30.08557891845703,1.4584834575653076,4,False
43,detail,1,0.9,86,0,27.52886962890625,1.1308093070983887,3,False
43,detail,1,0.8,89,6,26.248645782470703,1.0389988422393799,3,False
43,detail,1,0.7,85,6,25.316877365112305,1.241877555847168,2,False
43,detail,1,0.6,85,14,25.969276428222656,1.411390781402588,2,False
43,detail,2,1.0,43,16,33.835548400878906,1.3185021877288818,4,False
43,detail,2,0.9,39,24,33.53800582885742,1.4924712181091309,3,False
43,detail,2,0.8,42,3,28.755107879638672,1.4668138027191162,3,False
43,detail,2,0.7,43,0,27.120948791503906,1.5660676956176758,2,False
43,detail,2,0.6,43,4,24.990434646606445,2.06234073638916,2,True
43,detail,3,1.0,132,0,27.239511489868164,1.5866482257843018,4,False
43,detail,3,0.9,126,9,26.53220558166504,1.307023525238037,3,False
43,detail,3,0.8,135,15,26.20595359802246,1.4609782695770264,3,False
43,detail,3,0.7,136,18,25.203418731689453,1.7671597003936768,2,False
43,detail,3,0.6,136,26,25.157339096069336,1.515537977218628,2,False
44,coarse,1,0.3,68,2,19.580854415893555,,,True
44,coarse,2,0.3,26,0,19.76171112060547,,,True
44,coarse,3,0.3,48,2,19.82754135131836,,,True
44,detail,1,1.0,132,4,28.440876007080078,1.405616044998169,4,False
44,detail,1,0.9,132,9,27.676239013671875,1.5233280658721924,3,False
44,detail,1,0.8,135,15,25.93166732788086,1.479109287261963,3,False
44,detail,1,0.7,136,20,25.10052490234375,1.6905875205993652,2,False
44,detail,1,0.6,136,26,25.000534057617188,1.5343682765960693,2,True
44,detail,2,1.0,43,16,33.969444274902344,1.276972770690918,4,False
44,detail,2,0.9,39,24,33.44043731689453,1.4983885288238525,3,False
44,detail,2,0.8,42,3,28.65032196044922,1.5357484817504883,3,False
44,detail,2,0.7,43,0,27.113737106323242,1.6521854400634766,2,False
44,detail,2,0.6,39,2,25.669103622436523,1.9673614501953125,2,False
44,detail,3,1.0,83,0,30.237136840820312,1.3641517162322998,4,False
44,detail,3,0.9,86,0,27.63878059387207,1.033205509185791,3,False
44,detail,3,0.8,83,0,27.103084564208984,1.5269179344177246,3,False
44,detail,3,0.7,83,6,25.447879791259766,1.562340497970581,2,False
44,detail,3,0.6,85,14,25.8846492767334,1.3751378059387207,2,False
45,coarse,1,0.3,52,4,20.34858512878418,,,True
45,coarse,2,0.4,71,0,23.706525802612305,,,True
45,detail,1,1.0,103,18,31.49147605895996,0.9763176441192627,4,False
45,detail,1,0.9,106,27,31.75415802001953,1.0120446681976318,3,False
45,detail,1,0.8,109,33,33.58522033691406,0.9513778686523438,3,False
45,detail,1,0.7,91,22,30.363597869873047,0.8752536773681641,2,False
45,detail,1,0.6,91,20,28.28527069091797,0.7960219383239746,2,False
45,detail,2,1.0,124,8,30.00568389892578,1.101419448852539,4,False
45,detail,2,0.9,135,12,28.513160705566406,1.2534871101379395,3,False
45,detail,2,0.8,135,18,28.105201721191406,1.2476534843444824,3,False
45,detail,2,0.7,136,22,26.39040184020996,1.4425384998321533,2,False
45,detail,2,0.6,136,28,26.24251365661621,1.3354382514953613,2,True
46,coarse,1,0.3,36,0,20.15334129333496,,,True
46,coarse,2,0.3,56,6,20.2596492767334,,,True
46,detail,1,1.0,77,0,29.40275764465332,1.1495742797851562,4,False
46,detail,1,0.9,74,0,28.394514083862305,1.2798142433166504,3,False
46,detail,1,0.8,74,0,26.047420501708984,0.988306999206543,3,False
46,detail,1,0.7,84,6,25.83989143371582,1.2316052913665771,2,True
46,detail,1,0.6,85,14,26.327774047851562,1.2497355937957764,2,False
46,detail,2,1.0,103,18,31.537574768066406,1.037186861038208,4,False
46,detail,2,0.9,108,27,31.73938751220703,1.0567505359649658,3,False
46,detail,2,0.8,121,30,33.377620697021484,0.8620498180389404,3,False
46,detail,2,0.7,124,36,33.95549392700195,0.9431846141815186,2,False
46,detail,2,0.6,99,52,34.4801139831543,1.7559382915496826,2,False
47,coarse,1,0.3,28,0,19.767192840576172,,,True
47,coarse,2,0.3,68,4,19.77171516418457,,,True
47,coarse,3,0.3,48,2,19.812955856323242,,,True
47,detail,1,1.0,43,16,34.51200485229492,1.1797139644622803,4,False
47,detail,1,0.9,49,27,34.223121643066406,0.7013468742370605,3,False
47,detail,1,0.8,43,33,31.613039016723633,1.470402479171753,3,False
47,detail,1,0.7,45,0,26.69810676574707,1.695770025253296,2,False
47,detail,1,0.6,43,4,25.500198364257812,2.2760069370269775,2,False
47,detail,2,1.0,132,8,29.60762596130371,1.2988805770874023,4,False
47,detail,2,0.9,135,12,27.87264060974121,1.234954595565796,3,False
47,detail,2,0.8,135,18,27.501911163330078,1.3159675598144531,3,False
47,detail,2,0.7,136,24,26.492996215820312,1.3463077545166016,2,False
47,detail,2,0.6,138,28,25.297855377197266,1.5637118816375732,2,True
47,detail,3,1.0,83,0,30.867687225341797,1.093642234802246,4,False
47,detail,3,0.9,86,0,28.196638107299805,0.9411532878875732,3,False
47,detail,3,0.8,83,0,27.502126693725586,1.2836875915527344,3,False
47,detail,3,0.7,83,6,25.963218688964844,1.3575172424316406,2,False
47,detail,3,0.6,85,14,26.121496200561523,1.3127269744873047,2,False
48,coarse,1,0.3,68,4,19.60205841064453,,,True
48,coarse,2,0.3,48,2,19.64752960205078,,,True
48,coarse,3,0.3,28,0,19.74874496459961,,,True
48,detail,1,1.0,132,8,29.287567138671875,1.1600584983825684,4,False
48,detail,1,0.9,135,12,27.547834396362305,1.1266939640045166,3,False
48,detail,1,0.8,135,21,28.33977699279785,1.3980488777160645,3,False
48,detail,1,0.7,136,24,26.31037712097168,1.178373098373413,2,False
48,detail,1,0.6,136,34,26.209592819213867,1.5313053131103516,2,False
48,detail,2,1.0,83,0,30.62356185913086,1.0801808834075928,4,False
48,detail,2,0.9,86,0,28.08832359313965,0.9158570766448975,3,False
48,detail,2,0.8,86,0,27.25790023803711,0.9457716941833496,3,False
48,detail,2,0.7,83,6,25.63707160949707,1.3414809703826904,2,False
48,detail,2,0.6,85,14,25.80327606201172,1.341336727142334,2,False
48,detail,3,1.0,43,16,34.77347946166992,1.214592456817627,4,False
48,detail,3,0.9,49,27,34.5750732421875,0.7265152931213379,3,False
48,detail,3,0.8,43,33,31.814823150634766,1.4910495281219482,3,False
48,detail,3,0.7,45,0,26.629518508911133,1.6125762462615967,2,False
48,detail,3,0.6,43,4,25.529964447021484,2.239405393600464,2,True
49,coarse,1,0.3,56,6,19.990140914916992,,,True
49,coarse,2,0.3,36,0,20.07626724243164,,,True
49,detail,1,1.0,107,18,32.08396530151367,1.206313133239746,4,False
49,detail,1,0.9,108,27,32.328895568847656,1.3194570541381836,3,False
49,detail,1,0.8,111,30,33.27741622924805,0.8228373527526855,3,False
49,detail,1,0.7,113,26,29.331939697265625,0.9641075134277344,2,False
49,detail,1,0.6,113,30,29.266904830932617,1.018066644668579,2,False
49,detail,2,1.0,77,0,29.38137435913086,1.2533888816833496,4,False
49,detail,2,0.9,74,0,28.389095306396484,1.2760250568389893,3,False
49,detail,2,0.8,74,0,26.327739715576172,1.0877318382263184,3,False
49,detail,2,0.7,84,6,25.79349708557129,1.3439581394195557,2,True
49,detail,2,0.6,77,14,26.101512908935547,1.1415154933929443,2,False
50,coarse,1,0.3,58,6,19.639753341674805,,,True
50,detail,1,1.0,107,18,32.03810501098633,1.2437984943389893,4,False
50,detail,1,0.9,123,21,32.381614685058594,0.8265361785888672,3,False
50,detail,1,0.8,124,27,32.63435745239258,0.8689548969268799,3,False
50,detail,1,0.7,113,24,28.370962142944336,1.076505422592163,2,False
50,detail,1,0.6,103,22,26.9293155670166,1.554415225982666,2,True
51,coarse,1,0.3,68,6,19.7506160736084,,,True
51,coarse,2,0.3,28,0,19.851438522338867,,,True
51,coarse,3,0.3,48,2,19.91173553466797,,,True
51,detail,1,1.0,132,8,29.657270431518555,1.272881031036377,4,False
51,detail,1,0.9,135,12,28.251123428344727,1.291869878768921,3,False
51,detail,1,0.8,135,18,28.15517234802246,1.3400328159332275,3,False
51,detail,1,0.7,138,24,26.65287971496582,1.435565710067749,2,False
51,detail,1,0.6,138,28,25.223302841186523,1.6766400337219238,2,True
51,detail,2,1.0,47,16,33.9624137878418,0.8938751220703125,4,False
51,detail,2,0.9,55,27,31.657461166381836,0.7590913772583008,3,False
51,detail,2,0.8,58,33,28.32577896118164,0.820946455001831,3,False
51,detail,2,0.7,43,0,27.908117294311523,1.4286749362945557,2,False
51,detail,2,0.6,61,48,26.927705764770508,1.0815579891204834,2,False
51,detail,3,1.0,87,0,28.87855339050293,1.1370680332183838,4,False
51,detail,3,0.9,89,6,28.100183486938477,0.9662065505981445,3,False
51,detail,3,0.8,92,6,26.45846176147461,1.1289596557617188,3,False
51,detail,3,0.7,95,14,26.83504867553711,1.460967779159546,2,False
51,detail,3,0.6,85,14,26.070480346679688,1.3020086288452148,2,False
52,coarse,1,0.3,68,6,20.147655487060547,,,True
52,coarse,2,0.3,14,26,20.29273223876953,,,True
52,coarse,3,0.3,46,2,20.5252742767334,,,True
52,detail,1,1.0,132,12,30.05375099182129,1.1581594944000244,4,False
52,detail,1,0.9,132,18,29.84027099609375,1.1429097652435303,3,False
52,detail,1,0.8,135,21,28.962543487548828,1.2961723804473877,3,False
52,detail,1,0.7,138,26,27.942459106445312,1.4791016578674316,2,False
52,detail,1,0.6,138,32,27.0975399017334,1.431046485900879,2,False
52,detail,2,1.0,23,33,29.912466049194336,1.1744725704193115,4,False
52,detail,2,0.9,18,44,28.126388549804688,1.1483447551727295,3,False
52,detail,2,0.8,18,47,27.124387741088867,1.5072510242462158,3,False
52,detail,2,0.7,21,47,24.367294311523438,1.3794803619384766,2,False
52,detail,2,0.6,29,53,22.714962005615234,1.7692592144012451,2,True
52,detail,3,1.0,87,18,31.6112117767334,1.457144021987915,4,False
52,detail,3,0.9,85,3,30.185997009277344,0.9980859756469727,3,False
52,detail,3,0.8,79,3,29.098941802978516,0.8658597469329834,3,False
52,detail,3,0.7,93,14,27.57393455505371,1.3280572891235352,2,False
52,detail,3,0.6,83,14,27.641498565673828,1.1927077770233154,2,False
53,coarse,1,0.3,70,0,19.914993286132812,,,True
53,coarse,2,0.3,14,26,20.373458862304688,,,True
53,coarse,3,0.3,46,2,20.5303897857666,,,True
53,detail,1,1.0,132,16,30.913352966308594,1.12650728225708,4,False
53,detail,1,0.9,132,21,30.325815200805664,1.0944545269012451,3,False
53,detail,1,0.8,135,21,29.370363235473633,1.465512990951538,3,False
53,detail,1,0.7,136,28,28.86418914794922,1.3875339031219482,2,False
53,detail,1,0.6,138,32,27.4680233001709,1.5105764865875244,2,False
53,detail,2,1.0,19,21,29.970352172851562,1.0801968574523926,4,False
53,detail,2,0.9,18,44,27.993513107299805,1.1443848609924316,3,False
53,detail,2,0.8,18,47,26.996858596801758,1.4659695625305176,3,False
53,detail,2,0.7,21,47,24.05951499938965,1.3052380084991455,2,False
53,detail,2,0.6,31,47,22.712129592895508,1.2548930644989014,2,True
53,detail,3,1.0,83,0,31.41694450378418,1.012920618057251,4,False
53,detail,3,0.9,88,0,28.7478084564209,1.0189714431762695,3,False
53,detail,3,0.8,85,0,28.0331974029541,0.9943065643310547,3,False
53,detail,3,0.7,79,8,27.451181411743164,0.8964269161224365,2,False
53,detail,3,0.6,85,14,26.88595962524414,1.3085591793060303,2,False
54,coarse,1,0.3,70,2,20.117467880249023,,,True
54,coarse,2,0.3,2,26,20.200464248657227,,,True
54,coarse,3,0.3,28,0,20.350955963134766,,,True
54,detail,1,1.0,132,16,30.382640838623047,0.9911317825317383,4,False
54,detail,1,0.9,132,21,30.234249114990234,1.079798936843872,3,False
54,detail,1,0.8,135,24,29.088443756103516,1.2486603260040283,3,False
54,detail,1,0.7,138,28,28.275842666625977,1.3944871425628662,2,False
54,detail,1,0.6,138,34,27.049840927124023,1.3065152168273926,2,False
54,detail,2,1.0,18,21,30.362884521484375,1.045179843902588,4,False
54,detail,2,0.9,18,44,27.913127899169922,1.2995431423187256,3,False
54,detail,2,0.8,18,47,26.781112670898438,1.5585720539093018,3,False
54,detail,2,0.7,20,47,24.024654388427734,1.4825243949890137,2,False
54,detail,2,0.6,22,47,22.92251968383789,1.4337234497070312,2,True
54,detail,3,1.0,47,16,34.49357986450195,0.9619948863983154,4,False
54,detail,3,0.9,52,27,34.023860931396484,0.7726767063140869,3,False
54,detail,3,0.8,58,35,30.29509735107422,0.7118430137634277,3,False
54,detail,3,0.7,68,42,29.14983558654785,0.7487630844116211,2,False
54,detail,3,0.6,63,48,27.09981918334961,0.8774733543395996,2,False
55,coarse,1,0.3,70,0,19.627288818359375,,,True
55,coarse,2,0.3,2,26,20.31111717224121,,,True
55,coarse,3,0.3,28,0,20.57378578186035,,,True
55,detail,1,1.0,132,16,30.57929801940918,1.048738956451416,4,False
55,detail,1,0.9,135,18,30.171417236328125,1.2739620208740234,3,False
55,detail,1,0.8,135,21,29.39425277709961,1.3731493949890137,3,False
55,detail,1,0.7,138,26,27.815826416015625,1.5639355182647705,2,False
55,detail,1,0.6,138,28,26.431880950927734,1.8525891304016113,2,False
55,detail,2,1.0,18,21,30.532560348510742,1.0561189651489258,4,False
55,detail,2,0.9,18,44,27.86256217956543,1.3626117706298828,3,False
55,detail,2,0.8,18,47,26.79970359802246,1.6728873252868652,3,False
55,detail,2,0.7,20,47,24.152692794799805,1.588197946548462,2,False
55,detail,2,0.6,27,47,23.96537971496582,1.5668506622314453,2,True
55,detail,3,1.0,47,16,34.74382400512695,1.1090919971466064,4,False
55,detail,3,0.9,52,27,34.429718017578125,0.710660457611084,3,False
55,detail,3,0.8,43,3,29.54523468017578,1.2625970840454102,3,False
55,detail,3,0.7,47,0,27.53158950805664,1.24155592918396,2,False
55,detail,3,0.6,45,4,26.263593673706055,2.175258159637451,2,False
56,coarse,1,0.3,70,0,19.8861083984375,,,True
56,coarse,2,0.3,2,26,19.957130432128906,,,True
56,coarse,3,0.3,46,0,20.517915725708008,,,True
56,detail,1,1.0,132,12,30.150394439697266,1.0632076263427734,4,False
56,detail,1,0.9,135,15,29.41390609741211,1.1720788478851318,3,False
56,detail,1,0.8,135,18,29.084213256835938,1.3645012378692627,3,False
56,detail,1,0.7,138,22,26.410491943359375,1.5798442363739014,2,False
56,detail,1,0.6,140,26,25.421110153198242,1.469435453414917,2,False
56,detail,2,1.0,8,33,30.510042190551758,0.803922176361084,4,False
56,detail,2,0.9,18,44,27.998119354248047,1.2198326587677002,3,False
56,detail,2,0.8,3,50,26.681615829467773,1.426048755645752,3,False
56,detail,2,0.7,22,47,23.970483779907227,1.377655029296875,2,False
56,detail,2,0.6,2,51,23.29352378845215,1.5224263668060303,2,True
56,detail,3,1.0,91,12,31.66946792602539,0.834968090057373,4,False
56,detail,3,0.9,79,0,29.667346954345703,0.8587141036987305,3,False
56,detail,3,0.8,79,3,28.457725524902344,0.9071369171142578,3,False
56,detail,3,0.7,85,8,28.244239807128906,1.051384449005127,2,False
56,detail,3,0.6,85,14,27.210853576660156,1.126476526260376,2,False
57,coarse,1,0.3,2,26,20.02086067199707,,,True
57,coarse,2,0.3,70,0,20.1453914642334,,,True
57,coarse,3,0.3,42,0,20.835708618164062,,,True
57,detail,1,1.0,8,33,30.46002960205078,0.8141148090362549,4,False
57,detail,1,0.9,18,44,27.938114166259766,0.9727065563201904,3,False
57,detail,1,0.8,3,50,26.70226287841797,1.2417898178100586,3,False
57,detail,1,0.7,22,47,23.723098754882812,1.275707483291626,2,False
57,detail,1,0.6,4,51,22.26625633239746,1.5007877349853516,2,True
57,detail,2,1.0,132,12,30.343358993530273,1.187577724456787,4,False
57,detail,2,0.9,135,15,29.535602569580078,1.2967658042907715,3,False
57,detail,2,0.8,138,18,27.80988883972168,1.4303042888641357,3,False
57,detail,2,0.7,138,20,26.619815826416016,1.7770006656646729,2,False
57,detail,2,0.6,140,26,25.394670486450195,1.564453125,2,False
57,detail,3,1.0,89,0,29.511531829833984,0.990462064743042,4,False
57,detail,3,0.9,91,6,28.9901123046875,0.8735337257385254,3,False
57,detail,3,0.8,77,0,26.80189323425293,1.0499889850616455,3,False
57,detail,3,0.7,79,8,27.28202247619629,1.1762380599975586,2,False
57,detail,3,0.6,73,50,26.550048828125,1.2723863124847412,2,False
58,coarse,1,0.3,70,2,19.989086151123047,,,True
58,coarse,2,0.3,2,26,20.22333335876465,,,True
58,coarse,3,0.3,42,0,20.53706932067871,,,True
58,detail,1,1.0,132,12,30.042461395263672,1.3497486114501953,4,False
58,detail,1,0.9,135,12,28.887964248657227,1.6513383388519287,3,False
58,detail,1,0.8,138,18,27.87032127380371,1.6055762767791748,3,False
58,detail,1,0.7,140,20,25.951570510864258,1.9395263195037842,2,False
58,detail,1,0.6,140,26,25.50947380065918,1.7819364070892334,2,False
58,detail,2,1.0,8,33,30.39596176147461,0.8388826847076416,4,False
58,detail,2,0.9,18,44,27.83951759338379,1.1149063110351562,3,False
58,detail,2,0.8,6,50,26.541738510131836,1.4057466983795166,3,False
58,detail,2,0.7,22,47,23.616262435913086,1.3185877799987793,2,False
58,detail,2,0.6,4,51,22.446687698364258,1.4303390979766846,2,True
58,detail,3,1.0,89,0,29.40728759765625,1.0220286846160889,4,False
58,detail,3,0.9,77,0,28.829374313354492,1.276109218597412,3,False
58,detail,3,0.8,77,0,26.51422691345215,1.0990724563598633,3,False
58,detail,3,0.7,79,8,26.861431121826172,1.161813497543335,2,False
58,detail,3,0.6,87,14,26.62754249572754,1.2737748622894287,2,False
59,coarse,1,0.3,70,2,19.71700668334961,,,True
59,coarse,2,0.3,28,0,19.8074893951416,,,True
59,coarse,3,0.3,48,2,19.894691467285156,,,True
59,detail,1,1.0,132,12,29.475923538208008,1.3234360218048096,4,False
59,detail,1,0.9,138,15,28.62445640563965,1.391982078552246,3,False
59,detail,1,0.8,138,21,28.13512420654297,1.3756542205810547,3,False
59,detail,1,0.7,140,24,25.905874252319336,1.5265963077545166,2,False
59,detail,1,0.6,140,28,24.866785049438477,1.607043743133545,2,True
59,detail,2,1.0,43,16,34.7831916809082,1.0197279453277588,4,False
59,detail,2,0.9,43,24,33.86489486694336,1.0764613151550293,3,False
59,detail,2,0.8,46,35,31.62394142150879,1.3017101287841797,3,False
59,detail,2,0.7,43,4,28.242122650146484,1.3324697017669678,2,False
59,detail,2,0.6,70,50,27.481504440307617,0.7701735496520996,2,False
59,detail,3,1.0,91,18,31.18865394592285,1.1498737335205078,4,False
59,detail,3,0.9,83,6,29.509408950805664,0.9130604267120361,3,False
59,detail,3,0.8,89,6,28.81767463684082,0.7192010879516602,3,False
59,detail,3,0.7,89,10,28.4389705657959,0.7551519870758057,2,False
59,detail,3,0.6,87,16,27.64763641357422,1.1173121929168701,2,False
60,coarse,1,0.3,42,0,19.644073486328125,,,True
60,coarse,2,0.3,70,2,19.707155227661133,,,True
60,detail,1,1.0,89,18,31.048940658569336,1.4347381591796875,4,False
60,detail,1,0.9,80,0,28.28396224975586,0.9427850246429443,3,False
60,detail,1,0.8,80,3,27.11391258239746,0.945244312286377,3,False
60,detail,1,0.7,87,8,26.724609375,0.9982824325561523,2,False
60,detail,1,0.6,81,16,26.613250732421875,0.992725133895874,2,False
60,detail,2,1.0,132,16,30.160457611083984,1.2124521732330322,4,False
60,detail,2,0.9,138,15,28.577892303466797,1.4593908786773682,3,False
60,detail,2,0.8,138,18,27.2451229095459,1.7139561176300049,3,False
60,detail,2,0.7,140,20,25.20307159423828,1.9689223766326904,2,False
60,detail,2,0.6,140,28,25.15285873413086,1.769592046737671,2,True
61,coarse,1,0.3,42,0,19.361146926879883,,,True
61,coarse,2,0.3,62,6,19.47508430480957,,,True
61,detail,1,1.0,79,0,28.41401481628418,1.1617343425750732,4,False
61,detail,1,0.9,91,0,27.276124954223633,1.1377623081207275,3,False
61,detail,1,0.8,80,0,25.698715209960938,1.259265422821045,3,False
61,detail,1,0.7,79,8,25.574954986572266,1.2110371589660645,2,False
61,detail,1,0.6,87,14,25.108701705932617,1.3737165927886963,2,False
61,detail,2,1.0,129,8,28.420745849609375,1.3679921627044678,4,False
61,detail,2,0.9,131,15,28.51158332824707,1.226935625076294,3,False
61,detail,2,0.8,133,15,26.18999481201172,1.4744455814361572,3,False
61,detail,2,0.7,135,20,26.37488555908203,1.7614002227783203,2,False
61,detail,2,0.6,137,22,24.528873443603516,2.2278215885162354,2,True
62,coarse,1,0.3,42,0,19.42932891845703,,,True
62,coarse,2,0.3,62,6,19.5770263671875,,,True
62,detail,1,1.0,89,0,28.85752296447754,1.2140922546386719,4,False
62,detail,1,0.9,80,0,27.788898468017578,1.0284502506256104,3,False
62,detail,1,0.8,80,0,25.567203521728516,1.010850191116333,3,False
62,detail,1,0.7,81,8,25.76283836364746,1.0585448741912842,2,False
62,detail,1,0.6,87,14,25.12849998474121,1.350111484527588,2,False
62,detail,2,1.0,129,12,30.41149139404297,1.399932861328125,4,False
62,detail,2,0.9,131,15,28.39159393310547,1.38313889503479,3,False
62,detail,2,0.8,133,18,27.350406646728516,1.5216000080108643,3,False
62,detail,2,0.7,115,16,25.60074806213379,1.857597827911377,2,False
62,detail,2,0.6,111,22,24.725317001342773,1.6829969882965088,2,True
63,coarse,1,0.3,42,0,20.174755096435547,,,True
63,coarse,2,0.3,70,2,20.274797439575195,,,True
63,detail,1,1.0,89,0,29.543601989746094,1.185302495956421,4,False
63,detail,1,0.9,91,3,28.844799041748047,1.0346806049346924,3,False
63,detail,1,0.8,80,3,26.971715927124023,0.8511145114898682,3,False
63,detail,1,0.7,87,8,26.861820220947266,0.9780018329620361,2,False
63,detail,1,0.6,81,16,26.46559715270996,1.0700452327728271,2,False
63,detail,2,1.0,136,12,30.129905700683594,1.3575632572174072,4,False
63,detail,2,0.9,138,12,27.81721305847168,1.4742670059204102,3,False
63,detail,2,0.8,142,15,26.913536071777344,1.4412665367126465,3,False
63,detail,2,0.7,142,22,26.039600372314453,1.5409996509552002,2,False
63,detail,2,0.6,142,26,25.0212459564209,1.7949929237365723,2,True
64,coarse,1,0.3,42,0,19.29507827758789,,,True
64,coarse,2,0.4,70,0,20.89634895324707,,,True
64,detail,1,1.0,89,18,31.47359275817871,1.4804811477661133,4,False
64,detail,1,0.9,91,6,28.459815979003906,0.9565036296844482,3,False
64,detail,1,0.8,89,3,27.528926849365234,0.8413784503936768,3,False
64,detail,1,0.7,85,8,26.53789710998535,1.0570261478424072,2,False
64,detail,1,0.6,81,16,25.887197494506836,0.9492526054382324,2,False
64,detail,2,1.0,136,16,30.069856643676758,1.0875697135925293,4,False
64,detail,2,0.9,138,15,28.1577091217041,1.402259349822998,3,False
64,detail,2,0.8,138,18,27.48208999633789,1.6117713451385498,3,False
64,detail,2,0.7,140,22,25.82505226135254,1.6590065956115723,2,False
64,detail,2,0.6,142,28,24.706796646118164,1.7715973854064941,2,True
65,coarse,1,0.3,42,0,19.663772583007812,,,True
65,coarse,2,0.3,70,6,19.75229263305664,,,True
65,detail,1,1.0,89,4,31.558364868164062,1.2084012031555176,4,False
65,detail,1,0.9,91,3,28.701454162597656,1.0431866645812988,3,False
65,detail,1,0.8,80,6,27.73875617980957,1.0200715065002441,3,False
65,detail,1,0.7,81,10,26.591794967651367,1.1405000686645508,2,False
65,detail,1,0.6,87,14,26.007869720458984,1.4589345455169678,2,False
65,detail,2,1.0,136,16,29.943361282348633,1.1208488941192627,4,False
65,detail,2,0.9,138,18,29.099143981933594,1.3727095127105713,3,False
65,detail,2,0.8,138,24,28.185470581054688,1.2700445652008057,3,False
65,detail,2,0.7,140,24,26.507164001464844,1.5810699462890625,2,False
65,detail,2,0.6,142,30,25.27651596069336,1.5239617824554443,2,True
66,coarse,1,0.3,4,26,19.90414810180664,,,True
66,coarse,2,0.3,70,6,19.980253219604492,,,True
66,coarse,3,0.3,30,0,20.409610748291016,,,True
66,detail,1,1.0,16,21,30.405397415161133,0.8671972751617432,4,False
66,detail,1,0.9,6,41,28.6312255859375,0.823317289352417,3,False
66,detail,1,0.8,6,50,26.597145080566406,0.9023377895355225,3,False
66,detail,1,0.7,4,51,26.539566040039062,1.1751680374145508,2,False
66,detail,1,0.6,6,51,23.025428771972656,0.8837156295776367,2,True
66,detail,2,1.0,136,16,30.22421646118164,1.1831142902374268,4,False
66,detail,2,0.9,138,15,28.836685180664062,1.528958797454834,3,False
66,detail,2,0.8,141,18,27.25470542907715,1.6201610565185547,3,False
66,detail,2,0.7,142,20,25.540485382080078,1.931767463684082,2,False
66,detail,2,0.6,142,28,25.25027084350586,1.7232158184051514,2,False
66,detail,3,1.0,51,16,34.20712661743164,0.8827381134033203,4,False
66,detail,3,0.9,56,27,33.734588623046875,0.7799265384674072,3,False
66,detail,3,0.8,62,35,29.290443420410156,0.7906692028045654,3,False
66,detail,3,0.7,49,0,27.374984741210938,1.5338683128356934,2,False
66,detail,3,0.6,74,50,26.911970138549805,1.0012917518615723,2,False
67,coarse,1,0.3,42,0,19.856815338134766,,,True
67,coarse,2,0.3,72,0,19.931974411010742,,,True
67,detail,1,1.0,89,0,30.306856155395508,1.133836030960083,4,False
67,detail,1,0.9,80,0,28.229412078857422,0.9434256553649902,3,False
67,detail,1,0.8,89,0,27.036890029907227,1.0630385875701904,3,False
67,detail,1,0.7,91,8,26.932565689086914,0.9797446727752686,2,False
67,detail,1,0.6,89,14,25.650571823120117,1.2659010887145996,2,False
67,detail,2,1.0,136,12,29.716535568237305,1.4579870700836182,4,False
67,detail,2,0.9,138,15,28.87725257873535,1.4969565868377686,3,False
67,detail,2,0.8,141,18,27.341798782348633,1.5720734596252441,3,False
67,detail,2,0.7,142,20,25.553749084472656,1.8387868404388428,2,False
67,detail,2,0.6,142,28,25.443973541259766,1.6674551963806152,2,True
68,coarse,1,0.3,4,26,19.872814178466797,,,True
68,coarse,2,0.3,72,6,19.89501953125,,,True
68,coarse,3,0.3,32,0,20.411640167236328,,,True
68,detail,1,1.0,16,21,30.136144638061523,0.9348597526550293,4,False
68,detail,1,0.9,6,41,28.602603912353516,1.0245563983917236,3,False
68,detail,1,0.8,6,50,26.769071578979492,1.0981664657592773,3,False
68,detail,1,0.7,8,51,25.066370010375977,1.2355873584747314,2,False
68,detail,1,0.6,8,51,22.994125366210938,1.1677656173706055,2,True
68,detail,2,1.0,136,16,29.799970626831055,1.078131914138794,4,False
68,detail,2,0.9,138,18,29.10854148864746,1.312394142150879,3,False
68,detail,2,0.8,141,18,27.234130859375,1.4501430988311768,3,False
68,detail,2,0.7,142,20,25.524566650390625,1.7185049057006836,2,False
68,detail,2,0.6,142,22,25.24213981628418,1.863386631011963,2,False
68,detail,3,1.0,51,16,34.584102630615234,0.9119091033935547,4,False
68,detail,3,0.9,71,27,30.967266082763672,0.9896969795227051,3,False
68,detail,3,0.8,73,35,28.596147537231445,1.0804316997528076,3,False
68,detail,3,0.7,76,42,28.09952735900879,1.1693575382232666,2,False
68,detail,3,0.6,75,50,26.728742599487305,0.9033942222595215,2,False
69,coarse,1,0.3,72,2,19.85690689086914,,,True
69,coarse,2,0.3,4,26,19.943899154663086,,,True
69,coarse,3,0.3,42,0,20.439228057861328,,,True
69,detail,1,1.0,136,12,29.660295486450195,1.1905317306518555,4,False
69,detail,1,0.9,140,15,28.804153442382812,1.164409875869751,3,False
69,detail,1,0.8,141,15,26.284414291381836,1.38922119140625,3,False
69,detail,1,0.7,142,20,25.90078353881836,1.393448829650879,2,False
69,detail,1,0.6,140,22,25.529748916625977,1.7640101909637451,2,False
69,detail,2,1.0,16,21,30.18810272216797,0.9011893272399902,4,False
69,detail,2,0.9,20,44,28.31072425842285,0.9685139656066895,3,False
69,detail,2,0.8,6,50,26.7692928314209,1.1673376560211182,3,False
69,detail,2,0.7,25,45,24.646331787109375,0.7673461437225342,2,False
69,detail,2,0.6,8,51,22.98162269592285,1.0716784000396729,2,True
69,detail,3,1.0,83,0,29.356210708618164,1.0414178371429443,4,False
69,detail,3,0.9,80,0,28.490089416503906,1.1793696880340576,3,False
69,detail,3,0.8,83,0,27.440664291381836,1.177724838256836,3,False
69,detail,3,0.7,81,8,26.568817138671875,1.292675256729126,2,False
69,detail,3,0.6,89,14,26.31119728088379,1.4247486591339111,2,False
70,coarse,1,0.3,72,2,19.736309051513672,,,True
70,coarse,2,0.3,32,0,19.83784294128418,,,True
70,coarse,3,0.3,52,2,19.926294326782227,,,True
70,detail,1,1.0,136,16,29.73517417907715,1.245720386505127,4,False
70,detail,1,0.9,140,15,28.58770179748535,1.4555065631866455,3,False
70,detail,1,0.8,142,15,25.918832778930664,1.6838738918304443,3,False
70,detail,1,0.7,142,18,25.874177932739258,1.8249680995941162,2,False
70,detail,1,0.6,142,22,25.196802139282227,1.9681782722473145,2,True
70,detail,2,1.0,51,16,34.425392150878906,0.906395435333252,4,False
70,detail,2,0.9,71,27,31.01266860961914,1.0843071937561035,3,False
70,detail,2,0.8,73,35,29.02025032043457,1.1989455223083496,3,False
70,detail,2,0.7,51,2,27.534252166748047,1.4371545314788818,2,False
70,detail,2,0.6,77,50,26.97983169555664,1.3435049057006836,2,False
70,detail,3,1.0,91,0,29.48569679260254,1.2758734226226807,4,False
70,detail,3,0.9,94,0,27.61157989501953,1.2495779991149902,3,False
70,detail,3,0.8,97,6,26.912458419799805,1.3868756294250488,3,False
70,detail,3,0.7,107,14,25.36539649963379,1.791105031967163,2,False
70,detail,3,0.6,111,22,25.39310073852539,1.5733482837677002,2,False
71,coarse,1,0.3,72,0,19.721574783325195,,,True
71,coarse,2,0.3,50,2,19.914897918701172,,,True
71,detail,1,1.0,136,12,29.6068058013916,1.4526393413543701,4,False
71,detail,1,0.9,140,12,28.104284286499023,1.5865113735198975,3,False
71,detail,1,0.8,142,15,26.08915138244629,1.6774029731750488,3,False
71,detail,1,0.7,144,20,25.96766471862793,1.7511589527130127,2,False
71,detail,1,0.6,144,20,24.260906219482422,2.08280086517334,2,True
71,detail,2,1.0,95,12,31.072538375854492,1.0220022201538086,4,False
71,detail,2,0.9,93,0,28.1784725189209,1.2125821113586426,3,False
71,detail,2,0.8,96,9,28.06363296508789,1.2362303733825684,3,False
71,detail,2,0.7,107,14,25.62505531311035,1.822911262512207,2,False
71,detail,2,0.6,111,22,25.651845932006836,1.561567783355713,2,False
72,coarse,1,0.3,72,0,19.55744743347168,,,True
72,coarse,2,0.3,46,0,19.800199508666992,,,True
72,detail,1,1.0,136,12,29.45770263671875,1.471320390701294,4,False
72,detail,1,0.9,140,12,27.922473907470703,1.5963997840881348,3,False
72,detail,1,0.8,142,15,26.011030197143555,1.6743173599243164,3,False
72,detail,1,0.7,144,20,25.45308494567871,1.724184274673462,2,False
72,detail,1,0.6,144,28,24.940670013427734,1.5850813388824463,2,False
72,detail,2,1.0,95,4,29.861225128173828,1.4736721515655518,4,False
72,detail,2,0.9,97,0,26.772449493408203,1.512988567352295,3,False
72,detail,2,0.8,101,6,26.11260223388672,1.7184510231018066,3,False
72,detail,2,0.7,104,14,26.27777671813965,1.9132299423217773,2,False
72,detail,2,0.6,106,16,24.725954055786133,2.7807576656341553,2,True
73,coarse,1,0.3,6,26,20.0557918548584,,,True
73,coarse,2,0.3,54,4,20.135465621948242,,,True
73,detail,1,1.0,12,33,30.279050827026367,1.0526375770568848,4,False
73,detail,1,0.9,9,41,28.483749389648438,1.0089643001556396,3,False
73,detail,1,0.8,9,50,26.534374237060547,1.0854694843292236,3,False
73,detail,1,0.7,25,45,24.901365280151367,0.7507500648498535,2,False
73,detail,1,0.6,8,53,22.519262313842773,1.6603453159332275,2,True
73,detail,2,1.0,95,0,28.12763023376465,1.1218490600585938,4,False
73,detail,2,0.9,110,0,27.050647735595703,2.072925329208374,3,False
73,detail,2,0.8,113,6,24.848552703857422,2.2706151008605957,3,False
73,detail,2,0.7,120,16,26.21247100830078,2.1084699630737305,2,False
73,detail,2,0.6,111,22,26.07074546813965,1.7814476490020752,2,False
74,coarse,1,0.3,46,0,19.846134185791016,,,True
74,coarse,2,0.3,72,2,19.853910446166992,,,True
74,coarse,3,0.3,6,26,19.927568435668945,,,True
74,detail,1,1.0,95,4,29.921981811523438,1.1858158111572266,4,False
74,detail,1,0.9,97,3,28.07796859741211,1.1613259315490723,3,False
74,detail,1,0.8,91,0,26.66385841369629,1.351071834564209,3,False
74,detail,1,0.7,93,8,26.624696731567383,1.4005725383758545,2,False
74,detail,1,0.6,91,14,25.498676300048828,1.8890974521636963,2,False
74,detail,2,1.0,136,0,27.842552185058594,2.0076658725738525,4,False
74,detail,2,0.9,135,9,26.719343185424805,1.6886563301086426,3,False
74,detail,2,0.8,141,6,25.734867095947266,2.436828374862671,3,False
74,detail,2,0.7,124,16,25.276615142822266,2.1005330085754395,2,False
74,detail,2,0.6,144,20,24.293472290039062,2.2405357360839844,2,False
74,detail,3,1.0,12,33,30.27549171447754,1.0424659252166748,4,False
74,detail,3,0.9,9,41,28.39702796936035,0.9056482315063477,3,False
74,detail,3,0.8,9,50,26.541213989257812,0.9313650131225586,3,False
74,detail,3,0.7,8,51,25.11760902404785,1.0954031944274902,2,False
74,detail,3,0.6,10,51,23.15986442565918,1.2330405712127686,2,True
75,coarse,1,0.3,72,6,19.946462631225586,,,True
75,coarse,2,0.3,14,24,19.980756759643555,,,True
75,coarse,3,0.3,34,0,20.104440689086914,,,True
75,detail,1,1.0,138,8,29.363584518432617,1.493872880935669,4,False
75,detail,1,0.9,140,6,27.421218872070312,1.7824664115905762,3,False
75,detail,1,0.8,142,12,26.602136611938477,1.7059996128082275,3,False
75,detail,1,0.7,142,14,25.260269165039062,2.1018006801605225,2,False
75,detail,1,0.6,144,22,25.532318115234375,1.8498713970184326,2,False
75,detail,2,1.0,31,35,29.097583770751953,0.9299921989440918,4,False
75,detail,2,0.9,35,23,28.51504135131836,1.1604399681091309,3,False
75,detail,2,0.8,37,47,27.47491455078125,1.0510501861572266,3,False
75,detail,2,0.7,40,49,24.957923889160156,1.0224277973175049,2,False
75,detail,2,0.6,41,47,23.620567321777344,1.2115657329559326,2,True
75,detail,3,0.8,76,35,28.192731857299805,0.9051148891448975,3,False
75,detail,3,0.7,79,42,28.27208709716797,1.0061686038970947,2,False
75,detail,3,0.6,77,50,26.45429229736328,0.6696579456329346,2,False
76,coarse,1,0.3,30,0,19.712875366210938,,,True
76,coarse,2,0.3,72,4,19.777963638305664,,,True
76,coarse,3,0.3,50,2,19.913557052612305,,,True
76,detail,1,0.9,47,27,33.509273529052734,0.8755230903625488,3,False
76,detail,1,0.8,50,35,31.289369583129883,0.8646097183227539,3,False
76,detail,1,0.7,47,40,28.71154022216797,1.0730695724487305,2,False
76,detail,1,0.6,47,48,26.741016387939453,1.2883543968200684,2,False
76,detail,2,1.0,138,8,28.8264102935791,1.7434601783752441,4,False
76,detail,2,0.9,140,3,26.999256134033203,2.069382429122925,3,False
76,detail,2,0.8,142,12,26.528318405151367,1.843407154083252,3,False
76,detail,2,0.7,142,14,24.898880004882812,2.2367217540740967,2,False
76,detail,2,0.6,144,20,23.827890396118164,2.203948497772217,2,True
76,detail,3,1.0,91,0,29.93722915649414,1.4277877807617188,4,False
76,detail,3,0.9,96,0,27.215152740478516,1.415649175643921,3,False
76,detail,3,0.8,96,6,27.91462516784668,1.2234294414520264,3,False
76,detail,3,0.7,91,8,26.312618255615234,1.532346248626709,2,False
76,detail,3,0.6,111,22,25.131282806396484,1.8826935291290283,2,False
77,coarse,1,0.3,56,6,19.68783187866211,,,True
77,detail,1,1.0,99,8,29.703481674194336,1.1896545886993408,4,False
77,detail,1,0.9,99,3,27.49339485168457,1.2059402465820312,3,False
77,detail,1,0.8,99,6,26.60147476196289,1.0924360752105713,3,False
77,detail,1,0.7,101,14,26.822612762451172,1.138786792755127,2,False
77,detail,1,0.6,111,22,24.803525924682617,1.7179040908813477,2,True
78,coarse,1,0.3,56,6,19.36608123779297,,,True
78,detail,1,1.0,99,12,30.148717880249023,1.0789308547973633,4,False
78,detail,1,0.9,99,9,27.44766616821289,1.141369104385376,3,False
78,detail,1,0.8,99,9,26.55535125732422,1.0770342350006104,3,False
78,detail,1,0.7,101,14,26.48980712890625,1.0763840675354004,2,False
78,detail,1,0.6,111,22,24.245929718017578,1.606506586074829,2,True
79,coarse,1,0.3,40,0,19.262779235839844,,,True
79,coarse,2,0.3,60,8,19.301891326904297,,,True
79,detail,1,1.0,79,18,31.95553207397461,1.1630580425262451,4,False
79,detail,1,0.9,85,3,27.639089584350586,0.9931426048278809,3,False
79,detail,1,0.8,85,6,27.165306091308594,0.9762387275695801,3,False
79,detail,1,0.7,87,10,26.578279495239258,0.9886412620544434,2,False
79,detail,1,0.6,91,16,26.045299530029297,1.2235667705535889,2,False
79,detail,2,1.0,115,16,31.186647415161133,1.1440842151641846,4,False
79,detail,2,0.9,116,24,31.664060592651367,1.1014928817749023,3,False
79,detail,2,0.8,119,30,32.255985260009766,1.1041169166564941,3,False
79,detail,2,0.7,121,24,27.57427406311035,1.5171518325805664,2,False
79,detail,2,0.6,125,24,24.729555130004883,1.8689303398132324,2,True
80,coarse,1,0.3,44,0,19.42502212524414,,,True
80,coarse,2,0.3,64,8,19.5034236907959,,,True
80,detail,1,1.0,93,0,28.92479133605957,1.1477971076965332,4,False
80,detail,1,0.9,95,0,27.43216323852539,0.9863438606262207,3,False
80,detail,1,0.8,84,6,26.955053329467773,0.9644145965576172,3,False
80,detail,1,0.7,87,10,26.586978912353516,0.9846758842468262,2,False
80,detail,1,0.6,91,16,26.29596519470215,1.159426212310791,2,False
80,detail,2,1.0,133,8,28.1419620513916,1.6451168060302734,4,False
80,detail,2,0.9,135,12,26.64491844177246,1.7356364727020264,3,False
80,detail,2,0.8,137,15,25.744524002075195,1.8031580448150635,3,False
80,detail,2,0.7,140,16,25.635913848876953,2.1619760990142822,2,False
80,detail,2,0.6,142,20,23.711267471313477,2.3548388481140137,2,True
81,coarse,1,0.3,44,0,19.097211837768555,,,True
81,coarse,2,0.3,64,8,19.23036766052246,,,True
81,detail,1,1.0,93,0,28.652782440185547,1.1888303756713867,4,False
81,detail,1,0.9,95,0,27.129287719726562,1.0729668140411377,3,False
81,detail,1,0.8,84,6,26.76540756225586,0.9719772338867188,3,False
81,detail,1,0.7,87,10,26.391294479370117,1.0020301342010498,2,False
81,detail,1,0.6,91,16,26.110244750976562,1.1782841682434082,2,False
81,detail,2,1.0,133,8,28.103893280029297,1.5915563106536865,4,False
81,detail,2,0.9,135,9,25.45573616027832,1.7991538047790527,3,False
81,detail,2,0.8,137,15,25.59273910522461,1.7530333995819092,3,False
81,detail,2,0.7,140,14,24.27924156188965,2.3582401275634766,2,False
81,detail,2,0.6,142,20,23.590986251831055,2.3120768070220947,2,True
82,coarse,1,0.3,54,4,19.114683151245117,,,True
82,coarse,2,0.3,34,0,19.184289932250977,,,True
82,detail,1,1.0,95,0,27.448650360107422,1.2077901363372803,4,False
82,detail,1,0.9,95,0,27.13446617126465,1.0358123779296875,3,False
82,detail,1,0.8,98,12,27.511240005493164,0.9785077571868896,3,False
82,detail,1,0.7,101,16,26.25420379638672,1.129596471786499,2,False
82,detail,1,0.6,109,22,24.653318405151367,1.5936830043792725,2,True
82,detail,2,0.8,77,35,27.915782928466797,1.2148761749267578,3,False
82,detail,2,0.7,79,42,28.078754425048828,1.2802181243896484,2,False
82,detail,2,0.6,79,50,26.289669036865234,1.189180850982666,2,False
83,coarse,1,0.3,32,0,18.930879592895508,,,True
83,coarse,2,0.3,52,4,19.026060104370117,,,True
83,coarse,3,0.4,71,0,21.5103816986084,,,True
83,detail,1,0.9,51,27,33.945556640625,1.122706413269043,3,False
83,detail,1,0.8,54,35,30.925174713134766,1.0464081764221191,3,False
83,detail,1,0.7,51,4,27.12643814086914,1.4035134315490723,2,False
83,detail,1,0.6,51,8,25.853984832763672,1.3752586841583252,2,False
83,detail,2,1.0,95,0,27.169485092163086,1.2351155281066895,4,False
83,detail,2,0.9,97,6,26.67591094970703,1.0513558387756348,3,False
83,detail,2,0.8,97,9,27.053773880004883,0.8732428550720215,3,False
83,detail,2,0.7,101,16,25.967636108398438,1.1565589904785156,2,False
83,detail,2,0.6,93,16,25.096370697021484,0.9484846591949463,2,False
83,detail,3,1.0,136,0,25.917879104614258,2.19569730758667,4,False
83,detail,3,0.9,135,9,25.05091667175293,2.014116048812866,3,False
83,detail,3,0.8,141,3,23.094614028930664,2.8902249336242676,3,False
83,detail,3,0.7,144,10,23.329517364501953,3.2256062030792236,2,False
83,detail,3,0.6,144,18,22.818532943725586,3.030972719192505,2,True
84,coarse,1,0.3,40,0,19.12386703491211,,,True
84,coarse,2,0.3,62,8,19.33781623840332,,,True
84,detail,1,1.0,85,0,27.38585090637207,1.0378634929656982,4,False
84,detail,1,0.9,82,0,26.843488693237305,1.119032621383667,3,False
84,detail,1,0.8,85,3,25.62468147277832,1.1463024616241455,3,False
84,detail,1,0.7,85,10,25.26523780822754,0.9171466827392578,2,False
84,detail,1,0.6,87,16,25.207008361816406,0.9906136989593506,2,False
84,detail,2,1.0,115,16,30.29274559020996,1.290290117263794,4,False
84,detail,2,0.9,117,27,30.64057159423828,1.363572597503662,3,False
84,detail,2,0.8,114,21,27.210538864135742,1.8016917705535889,3,False
84,detail,2,0.7,121,24,26.71272087097168,1.7353966236114502,2,False
84,detail,2,0.6,111,22,23.82395362854004,2.087252140045166,2,True
85,coarse,1,0.3,46,2,19.071578979492188,,,True
85,coarse,2,0.3,66,8,19.158018112182617,,,True
85,detail,1,1.0,87,0,27.136581420898438,1.208178997039795,4,False
85,detail,1,0.9,97,3,26.80817413330078,1.0381426811218262,3,False
85,detail,1,0.8,85,0,24.52577781677246,1.2570202350616455,3,False
85,detail,1,0.7,85,8,24.612123489379883,1.3099803924560547,2,False
85,detail,1,0.6,85,10,24.405471801757812,1.5622737407684326,2,False
85,detail,2,1.0,135,0,25.66347885131836,2.1230883598327637,4,False
85,detail,2,0.9,137,9,25.3118839263916,1.9033176898956299,3,False
85,detail,2,0.8,141,0,22.793731689453125,3.7663145065307617,3,False
85,detail,2,0.7,141,10,22.33466339111328,3.2568747997283936,2,False
85,detail,2,0.6,143,14,22.10323715209961,4.06904411315918,2,True
86,coarse,1,0.3,56,6,19.021957397460938,,,True
86,coarse,2,0.3,30,0,19.112995147705078,,,True
86,detail,1,1.0,99,18,30.14866828918457,1.125284194946289,4,False
86,detail,1,0.9,117,27,30.112411499023438,0.9437441825866699,3,False
86,detail,1,0.8,99,15,27.44283676147461,0.8358039855957031,3,False
86,detail,1,0.7,101,14,25.708162307739258,1.051604986190796,2,False
86,detail,1,0.6,103,22,26.20894432067871,1.101776123046875,2,False
86,detail,2,1.0,47,16,32.33781051635742,1.2994132041931152,4,False
86,detail,2,0.9,47,24,31.51436996459961,1.4811725616455078,3,False
86,detail,2,0.8,47,0,26.604984283447266,1.9328110218048096,3,False
86,detail,2,0.7,49,0,25.275224685668945,2.080249071121216,2,False
86,detail,2,0.6,49,4,24.246829986572266,2.351306915283203,2,True
87,coarse,1,0.3,56,6,19.021957397460938,,,True
87,coarse,2,0.3,30,0,19.136762619018555,,,True
87,detail,1,1.0,99,18,30.093013763427734,1.0853424072265625,4,False
87,detail,1,0.9,117,27,30.11288833618164,0.9053430557250977,3,False
87,detail,1,0.8,99,21,29.09657859802246,0.8170151710510254,3,False
87,detail,1,0.7,101,14,25.80323028564453,0.9972171783447266,2,False
87,detail,1,0.6,103,22,26.329967498779297,1.181586503982544,2,False
87,detail,2,1.0,47,16,32.39299774169922,1.3820083141326904,4,False
87,detail,2,0.9,47,0,28.176633834838867,1.854945182800293,3,False
87,detail,2,0.8,47,0,26.787841796875,1.7476098537445068,3,False
87,detail,2,0.7,55,2,25.04584503173828,1.820673942565918,2,False
87,detail,2,0.6,51,4,24.29688262939453,2.137158155441284,2,True
88,coarse,1,0.3,30,0,19.037076950073242,,,True
88,coarse,2,0.3,66,8,19.397098541259766,,,True
88,detail,1,1.0,55,16,32.25143051147461,1.1235032081604004,4,False
88,detail,1,0.9,47,24,31.49301528930664,1.5511794090270996,3,False
88,detail,1,0.8,47,0,26.741775512695312,1.704005241394043,3,False
88,detail,1,0.7,53,0,25.30582046508789,1.7768511772155762,2,False
88,detail,1,0.6,49,4,24.3869686126709,1.903442144393921,2,False
88,detail,2,1.0,135,0,25.74782371520996,2.0881612300872803,4,False
88,detail,2,0.9,137,9,25.158613204956055,1.865180253982544,3,False
88,detail,2,0.8,140,3,22.943933486938477,2.9733009338378906,3,False
88,detail,2,0.7,141,10,22.522336959838867,3.2779312133789062,2,False
88,detail,2,0.6,143,18,22.32394790649414,2.937739610671997,2,True
89,coarse,1,0.3,44,0,18.937400817871094,,,True
89,coarse,2,0.3,64,8,19.061080932617188,,,True
89,detail,1,1.0,87,0,27.126598358154297,1.3242912292480469,4,False
89,detail,1,0.9,84,0,26.6566219329834,1.5781056880950928,3,False
89,detail,1,0.8,84,0,24.46666145324707,1.2785522937774658,3,False
89,detail,1,0.7,91,6,24.469755172729492,1.5736684799194336,2,False
89,detail,1,0.6,93,14,23.879840850830078,1.4698424339294434,2,False
89,detail,2,1.0,133,4,26.703805923461914,1.7912602424621582,4,False
89,detail,2,0.9,135,9,25.360126495361328,1.7884838581085205,3,False
89,detail,2,0.8,137,15,25.042573928833008,1.7367291450500488,3,False
89,detail,2,0.7,140,16,25.267126083374023,2.5162761211395264,2,False
89,detail,2,0.6,142,20,23.23421287536621,2.6428515911102295,2,True
90,coarse,1,0.3,32,0,18.99601173400879,,,True
90,coarse,2,0.3,54,4,19.009071350097656,,,True
90,detail,1,1.0,55,16,32.34635543823242,1.0707688331604004,4,False
90,detail,1,0.9,51,27,33.77165222167969,1.506103515625,3,False
90,detail,1,0.8,51,3,27.258098602294922,1.57969069480896,3,False
90,detail,1,0.7,55,2,25.29634666442871,1.6298375129699707,2,False
90,detail,1,0.6,51,4,24.589828491210938,2.181333541870117,2,True
90,detail,2,1.0,95,0,27.946706771850586,1.2889127731323242,4,False
90,detail,2,0.9,95,0,27.279993057250977,1.3180019855499268,3,False
90,detail,2,0.8,95,0,25.035202026367188,1.1398191452026367,3,False
90,detail,2,0.7,95,8,24.791833877563477,1.305067539215088,2,False
90,detail,2,0.6,95,16,25.436630249023438,1.5971815586090088,2,False
91,coarse,1,0.3,30,0,18.920923233032227,,,True
91,coarse,2,0.3,54,4,19.059284210205078,,,True
91,detail,1,1.0,47,16,32.098419189453125,1.3663413524627686,4,False
91,detail,1,0.9,47,0,28.410037994384766,1.7502284049987793,3,False
91,detail,1,0.8,47,0,27.163660049438477,1.6538512706756592,3,False
91,detail,1,0.7,55,2,25.255918502807617,1.7094805240631104,2,False
91,detail,1,0.6,49,2,24.39173126220703,2.4741551876068115,2,False
91,detail,2,1.0,95,0,27.94658660888672,1.3381009101867676,4,False
91,detail,2,0.9,98,6,26.722633361816406,0.9529378414154053,3,False
91,detail,2,0.8,95,0,25.051319122314453,1.1781868934631348,3,False
91,detail,2,0.7,95,8,24.85120391845703,1.381723165512085,2,False
91,detail,2,0.6,95,14,23.418010711669922,1.5298879146575928,2,True
92,coarse,1,0.3,42,0,18.988956451416016,,,True
92,coarse,2,0.3,64,8,19.10219383239746,,,True
92,detail,1,1.0,87,0,27.38616180419922,1.382265567779541,4,False
92,detail,1,0.9,83,0,26.987058639526367,1.4839489459991455,3,False
92,detail,1,0.8,86,0,24.72743797302246,1.5527331829071045,3,False
92,detail,1,0.7,87,6,24.74188232421875,1.4448840618133545,2,False
92,detail,1,0.6,93,14,24.16189956665039,1.6011104583740234,2,False
92,detail,2,1.0,133,8,27.93502426147461,1.5452492237091064,4,False
92,detail,2,0.9,135,12,26.508699417114258,1.559493064880371,3,False
92,detail,2,0.8,137,15,25.06685447692871,1.6382296085357666,3,False
92,detail,2,0.7,140,22,25.028358459472656,1.6307868957519531,2,False
92,detail,2,0.6,142,22,23.693002700805664,2.2838151454925537,2,True
93,coarse,1,0.3,30,0,19.02716827392578,,,True
93,coarse,2,0.3,64,8,19.1229190826416,,,True
93,detail,1,1.0,47,16,32.09994888305664,1.384368896484375,4,False
93,detail,1,0.9,47,0,28.42288589477539,1.7349181175231934,3,False
93,detail,1,0.8,50,3,27.06182098388672,1.6436903476715088,3,False
93,detail,1,0.7,55,2,25.126953125,1.6799781322479248,2,False
93,detail,1,0.6,49,4,24.366100311279297,2.005002975463867,2,False
93,detail,2,1.0,133,12,29.92266845703125,1.3056566715240479,4,False
93,detail,2,0.9,135,15,27.777603149414062,1.31453537940979,3,False
93,detail,2,0.8,137,15,25.13015365600586,1.601745367050171,3,False
93,detail,2,0.7,140,22,24.994081497192383,1.5935420989990234,2,False
93,detail,2,0.6,142,22,23.723543167114258,2.2853028774261475,2,True
94,coarse,1,0.3,42,0,19.120513916015625,,,True
94,coarse,2,0.3,66,8,19.171119689941406,,,True
94,detail,1,1.0,87,0,27.40520477294922,1.4099011421203613,4,False
94,detail,1,0.9,83,0,27.064010620117188,1.4784595966339111,3,False
94,detail,1,0.8,86,0,24.733592987060547,1.5446171760559082,3,False
94,detail,1,0.7,93,6,23.559898376464844,1.4595215320587158,2,False
94,detail,1,0.6,95,14,23.36503028869629,1.5238289833068848,2,False
94,detail,2,1.0,135,0,25.462453842163086,2.0003881454467773,4,False
94,detail,2,0.9,137,9,24.864858627319336,1.76192045211792,3,False
94,detail,2,0.8,140,6,23.91237449645996,2.889446973800659,3,False
94,detail,2,0.7,141,12,23.0721492767334,3.0724995136260986,2,False
94,detail,2,0.6,143,18,22.25984764099121,3.514784097671509,2,True
95,coarse,1,0.3,64,8,19.2603816986084,,,True
95,coarse,2,0.3,40,0,19.303394317626953,,,True
95,detail,1,1.0,133,8,28.172048568725586,1.3461811542510986,4,False
95,detail,1,0.9,135,12,26.822263717651367,1.3809638023376465,3,False
95,detail,1,0.8,137,15,25.23761749267578,1.4908266067504883,3,False
95,detail,1,0.7,140,22,25.168529510498047,1.6375043392181396,2,False
95,detail,1,0.6,142,22,23.861722946166992,2.319615602493286,2,False
95,detail,2,1.0,85,0,28.675134658813477,1.4159770011901855,4,False
95,detail,2,0.9,85,0,26.99345588684082,1.594947338104248,3,False
95,detail,2,0.8,85,0,24.465795516967773,1.4321393966674805,3,False
95,detail,2,0.7,92,6,24.328630447387695,1.6874327659606934,2,False
95,detail,2,0.6,94,14,23.779460906982422,1.687910556793213,2,True
96,coarse,1,0.3,62,8,19.183685302734375,,,True
96,coarse,2,0.3,30,0,19.32284164428711,,,True
96,detail,1,1.0,129,16,30.515560150146484,1.1158864498138428,4,False
96,detail,1,0.9,117,27,29.920639038085938,0.8680176734924316,3,False
96,detail,1,0.8,133,30,31.383420944213867,1.0621869564056396,3,False
96,detail,1,0.7,136,34,30.914546966552734,1.1685261726379395,2,False
96,detail,1,0.6,138,36,30.295610427856445,1.1394164562225342,2,False
96,detail,2,1.0,47,16,32.144920349121094,1.4248650074005127,4,False
96,detail,2,0.9,47,0,28.454587936401367,1.7654743194580078,3,False
96,detail,2,0.8,50,3,26.96833610534668,1.6296331882476807,3,False
96,detail,2,0.7,49,0,25.341169357299805,1.797027826309204,2,False
96,detail,2,0.6,49,4,24.38009262084961,1.9939079284667969,2,True
97,coarse,1,0.3,56,6,19.303232192993164,,,True
97,coarse,2,0.3,30,0,19.41671371459961,,,True
97,detail,1,1.0,99,12,29.792346954345703,0.968238115310669,4,False
97,detail,1,0.9,99,0,26.05634307861328,0.9640040397644043,3,False
97,detail,1,0.8,102,6,25.368106842041016,1.1645777225494385,3,False
97,detail,1,0.7,103,14,25.66469955444336,1.3641188144683838,2,False
97,detail,1,0.6,101,16,25.830156326293945,1.1442103385925293,2,False
97,detail,2,1.0,47,16,32.1409912109375,1.339324951171875,4,False
97,detail,2,0.9,47,24,31.886165618896484,1.4752583503723145,3,False
97,detail,2,0.8,50,0,27.324628829956055,1.401630163192749,3,False
97,detail,2,0.7,55,0,24.798824310302734,1.5725984573364258,2,False
97,detail,2,0.6,55,6,23.94951057434082,1.7140214443206787,2,True
98,coarse,1,0.3,42,0,19.449399948120117,,,True
98,coarse,2,0.3,66,8,19.463098526000977,,,True
98,detail,1,1.0,87,0,27.691133499145508,1.2019760608673096,4,False
98,detail,1,0.9,86,0,27.248313903808594,1.3717892169952393,3,False
98,detail,1,0.8,86,0,24.75060272216797,1.2360866069793701,3,False
98,detail,1,0.7,87,8,24.760353088378906,1.0975162982940674,2,False
98,detail,1,0.6,97,14,23.6830997467041,1.3528003692626953,2,False
98,detail,2,1.0,135,0,25.837312698364258,1.7391939163208008,4,False
98,detail,2,0.9,137,9,25.12578582763672,1.6074273586273193,3,False
98,detail,2,0.8,141,6,24.351999282836914,2.3565099239349365,3,False
98,detail,2,0.7,144,10,23.014495849609375,2.9248690605163574,2,False
98,detail,2,0.6,143,18,22.88353157043457,2.983933448791504,2,True
99,coarse,1,0.3,58,6,19.273508071899414,,,True
99,coarse,2,0.5,34,2,25.678930282592773,,,True
99,detail,1,1.0,103,18,30.685447692871094,1.1730709075927734,4,False
99,detail,1,0.9,118,27,30.15533447265625,0.7990388870239258,3,False
99,detail,1,0.8,103,12,27.756576538085938,1.0893409252166748,3,False
99,detail,1,0.7,103,14,25.7856388092041,1.4127044677734375,2,False
99,detail,1,0.6,103,16,25.76593589782715,1.2719390392303467,2,True
99,detail,2,1.0,77,18,32.33437728881836,1.321251630783081,4,False
99,detail,2,0.9,77,27,30.888036727905273,1.161487340927124,3,False
99,detail,2,0.8,77,35,29.596033096313477,1.0243690013885498,3,False
99,detail,2,0.7,84,8,26.933828353881836,1.3938982486724854,2,False
99,detail,2,0.6,86,14,25.982589721679688,1.3034875392913818,2,False
100,coarse,1,0.3,54,4,19.20880889892578,,,True
100,coarse,2,0.3,30,0,19.22039222717285,,,True
100,detail,1,1.0,95,0,29.033729553222656,1.3543508052825928,4,False
100,detail,1,0.9,98,0,26.651634216308594,1.167292594909668,3,False
100,detail,1,0.8,95,0,25.262691497802734,1.38193941116333,3,False
100,detail,1,0.7,95,8,25.089841842651367,1.5899789333343506,2,False
100,detail,1,0.6,95,14,23.638565063476562,1.4013640880584717,2,True
100,detail,2,1.0,47,16,31.980995178222656,1.3298053741455078,4,False
100,detail,2,0.9,47,0,28.892765045166016,1.4218504428863525,3,False
100,detail,2,0.8,50,0,27.333221435546875,1.3189725875854492,3,False
100,detail,2,0.7,55,0,25.051513671875,1.5090434551239014,2,False
100,detail,2,0.6,53,4,24.11469841003418,1.780592918395996,2,False
101,coarse,1,0.3,42,0,19.035964965820312,,,True
101,coarse,2,0.3,64,8,19.073057174682617,,,True
101,detail,1,1.0,89,0,27.621854782104492,1.2991535663604736,4,False
101,detail,1,0.9,86,0,27.040164947509766,1.4663960933685303,3,False
101,detail,1,0.8,86,0,24.558305740356445,1.3317210674285889,3,False
101,detail,1,0.7,87,6,24.6221866607666,1.2793631553649902,2,False
101,detail,1,0.6,95,14,23.512290954589844,1.3630437850952148,2,True
101,detail,2,1.0,133,8,28.33059310913086,1.4676342010498047,4,False
101,detail,2,0.9,135,12,27.162872314453125,1.5400664806365967,3,False
101,detail,2,0.8,137,18,26.90685272216797,1.4469783306121826,3,False
101,detail,2,0.7,140,22,26.03380012512207,1.570803165435791,2,False
101,detail,2,0.6,142,24,26.17381477355957,1.9743239879608154,2,False
102,coarse,1,0.3,42,0,19.04075050354004,,,True
102,coarse,2,0.3,64,8,19.057262420654297,,,True
102,detail,1,1.0,89,0,27.6246280670166,1.442469835281372,4,False
102,detail,1,0.9,86,0,27.091646194458008,1.6089775562286377,3,False
102,detail,1,0.8,86,0,24.655786514282227,1.459662675857544,3,False
102,detail,1,0.7,93,6,24.051952362060547,1.4648935794830322,2,False
102,detail,1,0.6,97,14,23.372631072998047,1.424954891204834,2,True
102,detail,2,1.0,133,8,28.17522621154785,1.4758942127227783,4,False
102,detail,2,0.9,135,15,27.980026245117188,1.3350422382354736,3,False
102,detail,2,0.8,137,18,26.771339416503906,1.4414608478546143,3,False
102,detail,2,0.7,140,22,26.057857513427734,1.5689337253570557,2,False
102,detail,2,0.6,142,24,26.023571014404297,2.0043997764587402,2,False
103,coarse,1,0.3,42,0,19.070528030395508,,,True
103,coarse,2,0.3,64,8,19.179039001464844,,,True
103,detail,1,1.0,89,0,27.687374114990234,1.5646178722381592,4,False
103,detail,1,0.9,86,0,27.14472770690918,1.7182986736297607,3,False
103,detail,1,0.8,86,0,24.77215003967285,1.5672996044158936,3,False
103,detail,1,0.7,96,6,23.146244049072266,1.6658964157104492,2,True
103,detail,1,0.6,97,14,23.387460708618164,1.5604674816131592,2,False
103,detail,2,1.0,133,8,28.232147216796875,1.6157793998718262,4,False
103,detail,2,0.9,135,15,28.107070922851562,1.4814510345458984,3,False
103,detail,2,0.8,137,18,26.887495040893555,1.5719122886657715,3,False
103,detail,2,0.7,140,24,26.312599182128906,1.540597915649414,2,False
103,detail,2,0.6,142,24,26.167844772338867,2.054971694946289,2,False
104,coarse,1,0.3,62,8,18.982894897460938,,,True
104,coarse,2,0.3,40,0,19.05832862854004,,,True
104,detail,1,1.0,115,18,30.120548248291016,1.3290021419525146,4,False
104,detail,1,0.9,117,27,30.09001922607422,1.0734663009643555,3,False
104,detail,1,0.8,111,18,26.854446411132812,1.630408763885498,3,False
104,detail,1,0.7,111,14,24.41267204284668,1.7081060409545898,2,False
104,detail,1,0.6,113,22,24.0685977935791,1.6849727630615234,2,False
104,detail,2,1.0,79,0,28.686683654785156,1.7054619789123535,4,False
104,detail,2,0.9,79,0,26.599441528320312,1.7717182636260986,3,False
104,detail,2,0.8,85,0,25.102657318115234,1.6422812938690186,3,False
104,detail,2,0.7,85,2,24.175622940063477,2.0113768577575684,2,False
104,detail,2,0.6,85,8,23.003143310546875,2.0354104042053223,2,True
105,coarse,1,0.3,40,0,18.95145606994629,,,True
105,coarse,2,0.3,62,8,19.057506561279297,,,True
105,detail,1,1.0,79,0,28.7910099029541,1.7178764343261719,4,False
105,detail,1,0.9,79,0,26.682680130004883,1.8294248580932617,3,False
105,detail,1,0.8,85,0,25.429567337036133,1.5361013412475586,3,False
105,detail,1,0.7,89,4,25.021760940551758,2.0424575805664062,2,False
105,detail,1,0.6,83,8,23.731698989868164,2.1815474033355713,2,True
105,detail,2,1.0,129,18,30.810230255126953,1.1913352012634277,4,False
105,detail,2,0.9,131,24,30.763940811157227,1.284320592880249,3,False
105,detail,2,0.8,111,15,26.57660675048828,1.734419584274292,3,False
105,detail,2,0.7,111,14,24.69989776611328,1.790717601776123,2,False
105,detail,2,0.6,113,22,24.324966430664062,1.898052453994751,2,False
106,coarse,1,0.3,64,8,19.116050720214844,,,True
106,coarse,2,0.3,40,0,19.14072608947754,,,True
106,detail,1,1.0,131,18,30.61942481994629,1.190523624420166,4,False
106,detail,1,0.9,135,21,30.142675399780273,1.240495204925537,3,False
106,detail,1,0.8,137,24,29.334228515625,1.3314557075500488,3,False
106,detail,1,0.7,140,24,26.42573356628418,1.642777442932129,2,False
106,detail,1,0.6,115,24,25.971498489379883,2.104250907897949,2,False
106,detail,2,1.0,79,0,28.72468376159668,1.6754770278930664,4,False
106,detail,2,0.9,79,0,26.610973358154297,1.6899893283843994,3,False
106,detail,2,0.8,88,0,25.50271224975586,1.757124423980713,3,False
106,detail,2,0.7,87,8,25.427644729614258,1.5964231491088867,2,False
106,detail,2,0.6,87,10,24.24643325805664,1.7330527305603027,2,True
107,coarse,1,0.3,34,0,19.235633850097656,,,True
107,coarse,2,0.3,62,8,19.390621185302734,,,True
107,detail,1,1.0,55,0,29.36602020263672,1.8160803318023682,4,False
107,detail,1,0.9,55,0,27.928977966308594,1.6046075820922852,3,False
107,detail,1,0.8,55,6,28.0828800201416,1.504502534866333,3,False
107,detail,1,0.7,57,0,24.304134368896484,2.0731358528137207,2,False
107,detail,1,0.6,57,4,22.708881378173828,2.6669023036956787,2,True
107,detail,2,1.0,111,18,31.958288192749023,1.4673795700073242,4,False
107,detail,2,0.9,131,27,31.418899536132812,1.1309316158294678,3,False
107,detail,2,0.8,111,15,26.828125,1.7740435600280762,3,False
107,detail,2,0.7,113,16,25.077857971191406,1.9253664016723633,2,False
107,detail,2,0.6,113,22,24.718780517578125,1.6888453960418701,2,False
108,coarse,1,0.3,40,0,19.31321144104004,,,True
108,coarse,2,0.3,62,8,19.367883682250977,,,True
108,detail,1,1.0,85,0,29.319307327270508,1.7023935317993164,4,False
108,detail,1,0.9,87,0,27.25399398803711,1.8358337879180908,3,False
108,detail,1,0.8,88,0,25.52792739868164,1.6238255500793457,3,False
108,detail,1,0.7,89,8,25.684873580932617,1.5766549110412598,2,False
108,detail,1,0.6,93,12,24.602802276611328,2.5559940338134766,2,False
108,detail,2,1.0,115,18,30.767919540405273,1.527003288269043,4,False
108,detail,2,0.9,117,27,30.476253509521484,1.3178482055664062,3,False
108,detail,2,0.8,111,18,26.85664176940918,1.7300348281860352,3,False
108,detail,2,0.7,113,16,25.086671829223633,1.937157392501831,2,False
108,detail,2,0.6,115,22,24.21770668029785,1.926222324371338,2,True
109,coarse,1,0.3,24,28,19.211795806884766,,,True
109,coarse,2,0.3,40,0,19.24580192565918,,,True
109,coarse,3,0.3,60,6,19.344642639160156,,,True
109,detail,1,1.0,43,35,28.16550064086914,1.7621312141418457,4,False
109,detail,1,0.9,44,35,27.108482360839844,1.9449377059936523,3,False
109,detail,1,0.8,44,50,25.59628677368164,1.5567772388458252,3,False
109,detail,1,0.7,45,49,23.41109848022461,1.6359272003173828,2,False
109,detail,1,0.6,45,49,22.174928665161133,1.452817440032959,2,True
109,detail,2,1.0,79,0,28.81702423095703,1.738088607788086,4,False
109,detail,2,0.9,87,0,27.281232833862305,1.9192357063293457,3,False
109,detail,2,0.8,88,0,25.491609573364258,1.5356786251068115,3,False
109,detail,2,0.7,89,8,25.658958435058594,1.5484659671783447,2,False
109,detail,2,0.6,87,10,24.566749572753906,1.7473456859588623,2,False
109,detail,3,1.0,107,8,28.45881462097168,1.5869605541229248,4,False
109,detail,3,0.9,107,0,25.527843475341797,1.5803334712982178,3,False
109,detail,3,0.8,110,6,25.18155288696289,1.715792179107666,3,False
109,detail,3,0.7,115,16,24.557735443115234,2.1249611377716064,2,False
109,detail,3,0.6,107,16,24.161243438720703,1.9378137588500977,2,False
110,coarse,1,0.3,24,28,19.082611083984375,,,True
110,coarse,2,0.3,46,0,19.129241943359375,,,True
110,coarse,3,0.3,66,8,19.15736961364746,,,True
110,detail,1,1.0,35,35,28.06928825378418,1.4003901481628418,4,False
110,detail,1,0.9,44,35,27.120826721191406,2.009368419647217,3,False
110,detail,1,0.8,44,50,25.44678497314453,1.6456236839294434,3,False
110,detail,1,0.7,43,49,23.100482940673828,1.276442050933838,2,False
110,detail,1,0.6,45,49,22.147396087646484,1.5758798122406006,2,True
110,detail,2,1.0,91,0,28.108123779296875,1.8574855327606201,4,False
110,detail,2,0.9,88,0,27.07891082763672,1.9473903179168701,3,False
110,detail,2,0.8,100,0,24.54718780517578,1.5217621326446533,3,False
110,detail,2,0.7,104,8,23.994844436645508,2.0408811569213867,2,False
110,detail,2,0.6,106,16,24.36972427368164,2.0970027446746826,2,False
110,detail,3,1.0,137,4,26.389801025390625,1.863738775253296,4,False
110,detail,3,0.9,139,0,25.64217185974121,2.451009750366211,3,False
110,detail,3,0.8,141,6,24.684465408325195,2.5421111583709717,3,False
110,detail,3,0.7,144,12,23.798280715942383,2.884334087371826,2,False
110,detail,3,0.6,146,18,22.776411056518555,3.4865472316741943,2,False
111,coarse,1,0.3,24,28,19.11725616455078,,,True
111,coarse,2,0.3,62,8,19.444114685058594,,,True
111,coarse,3,0.3,38,0,19.48633575439453,,,True
111,detail,1,1.0,35,35,27.982606887817383,1.3447272777557373,4,False
111,detail,1,0.9,35,44,27.115163803100586,1.023291826248169,3,False
111,detail,1,0.8,44,50,25.417556762695312,1.5756759643554688,3,False
111,detail,1,0.7,45,49,23.329179763793945,1.6773178577423096,2,False
111,detail,1,0.6,45,49,22.010950088500977,1.4762537479400635,2,True
111,detail,2,1.0,111,8,27.986042022705078,1.7831060886383057,4,False
111,detail,2,0.9,111,0,25.182966232299805,1.9223778247833252,3,False
111,detail,2,0.8,111,6,25.14852523803711,1.7746286392211914,3,False
111,detail,2,0.7,115,14,24.243850708007812,2.143620491027832,2,False
111,detail,2,0.6,117,22,24.077537536621094,2.1441855430603027,2,False
111,detail,3,1.0,79,0,28.964298248291016,1.722724199295044,4,False
111,detail,3,0.9,81,0,27.743436813354492,1.6517844200134277,3,False
111,detail,3,0.8,81,3,26.286876678466797,1.524918556213379,3,False
111,detail,3,0.7,88,8,25.77605438232422,1.5452194213867188,2,False
111,detail,3,0.6,87,10,24.789857864379883,1.7396650314331055,2,False
112,coarse,1,0.3,24,28,19.206968307495117,,,True
112,coarse,2,0.3,62,8,19.4183292388916,,,True
112,coarse,3,0.3,32,0,19.49419403076172,,,True
112,detail,1,1.0,35,35,28.053417205810547,1.3936188220977783,4,False
112,detail,1,0.9,35,44,27.180057525634766,1.080453872680664,3,False
112,detail,1,0.8,44,50,25.400598526000977,1.6207489967346191,3,False
112,detail,1,0.7,45,49,23.307512283325195,1.7228071689605713,2,False
112,detail,1,0.6,45,49,21.899749755859375,1.4885387420654297,2,True
112,detail,2,1.0,115,18,31.32828140258789,1.4775114059448242,4,False
112,detail,2,0.9,111,9,26.656267166137695,1.8068194389343262,3,False
112,detail,2,0.8,111,9,26.613807678222656,1.819267749786377,3,False
112,detail,2,0.7,115,16,24.77596664428711,2.1966845989227295,2,False
112,detail,2,0.6,115,22,24.754179000854492,2.01826810836792,2,False
112,detail,3,1.0,55,0,30.026247024536133,1.7458226680755615,4,False
112,detail,3,0.9,60,0,27.143829345703125,1.762817621231079,3,False
112,detail,3,0.8,60,6,27.086816787719727,1.551833152770996,3,False
112,detail,3,0.7,59,0,24.121109008789062,2.0585274696350098,2,False
112,detail,3,0.6,57,4,23.183202743530273,2.499110698699951,2,False
113,coarse,1,0.3,24,28,19.32018280029297,,,True
113,coarse,2,0.3,46,0,19.397340774536133,,,True
113,coarse,3,0.3,66,8,19.472562789916992,,,True
113,detail,1,1.0,35,35,27.989389419555664,1.3303232192993164,4,False
113,detail,1,0.9,35,44,27.19308090209961,1.0604610443115234,3,False
113,detail,1,0.8,44,50,25.29759979248047,1.4434566497802734,3,False
113,detail,1,0.7,45,49,23.15586280822754,1.548318862915039,2,False
113,detail,1,0.6,45,49,21.742698669433594,1.3712267875671387,2,True
113,detail,2,1.0,91,0,28.330787658691406,1.9010906219482422,4,False
113,detail,2,0.9,88,0,27.413782119750977,1.9977781772613525,3,False
113,detail,2,0.8,100,0,24.94072723388672,1.4702599048614502,3,False
113,detail,2,0.7,104,8,24.384441375732422,1.913163661956787,2,False
113,detail,2,0.6,83,8,23.99645233154297,1.8831005096435547,2,False
113,detail,3,1.0,137,4,26.568729400634766,1.7805845737457275,4,False
113,detail,3,0.9,139,9,26.033227920532227,1.7316577434539795,3,False
113,detail,3,0.8,141,6,24.940956115722656,2.4420926570892334,3,False
113,detail,3,0.7,144,14,24.762418746948242,2.3683691024780273,2,False
113,detail,3,0.6,146,20,23.875202178955078,2.574388265609741,2,False
114,coarse,1,0.3,40,0,19.160961151123047,,,True
114,coarse,2,0.3,62,8,19.263206481933594,,,True
114,coarse,3,0.4,10,26,22.609371185302734,,,True
114,detail,1,1.0,85,0,29.522127151489258,1.6316702365875244,4,False
114,detail,1,0.9,87,0,27.197856903076172,1.7581539154052734,3,False
114,detail,1,0.8,88,0,25.107690811157227,1.4689271450042725,3,False
114,detail,1,0.7,89,8,25.32704734802246,1.6092503070831299,2,False
114,detail,1,0.6,89,10,24.329132080078125,1.6549930572509766,2,False
114,detail,2,1.0,115,18,31.352907180786133,1.4461805820465088,4,False
114,detail,2,0.9,111,9,26.517881393432617,1.7950656414031982,3,False
114,detail,2,0.8,111,6,25.085412979125977,1.9589159488677979,3,False
114,detail,2,0.7,115,16,24.695331573486328,2.23067307472229,2,False
114,detail,2,0.6,115,22,24.681467056274414,2.025609254837036,2,False
114,detail,3,1.0,17,35,28.534025192260742,1.100752592086792,4,False
114,detail,3,0.9,29,44,26.58047866821289,1.0915141105651855,3,False
114,detail,3,0.8,12,50,25.85519027709961,1.1527411937713623,3,False
114,detail,3,0.7,29,47,24.28704833984375,1.0578386783599854,2,True
114,detail,3,0.6,11,53,24.391826629638672,1.6834838390350342,2,False
115,coarse,1,0.3,40,0,19.008882522583008,,,True
115,coarse,2,0.3,62,8,19.181541442871094,,,True
115,detail,1,1.0,79,0,28.733245849609375,1.658827543258667,4,False
115,detail,1,0.9,87,0,27.11058235168457,1.8154993057250977,3,False
115,detail,1,0.8,88,0,24.880922317504883,1.5248448848724365,3,False
115,detail,1,0.7,85,2,24.822568893432617,1.7140722274780273,2,False
115,detail,1,0.6,91,10,23.777151107788086,2.0521140098571777,2,False
115,detail,2,1.0,111,12,30.47588539123535,1.777022123336792,4,False
115,detail,2,0.9,111,0,25.038894653320312,2.154306650161743,3,False
115,detail,2,0.8,111,6,24.904502868652344,2.023002862930298,3,False
115,detail,2,0.7,117,16,24.392728805541992,2.503366708755493,2,False
115,detail,2,0.6,117,22,23.77557945251465,2.3051881790161133,2,True
116,coarse,1,0.3,40,0,19.149702072143555,,,True
116,coarse,2,0.3,64,8,19.426715850830078,,,True
116,detail,1,1.0,79,0,28.824508666992188,1.6093249320983887,4,False
116,detail,1,0.9,87,0,27.161678314208984,1.8118727207183838,3,False
116,detail,1,0.8,88,0,24.902254104614258,1.5423414707183838,3,False
116,detail,1,0.7,85,2,24.88701057434082,1.6695306301116943,2,False
116,detail,1,0.6,85,8,23.458404541015625,1.7858915328979492,2,True
116,detail,2,1.0,133,16,30.361736297607422,1.2621567249298096,4,False
116,detail,2,0.9,115,15,27.43583869934082,1.9426496028900146,3,False
116,detail,2,0.8,115,9,26.342782974243164,2.257136344909668,3,False
116,detail,2,0.7,117,16,24.510602951049805,2.447343111038208,2,False
116,detail,2,0.6,117,22,23.838497161865234,2.25296688079834,2,False
117,coarse,1,0.3,40,0,19.20018768310547,,,True
117,coarse,2,0.3,64,8,19.28860855102539,,,True
117,detail,1,1.0,83,8,29.409587860107422,1.4915440082550049,4,False
117,detail,1,0.9,87,0,27.217609405517578,1.669546365737915,3,False
117,detail,1,0.8,88,0,24.90878677368164,1.4371240139007568,3,False
117,detail,1,0.7,85,2,24.988216400146484,1.701246738433838,2,False
117,detail,1,0.6,91,10,23.904190063476562,1.9739665985107422,2,True
117,detail,2,1.0,133,16,30.281827926635742,1.299724817276001,4,False
117,detail,2,0.9,135,15,28.15522003173828,1.3979637622833252,3,False
117,detail,2,0.8,136,18,27.41893196105957,1.2977657318115234,3,False
117,detail,2,0.7,115,16,24.60674476623535,2.0531890392303467,2,False
117,detail,2,0.6,115,22,24.46503257751465,1.809464454650879,2,False
118,coarse,1,0.3,40,0,19.217262268066406,,,True
118,coarse,2,0.3,64,8,19.286680221557617,,,True
118,detail,1,1.0,83,8,29.45722198486328,1.4847097396850586,4,False
118,detail,1,0.9,87,0,27.22224998474121,1.6521270275115967,3,False
118,detail,1,0.8,88,0,24.89620590209961,1.348196268081665,3,False
118,detail,1,0.7,89,8,25.20240020751953,1.613609790802002,2,False
118,detail,1,0.6,91,10,23.93212890625,1.9689931869506836,2,True
118,detail,2,1.0,133,16,30.256982803344727,1.2356863021850586,4,False
118,detail,2,0.9,135,21,29.88637924194336,1.2124290466308594,3,False
118,detail,2,0.8,136,21,28.605308532714844,1.2027101516723633,3,False
118,detail,2,0.7,115,24,27.560644149780273,1.5672824382781982,2,False
118,detail,2,0.6,117,24,25.725120544433594,1.9508285522460938,2,False
119,coarse,1,0.3,40,0,19.201858520507812,,,True
119,coarse,2,0.3,64,8,19.301572799682617,,,True
119,detail,1,1.0,83,8,29.453824996948242,1.4382903575897217,4,False
119,detail,1,0.9,87,0,27.292003631591797,1.5962998867034912,3,False
119,detail,1,0.8,89,0,24.97233772277832,1.3954505920410156,3,False
119,detail,1,0.7,89,8,25.364742279052734,1.5823132991790771,2,False
119,detail,1,0.6,91,10,24.032516479492188,2.000762939453125,2,True
119,detail,2,1.0,133,16,30.22132682800293,1.2158327102661133,4,False
119,detail,2,0.9,135,21,29.875139236450195,1.1288418769836426,3,False
119,detail,2,0.8,136,21,28.510868072509766,1.051971435546875,3,False
119,detail,2,0.7,115,24,27.73831558227539,1.539916753768921,2,False
119,detail,2,0.6,117,24,25.827919006347656,1.903400182723999,2,False
120,coarse,1,0.3,34,0,19.23270034790039,,,True
120,coarse,2,0.3,66,8,19.291955947875977,,,True
120,detail,1,1.0,55,18,34.189239501953125,1.2996504306793213,4,False
120,detail,1,0.9,58,0,27.907438278198242,1.614870548248291,3,False
120,detail,1,0.8,58,6,28.09430694580078,1.4048585891723633,3,False
120,detail,1,0.7,59,0,24.2791690826416,1.9934930801391602,2,False
120,detail,1,0.6,57,4,23.779401779174805,2.3234758377075195,2,True
120,detail,2,1.0,137,4,26.83374786376953,1.4385249614715576,4,False
120,detail,2,0.9,139,9,26.291746139526367,1.4163026809692383,3,False
120,detail,2,0.8,141,18,26.36585807800293,1.6115398406982422,3,False
120,detail,2,0.7,144,16,25.968687057495117,1.905461072921753,2,False
120,detail,2,0.6,146,22,24.868961334228516,1.8345832824707031,2,False
121,coarse,1,0.3,40,0,19.12423324584961,,,True
121,coarse,2,0.3,66,8,19.244892120361328,,,True
121,detail,1,1.0,83,0,29.477298736572266,1.549635410308838,4,False
121,detail,1,0.9,82,0,27.30472755432129,1.7609272003173828,3,False
121,detail,1,0.8,89,0,25.15094566345215,1.6618921756744385,3,False
121,detail,1,0.7,91,4,25.216222763061523,2.1007087230682373,2,False
121,detail,1,0.6,91,10,24.205625534057617,2.2330753803253174,2,True
121,detail,2,1.0,137,4,27.072134017944336,1.7481563091278076,4,False
121,detail,2,0.9,139,9,26.47772216796875,1.71199631690979,3,False
121,detail,2,0.8,141,18,26.522005081176758,1.66483736038208,3,False
121,detail,2,0.7,144,14,25.136735916137695,2.21463942527771,2,False
121,detail,2,0.6,121,24,25.198198318481445,2.1232759952545166,2,False
122,coarse,1,0.3,40,0,19.14560890197754,,,True
122,coarse,2,0.3,60,6,19.309974670410156,,,True
122,detail,1,1.0,83,0,29.431753158569336,1.556194543838501,4,False
122,detail,1,0.9,82,0,27.230920791625977,1.762939214706421,3,False
122,detail,1,0.8,89,0,25.074420928955078,1.6541683673858643,3,False
122,detail,1,0.7,92,4,25.008609771728516,2.250439405441284,2,False
122,detail,1,0.6,91,10,24.13520050048828,2.2800023555755615,2,True
122,detail,2,1.0,119,18,30.572708129882812,1.3290307521820068,4,False
122,detail,2,0.9,107,21,30.55818748474121,1.1128418445587158,3,False
122,detail,2,0.8,107,12,28.004108428955078,1.156010389328003,3,False
122,detail,2,0.7,107,16,26.14531707763672,1.268815279006958,2,False
122,detail,2,0.6,107,16,24.504159927368164,2.0025765895843506,2,False
123,coarse,1,0.3,40,0,19.348337173461914,,,True
123,coarse,2,0.3,66,8,19.418914794921875,,,True
123,detail,1,1.0,83,0,29.46147346496582,1.5060770511627197,4,False
123,detail,1,0.9,82,0,27.060270309448242,1.5652859210968018,3,False
123,detail,1,0.8,89,0,25.226821899414062,1.560016393661499,3,False
123,detail,1,0.7,91,8,25.563610076904297,1.7079651355743408,2,False
123,detail,1,0.6,94,12,25.253175735473633,2.0599656105041504,2,False
123,detail,2,1.0,137,8,28.267919540405273,1.5968010425567627,4,False
123,detail,2,0.9,139,9,26.51071548461914,1.6491246223449707,3,False
123,detail,2,0.8,141,18,26.526342391967773,1.4786174297332764,3,False
123,detail,2,0.7,144,16,26.06507682800293,1.971745491027832,2,False
123,detail,2,0.6,146,22,25.095993041992188,1.9174840450286865,2,True
124,coarse,1,0.3,70,2,19.330989837646484,,,True
124,coarse,2,0.3,32,0,19.458024978637695,,,True
124,detail,1,1.0,138,4,26.734638214111328,1.627333641052246,4,False
124,detail,1,0.9,140,9,26.1641788482666,1.6022169589996338,3,False
124,detail,1,0.8,142,15,26.198638916015625,1.727447509765625,3,False
124,detail,1,0.7,145,14,24.85024642944336,2.0330381393432617,2,False
124,detail,1,0.6,147,20,23.89323616027832,2.0391883850097656,2,True
124,detail,2,1.0,51,18,31.986068725585938,1.1429388523101807,4,False
124,detail,2,0.9,54,0,28.007295608520508,1.698481559753418,3,False
124,detail,2,0.8,51,0,27.648529052734375,1.555267572402954,3,False
124,detail,2,0.7,53,0,25.714672088623047,1.6833016872406006,2,False
124,detail,2,0.6,57,4,24.105316162109375,2.124631881713867,2,False
125,coarse,1,0.3,40,0,19.205137252807617,,,True
125,coarse,2,0.3,60,6,19.232540130615234,,,True
125,detail,1,1.0,83,0,29.261430740356445,1.622610330581665,4,False
125,detail,1,0.9,87,0,27.821704864501953,1.5451600551605225,3,False
125,detail,1,0.8,89,0,24.986967086791992,1.2895452976226807,3,True
125,detail,1,0.7,91,8,25.166934967041016,1.4412684440612793,2,False
125,detail,1,0.6,91,14,25.413049697875977,1.6716601848602295,2,False
125,detail,2,1.0,119,18,30.843719482421875,1.25663161277771,4,False
125,detail,2,0.9,107,18,29.71879768371582,1.052290439605713,3,False
125,detail,2,0.8,107,12,27.987041473388672,1.061072826385498,3,False
125,detail,2,0.7,107,16,26.30760383605957,1.3395545482635498,2,False
125,detail,2,0.6,121,24,25.441781997680664,2.023756980895996,2,False
126,coarse,1,0.3,48,2,19.19532012939453,,,True
126,coarse,2,0.3,68,8,19.38153839111328,,,True
126,detail,1,1.0,101,0,27.804927825927734,1.1979553699493408,4,False
126,detail,1,0.9,103,0,26.705562591552734,1.0728387832641602,3,False
126,detail,1,0.8,89,0,25.0544490814209,1.4053423404693604,3,False
126,detail,1,0.7,99,8,24.717117309570312,1.464395523071289,2,False
126,detail,1,0.6,97,14,24.83082389831543,1.8435280323028564,2,False
126,detail,2,1.0,138,4,26.874300003051758,1.7349114418029785,4,False
126,detail,2,0.9,140,9,26.303024291992188,1.6672735214233398,3,False
126,detail,2,0.8,142,15,26.46007537841797,1.6973278522491455,3,False
126,detail,2,0.7,145,14,25.17799186706543,2.548555850982666,2,False
126,detail,2,0.6,126,24,24.21796226501465,2.387587547302246,2,True
127,coarse,1,0.3,40,0,19.22516632080078,,,True
127,coarse,2,0.3,66,8,19.295326232910156,,,True
127,detail,1,1.0,85,8,29.410015106201172,1.3108067512512207,4,False
127,detail,1,0.9,87,0,27.93143653869629,1.1723496913909912,3,False
127,detail,1,0.8,89,3,25.981340408325195,1.1750617027282715,3,False
127,detail,1,0.7,91,8,25.05830192565918,1.5049378871917725,2,False
127,detail,1,0.6,93,14,25.40791130065918,1.7248950004577637,2,False
127,detail,2,1.0,137,4,27.234468460083008,1.7443807125091553,4,False
127,detail,2,0.9,139,9,26.73271369934082,1.6365861892700195,3,False
127,detail,2,0.8,141,15,26.832788467407227,1.551133155822754,3,False
127,detail,2,0.7,144,16,26.10911750793457,2.249396562576294,2,False
127,detail,2,0.6,125,24,24.396148681640625,2.3480541706085205,2,True
128,coarse,1,0.3,48,2,19.01408576965332,,,True
128,coarse,2,0.3,68,8,19.168039321899414,,,True
128,detail,1,1.0,101,0,27.808555603027344,1.123032569885254,4,False
128,detail,1,0.9,103,3,26.936777114868164,0.8799500465393066,3,False
128,detail,1,0.8,98,0,24.95745277404785,1.2391982078552246,3,False
128,detail,1,0.7,99,8,24.55377197265625,1.2157173156738281,2,False
128,detail,1,0.6,97,14,24.718238830566406,1.6998188495635986,2,False
128,detail,2,1.0,138,4,26.794313430786133,1.6896214485168457,4,False
128,detail,2,0.9,140,9,26.149242401123047,1.588568925857544,3,False
128,detail,2,0.8,142,15,26.205278396606445,1.6797385215759277,3,False
128,detail,2,0.7,145,14,24.619478225708008,2.395120620727539,2,False
128,detail,2,0.6,126,24,24.123319625854492,2.3236329555511475,2,True
129,coarse,1,0.3,36,0,19.175533294677734,,,True
129,coarse,2,0.3,68,8,19.210494995117188,,,True
129,detail,1,0.9,59,27,34.60640335083008,0.9283657073974609,3,False
129,detail,1,0.8,59,35,31.55094337463379,1.0200159549713135,3,False
129,detail,1,0.7,59,2,26.396686553955078,1.352348804473877,2,False
129,detail,1,0.6,61,10,26.25774383544922,1.0950813293457031,2,False
129,detail,2,1.0,138,4,26.99245834350586,1.5296735763549805,4,False
129,detail,2,0.9,140,9,26.3226318359375,1.4554691314697266,3,False
129,detail,2,0.8,142,15,26.352371215820312,1.501065731048584,3,False
129,detail,2,0.7,145,16,25.781938552856445,1.969308853149414,2,False
129,detail,2,0.6,147,22,24.680240631103516,2.014693021774292,2,True
130,coarse,1,0.3,48,2,18.96272087097168,,,True
130,coarse,2,0.3,68,8,19.066638946533203,,,True
130,detail,1,1.0,95,0,28.394800186157227,1.073458194732666,4,False
130,detail,1,0.9,89,0,27.003097534179688,1.014514684677124,3,False
130,detail,1,0.8,92,3,25.819656372070312,1.1440589427947998,3,False
130,detail,1,0.7,93,10,25.540328979492188,1.0610010623931885,2,False
130,detail,1,0.6,93,16,24.996925354003906,1.187345266342163,2,True
130,detail,2,1.0,138,18,31.587724685668945,1.1244549751281738,4,False
130,detail,2,0.9,120,27,31.33218002319336,0.9813785552978516,3,False
130,detail,2,0.8,142,24,29.25710105895996,1.2186901569366455,3,False
130,detail,2,0.7,145,24,26.235883712768555,1.5933165550231934,2,False
130,detail,2,0.6,147,24,25.888511657714844,2.126114845275879,2,False
131,coarse,1,0.3,48,2,18.99374008178711,,,True
131,coarse,2,0.3,68,8,19.07216453552246,,,True
131,detail,1,1.0,101,0,28.075321197509766,1.1484041213989258,4,False
131,detail,1,0.9,89,0,27.030925750732422,1.07609224319458,3,False
131,detail,1,0.8,92,3,25.82011604309082,1.0946059226989746,3,False
131,detail,1,0.7,93,10,25.563753128051758,1.060671091079712,2,False
131,detail,1,0.6,93,16,25.06893539428711,1.3430430889129639,2,True
131,detail,2,1.0,138,18,31.609180450439453,1.0646440982818604,4,False
131,detail,2,0.9,120,27,31.398700714111328,1.0602850914001465,3,False
131,detail,2,0.8,142,24,29.286666870117188,1.186610221862793,3,False
131,detail,2,0.7,145,24,26.248403549194336,1.546557903289795,2,False
131,detail,2,0.6,147,24,26.034337997436523,2.034815788269043,2,False
132,coarse,1,0.3,68,8,19.13123893737793,,,True
132,coarse,2,0.3,36,0,19.187387466430664,,,True
132,detail,1,1.0,120,18,31.069711685180664,0.9997603893280029,4,False
132,detail,1,0.9,123,27,31.022994995117188,0.9399850368499756,3,False
132,detail,1,0.8,142,24,29.361351013183594,1.1241190433502197,3,False
132,detail,1,0.7,145,24,26.39558219909668,1.4706549644470215,2,True
132,detail,1,0.6,147,28,26.949352264404297,1.5373785495758057,2,False
132,detail,2,0.8,59,35,31.259016036987305,0.8491146564483643,3,False
132,detail,2,0.7,59,42,29.2827205657959,0.9712326526641846,2,False
132,detail,2,0.6,85,50,26.768047332763672,0.8055052757263184,2,False
133,coarse,1,0.3,44,0,18.999801635742188,,,True
133,coarse,2,0.3,64,8,19.013132095336914,,,True
133,detail,1,1.0,93,0,27.7050724029541,1.158975601196289,4,False
133,detail,1,0.9,90,0,26.921531677246094,1.2542450428009033,3,False
133,detail,1,0.8,93,0,25.430164337158203,1.0838065147399902,3,False
133,detail,1,0.7,100,8,24.709951400756836,1.3051166534423828,2,False
133,detail,1,0.6,99,14,24.090368270874023,1.4987223148345947,2,True
133,detail,2,1.0,119,18,31.4437313079834,1.129485845565796,4,False
133,detail,2,0.9,124,27,31.297420501708984,0.8901238441467285,3,False
133,detail,2,0.8,127,33,31.969188690185547,0.7735228538513184,3,False
133,detail,2,0.7,117,26,28.86589241027832,1.732597827911377,2,False
133,detail,2,0.6,115,22,24.89480972290039,2.0569562911987305,2,False
134,coarse,1,0.3,44,0,19.002819061279297,,,True
134,coarse,2,0.3,70,8,19.160140991210938,,,True
134,detail,1,1.0,93,0,27.815141677856445,1.2238123416900635,4,False
134,detail,1,0.9,90,0,27.06304168701172,1.3080058097839355,3,False
134,detail,1,0.8,93,0,25.524795532226562,1.1776926517486572,3,False
134,detail,1,0.7,100,8,24.852142333984375,1.335319995880127,2,False
134,detail,1,0.6,99,14,24.237995147705078,1.545494556427002,2,True
134,detail,2,1.0,124,18,31.380456924438477,0.8591403961181641,4,False
134,detail,2,0.9,123,27,31.49478530883789,1.0237419605255127,3,False
134,detail,2,0.8,142,27,30.740205764770508,0.8642394542694092,3,False
134,detail,2,0.7,145,30,29.765756607055664,0.9139792919158936,2,False
134,detail,2,0.6,120,30,29.027692794799805,1.4386122226715088,2,False
135,coarse,1,0.3,44,0,18.963926315307617,,,True
135,coarse,2,0.3,66,8,18.992630004882812,,,True
135,detail,1,1.0,93,0,27.680782318115234,1.0833702087402344,4,False
135,detail,1,0.9,90,0,26.968698501586914,1.233267068862915,3,False
135,detail,1,0.8,93,3,25.97138214111328,1.2791893482208252,3,False
135,detail,1,0.7,100,8,24.884218215942383,1.1983203887939453,2,False
135,detail,1,0.6,99,14,24.519168853759766,1.3763833045959473,2,True
135,detail,2,1.0,123,18,31.08951187133789,0.8985261917114258,4,False
135,detail,2,0.9,125,27,31.456008911132812,0.9242002964019775,3,False
135,detail,2,0.8,125,33,32.118778228759766,0.8130166530609131,3,False
135,detail,2,0.7,119,26,28.83026123046875,1.5025320053100586,2,False
135,detail,2,0.6,119,24,26.35517692565918,1.839064359664917,2,False
136,coarse,1,0.3,44,0,19.004554748535156,,,True
136,coarse,2,0.3,64,8,19.038503646850586,,,True
136,detail,1,1.0,93,0,27.588533401489258,1.0301578044891357,4,False
136,detail,1,0.9,90,0,26.86054229736328,1.1492717266082764,3,False
136,detail,1,0.8,93,3,25.820249557495117,1.2012462615966797,3,False
136,detail,1,0.7,100,8,24.806808471679688,1.1179454326629639,2,True
136,detail,1,0.6,101,16,25.097795486450195,1.3368916511535645,2,False
136,detail,2,1.0,119,18,31.518693923950195,1.0829596519470215,4,False
136,detail,2,0.9,124,27,31.237689971923828,0.910189151763916,3,False
136,detail,2,0.8,127,33,31.89520263671875,0.7863218784332275,3,False
136,detail,2,0.7,129,38,32.516414642333984,0.7983691692352295,2,False
136,detail,2,0.6,119,36,31.719528198242188,1.3286066055297852,2,False
137,coarse,1,0.3,42,0,19.084003448486328,,,True
137,coarse,2,0.3,72,0,19.345857620239258,,,True
137,detail,1,1.0,89,0,29.28615379333496,1.1169795989990234,4,False
137,detail,1,0.9,91,0,26.857065200805664,1.194267749786377,3,False
137,detail,1,0.8,92,3,25.549976348876953,1.1156723499298096,3,True
137,detail,1,0.7,96,8,26.117582321166992,1.0294990539550781,2,False
137,detail,1,0.6,98,16,26.326522827148438,1.3988802433013916,2,False
137,detail,2,1.0,120,18,31.338544845581055,1.0775578022003174,4,False
137,detail,2,0.9,123,27,31.23219108581543,0.9832878112792969,3,False
137,detail,2,0.8,126,33,31.82271385192871,0.8240759372711182,3,False
137,detail,2,0.7,130,38,32.61603927612305,0.8579480648040771,2,False
137,detail,2,0.6,120,36,31.847360610961914,1.4825060367584229,2,False
138,coarse,1,0.3,44,0,19.124120712280273,,,True
138,coarse,2,0.3,68,8,19.2136287689209,,,True
138,detail,1,1.0,93,4,29.527254104614258,0.9697833061218262,4,False
138,detail,1,0.9,90,0,26.93450164794922,1.0305500030517578,3,False
138,detail,1,0.8,93,3,25.62500762939453,1.0713238716125488,3,False
138,detail,1,0.7,95,10,25.870464324951172,1.074784517288208,2,False
138,detail,1,0.6,102,16,25.056987762451172,1.121248483657837,2,True
138,detail,2,1.0,120,18,31.02878761291504,1.0218696594238281,4,False
138,detail,2,0.9,123,27,31.06161117553711,0.9621386528015137,3,False
138,detail,2,0.8,126,33,31.670846939086914,0.769777774810791,3,False
138,detail,2,0.7,130,38,32.425357818603516,0.7816367149353027,2,False
138,detail,2,0.6,130,38,31.573976516723633,0.8114035129547119,2,False
139,coarse,1,0.3,64,8,19.265501022338867,,,True
139,coarse,2,0.3,44,0,19.321044921875,,,True
139,detail,1,1.0,119,18,31.521343231201172,1.0224757194519043,4,False
139,detail,1,0.9,124,27,31.051136016845703,0.8787298202514648,3,False
139,detail,1,0.8,127,33,31.74151611328125,0.7575902938842773,3,False
139,detail,1,0.7,129,38,32.321964263916016,0.7192192077636719,2,False
139,detail,1,0.6,131,40,32.846073150634766,0.6681351661682129,2,False
139,detail,2,1.0,93,4,29.99772834777832,0.9821763038635254,4,False
139,detail,2,0.9,93,0,27.297311782836914,1.1044104099273682,3,False
139,detail,2,0.8,93,3,25.815073013305664,1.0269174575805664,3,False
139,detail,2,0.7,95,10,26.046710968017578,1.0181543827056885,2,False
139,detail,2,0.6,102,16,25.36842155456543,1.1036262512207031,2,True
140,coarse,1,0.3,50,2,19.062936782836914,,,True
140,coarse,2,0.3,70,8,19.070070266723633,,,True
140,detail,1,1.0,99,0,29.138046264648438,1.0335032939910889,4,False
140,detail,1,0.9,93,0,27.156719207763672,1.0620241165161133,3,False
140,detail,1,0.8,93,3,25.753360748291016,0.9985537528991699,3,False
140,detail,1,0.7,95,10,25.879947662353516,1.0048747062683105,2,False
140,detail,1,0.6,101,16,25.27898597717285,1.2104206085205078,2,True
140,detail,2,1.0,120,18,31.316083908081055,1.0061662197113037,4,False
140,detail,2,0.9,123,27,31.279878616333008,0.9599366188049316,3,False
140,detail,2,0.8,126,33,32.05220413208008,0.7350528240203857,3,False
140,detail,2,0.7,130,38,32.6218376159668,0.6608233451843262,2,False
140,detail,2,0.6,124,38,32.37547302246094,0.7373499870300293,2,False
141,coarse,1,0.3,46,0,19.16446876525879,,,True
141,coarse,2,0.3,70,8,19.166126251220703,,,True
141,detail,1,1.0,91,8,30.95766830444336,1.044736385345459,4,False
141,detail,1,0.9,94,0,27.699020385742188,0.9920220375061035,3,False
141,detail,1,0.8,94,3,26.065181732177734,1.070603370666504,3,False
141,detail,1,0.7,95,10,25.730512619018555,0.7787563800811768,2,False
141,detail,1,0.6,101,16,25.691987991333008,1.1860475540161133,2,True
141,detail,2,1.0,120,18,31.38687515258789,1.007054328918457,4,False
141,detail,2,0.9,123,27,31.32027816772461,0.961270809173584,3,False
141,detail,2,0.8,126,33,32.168094635009766,0.6977684497833252,3,False
141,detail,2,0.7,130,40,34.21450424194336,0.6953845024108887,2,False
141,detail,2,0.6,124,38,32.62017059326172,0.7901163101196289,2,False
142,coarse,1,0.3,70,8,19.036575317382812,,,True
142,coarse,2,0.3,36,0,19.057153701782227,,,True
142,detail,1,1.0,120,18,31.339569091796875,1.0063691139221191,4,False
142,detail,1,0.9,126,27,31.28704071044922,0.803959846496582,3,False
142,detail,1,0.8,126,33,32.214237213134766,0.6714930534362793,3,False
142,detail,1,0.7,130,40,34.29880905151367,0.6787102222442627,2,False
142,detail,1,0.6,142,40,33.6229133605957,0.699021577835083,2,False
142,detail,2,1.0,63,18,33.661624908447266,0.9424948692321777,4,False
142,detail,2,0.9,68,27,34.13330841064453,0.6783113479614258,3,False
142,detail,2,0.8,74,35,29.17413902282715,0.8065955638885498,3,False
142,detail,2,0.7,61,2,26.252147674560547,1.4870710372924805,2,False
142,detail,2,0.6,61,8,25.87602996826172,1.5873045921325684,2,True
143,coarse,1,0.3,36,0,19.158964157104492,,,True
143,coarse,2,0.3,70,8,19.30609703063965,,,True
143,detail,1,1.0,63,16,32.742919921875,0.9457478523254395,4,False
143,detail,1,0.9,68,27,34.1345100402832,0.730602502822876,3,False
143,detail,1,0.8,74,35,29.28949737548828,0.7751014232635498,3,False
143,detail,1,0.7,59,2,26.04833221435547,1.5752394199371338,2,False
143,detail,1,0.6,61,8,25.714357376098633,1.6124002933502197,2,True
143,detail,2,1.0,124,18,31.030241012573242,0.9539303779602051,4,False
143,detail,2,0.9,126,27,31.34317970275879,1.0180549621582031,3,False
143,detail,2,0.8,129,33,32.36299133300781,0.9027793407440186,3,False
143,detail,2,0.7,130,36,32.62073516845703,0.796907901763916,2,False
143,detail,2,0.6,132,32,28.122865676879883,1.1725833415985107,2,False
144,coarse,1,0.3,50,2,19.438383102416992,,,True
144,coarse,2,0.3,70,8,19.589162826538086,,,True
144,detail,1,1.0,105,18,30.198955535888672,1.2453172206878662,4,False
144,detail,1,0.9,99,6,28.655378341674805,0.8791332244873047,3,False
144,detail,1,0.8,102,3,27.35901641845703,0.8140544891357422,3,False
144,detail,1,0.7,111,16,26.366544723510742,0.9677305221557617,2,False
144,detail,1,0.6,101,16,25.72390365600586,1.0501782894134521,2,True
144,detail,2,1.0,124,18,31.2120361328125,1.0002119541168213,4,False
144,detail,2,0.9,126,27,31.47825050354004,1.0555317401885986,3,False
144,detail,2,0.8,129,30,32.151214599609375,0.7606894969940186,3,False
144,detail,2,0.7,130,34,32.651031494140625,1.1077189445495605,2,False
144,detail,2,0.6,132,30,27.835939407348633,1.436997652053833,2,False
145,coarse,1,0.3,40,0,19.369932174682617,,,True
145,coarse,2,0.3,64,6,19.446125030517578,,,True
145,detail,1,1.0,85,18,32.45905685424805,1.3816215991973877,4,False
145,detail,1,0.9,85,27,31.140581130981445,1.3802707195281982,3,False
145,detail,1,0.8,76,35,29.26080322265625,0.883655309677124,3,False
145,detail,1,0.7,92,10,27.860074996948242,1.2163350582122803,2,False
145,detail,1,0.6,94,14,26.013288497924805,1.1783990859985352,2,False
145,detail,2,1.0,123,18,31.624114990234375,1.3200078010559082,4,False
145,detail,2,0.9,127,27,32.02525329589844,1.2443411350250244,3,False
145,detail,2,0.8,115,27,32.78854751586914,1.0078389644622803,3,False
145,detail,2,0.7,121,26,29.745197296142578,1.4385128021240234,2,False
145,detail,2,0.6,119,22,25.140119552612305,1.705138921737671,2,True
146,coarse,1,0.3,40,0,19.465469360351562,,,True
146,coarse,2,0.3,64,6,19.550548553466797,,,True
146,detail,1,1.0,85,18,32.458213806152344,1.143904209136963,4,False
146,detail,1,0.9,85,27,31.06676483154297,1.0624709129333496,3,False
146,detail,1,0.8,76,35,29.344120025634766,0.8354697227478027,3,False
146,detail,1,0.7,92,20,29.0714168548584,1.257681131362915,2,False
146,detail,1,0.6,85,50,27.727163314819336,0.8863034248352051,2,False
146,detail,2,1.0,123,18,31.70048713684082,1.3685126304626465,4,False
146,detail,2,0.9,127,27,32.092472076416016,1.1892545223236084,3,False
146,detail,2,0.8,121,21,29.106351852416992,1.225511074066162,3,False
146,detail,2,0.7,121,14,24.280282974243164,1.6649737358093262,2,True
146,detail,2,0.6,123,22,24.75980567932129,1.5300078392028809,2,False
147,coarse,1,0.3,38,0,19.29970359802246,,,True
147,coarse,2,0.3,58,4,19.378379821777344,,,True
147,detail,1,1.0,67,18,33.918819427490234,0.8582451343536377,4,False
147,detail,1,0.9,69,27,34.68247604370117,0.8112010955810547,3,False
147,detail,1,0.8,85,35,29.76243019104004,0.9084582328796387,3,False
147,detail,1,0.7,88,42,29.393178939819336,1.0300719738006592,2,False
147,detail,1,0.6,63,10,27.369054794311523,1.1514487266540527,2,False
147,detail,2,1.0,111,12,30.585163116455078,0.9236271381378174,4,False
147,detail,2,0.9,106,3,28.092060089111328,0.9909200668334961,3,False
147,detail,2,0.8,109,9,26.92250633239746,0.9548594951629639,3,False
147,detail,2,0.7,111,14,26.471338272094727,1.0658226013183594,2,False
147,detail,2,0.6,123,22,24.610944747924805,1.4364538192749023,2,True
148,coarse,1,0.3,36,0,20.013599395751953,,,True
148,coarse,2,0.3,64,6,20.02755355834961,,,True
148,detail,1,1.0,67,18,34.1899299621582,0.7546818256378174,4,False
148,detail,1,0.9,59,24,34.51145935058594,1.016622543334961,3,False
148,detail,1,0.8,77,35,29.221900939941406,0.7224833965301514,3,False
148,detail,1,0.7,79,42,29.6616153717041,0.7314574718475342,2,False
148,detail,1,0.6,59,10,27.279726028442383,0.9798145294189453,2,False
148,detail,2,1.0,123,18,32.505245208740234,1.2802989482879639,4,False
148,detail,2,0.9,127,27,32.850284576416016,1.1229102611541748,3,False
148,detail,2,0.8,130,33,33.91260528564453,1.0283393859863281,3,False
148,detail,2,0.7,119,24,29.575355529785156,0.932645320892334,2,False
148,detail,2,0.6,121,22,25.816984176635742,1.098738431930542,2,True
149,coarse,1,0.3,64,6,19.360143661499023,,,True
149,coarse,2,0.4,42,0,24.05767822265625,,,True
149,detail,1,1.0,127,16,32.433162689208984,0.7808942794799805,4,False
149,detail,1,0.9,127,24,32.80152893066406,0.7093603610992432,3,False
149,detail,1,0.8,130,30,33.35150146484375,0.654773473739624,3,False
149,detail,1,0.7,119,30,31.814128875732422,0.7790250778198242,2,False
149,detail,1,0.6,115,24,28.264253616333008,0.861748218536377,2,False
149,detail,2,1.0,89,18,32.612422943115234,1.0240898132324219,4,False
149,detail,2,0.9,85,27,31.127641677856445,1.0260570049285889,3,False
149,detail,2,0.8,88,35,28.89618492126465,1.2162446975708008,3,False
149,detail,2,0.7,98,12,28.77618408203125,0.6637279987335205,2,False
149,detail,2,0.6,89,50,27.365686416625977,0.9916045665740967,2,True
150,coarse,1,0.3,36,0,19.594865798950195,,,True
150,coarse,2,0.3,64,6,19.598527908325195,,,True
150,detail,1,1.0,67,18,34.20880889892578,0.789374828338623,4,False
150,detail,1,0.9,77,27,31.874237060546875,0.8035681247711182,3,False
150,detail,1,0.8,77,35,29.39718246459961,0.8360569477081299,3,False
150,detail,1,0.7,59,40,29.589927673339844,1.3190281391143799,2,False
150,detail,1,0.6,59,48,27.35321044921875,1.4796562194824219,2,True
150,detail,2,1.0,127,16,32.46680450439453,0.7555949687957764,4,False
150,detail,2,0.9,127,24,32.88856506347656,0.7124967575073242,3,False
150,detail,2,0.8,130,30,33.4776725769043,0.6445989608764648,3,False
150,detail,2,0.7,133,36,34.40032958984375,0.6677780151367188,2,False
150,detail,2,0.6,135,32,29.541107177734375,1.0525901317596436,2,False
151,coarse,1,0.3,36,0,19.83572006225586,,,True
151,coarse,2,0.3,58,2,19.884496688842773,,,True
151,detail,1,1.0,77,18,33.34336853027344,0.8949618339538574,4,False
151,detail,1,0.9,77,27,32.010807037353516,1.0366089344024658,3,False
151,detail,1,0.8,77,35,29.51966094970703,1.1057088375091553,3,False
151,detail,1,0.7,59,40,29.745773315429688,1.2049131393432617,2,False
151,detail,1,0.6,59,48,27.27242660522461,1.2758111953735352,2,False
151,detail,2,1.0,103,0,30.375682830810547,0.9603736400604248,4,False
151,detail,2,0.9,109,6,28.361576080322266,0.789560079574585,3,False
151,detail,2,0.8,112,9,27.39122200012207,0.9087185859680176,3,False
151,detail,2,0.7,103,8,26.665607452392578,1.2014987468719482,2,False
151,detail,2,0.6,103,14,25.837053298950195,1.6715161800384521,2,True
152,coarse,1,0.3,40,0,19.584033966064453,,,True
152,coarse,2,0.3,64,6,19.628665924072266,,,True
152,detail,1,1.0,71,16,33.255043029785156,0.7615382671356201,4,False
152,detail,1,0.9,87,27,31.541051864624023,1.3366854190826416,3,False
152,detail,1,0.8,89,35,29.287485122680664,1.4470798969268799,3,False
152,detail,1,0.7,91,42,29.687328338623047,1.3868451118469238,2,False
152,detail,1,0.6,91,50,27.67515754699707,1.2624449729919434,2,True
152,detail,2,1.0,127,16,32.77676010131836,0.7232916355133057,4,False
152,detail,2,0.9,127,24,33.33766174316406,0.663508415222168,3,False
152,detail,2,0.8,130,30,34.07648849487305,0.5844476222991943,3,False
152,detail,2,0.7,115,44,34.60938262939453,1.7635784149169922,2,False
152,detail,2,0.6,129,30,29.728290557861328,0.8559975624084473,2,False
153,coarse,1,0.3,50,0,19.565444946289062,,,True
153,coarse,2,0.3,70,6,19.67353630065918,,,True
153,detail,1,1.0,105,18,32.884559631347656,1.410501480102539,4,False
153,detail,1,0.9,87,27,31.653188705444336,1.2717866897583008,3,False
153,detail,1,0.8,99,3,27.760238647460938,0.8351931571960449,3,False
153,detail,1,0.7,112,16,27.678070068359375,0.7980308532714844,2,False
153,detail,1,0.6,103,16,26.90913963317871,1.10257887840271,2,True
153,detail,2,1.0,128,16,32.75589370727539,0.7279512882232666,4,False
153,detail,2,0.9,140,27,33.171199798583984,1.0100226402282715,3,False
153,detail,2,0.8,142,33,33.73081588745117,0.7438094615936279,3,False
153,detail,2,0.7,134,32,33.444000244140625,0.6144449710845947,2,False
153,detail,2,0.6,134,30,29.55823516845703,0.8466641902923584,2,False
154,coarse,1,0.3,50,0,19.57210350036621,,,True
154,coarse,2,0.3,70,6,19.665191650390625,,,True
154,coarse,3,0.5,18,0,27.344520568847656,,,True
154,detail,1,1.0,91,18,33.07642364501953,1.2867703437805176,4,False
154,detail,1,0.9,102,6,29.498455047607422,0.9801335334777832,3,False
154,detail,1,0.8,99,6,28.43757438659668,1.066326379776001,3,False
154,detail,1,0.7,105,10,27.728818893432617,1.0657565593719482,2,False
154,detail,1,0.6,99,16,25.9656925201416,1.1578807830810547,2,False
154,detail,2,1.0,128,16,32.905277252197266,0.8407111167907715,4,False
154,detail,2,0.9,140,27,33.4343376159668,0.9813892841339111,3,False
154,detail,2,0.8,132,30,34.09632110595703,0.7560226917266846,3,False
154,detail,2,0.7,134,28,30.06255340576172,0.986008882522583,2,False
154,detail,2,0.6,136,26,29.239849090576172,1.3004264831542969,2,False
154,detail,3,1.0,43,16,31.327062606811523,0.9852187633514404,4,False
154,detail,3,0.9,47,24,29.32236099243164,1.121767520904541,3,False
154,detail,3,0.8,42,33,29.19711685180664,1.0788793563842773,3,False
154,detail,3,0.7,41,44,27.5179500579834,1.0171728134155273,2,False
154,detail,3,0.6,41,50,23.21746826171875,1.5728223323822021,2,True
155,coarse,1,0.3,56,2,19.645429611206055,,,True
155,coarse,2,0.5,18,0,27.326074600219727,,,True
155,detail,1,1.0,111,18,31.91353416442871,1.2632715702056885,4,False
155,detail,1,0.9,111,21,31.70270538330078,0.7933003902435303,3,False
155,detail,1,0.8,111,24,31.14098358154297,0.9468307495117188,3,False
155,detail,1,0.7,109,12,28.617610931396484,0.9879603385925293,2,False
155,detail,1,0.6,105,16,26.424802780151367,1.2988948822021484,2,False
155,detail,2,1.0,27,0,31.228065490722656,1.2938075065612793,4,False
155,detail,2,0.9,47,24,29.530628204345703,1.3975274562835693,3,False
155,detail,2,0.8,39,0,28.814550399780273,1.1673686504364014,3,False
155,detail,2,0.7,52,0,27.462491989135742,1.3310356140136719,2,False
155,detail,2,0.6,43,50,22.737226486206055,1.3637688159942627,2,True
156,coarse,1,0.3,60,2,20.056747436523438,,,True
156,coarse,2,0.5,18,0,27.65930938720703,,,True
156,detail,1,1.0,111,12,31.24411392211914,0.8140382766723633,4,False
156,detail,1,0.9,110,6,28.765926361083984,0.8467998504638672,3,False
156,detail,1,0.8,107,3,28.228134155273438,0.8507673740386963,3,False
156,detail,1,0.7,115,16,27.465864181518555,1.002002477645874,2,False
156,detail,1,0.6,117,22,27.529300689697266,1.0305354595184326,2,False
156,detail,2,1.0,43,16,31.608083724975586,1.1809465885162354,4,False
156,detail,2,0.9,42,24,29.681766510009766,1.16031813621521,3,False
156,detail,2,0.8,42,33,29.317153930664062,1.211822271347046,3,False
156,detail,2,0.7,43,44,27.508771896362305,1.1642048358917236,2,False
156,detail,2,0.6,43,50,22.901033401489258,1.4659795761108398,2,True
157,coarse,1,0.3,40,0,20.36502456665039,,,True
157,coarse,2,0.3,73,6,20.444169998168945,,,True
157,coarse,3,0.5,18,0,27.62561798095703,,,True
157,detail,1,1.0,79,16,33.39225769042969,0.989039421081543,4,False
157,detail,1,0.9,87,27,32.616127014160156,1.2571396827697754,3,False
157,detail,1,0.8,89,35,30.19073486328125,1.3438973426818848,3,False
157,detail,1,0.7,92,44,29.891040802001953,1.501706600189209,2,False
157,detail,1,0.6,89,50,27.86029815673828,1.5183954238891602,2,False
157,detail,2,1.0,128,16,34.040802001953125,0.9767673015594482,4,False
157,detail,2,0.9,140,27,34.48514938354492,1.1983509063720703,3,False
157,detail,2,0.8,142,33,34.849822998046875,0.7243006229400635,3,False
157,detail,2,0.7,120,22,30.356473922729492,1.0681638717651367,2,False
157,detail,2,0.6,120,22,26.92108726501465,1.0789597034454346,2,False
157,detail,3,1.0,31,16,31.5009765625,1.3466029167175293,4,False
157,detail,3,0.9,36,0,28.792707443237305,1.1863350868225098,3,False
157,detail,3,0.8,42,0,29.309709548950195,1.438079833984375,3,False
157,detail,3,0.7,43,44,27.705522537231445,1.5119333267211914,2,False
157,detail,3,0.6,43,50,22.816587448120117,1.6860828399658203,2,True
158,coarse,1,0.3,38,0,20.383052825927734,,,True
158,coarse,2,0.3,70,6,20.602758407592773,,,True
158,coarse,3,0.5,20,12,28.32238006591797,,,True
158,detail,1,1.0,79,16,33.221866607666016,0.9324228763580322,4,False
158,detail,1,0.9,81,27,32.853511810302734,1.2136445045471191,3,False
158,detail,1,0.8,81,35,30.121679306030273,1.2836410999298096,3,False
158,detail,1,0.7,63,42,30.173362731933594,1.623607873916626,2,False
158,detail,1,0.6,90,50,27.6988525390625,1.442143440246582,2,False
158,detail,2,1.0,128,16,34.079978942871094,0.9900906085968018,4,False
158,detail,2,0.9,140,27,34.52922058105469,1.1253445148468018,3,False
158,detail,2,0.8,142,33,34.8254280090332,0.6833248138427734,3,False
158,detail,2,0.7,120,22,30.497243881225586,1.0662291049957275,2,False
158,detail,2,0.6,120,22,26.904621124267578,1.1277658939361572,2,False
158,detail,3,1.0,43,23,29.799314498901367,1.2322628498077393,4,False
158,detail,3,0.9,51,24,29.214523315429688,1.3237848281860352,3,False
158,detail,3,0.8,40,48,27.888797760009766,1.2960326671600342,3,False
158,detail,3,0.7,43,47,25.16082763671875,1.4171931743621826,2,False
158,detail,3,0.6,45,49,23.22814178466797,1.571702241897583,2,True
159,coarse,1,0.3,70,6,20.90309715270996,,,True
159,coarse,2,0.3,48,0,20.962099075317383,,,True
159,coarse,3,0.5,18,0,27.780231475830078,,,True
159,detail,1,1.0,128,16,34.45631408691406,1.0719239711761475,4,False
159,detail,1,0.9,140,27,34.798828125,1.160186529159546,3,False
159,detail,1,0.8,142,33,35.08770751953125,0.7640941143035889,3,False
159,detail,1,0.7,136,28,31.597240447998047,1.1524150371551514,2,False
159,detail,1,0.6,122,24,29.2926082611084,1.2680885791778564,2,False
159,detail,2,1.0,91,18,32.8693962097168,1.3959314823150635,4,False
159,detail,2,0.9,92,27,32.01640319824219,1.5389173030853271,3,False
159,detail,2,0.8,92,35,29.63930320739746,1.5000972747802734,3,False
159,detail,2,0.7,95,44,29.437761306762695,1.6139891147613525,2,False
159,detail,2,0.6,91,50,27.896499633789062,1.5575790405273438,2,False
159,detail,3,1.0,43,18,31.741046905517578,1.0821256637573242,4,False
159,detail,3,0.9,45,24,29.61572265625,1.0878863334655762,3,False
159,detail,3,0.8,45,33,29.716630935668945,1.161811113357544,3,False
159,detail,3,0.7,45,44,27.694368362426758,1.1767761707305908,2,False
159,detail,3,0.6,45,50,23.139179229736328,1.4039618968963623,2,True
160,coarse,1,0.3,38,0,20.83824348449707,,,True
160,coarse,2,0.3,70,6,20.90309715270996,,,True
160,coarse,3,0.5,22,12,28.308029174804688,,,True
160,detail,1,1.0,79,16,33.67594528198242,1.0837674140930176,4,False
160,detail,1,0.9,81,27,33.05805206298828,1.365144968032837,3,False
160,detail,1,0.8,81,35,30.53624725341797,1.3995227813720703,3,False
160,detail,1,0.7,63,40,29.625255584716797,1.532611608505249,2,False
160,detail,1,0.6,63,48,27.809947967529297,1.806041955947876,2,False
160,detail,2,1.0,132,16,34.460357666015625,0.6999914646148682,4,False
160,detail,2,0.9,132,24,34.98737335205078,0.6275112628936768,3,False
160,detail,2,0.8,142,33,35.2994499206543,0.7294092178344727,3,False
160,detail,2,0.7,136,28,31.571504592895508,1.0411043167114258,2,False
160,detail,2,0.6,120,26,31.040212631225586,1.2854468822479248,2,False
160,detail,3,1.0,43,23,29.536394119262695,1.2100539207458496,4,False
160,detail,3,0.9,44,24,29.364208221435547,1.2608792781829834,3,False
160,detail,3,0.8,41,48,27.945323944091797,1.1139132976531982,3,False
160,detail,3,0.7,43,47,25.15009307861328,1.2295279502868652,2,False
160,detail,3,0.6,45,49,23.0603084564209,1.4788811206817627,2,True
161,coarse,1,0.3,56,2,20.819446563720703,,,True
161,coarse,2,0.5,18,0,27.618534088134766,,,True
161,detail,1,1.0,111,12,32.21907043457031,0.7548165321350098,4,False
161,detail,1,0.9,111,18,32.3472785949707,0.8186774253845215,3,False
161,detail,1,0.8,111,12,31.131284713745117,0.7000319957733154,3,False
161,detail,1,0.7,117,16,27.932798385620117,0.9753918647766113,2,False
161,detail,1,0.6,119,22,27.96002960205078,0.8523669242858887,2,False
161,detail,2,1.0,45,18,31.52371597290039,1.2134087085723877,4,False
161,detail,2,0.9,45,24,29.202924728393555,1.212231159210205,3,False
161,detail,2,0.8,45,33,29.192188262939453,1.2462942600250244,3,False
161,detail,2,0.7,45,44,27.294937133789062,1.1626975536346436,2,False
161,detail,2,0.6,45,50,23.1646728515625,1.4571077823638916,2,True
162,coarse,1,0.3,40,0,20.87478256225586,,,True
162,coarse,2,0.3,64,4,20.922285079956055,,,True
162,coarse,3,0.5,18,0,27.77556610107422,,,True
162,detail,1,1.0,79,16,33.82538986206055,0.9858548641204834,4,False
162,detail,1,0.9,82,27,33.200626373291016,1.2569222450256348,3,False
162,detail,1,0.8,82,35,30.601123809814453,1.293830156326294,3,False
162,detail,1,0.7,92,44,30.352638244628906,1.5045793056488037,2,False
162,detail,1,0.6,91,50,27.865827560424805,1.593506097793579,2,False
162,detail,2,1.0,115,18,33.043094635009766,1.2543749809265137,4,False
162,detail,2,0.9,115,21,32.38686752319336,0.7724730968475342,3,False
162,detail,2,0.8,115,24,31.446409225463867,0.7901227474212646,3,False
162,detail,2,0.7,117,16,27.92551040649414,1.0305004119873047,2,False
162,detail,2,0.6,119,22,27.979089736938477,1.0201396942138672,2,False
162,detail,3,1.0,45,18,31.518051147460938,1.190643548965454,4,False
162,detail,3,0.9,45,24,29.19530487060547,1.1607613563537598,3,False
162,detail,3,0.8,45,33,29.13445472717285,1.215446949005127,3,False
162,detail,3,0.7,45,44,27.52115821838379,1.2293052673339844,2,False
162,detail,3,0.6,45,50,23.49245262145996,1.5109319686889648,2,True
163,coarse,1,0.3,40,0,21.201251983642578,,,True
163,coarse,2,0.3,73,6,21.304290771484375,,,True
163,coarse,3,0.5,22,12,28.299823760986328,,,True
163,detail,1,1.0,79,16,34.22881317138672,0.9053511619567871,4,False
163,detail,1,0.9,82,27,33.73726272583008,1.2185778617858887,3,False
163,detail,1,0.8,82,35,31.06722068786621,1.2713050842285156,3,False
163,detail,1,0.7,67,42,30.988487243652344,1.7229280471801758,2,False
163,detail,1,0.6,85,50,28.85613250732422,1.3682379722595215,2,False
163,detail,2,1.0,132,16,34.68142318725586,0.7887802124023438,4,False
163,detail,2,0.9,135,24,35.376625061035156,0.5794587135314941,3,False
163,detail,2,0.8,142,33,35.90944290161133,0.7921440601348877,3,False
163,detail,2,0.7,120,22,31.774133682250977,0.9853777885437012,2,False
163,detail,2,0.6,124,24,29.29888153076172,1.289097785949707,2,False
163,detail,3,1.0,43,23,29.911218643188477,1.1339123249053955,4,False
163,detail,3,0.9,53,24,29.710893630981445,1.330777883529663,3,False
163,detail,3,0.8,44,48,29.053436279296875,1.138984203338623,3,False
163,detail,3,0.7,45,47,25.860219955444336,1.1750917434692383,2,False
163,detail,3,0.6,47,49,23.895702362060547,1.4361889362335205,2,True
164,coarse,1,0.3,52,0,20.96488380432129,,,True
164,coarse,2,0.3,72,6,20.977514266967773,,,True
164,coarse,3,0.5,20,0,27.82977867126465,,,True
164,detail,1,1.0,95,18,32.66769790649414,1.1798992156982422,4,False
164,detail,1,0.9,94,27,31.9783935546875,1.3927159309387207,3,False
164,detail,1,0.8,94,35,29.759735107421875,1.3309924602508545,3,False
164,detail,1,0.7,97,44,29.559001922607422,1.512444019317627,2,False
164,detail,1,0.6,97,50,28.25765037536621,1.521085500717163,2,False
164,detail,2,1.0,132,16,34.50934982299805,0.8752231597900391,4,False
164,detail,2,0.9,135,24,35.190128326416016,0.640528678894043,3,False
164,detail,2,0.8,142,33,35.81101989746094,0.7649827003479004,3,False
164,detail,2,0.7,140,26,30.715097427368164,1.1272995471954346,2,False
164,detail,2,0.6,120,26,31.216014862060547,0.7942538261413574,2,False
164,detail,3,1.0,47,18,31.559669494628906,1.1556787490844727,4,False
164,detail,3,0.9,46,24,29.204111099243164,1.0503668785095215,3,False
164,detail,3,0.8,46,33,29.062410354614258,1.1418466567993164,3,False
164,detail,3,0.7,56,40,27.54001808166504,1.0342190265655518,2,False
164,detail,3,0.6,47,50,23.068904876708984,1.4010932445526123,2,True
165,coarse,1,0.3,52,0,20.94660186767578,,,True
165,coarse,2,0.3,72,6,20.98988914489746,,,True
165,coarse,3,0.5,20,0,27.542652130126953,,,True
165,detail,1,1.0,95,18,32.72081756591797,1.2529194355010986,4,False
165,detail,1,0.9,94,27,31.93094825744629,1.4112341403961182,3,False
165,detail,1,0.8,94,35,29.720869064331055,1.4178404808044434,3,False
165,detail,1,0.7,97,44,29.4727725982666,1.6261236667633057,2,False
165,detail,1,0.6,97,50,28.234588623046875,1.5831897258758545,2,False
165,detail,2,1.0,120,18,34.48060989379883,1.089470624923706,4,False
165,detail,2,0.9,135,24,35.18124008178711,0.5987339019775391,3,False
165,detail,2,0.8,138,30,35.77785873413086,0.6477174758911133,3,False
165,detail,2,0.7,140,26,30.637863159179688,1.0782322883605957,2,False
165,detail,2,0.6,140,32,31.54505157470703,1.0290400981903076,2,False
165,detail,3,1.0,47,18,31.59977912902832,1.0540626049041748,4,False
165,detail,3,0.9,46,24,29.29264259338379,0.963564395904541,3,False
165,detail,3,0.8,46,33,29.03951072692871,1.0192737579345703,3,False
165,detail,3,0.7,47,44,27.55377960205078,0.9056520462036133,2,False
165,detail,3,0.6,45,50,24.205402374267578,1.5717346668243408,2,True
166,coarse,1,0.3,52,0,20.936527252197266,,,True
166,coarse,2,0.3,73,0,20.987462997436523,,,True
166,coarse,3,0.5,20,0,27.426956176757812,,,True
166,detail,1,1.0,95,18,32.70079803466797,1.35093092918396,4,False
166,detail,1,0.9,94,27,31.821794509887695,1.5041558742523193,3,False
166,detail,1,0.8,94,35,29.758024215698242,1.4116263389587402,3,False
166,detail,1,0.7,97,44,29.44975471496582,1.6239688396453857,2,False
166,detail,1,0.6,97,50,28.166038513183594,1.6143898963928223,2,False
166,detail,2,1.0,120,18,34.111427307128906,1.0158662796020508,4,False
166,detail,2,0.9,120,24,35.02372741699219,0.6574883460998535,3,False
166,detail,2,0.8,138,30,35.760223388671875,0.7184510231018066,3,False
166,detail,2,0.7,140,26,30.666719436645508,1.2239830493927002,2,False
166,detail,2,0.6,140,24,27.297962188720703,1.650322437286377,2,False
166,detail,3,1.0,35,16,31.63880729675293,1.208646297454834,4,False
166,detail,3,0.9,46,24,29.55933952331543,1.1373302936553955,3,False
166,detail,3,0.8,46,33,29.227516174316406,1.1905062198638916,3,False
166,detail,3,0.7,47,44,27.647476196289062,1.020430564880371,2,False
166,detail,3,0.6,47,50,23.218143463134766,1.5650196075439453,2,True
167,coarse,1,0.3,52,0,20.964372634887695,,,True
167,coarse,2,0.3,73,0,20.987462997436523,,,True
167,coarse,3,0.5,20,0,27.30646514892578,,,True
167,detail,1,1.0,95,18,32.755130767822266,1.3951551914215088,4,False
167,detail,1,0.9,94,27,31.976112365722656,1.4908781051635742,3,False
167,detail,1,0.8,94,35,30.102577209472656,1.5108022689819336,3,False
167,detail,1,0.7,99,44,29.58643913269043,1.75868558883667,2,False
167,detail,1,0.6,97,50,28.38669204711914,1.6333231925964355,2,False
167,detail,2,1.0,120,18,34.03138732910156,1.0012657642364502,4,False
167,detail,2,0.9,120,24,35.07246017456055,0.6531589031219482,3,False
167,detail,2,0.8,138,30,35.67618179321289,0.595036506652832,3,False
167,detail,2,0.7,140,28,31.55266761779785,1.1197726726531982,2,False
167,detail,2,0.6,142,26,30.78003692626953,1.3793034553527832,2,False
167,detail,3,1.0,35,16,31.570968627929688,1.1086313724517822,4,False
167,detail,3,0.9,46,27,29.591482162475586,1.11269211769104,3,False
167,detail,3,0.8,46,33,29.434417724609375,1.099785566329956,3,False
167,detail,3,0.7,47,44,27.729345321655273,0.8593437671661377,2,False
167,detail,3,0.6,47,50,23.34442901611328,1.5311248302459717,2,True
168,coarse,1,0.3,54,0,20.603727340698242,,,True
168,coarse,2,0.3,73,8,20.666818618774414,,,True
168,coarse,3,0.5,20,0,27.275474548339844,,,True
168,detail,1,1.0,113,18,32.26719284057617,1.422154426574707,4,False
168,detail,1,0.9,95,27,31.921398162841797,1.7073044776916504,3,False
168,detail,1,0.8,95,35,29.91487693786621,1.6893091201782227,3,False
168,detail,1,0.7,107,12,29.16139030456543,1.0641515254974365,2,False
168,detail,1,0.6,97,50,28.56147003173828,1.8275408744812012,2,False
168,detail,2,1.0,120,18,33.73501968383789,1.2710692882537842,4,False
168,detail,2,0.9,120,24,34.86955261230469,0.9980645179748535,3,False
168,detail,2,0.8,120,27,33.4805908203125,0.795994758605957,3,False
168,detail,2,0.7,120,22,30.905982971191406,0.9016404151916504,2,False
168,detail,2,0.6,120,24,29.124895095825195,0.88791823387146,2,False
168,detail,3,1.0,47,18,31.675987243652344,1.0035662651062012,4,False
168,detail,3,0.9,49,24,29.572193145751953,0.9740309715270996,3,False
168,detail,3,0.8,46,33,29.76369285583496,1.0015764236450195,3,False
168,detail,3,0.7,47,44,27.94561195373535,0.9231874942779541,2,False
168,detail,3,0.6,49,50,23.228713989257812,1.6832187175750732,2,True
169,coarse,1,0.3,54,0,20.883777618408203,,,True
169,coarse,2,0.5,20,0,27.668601989746094,,,True
169,detail,1,1.0,95,18,32.48044204711914,1.1788992881774902,4,False
169,detail,1,0.9,95,27,31.478206634521484,1.213587999343872,3,False
169,detail,1,0.8,95,35,29.705039978027344,1.1092159748077393,3,False
169,detail,1,0.7,107,12,29.178607940673828,0.9040400981903076,2,False
169,detail,1,0.6,99,50,27.97086524963379,1.271458625793457,2,False
169,detail,2,1.0,49,16,31.879323959350586,1.3858497142791748,4,False
169,detail,2,0.9,49,24,29.7850284576416,1.3543975353240967,3,False
169,detail,2,0.8,46,0,28.957780838012695,1.3407115936279297,3,False
169,detail,2,0.7,47,0,27.938474655151367,1.4025335311889648,2,False
169,detail,2,0.6,49,50,23.509857177734375,1.6961650848388672,2,True
170,coarse,1,0.3,54,0,20.454866409301758,,,True
170,coarse,2,0.5,20,0,27.593095779418945,,,True
170,detail,1,1.0,113,18,32.4865837097168,1.449005126953125,4,False
170,detail,1,0.9,95,27,31.643571853637695,1.2199711799621582,3,False
170,detail,1,0.8,98,35,30.04960823059082,1.4007203578948975,3,False
170,detail,1,0.7,99,44,29.549983978271484,1.4102048873901367,2,False
170,detail,1,0.6,99,50,27.986820220947266,1.3873686790466309,2,False
170,detail,2,1.0,49,16,31.851282119750977,1.2363488674163818,4,False
170,detail,2,0.9,49,24,29.744157791137695,1.1849479675292969,3,False
170,detail,2,0.8,49,33,29.732091903686523,1.2546188831329346,3,False
170,detail,2,0.7,47,0,27.951459884643555,1.2458548545837402,2,False
170,detail,2,0.6,49,50,23.606409072875977,1.5673828125,2,True
171,coarse,1,0.3,54,0,20.410598754882812,,,True
171,coarse,2,0.5,20,0,27.65860366821289,,,True
171,detail,1,1.0,95,18,32.657310485839844,1.2119684219360352,4,False
171,detail,1,0.9,95,27,31.732725143432617,1.2291696071624756,3,False
171,detail,1,0.8,98,35,29.959716796875,1.426830530166626,3,False
171,detail,1,0.7,99,42,29.718875885009766,1.356560468673706,2,False
171,detail,1,0.6,99,50,28.0461483001709,1.3618500232696533,2,False
171,detail,2,1.0,49,16,31.865432739257812,1.1600489616394043,4,False
171,detail,2,0.9,49,24,29.80550193786621,1.1251671314239502,3,False
171,detail,2,0.8,49,33,29.753482818603516,1.1893372535705566,3,False
171,detail,2,0.7,47,0,27.83659553527832,1.0788142681121826,2,False
171,detail,2,0.6,49,50,23.780914306640625,1.4010446071624756,2,True
172,coarse,1,0.3,54,0,19.991153717041016,,,True
172,coarse,2,0.5,28,0,27.687063217163086,,,True
172,detail,1,1.0,99,18,32.50737380981445,1.0569422245025635,4,False
172,detail,1,0.9,98,27,31.569751739501953,1.3167922496795654,3,False
172,detail,1,0.8,98,35,29.76320457458496,1.343329668045044,3,False
172,detail,1,0.7,99,42,29.571319580078125,1.3761370182037354,2,False
172,detail,1,0.6,99,50,28.136919021606445,1.4886353015899658,2,False
172,detail,2,1.0,59,16,31.24796485900879,1.2662148475646973,4,False
172,detail,2,0.9,56,24,29.117671966552734,1.3018701076507568,3,False
172,detail,2,0.8,59,33,29.335412979125977,1.4008934497833252,3,False
172,detail,2,0.7,63,40,26.9803466796875,1.2926816940307617,2,False
172,detail,2,0.6,49,50,24.022642135620117,1.3649952411651611,2,True
173,coarse,1,0.3,52,0,20.034578323364258,,,True
173,coarse,2,0.3,73,6,20.110925674438477,,,True
173,coarse,3,0.5,30,0,26.973548889160156,,,True
173,detail,1,1.0,99,18,32.237945556640625,1.0815305709838867,4,False
173,detail,1,0.9,97,27,31.550800323486328,1.2905957698822021,3,False
173,detail,1,0.8,97,35,29.889554977416992,1.2872328758239746,3,False
173,detail,1,0.7,99,42,29.822751998901367,1.314074993133545,2,False
173,detail,1,0.6,99,50,28.451284408569336,1.4880132675170898,2,False
173,detail,2,1.0,120,18,33.02067184448242,1.3030705451965332,4,False
173,detail,2,0.9,120,21,32.52864074707031,0.6719918251037598,3,False
173,detail,2,0.8,120,27,33.37794876098633,0.7495648860931396,3,False
173,detail,2,0.7,122,22,30.323047637939453,0.8421144485473633,2,False
173,detail,2,0.6,122,22,27.15538787841797,0.8589863777160645,2,False
173,detail,3,1.0,59,16,31.180255889892578,1.3222167491912842,4,False
173,detail,3,0.9,57,24,29.154081344604492,1.3082671165466309,3,False
173,detail,3,0.8,60,33,29.50730323791504,1.4689559936523438,3,False
173,detail,3,0.7,63,40,27.184833526611328,1.3439500331878662,2,False
173,detail,3,0.6,51,50,24.12900161743164,1.388139009475708,2,True
174,coarse,1,0.3,70,6,19.886777877807617,,,True
174,coarse,2,0.4,48,0,24.839750289916992,,,True
174,coarse,3,0.5,22,0,27.56966209411621,,,True
174,detail,1,1.0,120,18,32.93737030029297,1.2336013317108154,4,False
174,detail,1,0.9,120,21,32.42844772338867,0.7214109897613525,3,False
174,detail,1,0.8,120,27,33.244140625,0.7520151138305664,3,False
174,detail,1,0.7,144,24,29.76911735534668,1.2676622867584229,2,False
174,detail,1,0.6,120,24,29.803070068359375,0.33443379402160645,2,False
174,detail,2,1.0,97,18,32.60950469970703,1.295508861541748,4,False
174,detail,2,0.9,97,27,31.94827651977539,1.391216516494751,3,False
174,detail,2,0.8,97,35,30.482160568237305,1.37990403175354,3,False
174,detail,2,0.7,99,42,30.354293823242188,1.408583641052246,2,False
174,detail,2,0.6,101,50,28.73472785949707,1.6290290355682373,2,False
174,detail,3,1.0,51,16,31.968292236328125,1.1575093269348145,4,False
174,detail,3,0.9,50,24,29.798343658447266,1.1856212615966797,3,False
174,detail,3,0.8,50,33,29.856510162353516,1.21331787109375,3,False
174,detail,3,0.7,60,40,28.073209762573242,1.19991135597229,2,False
174,detail,3,0.6,51,50,23.928197860717773,1.3813762664794922,2,True
175,coarse,1,0.3,56,0,20.014530181884766,,,True
175,coarse,2,0.5,30,0,26.931657791137695,,,True
175,detail,1,1.0,117,12,31.77809715270996,0.7719390392303467,4,False
175,detail,1,0.9,117,18,31.60409927368164,0.6751909255981445,3,False
175,detail,1,0.8,99,35,30.337255477905273,1.5387358665466309,3,False
175,detail,1,0.7,119,18,30.09754753112793,0.28568315505981445,2,False
175,detail,1,0.6,101,50,28.794981002807617,1.5802509784698486,2,False
175,detail,2,1.0,59,16,31.118148803710938,1.364253044128418,4,False
175,detail,2,0.9,57,24,29.176952362060547,1.3106322288513184,3,False
175,detail,2,0.8,63,33,29.607284545898438,1.6071629524230957,3,False
175,detail,2,0.7,65,40,27.195533752441406,1.5850379467010498,2,False
175,detail,2,0.6,51,50,23.973886489868164,1.4660422801971436,2,True
176,coarse,1,0.3,56,0,19.85209846496582,,,True
176,coarse,2,0.5,30,0,26.920639038085938,,,True
176,detail,1,1.0,117,12,31.81727409362793,0.762141227722168,4,False
176,detail,1,0.9,99,27,31.581087112426758,1.3614263534545898,3,False
176,detail,1,0.8,99,35,29.974458694458008,1.3644142150878906,3,False
176,detail,1,0.7,101,42,29.842979431152344,1.2933382987976074,2,False
176,detail,1,0.6,101,50,28.46497917175293,1.3616669178009033,2,False
176,detail,2,1.0,59,16,31.056367874145508,1.3832552433013916,4,False
176,detail,2,0.9,57,24,29.245027542114258,1.3789138793945312,3,False
176,detail,2,0.8,63,33,29.39712142944336,1.531792402267456,3,False
176,detail,2,0.7,65,40,27.069332122802734,1.483335018157959,2,False
176,detail,2,0.6,51,50,24.14556312561035,1.3812787532806396,2,True
177,coarse,1,0.3,70,6,20.0634708404541,,,True
177,coarse,2,0.3,46,0,20.1210994720459,,,True
177,coarse,3,0.5,22,0,26.87076759338379,,,True
177,detail,1,1.0,120,18,32.5378532409668,1.0607917308807373,4,False
177,detail,1,0.9,120,24,34.49209976196289,0.8277437686920166,3,False
177,detail,1,0.8,141,30,35.31489944458008,0.5983140468597412,3,False
177,detail,1,0.7,145,26,30.025508880615234,1.148270606994629,2,False
177,detail,1,0.6,120,20,29.035842895507812,0.6263883113861084,2,False
177,detail,2,1.0,97,18,32.73711395263672,1.2074341773986816,4,False
177,detail,2,0.9,99,27,31.471946716308594,1.3357641696929932,3,False
177,detail,2,0.8,100,35,29.97161293029785,1.3952338695526123,3,False
177,detail,2,0.7,101,42,29.449100494384766,1.2953596115112305,2,False
177,detail,2,0.6,101,50,28.180387496948242,1.4801075458526611,2,False
177,detail,3,1.0,51,16,31.675214767456055,1.3417370319366455,4,False
177,detail,3,0.9,50,24,29.622272491455078,1.3843495845794678,3,False
177,detail,3,0.8,50,33,29.742477416992188,1.3857128620147705,3,False
177,detail,3,0.7,60,40,27.838056564331055,1.3819525241851807,2,False
177,detail,3,0.6,53,48,24.052080154418945,1.3154022693634033,2,True
178,coarse,1,0.3,70,6,19.853208541870117,,,True
178,coarse,2,0.3,50,0,19.93061065673828,,,True
178,coarse,3,0.5,22,0,27.061941146850586,,,True
178,detail,1,1.0,120,18,32.20293045043945,1.138570785522461,4,False
178,detail,1,0.9,120,24,34.27776336669922,0.9267587661743164,3,False
178,detail,1,0.8,142,30,35.196983337402344,0.5627520084381104,3,False
178,detail,1,0.7,120,18,30.075572967529297,0.674034595489502,2,False
178,detail,1,0.6,120,20,28.93732452392578,0.4943680763244629,2,False
178,detail,2,1.0,99,18,32.19244384765625,1.3789739608764648,4,False
178,detail,2,0.9,99,27,31.48140525817871,1.508063554763794,3,False
178,detail,2,0.8,99,35,29.811492919921875,1.4426355361938477,3,False
178,detail,2,0.7,101,42,29.616640090942383,1.3529155254364014,2,False
178,detail,2,0.6,101,50,28.246013641357422,1.5566675662994385,2,False
178,detail,3,1.0,51,16,31.892358779907227,1.3862411975860596,4,False
178,detail,3,0.9,53,24,30.071279525756836,1.4379909038543701,3,False
178,detail,3,0.8,50,33,30.07825469970703,1.4027936458587646,3,False
178,detail,3,0.7,51,0,27.595014572143555,1.166961669921875,2,False
178,detail,3,0.6,53,50,24.31589126586914,1.463508129119873,2,True
179,coarse,1,0.3,52,0,19.575212478637695,,,True
179,coarse,2,0.3,72,6,19.65785789489746,,,True
179,coarse,3,0.5,22,0,26.737337112426758,,,True
179,detail,1,1.0,99,18,32.33071517944336,1.385568380355835,4,False
179,detail,1,0.9,100,27,31.673927307128906,1.540816307067871,3,False
179,detail,1,0.8,100,35,29.979150772094727,1.4797899723052979,3,False
179,detail,1,0.7,116,12,28.99119758605957,0.6732766628265381,2,False
179,detail,1,0.6,109,20,28.138545989990234,0.8090894222259521,2,False
179,detail,2,1.0,120,18,31.88447380065918,1.3310294151306152,4,False
179,detail,2,0.9,120,24,34.05067825317383,1.061420202255249,3,False
179,detail,2,0.8,120,27,33.37802505493164,0.5204722881317139,3,False
179,detail,2,0.7,120,16,29.182941436767578,0.33594608306884766,2,False
179,detail,2,0.6,120,20,28.639514923095703,0.1842794418334961,2,False
179,detail,3,1.0,51,16,31.895610809326172,1.3254692554473877,4,False
179,detail,3,0.9,53,24,30.080490112304688,1.3566436767578125,3,False
179,detail,3,0.8,53,30,30.20783233642578,1.234987735748291,3,False
179,detail,3,0.7,51,0,27.15039825439453,1.1712548732757568,2,False
179,detail,3,0.6,53,50,24.19781494140625,1.4543852806091309,2,True
180,coarse,1,0.3,54,0,19.59457015991211,,,True
180,coarse,2,0.5,22,0,26.89472770690918,,,True
180,detail,1,1.0,99,18,32.53488540649414,1.404832124710083,4,False
180,detail,1,0.9,101,27,31.840517044067383,1.552715539932251,3,False
180,detail,1,0.8,101,35,30.300676345825195,1.5559985637664795,3,False
180,detail,1,0.7,119,14,28.94355010986328,0.37914609909057617,2,False
180,detail,1,0.6,109,20,27.745113372802734,0.8902559280395508,2,False
180,detail,2,1.0,53,16,31.988452911376953,1.407482385635376,4,False
180,detail,2,0.9,53,24,30.028501510620117,1.4475553035736084,3,False
180,detail,2,0.8,50,0,27.981781005859375,1.2956628799438477,3,False
180,detail,2,0.7,51,0,27.249692916870117,1.480118751525879,2,False
180,detail,2,0.6,53,50,24.034835815429688,1.482640027999878,2,True
181,coarse,1,0.3,66,4,19.60232925415039,,,True
181,coarse,2,0.3,46,0,19.698429107666016,,,True
181,coarse,3,0.5,22,0,26.950904846191406,,,True
181,detail,1,1.0,119,8,31.137069702148438,0.9915952682495117,4,False
181,detail,1,0.9,119,6,28.892406463623047,1.1757335662841797,3,False
181,detail,1,0.8,119,6,28.04058074951172,1.1868364810943604,3,False
181,detail,1,0.7,123,16,27.340312957763672,1.143967866897583,2,False
181,detail,1,0.6,146,24,26.373004913330078,1.7364249229431152,2,False
181,detail,2,1.0,87,12,33.35272216796875,0.866255521774292,4,False
181,detail,2,0.9,99,27,32.301456451416016,1.745837926864624,3,False
181,detail,2,0.8,100,35,30.61337661743164,1.7518045902252197,3,False
181,detail,2,0.7,103,42,30.606733322143555,1.7735133171081543,2,False
181,detail,2,0.6,103,50,29.229684829711914,2.0758893489837646,2,False
181,detail,3,1.0,43,0,28.573640823364258,1.1963040828704834,4,False
181,detail,3,0.9,47,0,27.870227813720703,1.2715868949890137,3,False
181,detail,3,0.8,50,0,27.96709632873535,1.2887489795684814,3,False
181,detail,3,0.7,45,0,27.149293899536133,1.2063343524932861,2,False
181,detail,3,0.6,53,50,24.173351287841797,1.92543625831604,2,True
182,coarse,1,0.3,56,0,19.600881576538086,,,True
182,coarse,2,0.5,30,0,26.638200759887695,,,True
182,detail,1,1.0,117,18,32.804298400878906,1.7712271213531494,4,False
182,detail,1,0.9,119,18,31.91742706298828,0.8895847797393799,3,False
182,detail,1,0.8,102,35,30.752700805664062,1.7381293773651123,3,False
182,detail,1,0.7,119,14,28.89476776123047,0.8220326900482178,2,False
182,detail,1,0.6,119,18,28.34646224975586,0.7247340679168701,2,False
182,detail,2,1.0,59,16,31.156402587890625,1.7521984577178955,4,False
182,detail,2,0.9,60,24,28.822429656982422,1.697676658630371,3,False
182,detail,2,0.8,63,33,29.353059768676758,1.9190113544464111,3,False
182,detail,2,0.7,53,0,26.975086212158203,1.0898749828338623,2,False
182,detail,2,0.6,53,50,24.242795944213867,1.63138747215271,2,True
183,coarse,1,0.3,66,4,19.368228912353516,,,True
183,coarse,2,0.5,30,0,26.78571128845215,,,True
183,detail,1,1.0,123,12,31.18728256225586,0.7599878311157227,4,False
183,detail,1,0.9,122,21,32.10151290893555,0.9018814563751221,3,False
183,detail,1,0.8,122,27,33.112060546875,0.858680248260498,3,False
183,detail,1,0.7,119,14,28.87997055053711,0.4508023262023926,2,False
183,detail,1,0.6,146,24,26.37420654296875,1.6888258457183838,2,False
183,detail,2,1.0,59,16,31.372323989868164,1.5890941619873047,4,False
183,detail,2,0.9,60,24,29.04006004333496,1.5519542694091797,3,False
183,detail,2,0.8,63,33,29.548738479614258,1.7659149169921875,3,False
183,detail,2,0.7,67,40,27.38255500793457,1.641920804977417,2,False
183,detail,2,0.6,53,50,24.561124801635742,1.6019117832183838,2,True
184,coarse,1,0.3,66,4,19.583635330200195,,,True
184,coarse,2,0.3,42,0,19.654573440551758,,,True
184,detail,1,1.0,123,12,31.21793556213379,0.7616629600524902,4,False
184,detail,1,0.9,122,21,32.03397750854492,0.9156734943389893,3,False
184,detail,1,0.8,122,24,31.34018325805664,0.683607816696167,3,False
184,detail,1,0.7,121,16,29.92837142944336,0.5893299579620361,2,False
184,detail,1,0.6,121,18,28.18196678161621,0.5889699459075928,2,False
184,detail,2,1.0,83,12,33.4208984375,0.7026195526123047,4,False
184,detail,2,0.9,71,24,33.39712905883789,1.4018192291259766,3,False
184,detail,2,0.8,92,35,31.948030471801758,1.4964048862457275,3,False
184,detail,2,0.7,71,40,28.704574584960938,1.6495158672332764,2,False
184,detail,2,0.6,71,48,26.79913902282715,1.774139404296875,2,True
185,coarse,1,0.3,56,0,19.842357635498047,,,True
185,coarse,2,0.5,32,0,26.883148193359375,,,True
185,detail,1,1.0,103,18,32.696388244628906,1.416480541229248,4,False
185,detail,1,0.9,102,27,31.954011917114258,1.6599698066711426,3,False
185,detail,1,0.8,102,35,30.0161075592041,1.684307336807251,3,False
185,detail,1,0.7,103,42,30.220745086669922,1.6481962203979492,2,False
185,detail,1,0.6,121,18,28.440595626831055,0.33354663848876953,2,False
185,detail,2,1.0,63,16,31.275442123413086,1.5746796131134033,4,False
185,detail,2,0.9,61,24,28.969470977783203,1.5599024295806885,3,False
185,detail,2,0.8,64,33,29.168596267700195,1.7935609817504883,3,False
185,detail,2,0.7,67,40,27.157243728637695,1.7470293045043945,2,False
185,detail,2,0.6,55,50,23.76718521118164,1.7127676010131836,2,True
186,coarse,1,0.3,48,0,19.805545806884766,,,True
186,coarse,2,0.3,72,6,20.058792114257812,,,True
186,coarse,3,0.5,24,0,27.205913543701172,,,True
186,detail,1,1.0,101,12,32.40424728393555,0.9970743656158447,4,False
186,detail,1,0.9,101,27,32.109519958496094,1.639936923980713,3,False
186,detail,1,0.8,101,35,30.612689971923828,1.596888542175293,3,False
186,detail,1,0.7,105,42,30.660137176513672,1.68621826171875,2,False
186,detail,1,0.6,110,22,29.070831298828125,0.9632785320281982,2,False
186,detail,2,1.0,124,12,31.588802337646484,0.6745827198028564,4,False
186,detail,2,0.9,123,18,31.065330505371094,0.7218680381774902,3,False
186,detail,2,0.8,120,9,29.694942474365234,0.700695276260376,3,False
186,detail,2,0.7,120,12,28.93958282470703,0.6411986351013184,2,False
186,detail,2,0.6,147,24,26.878585815429688,1.670224666595459,2,False
186,detail,3,1.0,55,16,31.9520263671875,1.408165693283081,4,False
186,detail,3,0.9,54,24,30.00238800048828,1.3862988948822021,3,False
186,detail,3,0.8,39,0,29.532699584960938,1.4206819534301758,3,False
186,detail,3,0.7,53,0,27.17088508605957,1.1695067882537842,2,False
186,detail,3,0.6,55,50,23.708017349243164,1.626110553741455,2,True
187,coarse,1,0.3,42,0,19.604507446289062,,,True
187,coarse,2,0.3,66,4,19.675870895385742,,,True
187,detail,1,1.0,89,12,33.37807846069336,1.0297842025756836,4,False
187,detail,1,0.9,71,24,33.00371170043945,1.4301559925079346,3,False
187,detail,1,0.8,92,35,31.775047302246094,1.450922966003418,3,False
187,detail,1,0.7,71,40,28.54884910583496,1.699761152267456,2,False
187,detail,1,0.6,71,48,26.40262222290039,1.7552969455718994,2,True
187,detail,2,1.0,123,18,32.1365852355957,1.523071527481079,4,False
187,detail,2,0.9,125,21,32.351810455322266,0.6171536445617676,3,False
187,detail,2,0.8,119,15,31.27735710144043,0.626288652420044,3,False
187,detail,2,0.7,121,14,28.8493709564209,0.3588111400604248,2,False
187,detail,2,0.6,121,18,28.386247634887695,0.2693459987640381,2,False
188,coarse,1,0.3,62,2,20.02472686767578,,,True
188,coarse,2,0.5,24,0,27.1827449798584,,,True
188,detail,1,1.0,123,18,32.323123931884766,1.4909155368804932,4,False
188,detail,1,0.9,123,21,32.58718490600586,0.740253210067749,3,False
188,detail,1,0.8,114,15,31.094013214111328,0.7166564464569092,3,False
188,detail,1,0.7,121,14,29.300718307495117,0.426699161529541,2,False
188,detail,1,0.6,111,20,28.197067260742188,1.0625979900360107,2,False
188,detail,2,1.0,55,16,32.26808166503906,1.5243568420410156,4,False
188,detail,2,0.9,54,24,30.78390121459961,1.5466499328613281,3,False
188,detail,2,0.8,39,0,30.153461456298828,1.3073084354400635,3,False
188,detail,2,0.7,53,0,27.48322868347168,1.2894492149353027,2,False
188,detail,2,0.6,55,50,24.45441246032715,2.023996591567993,2,True
189,coarse,1,0.3,62,2,19.889076232910156,,,True
189,coarse,2,0.5,24,0,27.08009147644043,,,True
189,detail,1,1.0,127,12,31.737586975097656,0.6420836448669434,4,False
189,detail,1,0.9,120,6,29.909337997436523,0.8569686412811279,3,False
189,detail,1,0.8,120,9,29.909709930419922,0.6959030628204346,3,False
189,detail,1,0.7,115,12,28.980567932128906,0.8943893909454346,2,False
189,detail,1,0.6,123,18,28.554983139038086,0.26555848121643066,2,False
189,detail,2,1.0,55,16,32.24688720703125,1.4196062088012695,4,False
189,detail,2,0.9,57,24,30.58980369567871,1.4014248847961426,3,False
189,detail,2,0.8,39,0,29.717546463012695,1.202925205230713,3,False
189,detail,2,0.7,55,0,27.25100326538086,1.0605072975158691,2,False
189,detail,2,0.6,57,50,24.404109954833984,1.8891327381134033,2,True
190,coarse,1,0.3,52,0,20.042325973510742,,,True
190,coarse,2,0.3,73,6,20.092283248901367,,,True
190,coarse,3,0.5,24,0,27.061737060546875,,,True
190,detail,1,1.0,107,12,32.54717254638672,0.957935094833374,4,False
190,detail,1,0.9,103,27,32.59877395629883,1.7500245571136475,3,False
190,detail,1,0.8,112,15,30.74202537536621,0.8159806728363037,3,False
190,detail,1,0.7,116,12,29.179603576660156,0.9640920162200928,2,False
190,detail,1,0.6,113,20,28.375661849975586,1.2362544536590576,2,False
190,detail,2,1.0,124,12,31.649747848510742,0.7539608478546143,4,False
190,detail,2,0.9,120,6,29.925350189208984,0.8599741458892822,3,False
190,detail,2,0.8,123,12,30.254379272460938,0.7472617626190186,3,False
190,detail,2,0.7,122,14,29.23421859741211,0.6311912536621094,2,False
190,detail,2,0.6,128,24,28.681278228759766,0.80470871925354,2,False
190,detail,3,1.0,55,16,32.26504898071289,1.3791029453277588,4,False
190,detail,3,0.9,57,24,30.51085662841797,1.3679933547973633,3,False
190,detail,3,0.8,39,3,30.104042053222656,1.2340219020843506,3,False
190,detail,3,0.7,64,40,29.11410903930664,1.4462826251983643,2,False
190,detail,3,0.6,57,50,24.28740119934082,1.8452847003936768,2,True
191,coarse,1,0.3,58,0,19.816360473632812,,,True
191,coarse,2,0.5,32,0,27.1374568939209,,,True
191,detail,1,1.0,107,12,32.131343841552734,0.9430339336395264,4,False
191,detail,1,0.9,123,18,31.869373321533203,0.7951371669769287,3,False
191,detail,1,0.8,118,12,30.51420783996582,0.7260265350341797,3,False
191,detail,1,0.7,123,14,28.99907875061035,0.3894364833831787,2,False
191,detail,1,0.6,117,18,28.412918090820312,1.1138255596160889,2,False
191,detail,2,1.0,63,16,31.864830017089844,1.5673768520355225,4,False
191,detail,2,0.9,64,24,29.877038955688477,1.5603787899017334,3,False
191,detail,2,0.8,67,33,29.560178756713867,1.6823327541351318,3,False
191,detail,2,0.7,55,0,26.965070724487305,1.2542479038238525,2,False
191,detail,2,0.6,57,50,24.652124404907227,1.988464117050171,2,True
192,coarse,1,0.3,46,0,20.048677444458008,,,True
192,coarse,2,0.3,73,6,20.081388473510742,,,True
192,coarse,3,0.5,24,0,27.2550048828125,,,True
192,detail,1,1.0,91,16,34.0396842956543,1.1851015090942383,4,False
192,detail,1,0.9,94,27,34.19078826904297,1.48140549659729,3,False
192,detail,1,0.8,94,35,31.65369415283203,1.4742710590362549,3,False
192,detail,1,0.7,79,42,32.03974151611328,2.172513246536255,2,False
192,detail,1,0.6,87,18,29.914390563964844,1.2271058559417725,2,False
192,detail,2,1.0,124,8,31.048587799072266,0.8807618618011475,4,False
192,detail,2,0.9,123,6,29.314048767089844,0.8814132213592529,3,False
192,detail,2,0.8,126,12,28.907073974609375,0.9310877323150635,3,False
192,detail,2,0.7,128,18,28.686546325683594,0.9608709812164307,2,False
192,detail,2,0.6,130,22,27.024673461914062,1.0169236660003662,2,False
192,detail,3,1.0,39,0,31.75208282470703,1.5080714225769043,4,False
192,detail,3,0.9,57,24,30.42238998413086,1.3237526416778564,3,False
192,detail,3,0.8,42,0,29.676319122314453,1.3180677890777588,3,False
192,detail,3,0.7,55,0,27.265445709228516,1.316728115081787,2,False
192,detail,3,0.6,57,50,24.50741958618164,1.7810521125793457,2,True
193,coarse,1,0.3,72,6,20.025053024291992,,,True
193,coarse,2,0.3,52,0,20.10742950439453,,,True
193,coarse,3,0.5,24,0,27.41007423400879,,,True
193,detail,1,1.0,124,8,31.3437442779541,0.8978307247161865,4,False
193,detail,1,0.9,123,3,29.2255802154541,0.9190499782562256,3,False
193,detail,1,0.8,126,9,28.193653106689453,0.9477553367614746,3,False
193,detail,1,0.7,134,16,26.91683006286621,1.5126614570617676,2,False
193,detail,1,0.6,136,22,25.847532272338867,1.3416829109191895,2,False
193,detail,2,1.0,107,12,31.833555221557617,0.8292200565338135,4,False
193,detail,2,0.9,106,27,32.73471450805664,1.7350096702575684,3,False
193,detail,2,0.8,113,12,29.35637664794922,0.8703572750091553,3,False
193,detail,2,0.7,115,12,28.101343154907227,0.9153304100036621,2,False
193,detail,2,0.6,117,18,28.402664184570312,0.9104578495025635,2,False
193,detail,3,1.0,43,0,31.364015579223633,1.7963061332702637,4,False
193,detail,3,0.9,57,24,30.43832015991211,1.3076884746551514,3,False
193,detail,3,0.8,57,33,29.81572723388672,1.5205276012420654,3,False
193,detail,3,0.7,59,40,29.376901626586914,1.3056905269622803,2,False
193,detail,3,0.6,57,50,24.5469913482666,1.8481104373931885,2,True
194,coarse,1,0.3,44,0,20.488433837890625,,,True
194,coarse,2,0.3,72,6,20.54855728149414,,,True
194,coarse,3,0.5,24,2,28.299213409423828,,,True
194,detail,1,1.0,93,16,34.23027038574219,1.1992778778076172,4,False
194,detail,1,0.9,95,27,34.22925567626953,1.4629650115966797,3,False
194,detail,1,0.8,96,35,31.715797424316406,1.4929418563842773,3,False
194,detail,1,0.7,75,40,29.411367416381836,1.7999751567840576,2,False
194,detail,1,0.6,75,48,27.375835418701172,1.9579217433929443,2,False
194,detail,2,1.0,124,12,32.343849182128906,0.754371166229248,4,False
194,detail,2,0.9,126,21,32.54228591918945,0.8060879707336426,3,False
194,detail,2,0.8,123,15,31.830280303955078,0.7885808944702148,3,False
194,detail,2,0.7,136,22,29.815580368041992,1.3502812385559082,2,False
194,detail,2,0.6,134,24,28.533971786499023,1.4692988395690918,2,False
194,detail,3,1.0,57,16,32.183040618896484,1.289503574371338,4,False
194,detail,3,0.9,57,24,30.42329978942871,1.1530394554138184,3,False
194,detail,3,0.8,57,33,29.733369827270508,1.3686652183532715,3,False
194,detail,3,0.7,59,40,29.350997924804688,1.0877611637115479,2,False
194,detail,3,0.6,59,50,24.282785415649414,1.696613073348999,2,True
195,coarse,1,0.3,72,6,19.887346267700195,,,True
195,coarse,2,0.4,50,0,25.35051155090332,,,True
195,coarse,3,0.5,26,0,27.34883689880371,,,True
195,detail,1,1.0,128,12,31.160232543945312,0.7902653217315674,4,False
195,detail,1,0.9,126,18,30.8892765045166,0.8179404735565186,3,False
195,detail,1,0.8,126,12,29.37262725830078,0.7195901870727539,3,False
195,detail,1,0.7,124,14,28.99990463256836,0.6058447360992432,2,False
195,detail,1,0.6,147,24,27.116931915283203,1.391824722290039,2,False
195,detail,2,1.0,107,18,32.87348937988281,1.457939863204956,4,False
195,detail,2,0.9,107,27,32.49915313720703,1.610168695449829,3,False
195,detail,2,0.8,107,35,30.628337860107422,1.6358342170715332,3,False
195,detail,2,0.7,109,44,29.93025016784668,1.7459275722503662,2,False
195,detail,2,0.6,109,50,29.509132385253906,1.862156629562378,2,False
195,detail,3,1.0,59,16,32.220542907714844,1.4139091968536377,4,False
195,detail,3,0.9,58,24,30.33768653869629,1.177940845489502,3,False
195,detail,3,0.8,58,33,29.522809982299805,1.4083194732666016,3,False
195,detail,3,0.7,68,40,28.714134216308594,1.5401973724365234,2,False
195,detail,3,0.6,59,50,24.402603149414062,1.7778053283691406,2,True
196,coarse,1,0.3,72,6,20.017208099365234,,,True
196,coarse,2,0.3,52,0,20.138456344604492,,,True
196,coarse,3,0.5,26,0,27.437551498413086,,,True
196,detail,1,1.0,124,12,32.3001594543457,0.8620343208312988,4,False
196,detail,1,0.9,126,18,31.175073623657227,0.7464737892150879,3,False
196,detail,1,0.8,126,24,32.32221603393555,0.7553958892822266,3,False
196,detail,1,0.7,145,24,29.958370208740234,1.048011302947998,2,False
196,detail,1,0.6,126,20,29.181659698486328,0.2779834270477295,2,False
196,detail,2,1.0,107,18,33.0029296875,1.4050488471984863,4,False
196,detail,2,0.9,106,27,32.44485092163086,1.5244295597076416,3,False
196,detail,2,0.8,106,35,30.52385139465332,1.5257108211517334,3,False
196,detail,2,0.7,109,44,30.246959686279297,1.6991517543792725,2,False
196,detail,2,0.6,109,50,29.745330810546875,1.8169481754302979,2,False
196,detail,3,1.0,59,16,32.28376770019531,1.441643238067627,4,False
196,detail,3,0.9,58,24,30.47469139099121,1.2776174545288086,3,False
196,detail,3,0.8,58,33,29.719314575195312,1.4902923107147217,3,False
196,detail,3,0.7,68,40,28.94968605041504,1.4796431064605713,2,False
196,detail,3,0.6,59,50,24.450298309326172,1.843614101409912,2,True
197,coarse,1,0.3,72,6,20.017208099365234,,,True
197,coarse,2,0.4,50,0,25.545621871948242,,,True
197,coarse,3,0.5,26,0,27.23639488220215,,,True
197,detail,1,1.0,124,12,32.47238540649414,0.9311947822570801,4,False
197,detail,1,0.9,126,18,31.340682983398438,0.7779994010925293,3,False
197,detail,1,0.8,126,24,32.65815734863281,0.7484118938446045,3,False
197,detail,1,0.7,145,24,29.798633575439453,1.0764951705932617,2,False
197,detail,1,0.6,126,20,29.127513885498047,0.3733184337615967,2,False
197,detail,2,1.0,107,18,32.998329162597656,1.5069127082824707,4,False
197,detail,2,0.9,107,27,32.60934066772461,1.6561837196350098,3,False
197,detail,2,0.8,107,35,30.617816925048828,1.6490023136138916,3,False
197,detail,2,0.7,109,44,30.464733123779297,1.7686071395874023,2,False
197,detail,2,0.6,105,50,29.86766815185547,2.0244858264923096,2,False
197,detail,3,1.0,59,16,32.12799072265625,1.362720012664795,4,False
197,detail,3,0.9,58,27,30.299654006958008,1.5615260601043701,3,False
197,detail,3,0.8,58,33,29.81366539001465,1.397373914718628,3,False
197,detail,3,0.7,68,40,29.084379196166992,1.405571699142456,2,False
197,detail,3,0.6,59,50,24.666702270507812,1.7101421356201172,2,True
198,coarse,1,0.3,50,0,20.021135330200195,,,True
198,coarse,2,0.3,72,6,20.021202087402344,,,True
198,coarse,3,0.5,26,0,26.996044158935547,,,True
198,detail,1,1.0,105,18,33.36676788330078,1.4758152961730957,4,False
198,detail,1,0.9,107,27,32.31904220581055,1.6279821395874023,3,False
198,detail,1,0.8,108,35,30.671796798706055,1.6426458358764648,3,False
198,detail,1,0.7,111,44,30.456974029541016,1.8346688747406006,2,False
198,detail,1,0.6,105,50,29.669103622436523,1.984839677810669,2,False
198,detail,2,1.0,128,18,32.58329391479492,1.4142110347747803,4,False
198,detail,2,0.9,126,18,31.590744018554688,0.8467934131622314,3,False
198,detail,2,0.8,126,15,30.514829635620117,0.7265734672546387,3,False
198,detail,2,0.7,126,16,30.33308219909668,0.7190616130828857,2,False
198,detail,2,0.6,128,20,29.006982803344727,0.6417398452758789,2,False
198,detail,3,1.0,43,0,31.652061462402344,1.6706976890563965,4,False
198,detail,3,0.9,58,27,30.478740692138672,1.6224122047424316,3,False
198,detail,3,0.8,43,0,29.750600814819336,1.5964031219482422,3,False
198,detail,3,0.7,68,40,29.09954833984375,1.4377214908599854,2,False
198,detail,3,0.6,61,50,24.83943748474121,1.8424186706542969,2,True
199,coarse,1,0.3,50,0,20.020296096801758,,,True
199,coarse,2,0.3,72,6,20.027910232543945,,,True
199,coarse,3,0.5,26,0,26.973180770874023,,,True
199,detail,1,1.0,105,18,33.58447265625,1.440455675125122,4,False
199,detail,1,0.9,107,27,32.344146728515625,1.5916404724121094,3,False
199,detail,1,0.8,108,35,30.47052574157715,1.6307804584503174,3,False
199,detail,1,0.7,111,44,30.188966751098633,1.8129940032958984,2,False
199,detail,1,0.6,91,18,29.6561222076416,1.0503265857696533,2,False
199,detail,2,1.0,128,18,32.48576354980469,1.3666863441467285,4,False
199,detail,2,0.9,126,18,31.932676315307617,0.800224781036377,3,False
199,detail,2,0.8,129,27,32.91123580932617,0.7952725887298584,3,False
199,detail,2,0.7,126,16,30.46768569946289,0.7004830837249756,2,False
199,detail,2,0.6,128,20,29.193008422851562,0.8175883293151855,2,False
199,detail,3,1.0,43,4,31.993244171142578,1.3668467998504639,4,False
199,detail,3,0.9,58,27,30.615400314331055,1.7120599746704102,3,False
199,detail,3,0.8,43,0,29.658212661743164,1.4477853775024414,3,False
199,detail,3,0.7,68,40,29.33856773376465,1.4047820568084717,2,False
199,detail,3,0.6,61,50,24.6108455657959,1.9154150485992432,2,True
200,coarse,1,0.3,73,6,19.90005874633789,,,True
200,coarse,2,0.3,50,0,19.98113250732422,,,True
200,coarse,3,0.5,26,0,27.030427932739258,,,True
200,detail,1,1.0,128,12,31.340070724487305,0.738304615020752,4,False
200,detail,1,0.9,129,21,32.019290924072266,0.8592348098754883,3,False
200,detail,1,0.8,126,12,30.412368774414062,0.908482551574707,3,False
200,detail,1,0.7,132,22,30.165435791015625,1.2078404426574707,2,False
200,detail,1,0.6,132,24,28.33056640625,1.2854394912719727,2,False
200,detail,2,1.0,105,18,33.60472106933594,1.4282360076904297,4,False
200,detail,2,0.9,107,27,32.228702545166016,1.5700547695159912,3,False
200,detail,2,0.8,108,35,30.346803665161133,1.60233736038208,3,False
200,detail,2,0.7,111,44,30.099668502807617,1.7981257438659668,2,False
200,detail,2,0.6,109,50,29.69944953918457,1.8835341930389404,2,False
200,detail,3,1.0,43,4,31.940113067626953,1.3213145732879639,4,False
200,detail,3,0.9,58,27,30.453041076660156,1.7252628803253174,3,False
200,detail,3,0.8,61,33,29.758508682250977,1.6150970458984375,3,False
200,detail,3,0.7,63,40,29.1563777923584,1.292578935623169,2,False
200,detail,3,0.6,61,50,24.38447380065918,1.8323185443878174,2,True
201,coarse,1,0.3,46,0,20.482128143310547,,,True
201,coarse,2,0.3,66,2,20.56749725341797,,,True
201,coarse,3,0.5,26,2,27.874469757080078,,,True
201,detail,1,1.0,95,16,34.097984313964844,0.9521546363830566,4,False
201,detail,1,0.9,97,27,34.10844039916992,1.2325749397277832,3,False
201,detail,1,0.8,97,35,31.5904598236084,1.2955565452575684,3,False
201,detail,1,0.7,79,42,29.979223251342773,2.1311185359954834,2,False
201,detail,1,0.6,79,48,28.282690048217773,2.1408283710479736,2,False
201,detail,2,1.0,127,12,32.177581787109375,0.7820992469787598,4,False
201,detail,2,0.9,128,18,31.523067474365234,0.8110225200653076,3,False
201,detail,2,0.8,128,15,30.29231071472168,0.787797212600708,3,False
201,detail,2,0.7,127,16,30.71042823791504,0.43328142166137695,2,False
201,detail,2,0.6,129,20,29.488515853881836,0.568523645401001,2,False
201,detail,3,1.0,61,16,32.33245086669922,1.5259559154510498,4,False
201,detail,3,0.9,61,24,30.682512283325195,1.4244260787963867,3,False
201,detail,3,0.8,61,33,29.7337589263916,1.638033151626587,3,False
201,detail,3,0.7,63,40,29.272747039794922,1.33636474609375,2,False
201,detail,3,0.6,61,50,24.635860443115234,1.9460246562957764,2,True
202,coarse,1,0.3,46,0,19.718917846679688,,,True
202,coarse,2,0.3,73,6,19.852210998535156,,,True
202,coarse,3,0.5,26,2,27.485000610351562,,,True
202,detail,1,1.0,95,16,34.0156135559082,1.081139326095581,4,False
202,detail,1,0.9,99,27,34.23933029174805,1.328702449798584,3,False
202,detail,1,0.8,97,35,31.961074829101562,1.4248645305633545,3,False
202,detail,1,0.7,79,42,29.86931037902832,2.1384005546569824,2,False
202,detail,1,0.6,79,48,28.170743942260742,2.0866212844848633,2,False
202,detail,2,1.0,128,12,31.447227478027344,0.6979103088378906,4,False
202,detail,2,0.9,129,21,32.141387939453125,0.752082109451294,3,False
202,detail,2,0.8,123,15,30.310081481933594,0.6856911182403564,3,False
202,detail,2,0.7,128,16,29.93280792236328,0.5741424560546875,2,False
202,detail,2,0.6,128,20,28.954557418823242,0.5771243572235107,2,False
202,detail,3,1.0,61,16,32.26607894897461,1.5020074844360352,4,False
202,detail,3,0.9,61,24,30.725948333740234,1.368438482284546,3,False
202,detail,3,0.8,61,33,29.863513946533203,1.61775803565979,3,False
202,detail,3,0.7,43,4,29.220069885253906,1.6208786964416504,2,False
202,detail,3,0.6,61,50,24.89192008972168,1.9195995330810547,2,True
203,coarse,1,0.3,46,0,19.63998031616211,,,True
203,coarse,2,0.3,66,2,19.640777587890625,,,True
203,coarse,3,0.5,26,2,27.720027923583984,,,True
203,detail,1,1.0,97,16,34.00238037109375,1.0152676105499268,4,False
203,detail,1,0.9,99,27,34.11237335205078,1.22005295753479,3,False
203,detail,1,0.8,100,35,31.690242767333984,1.2852928638458252,3,False
203,detail,1,0.7,79,42,29.579788208007812,2.2812659740448,2,False
203,detail,1,0.6,79,48,27.736534118652344,2.2419581413269043,2,False
203,detail,2,1.0,127,18,32.242637634277344,1.534407615661621,4,False
203,detail,2,0.9,128,21,32.562255859375,0.7797501087188721,3,False
203,detail,2,0.8,125,15,30.927709579467773,0.6589236259460449,3,False
203,detail,2,0.7,129,16,29.46735191345215,0.4289886951446533,2,False
203,detail,2,0.6,129,20,28.846527099609375,0.24987578392028809,2,False
203,detail,3,1.0,61,16,32.056278228759766,1.3706419467926025,4,False
203,detail,3,0.9,61,27,30.331377029418945,1.6005573272705078,3,False
203,detail,3,0.8,61,33,29.62203025817871,1.4149556159973145,3,False
203,detail,3,0.7,63,40,29.37171745300293,1.0901272296905518,2,False
203,detail,3,0.6,63,50,24.574827194213867,1.783548355102539,2,True
204,coarse,1,0.3,66,2,19.806501388549805,,,True
204,coarse,2,0.3,46,0,19.865442276000977,,,True
204,detail,1,1.0,127,12,32.18681335449219,0.7965896129608154,4,False
204,detail,1,0.9,128,18,31.741924285888672,0.8083648681640625,3,False
204,detail,1,0.8,128,18,31.799482345581055,0.6291635036468506,3,False
204,detail,1,0.7,129,16,29.58502769470215,0.19583702087402344,2,False
204,detail,1,0.6,129,20,28.731294631958008,0.22614645957946777,2,False
204,detail,2,1.0,91,12,33.7681999206543,0.7286245822906494,4,False
204,detail,2,0.9,99,27,34.2670783996582,1.4607679843902588,3,False
204,detail,2,0.8,100,35,31.70696258544922,1.5458083152770996,3,False
204,detail,2,0.7,79,42,29.164321899414062,2.0777359008789062,2,False
204,detail,2,0.6,79,48,27.511743545532227,1.9804480075836182,2,True
205,coarse,1,0.3,46,0,20.403169631958008,,,True
205,coarse,2,0.3,70,4,20.46932029724121,,,True
205,coarse,3,0.5,26,2,28.342031478881836,,,True
205,detail,1,1.0,97,16,34.646549224853516,1.3891732692718506,4,False
205,detail,1,0.9,79,24,34.68806076049805,1.7094652652740479,3,False
205,detail,1,0.8,100,35,31.991493225097656,1.8704795837402344,3,False
205,detail,1,0.7,79,42,28.957138061523438,2.3290653228759766,2,False
205,detail,1,0.6,79,48,27.244733810424805,2.2875025272369385,2,False
205,detail,2,1.0,128,12,32.6664924621582,0.9953529834747314,4,False
205,detail,2,0.9,126,6,30.354875564575195,0.904076099395752,3,False
205,detail,2,0.8,126,9,30.360132217407227,0.8332476615905762,3,False
205,detail,2,0.7,120,12,28.443012237548828,0.864213228225708,2,False
205,detail,2,0.6,122,18,28.51371192932129,0.9147741794586182,2,False
205,detail,3,1.0,61,16,32.44641876220703,1.7306878566741943,4,False
205,detail,3,0.9,61,27,30.272058486938477,2.0175797939300537,3,False
205,detail,3,0.8,61,0,28.678319931030273,1.3512661457061768,3,False
205,detail,3,0.7,61,0,27.31175422668457,1.550797939300537,2,False
205,detail,3,0.6,63,50,24.181791305541992,2.1021370887756348,2,True
206,coarse,1,0.3,72,4,19.99068832397461,,,True
206,coarse,2,0.3,46,0,20.0993709564209,,,True
206,coarse,3,0.5,26,2,28.164052963256836,,,True
206,detail,1,1.0,128,12,32.27775192260742,0.6917486190795898,4,False
206,detail,1,0.9,129,21,32.836265563964844,0.7642812728881836,3,False
206,detail,1,0.8,129,27,34.61273956298828,0.758836030960083,3,False
206,detail,1,0.7,130,16,29.65601348876953,0.17761731147766113,2,False
206,detail,1,0.6,130,20,28.883846282958984,0.16097187995910645,2,False
206,detail,2,1.0,97,16,34.418418884277344,1.3919627666473389,4,False
206,detail,2,0.9,79,24,33.82758712768555,1.5333926677703857,3,False
206,detail,2,0.8,100,35,31.94731903076172,1.8696362972259521,3,False
206,detail,2,0.7,79,42,28.61579132080078,2.070157289505005,2,False
206,detail,2,0.6,79,48,27.09520149230957,2.0317046642303467,2,False
206,detail,3,1.0,51,16,32.30375289916992,1.3645493984222412,4,False
206,detail,3,0.9,61,27,30.212160110473633,1.7534856796264648,3,False
206,detail,3,0.8,43,0,29.257251739501953,1.1551482677459717,3,False
206,detail,3,0.7,61,0,26.931427001953125,1.3512961864471436,2,False
206,detail,3,0.6,63,50,24.403236389160156,1.8627724647521973,2,True
207,coarse,1,0.3,56,0,20.089061737060547,,,True
207,coarse,2,0.5,28,0,27.38190460205078,,,True
207,detail,1,1.0,111,18,33.05364990234375,1.7122654914855957,4,False
207,detail,1,0.9,111,27,32.9794807434082,1.8726963996887207,3,False
207,detail,1,0.8,111,35,30.93914794921875,1.9065015316009521,3,False
207,detail,1,0.7,113,44,30.746156692504883,2.02073335647583,2,False
207,detail,1,0.6,113,50,30.611055374145508,2.2821083068847656,2,False
207,detail,2,1.0,63,16,32.579559326171875,1.4712765216827393,4,False
207,detail,2,0.9,62,27,30.726736068725586,1.7594139575958252,3,False
207,detail,2,0.8,62,33,30.386566162109375,1.5810847282409668,3,False
207,detail,2,0.7,72,42,29.671363830566406,1.8429176807403564,2,False
207,detail,2,0.6,63,50,25.128583908081055,1.8811383247375488,2,True
208,coarse,1,0.3,72,4,20.26222038269043,,,True
208,coarse,2,0.4,10,0,25.72542381286621,,,True
208,coarse,3,0.5,36,0,26.90846061706543,,,True
208,detail,1,1.0,132,18,32.85612487792969,1.3963501453399658,4,False
208,detail,1,0.9,132,21,32.242034912109375,0.6625628471374512,3,False
208,detail,1,0.8,132,27,33.00490188598633,0.716296911239624,3,False
208,detail,1,0.7,130,16,30.208444595336914,0.26804566383361816,2,False
208,detail,1,0.6,132,20,28.90488052368164,0.22292757034301758,2,False
208,detail,2,1.0,17,4,31.232107162475586,0.9125583171844482,4,False
208,detail,2,0.9,24,0,28.99717140197754,1.3341741561889648,3,False
208,detail,2,0.8,24,3,28.951156616210938,1.2281670570373535,3,False
208,detail,2,0.7,29,0,26.5681209564209,1.2752680778503418,2,False
208,detail,2,0.6,35,6,26.39365577697754,1.2446300983428955,2,False
208,detail,3,1.0,75,16,31.97629165649414,1.4756050109863281,4,False
208,detail,3,0.9,63,27,30.636573791503906,1.7956562042236328,3,False
208,detail,3,0.8,72,33,29.48668098449707,1.67030668258667,3,False
208,detail,3,0.7,63,0,27.32607078552246,1.249974012374878,2,False
208,detail,3,0.6,65,50,24.927339553833008,1.882047176361084,2,True
209,coarse,1,0.3,72,4,20.0257568359375,,,True
209,coarse,2,0.4,10,0,25.72422218322754,,,True
209,coarse,3,0.5,36,0,26.90512466430664,,,True
209,detail,1,1.0,132,18,32.57944869995117,1.3491387367248535,4,False
209,detail,1,0.9,132,21,32.20293426513672,0.6418013572692871,3,False
209,detail,1,0.8,132,27,33.1475830078125,0.6543140411376953,3,False
209,detail,1,0.7,130,16,30.04845428466797,0.26152706146240234,2,False
209,detail,1,0.6,132,20,28.689979553222656,0.25672435760498047,2,False
209,detail,2,1.0,21,4,31.37558364868164,1.1085269451141357,4,False
209,detail,2,0.9,24,0,29.025985717773438,1.256054162979126,3,False
209,detail,2,0.8,24,3,28.934146881103516,1.0336768627166748,3,False
209,detail,2,0.7,29,0,26.40766716003418,1.113654375076294,2,False
209,detail,2,0.6,36,6,26.664506912231445,1.3672561645507812,2,False
209,detail,3,1.0,75,16,32.290016174316406,1.5517833232879639,4,False
209,detail,3,0.9,63,27,30.789730072021484,1.6706457138061523,3,False
209,detail,3,0.8,75,33,29.847518920898438,1.6998341083526611,3,False
209,detail,3,0.7,79,42,28.873977661132812,1.9752771854400635,2,False
209,detail,3,0.6,65,50,25.051496505737305,1.705425500869751,2,True
210,coarse,1,0.3,72,4,19.77906608581543,,,True
210,coarse,2,0.3,46,0,19.78619384765625,,,True
210,coarse,3,0.4,10,0,25.20172691345215,,,True
210,detail,1,1.0,132,12,31.241580963134766,0.6818602085113525,4,False
210,detail,1,0.9,132,21,31.95050621032715,0.8534555435180664,3,False
210,detail,1,0.8,120,12,28.976985931396484,0.8941128253936768,3,False
210,detail,1,0.7,130,12,28.382341384887695,0.6206321716308594,2,False
210,detail,1,0.6,126,18,27.89061737060547,0.9105596542358398,2,False
210,detail,2,1.0,79,16,33.29887771606445,1.498281478881836,4,False
210,detail,2,0.9,79,24,33.01532745361328,1.5974278450012207,3,False
210,detail,2,0.8,79,33,31.131258010864258,1.8154497146606445,3,False
210,detail,2,0.7,79,42,28.382173538208008,1.919389009475708,2,False
210,detail,2,0.6,79,48,26.783123016357422,1.7928307056427002,2,False
210,detail,3,1.0,21,4,30.953105926513672,1.3127756118774414,4,False
210,detail,3,0.9,21,0,28.576683044433594,1.0858123302459717,3,False
210,detail,3,0.8,21,0,27.071531295776367,1.097243070602417,3,False
210,detail,3,0.7,29,0,26.01064109802246,1.3194262981414795,2,False
210,detail,3,0.6,35,6,25.849084854125977,1.2927236557006836,2,True
211,coarse,1,0.3,72,4,19.392948150634766,,,True
211,coarse,2,0.4,10,0,25.130508422851562,,,True
211,coarse,3,0.5,36,0,26.5944766998291,,,True
211,detail,1,1.0,136,12,31.04557228088379,1.0132999420166016,4,False
211,detail,1,0.9,120,6,28.033113479614258,0.9448080062866211,3,False
211,detail,1,0.8,129,6,28.151620864868164,0.8947396278381348,3,False
211,detail,1,0.7,136,16,26.360233306884766,1.0432791709899902,2,False
211,detail,1,0.6,136,22,27.110719680786133,1.1806089878082275,2,False
211,detail,2,1.0,21,4,30.846921920776367,1.359365463256836,4,False
211,detail,2,0.9,21,0,28.564950942993164,1.1328203678131104,3,False
211,detail,2,0.8,21,0,26.875593185424805,1.1438710689544678,3,False
211,detail,2,0.7,29,0,25.96990203857422,1.3002867698669434,2,False
211,detail,2,0.6,27,8,26.02387809753418,1.3330113887786865,2,False
211,detail,3,1.0,75,16,31.828014373779297,1.4981982707977295,4,False
211,detail,3,0.9,63,27,30.289113998413086,1.7652742862701416,3,False
211,detail,3,0.8,75,33,29.143198013305664,1.637810230255127,3,False
211,detail,3,0.7,79,42,28.43242645263672,1.8681185245513916,2,False
211,detail,3,0.6,65,50,24.690366744995117,1.9161145687103271,2,True
212,coarse,1,0.3,70,4,19.756546020507812,,,True
212,coarse,2,0.4,10,0,25.210987091064453,,,True
212,coarse,3,0.5,36,0,26.643150329589844,,,True
212,detail,1,1.0,132,12,31.337265014648438,0.768622875213623,4,False
212,detail,1,0.9,135,21,31.805774688720703,0.7049098014831543,3,False
212,detail,1,0.8,120,12,28.801774978637695,1.0319652557373047,3,False
212,detail,1,0.7,120,14,27.510831832885742,1.0917177200317383,2,False
212,detail,1,0.6,120,20,27.561798095703125,1.2720391750335693,2,False
212,detail,2,1.0,21,4,30.641536712646484,1.4117367267608643,4,False
212,detail,2,0.9,24,0,28.592241287231445,1.6036484241485596,3,False
212,detail,2,0.8,21,0,26.860759735107422,1.2389428615570068,3,False
212,detail,2,0.7,27,0,25.994596481323242,1.3323912620544434,2,False
212,detail,2,0.6,31,6,25.035337448120117,1.3862025737762451,2,False
212,detail,3,1.0,75,16,31.89554786682129,1.593545913696289,4,False
212,detail,3,0.9,72,24,30.383716583251953,1.4872846603393555,3,False
212,detail,3,0.8,75,33,29.166927337646484,1.6948471069335938,3,False
212,detail,3,0.7,81,42,28.401477813720703,2.167344808578491,2,False
212,detail,3,0.6,65,50,24.563976287841797,1.8519413471221924,2,True
213,coarse,1,0.3,72,4,19.393478393554688,,,True
213,coarse,2,0.3,52,0,19.48919105529785,,,True
213,coarse,3,0.4,10,0,24.95977020263672,,,True
213,detail,1,1.0,132,12,31.210311889648438,0.7330582141876221,4,False
213,detail,1,0.9,132,18,30.867042541503906,0.7781007289886475,3,False
213,detail,1,0.8,129,9,29.192466735839844,0.7765383720397949,3,False
213,detail,1,0.7,136,18,27.905202865600586,0.9143543243408203,2,False
213,detail,1,0.6,122,20,27.175989151000977,1.0888657569885254,2,False
213,detail,2,1.0,91,12,33.60026550292969,0.7226057052612305,4,False
213,detail,2,0.9,111,27,32.394771575927734,1.49947190284729,3,False
213,detail,2,0.8,113,35,30.12135887145996,1.5496973991394043,3,False
213,detail,2,0.7,116,44,29.99709129333496,1.7185311317443848,2,False
213,detail,2,0.6,115,50,29.765920639038086,1.794243335723877,2,False
213,detail,3,1.0,21,4,30.330097198486328,1.3337786197662354,4,False
213,detail,3,0.9,24,0,28.241247177124023,1.5543689727783203,3,False
213,detail,3,0.8,21,0,26.55004119873047,1.2637288570404053,3,False
213,detail,3,0.7,27,0,25.68950080871582,1.3899531364440918,2,False
213,detail,3,0.6,31,6,24.701492309570312,1.3491132259368896,2,True
214,coarse,1,0.3,72,4,19.751750946044922,,,True
214,coarse,2,0.4,50,2,25.341236114501953,,,True
214,coarse,3,0.4,10,0,25.580127716064453,,,True
214,detail,1,1.0,132,18,31.71476173400879,1.493696689605713,4,False
214,detail,1,0.9,135,21,31.48895835876465,0.6530239582061768,3,False
214,detail,1,0.8,123,12,29.98046875,0.9724702835083008,3,False
214,detail,1,0.7,122,14,27.927993774414062,1.0825996398925781,2,False
214,detail,1,0.6,122,20,27.43727684020996,1.1499354839324951,2,False
214,detail,2,1.0,93,12,33.33893585205078,0.7965743541717529,4,False
214,detail,2,0.9,109,27,33.301116943359375,1.497166395187378,3,False
214,detail,2,0.8,111,35,30.745718002319336,1.513592004776001,3,False
214,detail,2,0.7,114,44,30.099294662475586,1.6143569946289062,2,False
214,detail,2,0.6,115,50,29.273744583129883,1.7320857048034668,2,False
214,detail,3,1.0,21,4,30.48167610168457,1.1997873783111572,4,False
214,detail,3,0.9,24,0,28.540739059448242,1.354405403137207,3,False
214,detail,3,0.8,21,3,27.839035034179688,1.0888845920562744,3,False
214,detail,3,0.7,29,0,26.06266975402832,1.500086784362793,2,False
214,detail,3,0.6,33,6,25.332033157348633,1.3263435363769531,2,True
215,coarse,1,0.3,72,4,19.555952072143555,,,True
215,coarse,2,0.4,50,2,25.145782470703125,,,True
215,coarse,3,0.5,28,0,27.674320220947266,,,True
215,detail,1,1.0,132,18,31.869884490966797,1.49721097946167,4,False
215,detail,1,0.9,135,21,31.433181762695312,0.6793437004089355,3,False
215,detail,1,0.8,135,27,31.91429901123047,0.6950411796569824,3,False
215,detail,1,0.7,132,16,29.532743453979492,0.39398908615112305,2,False
215,detail,1,0.6,122,20,27.26435661315918,0.9704034328460693,2,False
215,detail,2,1.0,93,12,33.177459716796875,0.7592706680297852,4,False
215,detail,2,0.9,109,27,33.31557846069336,1.464836597442627,3,False
215,detail,2,0.8,111,35,30.86265754699707,1.4798245429992676,3,False
215,detail,2,0.7,114,44,30.282148361206055,1.5703632831573486,2,False
215,detail,2,0.6,115,50,29.33636474609375,1.7907094955444336,2,False
215,detail,3,1.0,65,18,31.949052810668945,1.5306248664855957,4,False
215,detail,3,0.9,65,27,30.092811584472656,1.6174962520599365,3,False
215,detail,3,0.8,65,33,29.774255752563477,1.4711031913757324,3,False
215,detail,3,0.7,72,42,29.375314712524414,1.5531601905822754,2,False
215,detail,3,0.6,67,50,24.86583137512207,1.513597011566162,2,True
216,coarse,1,0.3,72,4,19.574630737304688,,,True
216,coarse,2,0.3,48,0,19.670711517333984,,,True
216,coarse,3,0.4,10,0,25.19797706604004,,,True
216,detail,1,1.0,132,12,31.395111083984375,0.8678421974182129,4,False
216,detail,1,0.9,135,21,31.28925323486328,0.7649109363555908,3,False
216,detail,1,0.8,135,27,31.811277389526367,0.7630889415740967,3,False
216,detail,1,0.7,124,14,28.47568130493164,0.8892505168914795,2,False
216,detail,1,0.6,122,20,27.10228729248047,1.1247234344482422,2,False
216,detail,2,1.0,95,12,33.19536209106445,0.7652883529663086,4,False
216,detail,2,0.9,103,27,33.72742462158203,1.4937782287597656,3,False
216,detail,2,0.8,104,35,31.193912506103516,1.529857873916626,3,False
216,detail,2,0.7,83,42,28.53534507751465,2.3106179237365723,2,False
216,detail,2,0.6,83,48,27.237478256225586,2.386627435684204,2,False
216,detail,3,1.0,21,4,30.365144729614258,1.3022093772888184,4,False
216,detail,3,0.9,24,0,28.101917266845703,1.418217658996582,3,False
216,detail,3,0.8,21,0,26.544261932373047,1.181410551071167,3,False
216,detail,3,0.7,29,0,25.732864379882812,1.483320713043213,2,False
216,detail,3,0.6,29,8,25.693208694458008,1.5794196128845215,2,True
217,coarse,1,0.3,56,0,19.409896850585938,,,True
217,coarse,2,0.5,30,0,27.101791381835938,,,True
217,detail,1,1.0,115,12,30.557373046875,0.9981036186218262,4,False
217,detail,1,0.9,117,18,30.202619552612305,1.0802016258239746,3,False
217,detail,1,0.8,121,6,26.689617156982422,0.990170955657959,3,False
217,detail,1,0.7,124,10,25.956560134887695,1.065051555633545,2,False
217,detail,1,0.6,123,18,25.681472778320312,1.188302755355835,2,False
217,detail,2,1.0,67,18,32.051109313964844,1.6553330421447754,4,False
217,detail,2,0.9,66,27,30.182998657226562,1.6985130310058594,3,False
217,detail,2,0.8,66,0,27.925722122192383,1.1769397258758545,3,False
217,detail,2,0.7,59,0,26.435617446899414,1.2925021648406982,2,False
217,detail,2,0.6,67,50,24.945327758789062,1.661808729171753,2,True
218,coarse,1,0.3,56,0,19.184497833251953,,,True
218,coarse,2,0.4,12,0,24.763687133789062,,,True
218,detail,1,1.0,115,18,32.30108642578125,1.539261817932129,4,False
218,detail,1,0.9,114,27,32.055267333984375,1.7321038246154785,3,False
218,detail,1,0.8,114,35,29.850162506103516,1.7086973190307617,3,False
218,detail,1,0.7,124,16,28.82587432861328,0.7294564247131348,2,False
218,detail,1,0.6,123,20,26.74853515625,0.9453845024108887,2,False
218,detail,2,1.0,21,4,29.8539981842041,1.1036956310272217,4,False
218,detail,2,0.9,25,0,27.637195587158203,1.2897977828979492,3,False
218,detail,2,0.8,25,3,26.840131759643555,1.1937255859375,3,False
218,detail,2,0.7,31,0,25.137859344482422,1.4973630905151367,2,False
218,detail,2,0.6,31,8,25.074125289916992,1.531120777130127,2,True
219,coarse,1,0.3,60,0,19.377525329589844,,,True
219,coarse,2,0.4,12,0,24.988283157348633,,,True
219,coarse,3,0.5,38,0,26.215606689453125,,,True
219,detail,1,1.0,119,12,32.21772003173828,0.790168046951294,4,False
219,detail,1,0.9,125,6,28.65791893005371,0.8837802410125732,3,False
219,detail,1,0.8,129,3,27.495670318603516,0.9571495056152344,3,False
219,detail,1,0.7,131,10,26.603763580322266,0.9721770286560059,2,False
219,detail,1,0.6,123,18,25.8723087310791,1.3915464878082275,2,False
219,detail,2,1.0,21,4,30.16254997253418,1.0709245204925537,4,False
219,detail,2,0.9,25,0,28.039690017700195,1.2306313514709473,3,False
219,detail,2,0.8,25,3,27.08890724182129,1.1713311672210693,3,False
219,detail,2,0.7,31,0,25.471895217895508,1.4947197437286377,2,False
219,detail,2,0.6,33,6,24.48829460144043,1.531540870666504,2,True
219,detail,3,1.0,75,18,31.318674087524414,1.5856153964996338,4,False
219,detail,3,0.9,73,27,30.183696746826172,1.6816020011901855,3,False
219,detail,3,0.8,76,33,28.85585594177246,1.543363332748413,3,False
219,detail,3,0.7,81,42,27.905946731567383,1.8454315662384033,2,False
219,detail,3,0.6,67,50,25.196258544921875,1.393000841140747,2,False
220,coarse,1,0.3,54,0,19.456424713134766,,,True
220,coarse,2,0.4,12,0,24.904281616210938,,,True
220,coarse,3,0.5,69,4,27.644498825073242,,,True
220,detail,1,1.0,113,18,33.19908142089844,1.6617016792297363,4,False
220,detail,1,0.9,115,27,32.73967361450195,1.8078184127807617,3,False
220,detail,1,0.8,116,35,30.82073974609375,1.8395636081695557,3,False
220,detail,1,0.7,117,44,30.132278442382812,1.8075315952301025,2,False
220,detail,1,0.6,122,20,27.705059051513672,1.534869909286499,2,False
220,detail,2,1.0,21,4,30.253700256347656,0.9929025173187256,4,False
220,detail,2,0.9,25,0,27.921588897705078,1.0609753131866455,3,False
220,detail,2,0.8,25,0,26.808574676513672,1.134535312652588,3,False
220,detail,2,0.7,31,0,25.151647567749023,1.3282935619354248,2,True
220,detail,2,0.6,31,8,25.25615119934082,1.3049993515014648,2,False
220,detail,3,1.0,128,4,31.327871322631836,1.2420175075531006,4,False
220,detail,3,0.9,132,0,27.85663604736328,1.2843835353851318,3,False
220,detail,3,0.8,132,3,27.220338821411133,1.2661185264587402,3,False
220,detail,3,0.7,126,10,26.65723419189453,1.3498129844665527,2,False
220,detail,3,0.6,130,16,25.434703826904297,1.456735372543335,2,False
221,coarse,1,0.3,54,0,19.458730697631836,,,True
221,coarse,2,0.4,12,0,24.975261688232422,,,True
221,coarse,3,0.5,69,4,27.911109924316406,,,True
221,detail,1,1.0,113,18,33.572235107421875,1.5056359767913818,4,False
221,detail,1,0.9,115,27,33.008262634277344,1.6619412899017334,3,False
221,detail,1,0.8,116,35,30.822660446166992,1.6873013973236084,3,False
221,detail,1,0.7,117,44,30.320634841918945,1.7291841506958008,2,False
221,detail,1,0.6,122,26,29.132463455200195,0.9304797649383545,2,False
221,detail,2,1.0,21,4,30.617280960083008,0.9850568771362305,4,False
221,detail,2,0.9,25,0,28.119958877563477,0.9860224723815918,3,False
221,detail,2,0.8,25,6,28.1927547454834,0.9895675182342529,3,False
221,detail,2,0.7,31,0,25.405641555786133,1.2707858085632324,2,True
221,detail,2,0.6,39,6,25.437503814697266,1.3122825622558594,2,False
221,detail,3,1.0,132,8,32.61148452758789,0.9022116661071777,4,False
221,detail,3,0.9,132,3,28.918407440185547,0.9495506286621094,3,False
221,detail,3,0.8,132,3,27.30193328857422,0.9246301651000977,3,False
221,detail,3,0.7,124,14,27.728084564208984,0.7671270370483398,2,False
221,detail,3,0.6,126,18,26.735658645629883,0.8781468868255615,2,False
222,coarse,1,0.3,54,0,19.63426399230957,,,True
222,coarse,2,0.4,12,0,25.105379104614258,,,True
222,coarse,3,0.5,69,4,28.119176864624023,,,True
222,detail,1,1.0,113,18,33.82107925415039,1.3772690296173096,4,False
222,detail,1,0.9,115,27,32.99766540527344,1.5485448837280273,3,False
222,detail,1,0.8,116,35,30.638980865478516,1.579338550567627,3,False
222,detail,1,0.7,119,44,30.02181053161621,1.7713017463684082,2,False
222,detail,1,0.6,99,18,29.638349533081055,1.3171502351760864,2,False
222,detail,2,1.0,21,4,30.75208282470703,1.0121333599090576,4,False
222,detail,2,0.9,25,0,28.31989860534668,1.1380720138549805,3,False
222,detail,2,0.8,25,3,27.154359817504883,1.2478718757629395,3,False
222,detail,2,0.7,31,0,25.688766479492188,1.5512969493865967,2,True
222,detail,2,0.6,29,8,25.694847106933594,1.7128632068634033,2,False
222,detail,3,1.0,136,18,32.59364700317383,1.3421387672424316,4,False
222,detail,3,0.9,132,9,30.21091079711914,0.812389612197876,3,False
222,detail,3,0.8,132,9,29.42099380493164,0.7111904621124268,3,False
222,detail,3,0.7,126,14,28.556076049804688,0.8067915439605713,2,False
222,detail,3,0.6,140,22,27.186012268066406,1.0039875507354736,2,False
223,coarse,1,0.3,72,4,19.453245162963867,,,True
223,coarse,2,0.3,52,0,19.53110694885254,,,True
223,coarse,3,0.4,12,0,25.149263381958008,,,True
223,detail,1,1.0,136,12,31.045156478881836,0.6861071586608887,4,False
223,detail,1,0.9,132,6,29.442745208740234,0.8640227317810059,3,False
223,detail,1,0.8,135,12,29.629478454589844,0.805548906326294,3,False
223,detail,1,0.7,140,18,27.699466705322266,0.9465374946594238,2,False
223,detail,1,0.6,142,22,26.564401626586914,1.0811927318572998,2,False
223,detail,2,1.0,103,18,34.04505920410156,1.051297903060913,4,False
223,detail,2,0.9,106,27,34.23609924316406,1.1588575839996338,3,False
223,detail,2,0.8,106,35,31.634462356567383,1.2426578998565674,3,False
223,detail,2,0.7,116,44,31.061433792114258,1.6685898303985596,2,False
223,detail,2,0.6,99,18,29.806535720825195,1.0894100666046143,2,False
223,detail,3,1.0,21,0,30.878538131713867,1.0064043998718262,4,False
223,detail,3,0.9,25,0,28.400678634643555,1.1526334285736084,3,False
223,detail,3,0.8,25,0,26.723745346069336,1.2399406433105469,3,False
223,detail,3,0.7,33,0,25.507781982421875,1.7280199527740479,2,True
223,detail,3,0.6,33,8,25.638532638549805,1.5193541049957275,2,False
224,coarse,1,0.3,66,2,19.443349838256836,,,True
224,coarse,2,0.4,12,0,25.152828216552734,,,True
224,coarse,3,0.4,42,0,25.278684616088867,,,True
224,detail,1,1.0,135,12,31.416873931884766,0.6750445365905762,4,False
224,detail,1,0.9,139,21,31.345964431762695,0.6815173625946045,3,False
224,detail,1,0.8,131,15,29.87743377685547,0.6730144023895264,3,False
224,detail,1,0.7,135,16,29.350082397460938,0.4684262275695801,2,False
224,detail,1,0.6,141,24,27.79606819152832,0.8778150081634521,2,False
224,detail,2,1.0,25,4,30.84972381591797,1.1754157543182373,4,False
224,detail,2,0.9,25,0,28.2672119140625,1.0317234992980957,3,False
224,detail,2,0.8,25,0,26.648208618164062,1.0782184600830078,3,False
224,detail,2,0.7,33,0,25.468416213989258,1.4303817749023438,2,False
224,detail,2,0.6,35,8,25.71842384338379,1.518674612045288,2,False
224,detail,3,1.0,77,18,31.2789363861084,1.6832809448242188,4,False
224,detail,3,0.9,76,27,29.693714141845703,1.7688791751861572,3,False
224,detail,3,0.8,79,33,28.865894317626953,1.7423465251922607,3,False
224,detail,3,0.7,83,42,27.736845016479492,1.9946441650390625,2,False
224,detail,3,0.6,77,50,25.28702163696289,1.789602518081665,2,True
225,coarse,1,0.3,54,0,19.80426025390625,,,True
225,coarse,2,0.4,12,0,25.450475692749023,,,True
225,coarse,3,0.5,32,0,27.453454971313477,,,True
225,detail,1,1.0,103,18,34.23700714111328,0.9521901607513428,4,False
225,detail,1,0.9,115,27,33.45237350463867,1.3428161144256592,3,False
225,detail,1,0.8,117,35,31.167625427246094,1.4865262508392334,3,False
225,detail,1,0.7,119,44,30.18980598449707,1.6287271976470947,2,False
225,detail,1,0.6,101,18,29.725154876708984,1.0952122211456299,2,False
225,detail,2,1.0,21,0,30.897823333740234,1.0260746479034424,4,False
225,detail,2,0.9,28,0,28.659107208251953,1.334348440170288,3,False
225,detail,2,0.8,25,0,26.984600067138672,1.2613625526428223,3,False
225,detail,2,0.7,33,0,25.859512329101562,1.5343623161315918,2,False
225,detail,2,0.6,33,6,24.70564079284668,1.4265129566192627,2,True
225,detail,3,1.0,73,18,32.288230895996094,1.5745816230773926,4,False
225,detail,3,0.9,67,27,30.132177352905273,1.2668490409851074,3,False
225,detail,3,0.8,77,33,29.694366455078125,1.6258625984191895,3,False
225,detail,3,0.7,80,42,28.426870346069336,1.8174657821655273,2,False
225,detail,3,0.6,71,50,25.002912521362305,1.298506736755371,2,False
226,coarse,1,0.3,56,0,19.401445388793945,,,True
226,coarse,2,0.4,12,0,25.341083526611328,,,True
226,coarse,3,0.5,32,0,26.960006713867188,,,True
226,detail,1,1.0,117,18,33.45266342163086,1.399942398071289,4,False
226,detail,1,0.9,117,27,33.64657974243164,1.4979102611541748,3,False
226,detail,1,0.8,117,35,31.37967872619629,1.4585988521575928,3,False
226,detail,1,0.7,99,14,29.165369033813477,1.0992443561553955,2,False
226,detail,1,0.6,101,14,29.688583374023438,1.214815616607666,2,False
226,detail,2,1.0,21,0,30.62450408935547,1.0532286167144775,4,False
226,detail,2,0.9,28,0,28.20096778869629,1.1485388278961182,3,False
226,detail,2,0.8,25,0,26.708044052124023,1.160374641418457,3,False
226,detail,2,0.7,33,0,25.3797550201416,1.2395131587982178,2,False
226,detail,2,0.6,35,8,25.560762405395508,1.332899570465088,2,False
226,detail,3,1.0,71,18,32.323585510253906,1.3696744441986084,4,False
226,detail,3,0.9,70,27,30.20026969909668,1.393174409866333,3,False
226,detail,3,0.8,70,33,29.593868255615234,1.2396717071533203,3,False
226,detail,3,0.7,67,2,27.730873107910156,1.1172142028808594,2,False
226,detail,3,0.6,71,50,25.20648765563965,1.1685893535614014,2,True
227,coarse,1,0.3,56,0,19.41387176513672,,,True
227,coarse,2,0.4,12,0,25.451194763183594,,,True
227,coarse,3,0.5,32,0,26.860498428344727,,,True
227,detail,1,1.0,117,18,33.323909759521484,1.401059865951538,4,False
227,detail,1,0.9,117,27,33.354801177978516,1.5037543773651123,3,False
227,detail,1,0.8,117,35,31.2287540435791,1.5152413845062256,3,False
227,detail,1,0.7,99,14,29.15793800354004,0.9042360782623291,2,False
227,detail,1,0.6,101,14,29.749813079833984,0.8771846294403076,2,False
227,detail,2,1.0,25,4,30.761234283447266,1.093961477279663,4,False
227,detail,2,0.9,28,0,28.247947692871094,1.023263931274414,3,False
227,detail,2,0.8,28,3,27.386390686035156,1.0910940170288086,3,False
227,detail,2,0.7,35,0,25.673006057739258,1.3552963733673096,2,False
227,detail,2,0.6,35,8,25.79439926147461,1.3032276630401611,2,False
227,detail,3,1.0,71,18,32.137786865234375,1.60964035987854,4,False
227,detail,3,0.9,70,27,29.8634090423584,1.669647455215454,3,False
227,detail,3,0.8,70,33,29.387542724609375,1.4759104251861572,3,False
227,detail,3,0.7,80,42,28.447561264038086,1.7118909358978271,2,False
227,detail,3,0.6,71,52,24.875944137573242,1.8909704685211182,2,True
228,coarse,1,0.3,58,0,19.47629165649414,,,True
228,coarse,2,0.4,12,0,25.652080535888672,,,True
228,coarse,3,0.5,32,0,26.699420928955078,,,True
228,detail,1,1.0,119,18,33.27949523925781,1.6105890274047852,4,False
228,detail,1,0.9,118,27,33.68803405761719,1.765465259552002,3,False
228,detail,1,0.8,118,35,31.69985008239746,1.7829170227050781,3,False
228,detail,1,0.7,125,24,30.10120964050293,1.101032018661499,2,False
228,detail,1,0.6,127,22,27.95146369934082,1.0322253704071045,2,False
228,detail,2,1.0,25,4,30.75044059753418,1.0387487411499023,4,False
228,detail,2,0.9,28,0,28.193450927734375,1.0143630504608154,3,False
228,detail,2,0.8,28,3,27.21368980407715,1.0536227226257324,3,False
228,detail,2,0.7,35,0,25.5848445892334,1.461216926574707,2,False
228,detail,2,0.6,35,8,25.67582130432129,1.2952775955200195,2,False
228,detail,3,1.0,71,18,32.103694915771484,1.6684439182281494,4,False
228,detail,3,0.9,70,27,29.830839157104492,1.6991620063781738,3,False
228,detail,3,0.8,70,33,29.60977554321289,1.5054397583007812,3,False
228,detail,3,0.7,80,2,27.350322723388672,1.4640350341796875,2,False
228,detail,3,0.6,71,52,24.654991149902344,1.6687901020050049,2,True
229,coarse,1,0.3,73,4,19.23200225830078,,,True
229,coarse,2,0.4,14,0,25.256479263305664,,,True
229,coarse,3,0.5,40,0,26.290966033935547,,,True
229,detail,1,1.0,138,12,30.936738967895508,0.6867005825042725,4,False
229,detail,1,0.9,140,21,31.2194766998291,0.7519781589508057,3,False
229,detail,1,0.8,141,27,31.5971736907959,0.7884736061096191,3,False
229,detail,1,0.7,142,22,29.29586410522461,0.8198060989379883,2,False
229,detail,1,0.6,142,22,27.098979949951172,0.8148066997528076,2,False
229,detail,2,1.0,25,4,30.488683700561523,1.0279641151428223,4,False
229,detail,2,0.9,29,0,27.799457550048828,1.063035011291504,3,False
229,detail,2,0.8,29,3,26.85470962524414,0.9841153621673584,3,False
229,detail,2,0.7,35,2,26.264623641967773,1.2175633907318115,2,False
229,detail,2,0.6,33,10,26.7233829498291,1.079040288925171,2,False
229,detail,3,1.0,79,18,31.38474464416504,1.728646993637085,4,False
229,detail,3,0.9,71,27,29.681249618530273,1.6102967262268066,3,False
229,detail,3,0.8,80,33,29.034589767456055,1.657545804977417,3,False
229,detail,3,0.7,85,42,27.704294204711914,1.8464889526367188,2,False
229,detail,3,0.6,71,52,25.101070404052734,2.2561683654785156,2,True
230,coarse,1,0.3,73,4,19.134441375732422,,,True
230,coarse,2,0.4,14,0,25.075525283813477,,,True
230,coarse,3,0.5,40,0,26.0501651763916,,,True
230,detail,1,1.0,138,18,31.939701080322266,1.6425402164459229,4,False
230,detail,1,0.9,140,21,30.804216384887695,0.6344144344329834,3,False
230,detail,1,0.8,141,27,31.123493194580078,0.6459338665008545,3,False
230,detail,1,0.7,138,18,29.823631286621094,0.4160029888153076,2,False
230,detail,1,0.6,138,20,27.754878997802734,0.4432950019836426,2,False
230,detail,2,1.0,29,4,30.658008575439453,1.0677180290222168,4,False
230,detail,2,0.9,37,0,27.697612762451172,0.966738224029541,3,False
230,detail,2,0.8,38,6,27.46890640258789,0.9502377510070801,3,False
230,detail,2,0.7,37,2,26.51561164855957,1.118882179260254,2,False
230,detail,2,0.6,37,10,26.47242546081543,0.9701671600341797,2,False
230,detail,3,1.0,79,18,31.339054107666016,1.691446304321289,4,False
230,detail,3,0.9,71,27,29.46563148498535,1.5851027965545654,3,False
230,detail,3,0.8,80,33,29.134923934936523,1.622056007385254,3,False
230,detail,3,0.7,85,42,27.704174041748047,1.7460412979125977,2,False
230,detail,3,0.6,73,50,24.91013526916504,1.7761435508728027,2,True
231,coarse,1,0.3,0,0,19.344139099121094,,,True
231,coarse,2,0.3,58,0,19.377779006958008,,,True
231,coarse,3,0.5,32,0,26.314456939697266,,,True
231,detail,1,1.0,0,8,33.49327850341797,0.9429447650909424,4,False
231,detail,1,0.9,18,12,33.20482635498047,0.9490129947662354,3,False
231,detail,1,0.8,22,18,32.92924880981445,0.8242905139923096,3,False
231,detail,1,0.7,25,8,27.408912658691406,0.890643835067749,2,False
231,detail,1,0.6,26,12,27.249326705932617,0.890934944152832,2,False
231,detail,2,1.0,121,16,32.770225524902344,1.186589241027832,4,False
231,detail,2,0.9,121,27,33.4275016784668,1.5771586894989014,3,False
231,detail,2,0.8,118,35,31.75007438659668,1.6172475814819336,3,False
231,detail,2,0.7,121,44,30.72530174255371,1.7495756149291992,2,False
231,detail,2,0.6,103,14,29.720319747924805,0.7597095966339111,2,False
231,detail,3,1.0,71,18,31.766590118408203,1.4870505332946777,4,False
231,detail,3,0.9,70,27,29.66712188720703,1.5458383560180664,3,False
231,detail,3,0.8,73,33,29.41668128967285,1.326819658279419,3,False
231,detail,3,0.7,80,42,28.6878719329834,1.5770916938781738,2,False
231,detail,3,0.6,71,52,24.865076065063477,2.02431058883667,2,True
232,coarse,1,0.3,60,0,19.164417266845703,,,True
232,coarse,2,0.3,0,0,19.382347106933594,,,True
232,coarse,3,0.5,32,0,26.160932540893555,,,True
232,detail,1,1.0,119,18,32.958656311035156,1.3791921138763428,4,False
232,detail,1,0.9,122,27,33.30706787109375,1.469503402709961,3,False
232,detail,1,0.8,119,35,31.56125259399414,1.5006742477416992,3,False
232,detail,1,0.7,121,44,30.84691619873047,1.6037158966064453,2,False
232,detail,1,0.6,123,52,29.858190536499023,1.945371150970459,2,False
232,detail,2,1.0,0,8,33.1934814453125,0.9253957271575928,4,False
232,detail,2,0.9,15,12,33.075843811035156,0.7463784217834473,3,False
232,detail,2,0.8,15,15,33.85316467285156,0.6548614501953125,3,False
232,detail,2,0.7,25,10,27.547346115112305,0.8737087249755859,2,False
232,detail,2,0.6,27,14,27.598535537719727,0.8947122097015381,2,False
232,detail,3,1.0,71,18,31.75008773803711,1.4423494338989258,4,False
232,detail,3,0.9,70,27,29.92414093017578,1.491478681564331,3,False
232,detail,3,0.8,73,33,29.206199645996094,1.2221810817718506,3,False
232,detail,3,0.7,80,42,28.785627365112305,1.4294567108154297,2,False
232,detail,3,0.6,73,52,24.535749435424805,1.9494235515594482,2,True
233,coarse,1,0.3,0,0,19.747167587280273,,,True
233,coarse,2,0.3,58,0,19.757314682006836,,,True
233,coarse,3,0.5,32,0,26.54694366455078,,,True
233,detail,1,1.0,0,4,32.90210723876953,0.8219823837280273,4,False
233,detail,1,0.9,3,9,34.15461349487305,0.6836321353912354,3,False
233,detail,1,0.8,0,0,28.694034576416016,0.7628276348114014,3,False
233,detail,1,0.7,0,0,26.747495651245117,0.791107177734375,2,False
233,detail,1,0.6,0,6,25.917387008666992,1.0341155529022217,2,False
233,detail,2,1.0,121,18,32.57761764526367,1.326073169708252,4,False
233,detail,2,0.9,121,27,33.1679801940918,1.4997296333312988,3,False
233,detail,2,0.8,121,35,31.477020263671875,1.5548474788665771,3,False
233,detail,2,0.7,103,14,29.264907836914062,1.192469596862793,2,False
233,detail,2,0.6,105,16,29.35846519470215,1.30588698387146,2,False
233,detail,3,1.0,73,18,31.78507423400879,1.4901368618011475,4,False
233,detail,3,0.9,73,27,29.855266571044922,1.51680326461792,3,False
233,detail,3,0.8,73,33,29.153667449951172,1.2212111949920654,3,False
233,detail,3,0.7,80,42,28.807722091674805,1.430072546005249,2,False
233,detail,3,0.6,73,52,24.47014808654785,1.991098165512085,2,True
234,coarse,1,0.3,64,0,19.67947769165039,,,True
234,coarse,2,0.3,2,0,20.080312728881836,,,True
234,coarse,3,0.5,40,0,26.46894645690918,,,True
234,detail,1,1.0,123,16,33.02497863769531,1.0012540817260742,4,False
234,detail,1,0.9,121,27,33.41404724121094,1.45751953125,3,False
234,detail,1,0.8,121,35,31.519453048706055,1.5025339126586914,3,False
234,detail,1,0.7,140,18,30.4370174407959,0.6125383377075195,2,False
234,detail,1,0.6,142,22,28.814035415649414,0.6214499473571777,2,False
234,detail,2,1.0,0,4,32.939170837402344,0.8626723289489746,4,False
234,detail,2,0.9,6,9,33.85868835449219,0.7367150783538818,3,False
234,detail,2,0.8,6,0,29.346412658691406,0.7518928050994873,3,False
234,detail,2,0.7,0,6,29.10252571105957,0.843449592590332,2,False
234,detail,2,0.6,8,8,26.99455451965332,0.9343180656433105,2,False
234,detail,3,1.0,79,18,31.65683937072754,1.7793247699737549,4,False
234,detail,3,0.9,71,27,30.045194625854492,1.550572395324707,3,False
234,detail,3,0.8,83,33,29.604631423950195,1.6637802124023438,3,False
234,detail,3,0.7,87,42,27.806743621826172,1.8135442733764648,2,False
234,detail,3,0.6,73,52,24.81439208984375,1.9100525379180908,2,True
235,coarse,1,0.3,60,0,19.506168365478516,,,True
235,coarse,2,0.3,10,0,19.851816177368164,,,True
235,coarse,3,0.5,32,0,26.575380325317383,,,True
235,detail,1,1.0,123,16,32.76914978027344,1.1257009506225586,4,False
235,detail,1,0.9,122,27,33.178775787353516,1.5325000286102295,3,False
235,detail,1,0.8,119,35,31.533985137939453,1.5214743614196777,3,False
235,detail,1,0.7,123,44,30.182132720947266,1.668503999710083,2,False
235,detail,1,0.6,123,52,29.532682418823242,1.9413800239562988,2,False
235,detail,2,1.0,25,12,33.61937713623047,0.9848189353942871,4,False
235,detail,2,0.9,7,12,34.216819763183594,0.6979587078094482,3,False
235,detail,2,0.8,7,0,28.963455200195312,0.700387716293335,3,False
235,detail,2,0.7,7,2,29.01384162902832,0.8426868915557861,2,False
235,detail,2,0.6,7,8,26.93446159362793,0.8180959224700928,2,False
235,detail,3,1.0,73,18,32.00473403930664,1.708822250366211,4,False
235,detail,3,0.9,73,27,29.926076889038086,1.7717170715332031,3,False
235,detail,3,0.8,73,33,29.30138397216797,1.5617754459381104,3,False
235,detail,3,0.7,75,42,29.254182815551758,1.579202651977539,2,False
235,detail,3,0.6,73,52,24.77922248840332,2.0841140747070312,2,True
236,coarse,1,0.3,60,0,19.302400588989258,,,True
236,coarse,2,0.3,12,0,19.533588409423828,,,True
236,coarse,3,0.5,34,0,26.33378791809082,,,True
236,detail,1,1.0,123,16,32.524635314941406,1.1353697776794434,4,False
236,detail,1,0.9,122,27,33.017173767089844,1.5472650527954102,3,False
236,detail,1,0.8,122,35,31.373708724975586,1.585951805114746,3,False
236,detail,1,0.7,123,44,30.1391544342041,1.6037249565124512,2,False
236,detail,1,0.6,123,52,29.51361846923828,1.8983166217803955,2,False
236,detail,2,1.0,29,12,32.94959259033203,1.0714874267578125,4,False
236,detail,2,0.9,29,21,33.88436508178711,1.2096619606018066,3,False
236,detail,2,0.8,29,30,33.08626937866211,1.3518998622894287,3,False
236,detail,2,0.7,11,10,29.00143814086914,0.5470948219299316,2,False
236,detail,2,0.6,38,10,26.677906036376953,0.8901402950286865,2,False
236,detail,3,1.0,77,18,31.98618507385254,1.6586453914642334,4,False
236,detail,3,0.9,74,27,29.630176544189453,1.6346304416656494,3,False
236,detail,3,0.8,74,33,28.90526008605957,1.3764519691467285,3,False
236,detail,3,0.7,83,42,28.259740829467773,1.5427331924438477,2,False
236,detail,3,0.6,73,52,24.69532585144043,1.9590950012207031,2,True
237,coarse,1,0.3,60,0,19.471195220947266,,,True
237,coarse,2,0.3,12,0,19.601722717285156,,,True
237,coarse,3,0.5,34,0,26.120695114135742,,,True
237,detail,1,1.0,123,16,32.4257926940918,1.2202048301696777,4,False
237,detail,1,0.9,122,27,32.9884147644043,1.5449059009552002,3,False
237,detail,1,0.8,122,35,31.060583114624023,1.5528504848480225,3,False
237,detail,1,0.7,123,44,30.05292320251465,1.5625331401824951,2,False
237,detail,1,0.6,125,52,29.276796340942383,1.8391737937927246,2,False
237,detail,2,1.0,29,12,32.8083381652832,1.0648753643035889,4,False
237,detail,2,0.9,11,9,33.4393196105957,0.7052361965179443,3,False
237,detail,2,0.8,11,3,29.056318283081055,0.7150659561157227,3,False
237,detail,2,0.7,11,10,28.987939834594727,0.9137351512908936,2,False
237,detail,2,0.6,38,10,26.70027732849121,0.8605072498321533,2,False
237,detail,3,1.0,75,18,31.800756454467773,1.5582826137542725,4,False
237,detail,3,0.9,74,27,29.378337860107422,1.5858154296875,3,False
237,detail,3,0.8,74,33,28.84832191467285,1.3618218898773193,3,False
237,detail,3,0.7,83,42,28.118806838989258,1.5084779262542725,2,False
237,detail,3,0.6,75,52,24.597475051879883,1.91062331199646,2,True
238,coarse,1,0.3,0,0,19.240020751953125,,,True
238,coarse,2,0.3,52,2,19.397642135620117,,,True
238,coarse,3,0.3,72,6,19.445636749267578,,,True
238,detail,1,1.0,0,4,31.99488639831543,0.7387733459472656,4,False
238,detail,1,0.9,0,12,33.01282501220703,0.7371799945831299,3,False
238,detail,1,0.8,0,12,30.572351455688477,0.7389683723449707,3,False
238,detail,1,0.7,8,2,28.116931915283203,0.7893970012664795,2,False
238,detail,1,0.6,8,8,26.10774040222168,0.9030330181121826,2,True
238,detail,2,1.0,109,18,33.820865631103516,1.121656894683838,4,False
238,detail,2,0.9,91,27,33.452857971191406,1.6583645343780518,3,False
238,detail,2,0.8,112,35,31.92414093017578,1.223738670349121,3,False
238,detail,2,0.7,91,42,28.283926010131836,1.6706578731536865,2,False
238,detail,2,0.6,91,50,26.34647560119629,1.7921626567840576,2,False
238,detail,3,1.0,124,16,32.33824157714844,1.1242873668670654,4,False
238,detail,3,0.9,123,27,32.97425842285156,1.5245184898376465,3,False
238,detail,3,0.8,123,35,31.329036712646484,1.5322649478912354,3,False
238,detail,3,0.7,124,44,30.22806739807129,1.5571119785308838,2,False
238,detail,3,0.6,140,22,28.117685317993164,0.39189743995666504,2,False
239,coarse,1,0.3,60,0,19.388126373291016,,,True
239,coarse,2,0.3,0,0,19.474971771240234,,,True
239,coarse,3,0.5,34,0,25.55421257019043,,,True
239,detail,1,1.0,123,16,32.54831314086914,1.09553861618042,4,False
239,detail,1,0.9,122,27,33.00154495239258,1.415191888809204,3,False
239,detail,1,0.8,122,35,31.126073837280273,1.401566743850708,3,False
239,detail,1,0.7,125,44,30.15658950805664,1.4513814449310303,2,False
239,detail,1,0.6,107,16,29.095762252807617,0.5637714862823486,2,False
239,detail,2,1.0,0,4,32.01979064941406,0.6811838150024414,4,False
239,detail,2,0.9,0,12,32.87033462524414,0.7126185894012451,3,False
239,detail,2,0.8,6,9,31.276838302612305,0.6695747375488281,3,False
239,detail,2,0.7,2,6,28.576251983642578,0.7164373397827148,2,False
239,detail,2,0.6,8,8,26.1829776763916,0.8502144813537598,2,False
239,detail,3,1.0,75,18,31.51436996459961,1.513169527053833,4,False
239,detail,3,0.9,74,27,29.335285186767578,1.5356581211090088,3,False
239,detail,3,0.8,74,33,29.313329696655273,1.2769701480865479,3,False
239,detail,3,0.7,84,42,28.188127517700195,1.445622444152832,2,False
239,detail,3,0.6,75,52,24.30011558532715,1.891935110092163,2,True
240,coarse,1,0.3,70,0,19.307205200195312,,,True
240,coarse,2,0.3,0,0,19.402667999267578,,,True
240,coarse,3,0.5,34,0,25.630199432373047,,,True
240,detail,1,1.0,124,16,32.396175384521484,1.0247068405151367,4,False
240,detail,1,0.9,123,27,33.01961898803711,1.3797235488891602,3,False
240,detail,1,0.8,123,35,31.014198303222656,1.3714492321014404,3,False
240,detail,1,0.7,126,44,30.155120849609375,1.3976655006408691,2,False
240,detail,1,0.6,142,22,28.342178344726562,0.3808317184448242,2,False
240,detail,2,1.0,0,8,32.63852310180664,0.9368572235107422,4,False
240,detail,2,0.9,0,12,32.57986831665039,0.7618734836578369,3,False
240,detail,2,0.8,9,0,28.674793243408203,0.7166621685028076,3,False
240,detail,2,0.7,8,0,24.79991340637207,0.9615230560302734,2,False
240,detail,2,0.6,10,8,25.914661407470703,1.1656947135925293,2,False
240,detail,3,1.0,75,18,31.4926700592041,1.4671273231506348,4,False
240,detail,3,0.9,74,27,29.4556941986084,1.487853765487671,3,False
240,detail,3,0.8,74,33,29.64453125,1.2554540634155273,3,False
240,detail,3,0.7,84,42,28.242219924926758,1.4221229553222656,2,False
240,detail,3,0.6,75,52,24.65512466430664,1.9011647701263428,2,True
241,coarse,1,0.3,0,0,19.20574951171875,,,True
241,coarse,2,0.3,68,0,19.30769157409668,,,True
241,coarse,3,0.4,46,0,25.181468963623047,,,True
241,detail,1,1.0,0,4,31.65404510498047,0.8193976879119873,4,False
241,detail,1,0.9,3,0,28.748321533203125,0.830496072769165,3,False
241,detail,1,0.8,3,0,28.030311584472656,0.8793420791625977,3,False
241,detail,1,0.7,8,0,24.643131256103516,0.8908569812774658,2,True
241,detail,1,0.6,10,8,25.74137306213379,1.0054333209991455,2,False
241,detail,2,1.0,124,16,32.625953674316406,1.2867937088012695,4,False
241,detail,2,0.9,138,3,28.35007095336914,1.0091612339019775,3,False
241,detail,2,0.8,141,6,27.061765670776367,0.9883055686950684,3,False
241,detail,2,0.7,140,12,27.22675132751465,0.9273362159729004,2,False
241,detail,2,0.6,138,18,26.260746002197266,1.09206223487854,2,False
241,detail,3,1.0,85,18,31.55036735534668,1.6691341400146484,4,False
241,detail,3,0.9,84,27,30.088403701782227,1.8012750148773193,3,False
241,detail,3,0.8,84,33,29.61659049987793,1.6531147956848145,3,False
241,detail,3,0.7,91,42,28.285985946655273,1.8792166709899902,2,False
241,detail,3,0.6,85,50,25.43271255493164,1.7777807712554932,2,False
242,coarse,1,0.3,0,0,19.329940795898438,,,True
242,coarse,2,0.3,70,0,19.415536880493164,,,True
242,coarse,3,0.5,34,0,26.019901275634766,,,True
242,detail,1,1.0,0,4,31.67296600341797,0.7070150375366211,4,False
242,detail,1,0.9,0,12,32.520023345947266,0.7523508071899414,3,False
242,detail,1,0.8,6,0,28.934669494628906,0.7803201675415039,3,False
242,detail,1,0.7,10,2,28.004802703857422,0.8486526012420654,2,False
242,detail,1,0.6,10,8,26.073381423950195,0.8870565891265869,2,False
242,detail,2,1.0,124,18,33.027610778808594,1.3883905410766602,4,False
242,detail,2,0.9,140,18,33.41402053833008,0.9085311889648438,3,False
242,detail,2,0.8,142,12,29.422319412231445,0.7957522869110107,3,False
242,detail,2,0.7,142,14,27.852479934692383,0.7199676036834717,2,False
242,detail,2,0.6,142,20,28.194774627685547,0.6635801792144775,2,False
242,detail,3,1.0,75,18,31.856613159179688,1.5188701152801514,4,False
242,detail,3,0.9,77,27,30.151947021484375,1.6323328018188477,3,False
242,detail,3,0.8,77,33,29.625879287719727,1.4451916217803955,3,False
242,detail,3,0.7,84,42,29.082473754882812,1.5207607746124268,2,False
242,detail,3,0.6,77,52,24.760927200317383,1.6666841506958008,2,True
243,coarse,1,0.3,0,0,19.579418182373047,,,True
243,coarse,2,0.3,62,0,19.593345642089844,,,True
243,coarse,3,0.5,34,0,26.450788497924805,,,True
243,detail,1,1.0,0,4,32.01630783081055,0.6863527297973633,4,False
243,detail,1,0.9,0,12,32.92621994018555,0.6998381614685059,3,False
243,detail,1,0.8,6,6,29.541614532470703,0.6539764404296875,3,False
243,detail,1,0.7,2,6,28.573667526245117,0.665170431137085,2,False
243,detail,1,0.6,6,14,29.305095672607422,1.0086150169372559,2,False
243,detail,2,1.0,127,16,33.195587158203125,1.008997917175293,4,False
243,detail,2,0.9,123,27,33.569549560546875,1.3211390972137451,3,False
243,detail,2,0.8,123,35,31.5259952545166,1.247148036956787,3,False
243,detail,2,0.7,135,16,29.17391586303711,0.8268468379974365,2,False
243,detail,2,0.6,137,20,28.627788543701172,0.976834774017334,2,False
243,detail,3,1.0,75,18,32.06019592285156,1.4695608615875244,4,False
243,detail,3,0.9,77,27,30.331968307495117,1.5985519886016846,3,False
243,detail,3,0.8,77,33,30.023948669433594,1.3884108066558838,3,False
243,detail,3,0.7,84,42,29.374156951904297,1.4434876441955566,2,False
243,detail,3,0.6,77,52,24.68108558654785,1.6425564289093018,2,True
244,coarse,1,0.3,0,0,19.1312255859375,,,True
244,coarse,2,0.3,64,0,19.45649528503418,,,True
244,coarse,3,0.5,42,0,26.125999450683594,,,True
244,detail,1,1.0,0,8,32.819786071777344,0.8699429035186768,4,False
244,detail,1,0.9,0,12,32.63392639160156,0.6364603042602539,3,False
244,detail,1,0.8,0,18,33.15864944458008,0.6552524566650391,3,False
244,detail,1,0.7,6,6,28.80634880065918,0.6205012798309326,2,False
244,detail,1,0.6,6,14,28.949342727661133,0.7871010303497314,2,False
244,detail,2,1.0,127,16,33.20042419433594,1.0276925563812256,4,False
244,detail,2,0.9,124,27,33.728485107421875,1.5128021240234375,3,False
244,detail,2,0.8,124,35,31.732540130615234,1.399139165878296,3,False
244,detail,2,0.7,127,44,31.048789978027344,1.5296473503112793,2,False
244,detail,2,0.6,142,22,29.10193634033203,0.4762740135192871,2,False
244,detail,3,1.0,83,18,31.719148635864258,1.459615707397461,4,False
244,detail,3,0.9,84,27,29.818424224853516,1.5633625984191895,3,False
244,detail,3,0.8,87,33,29.561349868774414,1.3772554397583008,3,False
244,detail,3,0.7,91,42,28.104963302612305,1.5622384548187256,2,False
244,detail,3,0.6,77,52,24.470685958862305,1.6291301250457764,2,True
245,coarse,1,0.3,0,0,19.16168212890625,,,True
245,coarse,2,0.3,62,0,19.361337661743164,,,True
245,coarse,3,0.5,34,2,26.42131996154785,,,True
245,detail,1,1.0,0,8,32.979286193847656,0.7193615436553955,4,False
245,detail,1,0.9,0,18,34.54850387573242,0.9006028175354004,3,False
245,detail,1,0.8,12,18,34.897090911865234,0.5276589393615723,3,False
245,detail,1,0.7,20,10,29.43262481689453,0.2786693572998047,2,False
245,detail,1,0.6,6,14,29.082738876342773,0.29556751251220703,2,False
245,detail,2,1.0,127,16,32.965450286865234,1.0000808238983154,4,False
245,detail,2,0.9,123,27,33.86670684814453,1.3079195022583008,3,False
245,detail,2,0.8,123,35,31.993078231811523,1.2345733642578125,3,False
245,detail,2,0.7,127,44,30.785932540893555,1.4054803848266602,2,False
245,detail,2,0.6,127,52,29.962289810180664,1.7077009677886963,2,False
245,detail,3,1.0,77,18,32.08323287963867,1.2436730861663818,4,False
245,detail,3,0.9,77,27,29.963024139404297,1.3609299659729004,3,False
245,detail,3,0.8,77,33,29.53835105895996,1.1177215576171875,3,False
245,detail,3,0.7,79,42,29.355712890625,0.972588300704956,2,False
245,detail,3,0.6,77,52,24.34122657775879,1.632415533065796,2,True
246,coarse,1,0.3,2,0,19.2486629486084,,,True
246,coarse,2,0.3,62,0,19.33884048461914,,,True
246,coarse,3,0.5,34,2,26.61452293395996,,,True
246,detail,1,1.0,0,8,33.22139358520508,0.6875202655792236,4,False
246,detail,1,0.9,0,18,34.808536529541016,0.8965997695922852,3,False
246,detail,1,0.8,15,35,34.85379409790039,1.8669044971466064,3,False
246,detail,1,0.7,20,10,29.500455856323242,0.3820827007293701,2,False
246,detail,1,0.6,16,16,28.984907150268555,0.16954374313354492,2,False
246,detail,2,1.0,127,16,32.84778594970703,0.983123779296875,4,False
246,detail,2,0.9,126,27,33.966644287109375,1.4301297664642334,3,False
246,detail,2,0.8,126,35,32.08172607421875,1.3114421367645264,3,False
246,detail,2,0.7,127,44,30.770864486694336,1.3361790180206299,2,False
246,detail,2,0.6,111,18,28.54267120361328,1.830533742904663,2,False
246,detail,3,1.0,77,18,32.10397720336914,1.2838256359100342,4,False
246,detail,3,0.9,77,27,29.88275909423828,1.3928415775299072,3,False
246,detail,3,0.8,77,33,29.83115005493164,1.1665575504302979,3,False
246,detail,3,0.7,79,42,29.55168342590332,1.078775405883789,2,False
246,detail,3,0.6,77,52,24.634958267211914,1.683717966079712,2,True
247,coarse,1,0.3,0,0,19.242877960205078,,,True
247,coarse,2,0.3,62,0,19.305803298950195,,,True
247,coarse,3,0.5,36,0,26.597976684570312,,,True
247,detail,1,1.0,0,8,33.216304779052734,0.7800154685974121,4,False
247,detail,1,0.9,0,18,34.87662124633789,0.9342770576477051,3,False
247,detail,1,0.8,12,18,34.791587829589844,0.6389191150665283,3,False
247,detail,1,0.7,20,10,29.48402214050293,0.3904263973236084,2,False
247,detail,1,0.6,16,16,28.981992721557617,0.17425203323364258,2,False
247,detail,2,1.0,127,16,32.72433090209961,0.996126651763916,4,False
247,detail,2,0.9,126,27,33.8311767578125,1.412667989730835,3,False
247,detail,2,0.8,126,35,31.969301223754883,1.3042163848876953,3,False
247,detail,2,0.7,127,44,30.668638229370117,1.3517048358917236,2,False
247,detail,2,0.6,111,18,28.488431930541992,1.8446130752563477,2,False
247,detail,3,1.0,79,18,32.545654296875,1.253066062927246,4,False
247,detail,3,0.9,78,27,30.19639778137207,1.376551628112793,3,False
247,detail,3,0.8,78,33,29.668066024780273,1.1456727981567383,3,False
247,detail,3,0.7,87,42,28.714412689208984,1.2183423042297363,2,False
247,detail,3,0.6,77,52,24.59687614440918,1.6662185192108154,2,True
248,coarse,1,0.3,2,0,19.29056167602539,,,True
248,coarse,2,0.3,64,0,19.56926155090332,,,True
248,coarse,3,0.5,42,0,26.219696044921875,,,True
248,detail,1,1.0,4,8,33.352500915527344,0.7800991535186768,4,False
248,detail,1,0.9,15,15,35.00874328613281,0.5902278423309326,3,False
248,detail,1,0.8,12,18,34.936004638671875,0.6723027229309082,3,False
248,detail,1,0.7,10,10,29.559581756591797,0.5082764625549316,2,False
248,detail,1,0.6,16,16,29.050952911376953,0.24091172218322754,2,False
248,detail,2,1.0,127,16,32.8697395324707,0.9161984920501709,4,False
248,detail,2,0.9,127,27,34.21522903442383,1.2936503887176514,3,False
248,detail,2,0.8,124,35,32.53099822998047,1.1275913715362549,3,False
248,detail,2,0.7,127,44,31.195615768432617,1.2353672981262207,2,False
248,detail,2,0.6,127,52,30.405384063720703,1.6307334899902344,2,False
248,detail,3,1.0,87,18,31.86635398864746,1.422945499420166,4,False
248,detail,3,0.9,78,27,30.066757202148438,1.4879655838012695,3,False
248,detail,3,0.8,87,33,29.660152435302734,1.3869764804840088,3,False
248,detail,3,0.7,91,42,28.451313018798828,1.5844473838806152,2,False
248,detail,3,0.6,79,52,24.832441329956055,1.7130444049835205,2,True
249,coarse,1,0.3,2,0,19.276212692260742,,,True
249,coarse,2,0.3,64,0,19.32748794555664,,,True
249,coarse,3,0.5,36,0,26.145092010498047,,,True
249,detail,1,1.0,0,4,32.0183219909668,0.8286736011505127,4,False
249,detail,1,0.9,3,9,31.16263198852539,0.7756855487823486,3,False
249,detail,1,0.8,6,0,28.482675552368164,0.6736447811126709,3,False
249,detail,1,0.7,12,2,27.679155349731445,0.7765209674835205,2,False
249,detail,1,0.6,12,8,25.65610694885254,0.9400572776794434,2,False
249,detail,2,1.0,127,16,32.82318878173828,0.9269347190856934,4,False
249,detail,2,0.9,127,27,34.03987503051758,1.3471603393554688,3,False
249,detail,2,0.8,127,35,32.34258270263672,1.3421556949615479,3,False
249,detail,2,0.7,129,44,31.164140701293945,1.3992860317230225,2,False
249,detail,2,0.6,129,52,30.255094528198242,1.722078800201416,2,False
249,detail,3,1.0,79,18,32.16420364379883,1.3815910816192627,4,False
249,detail,3,0.9,78,27,29.981422424316406,1.4675066471099854,3,False
249,detail,3,0.8,78,33,29.804885864257812,1.197490930557251,3,False
249,detail,3,0.7,88,42,28.725011825561523,1.450554609298706,2,False
249,detail,3,0.6,79,52,24.4603271484375,1.7948856353759766,2,True
250,coarse,1,0.3,66,0,19.48453712463379,,,True
250,coarse,2,0.3,14,0,19.495203018188477,,,True
250,coarse,3,0.5,36,0,26.009666442871094,,,True
250,detail,1,1.0,127,16,32.874629974365234,1.0843465328216553,4,False
250,detail,1,0.9,128,27,34.12068176269531,1.4815449714660645,3,False
250,detail,1,0.8,125,35,32.38233947753906,1.3577096462249756,3,False
250,detail,1,0.7,129,44,31.02451515197754,1.5280349254608154,2,False
250,detail,1,0.6,146,22,28.411733627319336,0.2368180751800537,2,False
250,detail,2,1.0,33,12,32.692588806152344,0.7496519088745117,4,False
250,detail,2,0.9,15,9,33.05694580078125,0.662712574005127,3,False
250,detail,2,0.8,15,3,28.444805145263672,0.7325184345245361,3,False
250,detail,2,0.7,15,2,28.387357711791992,0.7038156986236572,2,False
250,detail,2,0.6,15,8,26.264684677124023,0.8872551918029785,2,False
250,detail,3,1.0,79,18,31.939252853393555,1.378603458404541,4,False
250,detail,3,0.9,78,27,29.916301727294922,1.4585864543914795,3,False
250,detail,3,0.8,78,33,30.067548751831055,1.197180986404419,3,False
250,detail,3,0.7,88,42,29.08989715576172,1.39933180809021,2,False
250,detail,3,0.6,79,52,24.544832229614258,1.8992366790771484,2,True
251,coarse,1,0.3,70,2,19.2364559173584,,,True
251,coarse,2,0.3,2,0,19.275819778442383,,,True
251,coarse,3,0.5,36,0,25.96000862121582,,,True
251,detail,1,1.0,128,16,32.79411697387695,1.1055395603179932,4,False
251,detail,1,0.9,126,27,34.05508041381836,1.4658904075622559,3,False
251,detail,1,0.8,142,15,29.571706771850586,0.7259366512298584,3,False
251,detail,1,0.7,144,16,28.546621322631836,0.5877249240875244,2,False
251,detail,1,0.6,140,20,28.16653823852539,0.7629971504211426,2,False
251,detail,2,1.0,4,8,33.354896545410156,0.8402292728424072,4,False
251,detail,2,0.9,3,12,32.870216369628906,0.6486783027648926,3,False
251,detail,2,0.8,9,0,29.04538345336914,0.6831374168395996,3,False
251,detail,2,0.7,12,2,27.758991241455078,0.7505912780761719,2,False
251,detail,2,0.6,14,8,25.57428741455078,0.7846617698669434,2,False
251,detail,3,1.0,79,18,31.83289909362793,1.3856167793273926,4,False
251,detail,3,0.9,78,27,29.909809112548828,1.426971673965454,3,False
251,detail,3,0.8,81,33,30.33733558654785,1.1912455558776855,3,False
251,detail,3,0.7,88,42,29.076475143432617,1.4345335960388184,2,False
251,detail,3,0.6,79,52,24.64881706237793,1.8432223796844482,2,True
252,coarse,1,0.3,2,0,19.1573429107666,,,True
252,coarse,2,0.3,64,0,19.382352828979492,,,True
252,coarse,3,0.5,36,0,26.277976989746094,,,True
252,detail,1,1.0,4,4,31.89394760131836,0.7855014801025391,4,False
252,detail,1,0.9,6,0,28.99004554748535,0.7792973518371582,3,False
252,detail,1,0.8,3,0,27.797941207885742,0.8411509990692139,3,False
252,detail,1,0.7,12,0,24.379709243774414,1.0531024932861328,2,False
252,detail,1,0.6,12,6,23.607059478759766,0.9702205657958984,2,True
252,detail,2,1.0,127,16,33.13956069946289,1.2570595741271973,4,False
252,detail,2,0.9,127,27,33.95213317871094,1.5709002017974854,3,False
252,detail,2,0.8,127,35,32.001319885253906,1.48592209815979,3,False
252,detail,2,0.7,129,44,30.934354782104492,1.5134174823760986,2,False
252,detail,2,0.6,141,20,28.110963821411133,0.8026638031005859,2,False
252,detail,3,1.0,79,18,32.24653625488281,1.6264586448669434,4,False
252,detail,3,0.9,78,27,30.405672073364258,1.7332954406738281,3,False
252,detail,3,0.8,81,33,30.473848342895508,1.414604902267456,3,False
252,detail,3,0.7,79,10,29.02907943725586,1.053638219833374,2,False
252,detail,3,0.6,81,52,24.999921798706055,1.7158818244934082,2,False
253,coarse,1,0.3,0,0,19.06856346130371,,,True
253,coarse,2,0.3,56,2,19.450212478637695,,,True
253,coarse,3,0.4,20,2,25.221202850341797,,,True
253,detail,1,1.0,0,0,30.476009368896484,1.1122851371765137,4,False
253,detail,1,0.9,15,0,28.93048667907715,1.126786470413208,3,False
253,detail,1,0.8,3,0,27.224674224853516,1.0273511409759521,3,False
253,detail,1,0.7,14,0,24.165494918823242,1.1168642044067383,2,True
253,detail,1,0.6,14,8,24.964853286743164,1.029893398284912,2,False
253,detail,2,1.0,115,18,33.6272087097168,1.0796282291412354,4,False
253,detail,2,0.9,117,27,34.706520080566406,1.189563274383545,3,False
253,detail,2,0.8,117,35,32.46173858642578,1.214322805404663,3,False
253,detail,2,0.7,99,6,26.734529495239258,1.1449403762817383,2,False
253,detail,2,0.6,99,10,25.610191345214844,1.1886601448059082,2,False
253,detail,3,1.0,33,4,30.330175399780273,0.9627752304077148,4,False
253,detail,3,0.9,38,0,27.06787109375,1.045832872390747,3,False
253,detail,3,0.8,38,6,26.839628219604492,1.079117774963379,3,False
253,detail,3,0.7,45,2,25.65390396118164,1.3693556785583496,2,False
253,detail,3,0.6,43,10,25.211271286010742,1.1572706699371338,2,False
254,coarse,1,0.3,2,0,19.05413055419922,,,True
254,coarse,2,0.3,73,4,19.49951171875,,,True
254,coarse,3,0.4,48,0,25.35807991027832,,,True
254,detail,1,1.0,4,4,31.614582061767578,0.8421649932861328,4,False
254,detail,1,0.9,15,0,28.931428909301758,1.1475744247436523,3,False
254,detail,1,0.8,0,0,27.790613174438477,1.0449886322021484,3,False
254,detail,1,0.7,14,0,24.16303253173828,1.1014313697814941,2,True
254,detail,1,0.6,14,8,25.006383895874023,0.9320056438446045,2,False
254,detail,2,1.0,128,16,33.02690505981445,1.0315825939178467,4,False
254,detail,2,0.9,126,27,33.90281295776367,1.2998673915863037,3,False
254,detail,2,0.8,126,35,32.406227111816406,1.2911155223846436,3,False
254,detail,2,0.7,145,18,29.812278747558594,0.5862698554992676,2,False
254,detail,2,0.6,147,20,27.822887420654297,0.3878026008605957,2,False
254,detail,3,1.0,89,18,32.19467544555664,1.7285146713256836,4,False
254,detail,3,0.9,88,27,30.519248962402344,1.907454013824463,3,False
254,detail,3,0.8,85,0,28.753787994384766,1.1451013088226318,3,False
254,detail,3,0.7,87,2,28.231719970703125,1.0539329051971436,2,False
254,detail,3,0.6,85,2,25.657888412475586,1.4412634372711182,2,False
255,coarse,1,0.3,2,0,19.17388343811035,,,True
255,coarse,2,0.3,70,2,19.427278518676758,,,True
255,coarse,3,0.4,48,0,25.571491241455078,,,True
255,detail,1,1.0,0,4,32.699119567871094,1.066974401473999,4,False
255,detail,1,0.9,15,6,31.14432716369629,0.7168705463409424,3,False
255,detail,1,0.8,15,3,28.25801658630371,0.7558870315551758,3,False
255,detail,1,0.7,14,2,27.058176040649414,1.1303291320800781,2,False
255,detail,1,0.6,8,8,27.058334350585938,1.1157517433166504,2,False
255,detail,2,1.0,128,18,33.14513397216797,1.31605863571167,4,False
255,detail,2,0.9,129,27,33.879356384277344,1.4754540920257568,3,False
255,detail,2,0.8,129,35,32.20631790161133,1.4651157855987549,3,False
255,detail,2,0.7,145,18,29.873905181884766,0.5990209579467773,2,False
255,detail,2,0.6,147,20,27.85467529296875,0.3599889278411865,2,False
255,detail,3,1.0,89,18,32.11326217651367,1.7392394542694092,4,False
255,detail,3,0.9,88,27,30.41669464111328,1.9052948951721191,3,False
255,detail,3,0.8,91,35,30.419586181640625,1.9330272674560547,3,False
255,detail,3,0.7,110,12,28.29129409790039,1.205291748046875,2,False
255,detail,3,0.6,89,50,26.270700454711914,1.6273653507232666,2,True
256,coarse,1,0.3,2,0,19.246999740600586,,,True
256,coarse,2,0.3,64,0,19.37204933166504,,,True
256,coarse,3,0.5,36,2,26.55886459350586,,,True
256,detail,1,1.0,0,4,32.750938415527344,1.0409836769104004,4,False
256,detail,1,0.9,0,9,31.708959579467773,1.1106715202331543,3,False
256,detail,1,0.8,0,6,30.202495574951172,0.9892270565032959,3,False
256,detail,1,0.7,6,6,28.007083892822266,1.0591299533843994,2,False
256,detail,1,0.6,14,8,25.23103141784668,0.948991060256958,2,False
256,detail,2,1.0,131,16,33.08110427856445,0.9395043849945068,4,False
256,detail,2,0.9,127,27,33.98184585571289,1.418126106262207,3,False
256,detail,2,0.8,127,35,32.39106369018555,1.3410913944244385,3,False
256,detail,2,0.7,131,44,31.249500274658203,1.5142993927001953,2,False
256,detail,2,0.6,142,20,28.42386245727539,0.7523448467254639,2,False
256,detail,3,1.0,81,18,32.74342727661133,1.530104637145996,4,False
256,detail,3,0.9,81,27,30.738988876342773,1.6146349906921387,3,False
256,detail,3,0.8,81,33,30.62859344482422,1.459566593170166,3,False
256,detail,3,0.7,81,0,27.923662185668945,0.9533495903015137,2,False
256,detail,3,0.6,81,52,25.11031150817871,1.6922423839569092,2,True
257,coarse,1,0.3,0,0,19.378429412841797,,,True
257,coarse,2,0.3,64,0,19.493057250976562,,,True
257,coarse,3,0.4,20,2,25.563871383666992,,,True
257,detail,1,1.0,4,4,31.643705368041992,0.9482347965240479,4,False
257,detail,1,0.9,12,3,30.395801544189453,0.8000509738922119,3,False
257,detail,1,0.8,6,0,27.892118453979492,0.8794684410095215,3,False
257,detail,1,0.7,14,0,24.411657333374023,1.1672487258911133,2,True
257,detail,1,0.6,16,8,25.380231857299805,1.0382988452911377,2,False
257,detail,2,1.0,131,16,33.00360870361328,0.9748170375823975,4,False
257,detail,2,0.9,127,27,33.912391662597656,1.4597864151000977,3,False
257,detail,2,0.8,127,35,32.21581268310547,1.4075422286987305,3,False
257,detail,2,0.7,131,44,30.80124282836914,1.5629477500915527,2,False
257,detail,2,0.6,137,22,27.759737014770508,0.8843791484832764,2,False
257,detail,3,1.0,37,8,30.977949142456055,0.8572878837585449,4,False
257,detail,3,0.9,49,3,30.19050407409668,0.84476637840271,3,False
257,detail,3,0.8,47,6,28.003326416015625,0.762798547744751,3,False
257,detail,3,0.7,43,10,27.76202392578125,0.869452714920044,2,False
257,detail,3,0.6,47,10,26.53873634338379,0.8838014602661133,2,False
258,coarse,1,0.3,16,0,19.452091217041016,,,True
258,coarse,2,0.3,72,0,19.562301635742188,,,True
258,coarse,3,0.5,44,0,26.57845687866211,,,True
258,detail,1,1.0,37,8,31.0518741607666,0.9826323986053467,4,False
258,detail,1,0.9,39,6,30.138086318969727,0.9160981178283691,3,False
258,detail,1,0.8,41,3,27.374408721923828,0.9725158214569092,3,False
258,detail,1,0.7,41,10,26.44245719909668,1.1450703144073486,2,False
258,detail,1,0.6,43,10,26.163494110107422,1.1497182846069336,2,False
258,detail,2,1.0,132,16,33.11766815185547,0.9843864440917969,4,False
258,detail,2,0.9,129,27,33.62678146362305,1.586425542831421,3,False
258,detail,2,0.8,129,35,31.526315689086914,1.5575833320617676,3,False
258,detail,2,0.7,132,44,30.704872131347656,1.6522784233093262,2,False
258,detail,2,0.6,147,22,28.934249877929688,0.3082766532897949,2,False
258,detail,3,1.0,91,18,32.21817398071289,1.6598079204559326,4,False
258,detail,3,0.9,88,27,30.14499282836914,1.8460969924926758,3,False
258,detail,3,0.8,91,35,30.054176330566406,1.8750317096710205,3,False
258,detail,3,0.7,81,2,27.887027740478516,0.9527311325073242,2,False
258,detail,3,0.6,83,52,24.703937530517578,1.7710895538330078,2,True
259,coarse,1,0.3,16,0,19.393409729003906,,,True
259,coarse,2,0.3,66,0,19.565935134887695,,,True
259,coarse,3,0.5,44,0,26.507198333740234,,,True
259,detail,1,1.0,37,4,30.984560012817383,0.8857042789459229,4,False
259,detail,1,0.9,39,6,30.282888412475586,0.9654641151428223,3,False
259,detail,1,0.8,40,3,27.009340286254883,0.9667847156524658,3,False
259,detail,1,0.7,41,10,26.543060302734375,1.2738962173461914,2,False
259,detail,1,0.6,43,10,26.33749008178711,1.3025970458984375,2,False
259,detail,2,1.0,131,16,32.62662124633789,1.0904991626739502,4,False
259,detail,2,0.9,128,27,33.50288391113281,1.5962121486663818,3,False
259,detail,2,0.8,128,35,31.542755126953125,1.502242088317871,3,False
259,detail,2,0.7,131,44,30.250452041625977,1.6251356601715088,2,False
259,detail,2,0.6,143,20,28.906949996948242,0.8035805225372314,2,False
259,detail,3,1.0,91,18,32.04679870605469,1.653153657913208,4,False
259,detail,3,0.9,88,27,29.928796768188477,1.8525927066802979,3,False
259,detail,3,0.8,82,33,29.894872665405273,1.524618148803711,3,False
259,detail,3,0.7,81,0,27.665664672851562,0.9952785968780518,2,False
259,detail,3,0.6,83,52,24.340518951416016,1.6846981048583984,2,True
260,coarse,1,0.3,16,0,19.324312210083008,,,True
260,coarse,2,0.3,70,0,19.5390682220459,,,True
260,coarse,3,0.4,48,4,26.154539108276367,,,True
260,detail,1,1.0,35,4,30.709901809692383,0.9401805400848389,4,False
260,detail,1,0.9,39,6,30.081478118896484,0.956263542175293,3,False
260,detail,1,0.8,40,3,26.80702781677246,0.9898388385772705,3,False
260,detail,1,0.7,39,10,26.136930465698242,1.0043354034423828,2,False
260,detail,1,0.6,43,10,26.331388473510742,1.2996313571929932,2,False
260,detail,2,1.0,132,16,32.81480026245117,1.1845695972442627,4,False
260,detail,2,0.9,129,27,33.71427917480469,1.609886884689331,3,False
260,detail,2,0.8,129,35,31.71238899230957,1.5138392448425293,3,False
260,detail,2,0.7,142,14,28.907197952270508,1.0204098224639893,2,False
260,detail,2,0.6,138,22,27.733537673950195,1.3844459056854248,2,False
260,detail,3,1.0,89,18,31.859027862548828,1.4974021911621094,4,False
260,detail,3,0.9,88,27,30.01559829711914,1.6019597053527832,3,False
260,detail,3,0.8,94,35,29.508304595947266,1.638751745223999,3,False
260,detail,3,0.7,97,42,28.271692276000977,1.6717913150787354,2,False
260,detail,3,0.6,85,50,25.38405990600586,1.1832263469696045,2,True
261,coarse,1,0.3,16,0,19.34090232849121,,,True
261,coarse,2,0.3,66,0,19.543861389160156,,,True
261,coarse,3,0.5,38,0,26.352584838867188,,,True
261,detail,1,1.0,37,4,30.908416748046875,0.8869614601135254,4,False
261,detail,1,0.9,39,6,29.93570899963379,0.9172828197479248,3,False
261,detail,1,0.8,40,3,26.666444778442383,0.9566035270690918,3,False
261,detail,1,0.7,41,10,26.404701232910156,1.2336883544921875,2,False
261,detail,1,0.6,45,10,26.2122745513916,1.2601592540740967,2,False
261,detail,2,1.0,131,16,32.96305465698242,1.1706929206848145,4,False
261,detail,2,0.9,131,27,34.055381774902344,1.5822036266326904,3,False
261,detail,2,0.8,131,35,32.1614990234375,1.6012959480285645,3,False
261,detail,2,0.7,133,44,30.857179641723633,1.6620914936065674,2,False
261,detail,2,0.6,143,20,28.977741241455078,1.0796678066253662,2,False
261,detail,3,1.0,71,18,32.44618225097656,1.2928431034088135,4,False
261,detail,3,0.9,82,27,30.142730712890625,1.5191025733947754,3,False
261,detail,3,0.8,82,33,30.046049118041992,1.3160781860351562,3,False
261,detail,3,0.7,81,2,27.720603942871094,1.0172748565673828,2,False
261,detail,3,0.6,83,52,24.104354858398438,1.5705413818359375,2,True
262,coarse,1,0.3,16,0,19.45336151123047,,,True
262,coarse,2,0.3,66,0,19.607181549072266,,,True
262,coarse,3,0.5,38,0,26.432613372802734,,,True
262,detail,1,1.0,35,4,30.79884147644043,1.0518293380737305,4,False
262,detail,1,0.9,39,0,27.75002670288086,0.9814057350158691,3,False
262,detail,1,0.8,40,3,26.57596206665039,1.1325430870056152,3,False
262,detail,1,0.7,41,10,26.336591720581055,1.4312329292297363,2,False
262,detail,1,0.6,45,10,26.109216690063477,1.422828197479248,2,False
262,detail,2,1.0,131,16,33.292118072509766,1.297607421875,4,False
262,detail,2,0.9,134,21,32.84980392456055,0.7794268131256104,3,False
262,detail,2,0.8,141,15,30.581762313842773,0.8586544990539551,3,False
262,detail,2,0.7,143,12,27.800098419189453,1.016362190246582,2,False
262,detail,2,0.6,146,18,26.90401268005371,1.1200006008148193,2,False
262,detail,3,1.0,83,18,32.37019729614258,1.6448290348052979,4,False
262,detail,3,0.9,82,27,30.397552490234375,1.7382006645202637,3,False
262,detail,3,0.8,79,6,28.362577438354492,1.2349400520324707,3,False
262,detail,3,0.7,81,0,27.428415298461914,1.400939702987671,2,False
262,detail,3,0.6,83,52,24.46949577331543,1.6530964374542236,2,True
263,coarse,1,0.3,16,0,19.313392639160156,,,True
263,coarse,2,0.3,72,0,19.484615325927734,,,True
263,coarse,3,0.4,50,0,25.64209747314453,,,True
263,detail,1,1.0,37,4,30.855091094970703,0.9077744483947754,4,False
263,detail,1,0.9,37,12,30.491968154907227,0.9618182182312012,3,False
263,detail,1,0.8,40,3,26.509557723999023,0.9508652687072754,3,False
263,detail,1,0.7,41,10,26.2051944732666,1.1089203357696533,2,False
263,detail,1,0.6,45,10,26.007793426513672,1.3311095237731934,2,False
263,detail,2,1.0,132,16,32.6575813293457,1.2235784530639648,4,False
263,detail,2,0.9,132,27,34.113182067871094,1.6468472480773926,3,False
263,detail,2,0.8,132,35,32.4088020324707,1.6611294746398926,3,False
263,detail,2,0.7,134,44,30.848562240600586,1.7164936065673828,2,False
263,detail,2,0.6,142,20,28.073467254638672,1.0001757144927979,2,False
263,detail,3,1.0,93,18,32.19078826904297,1.6566143035888672,4,False
263,detail,3,0.9,92,27,30.38146209716797,1.848480224609375,3,False
263,detail,3,0.8,95,35,29.438535690307617,1.856025218963623,3,False
263,detail,3,0.7,91,2,28.14158821105957,1.40970778465271,2,False
263,detail,3,0.6,89,2,25.466575622558594,1.919114589691162,2,True
264,coarse,1,0.3,4,0,19.240493774414062,,,True
264,coarse,2,0.3,66,0,19.26175880432129,,,True
264,coarse,3,0.5,38,0,26.374135971069336,,,True
264,detail,1,1.0,0,0,31.211196899414062,1.170074701309204,4,False
264,detail,1,0.9,18,0,29.035432815551758,0.7952406406402588,3,False
264,detail,1,0.8,6,0,27.65842628479004,0.9792745113372803,3,False
264,detail,1,0.7,18,2,26.16305923461914,1.0426769256591797,2,False
264,detail,1,0.6,18,8,24.741065979003906,0.9844894409179688,2,False
264,detail,2,1.0,131,16,33.122947692871094,1.2372150421142578,4,False
264,detail,2,0.9,131,27,33.94621276855469,1.5438830852508545,3,False
264,detail,2,0.8,131,35,31.94247055053711,1.4889287948608398,3,False
264,detail,2,0.7,133,44,30.699602127075195,1.5541086196899414,2,False
264,detail,2,0.6,141,20,27.340375900268555,0.8414835929870605,2,False
264,detail,3,1.0,83,18,32.26625442504883,1.535153865814209,4,False
264,detail,3,0.9,85,27,30.6059627532959,1.6004962921142578,3,False
264,detail,3,0.8,79,6,28.22076988220215,1.089491844177246,3,False
264,detail,3,0.7,83,0,27.381105422973633,1.197202444076538,2,False
264,detail,3,0.6,85,52,24.237686157226562,1.612781286239624,2,True
265,coarse,1,0.3,16,0,19.502992630004883,,,True
265,coarse,2,0.3,60,2,19.708667755126953,,,True
265,coarse,3,0.5,38,2,26.219459533691406,,,True
265,detail,1,1.0,37,4,30.817832946777344,1.0530755519866943,4,False
265,detail,1,0.9,19,0,29.092269897460938,1.0600297451019287,3,False
265,detail,1,0.8,41,3,26.637418746948242,1.0765836238861084,3,False
265,detail,1,0.7,19,0,24.519886016845703,1.3432683944702148,2,True
265,detail,1,0.6,19,8,25.268220901489258,1.6737205982208252,2,False
265,detail,2,1.0,119,18,33.884029388427734,1.3340647220611572,4,False
265,detail,2,0.9,122,27,34.89104080200195,1.4730873107910156,3,False
265,detail,2,0.8,122,35,32.77495193481445,1.51670503616333,3,False
265,detail,2,0.7,132,44,31.680194854736328,1.7093064785003662,2,False
265,detail,2,0.6,107,12,27.73733901977539,1.3153831958770752,2,False
265,detail,3,1.0,83,18,32.362430572509766,1.6094818115234375,4,False
265,detail,3,0.9,85,27,30.502389907836914,1.71915602684021,3,False
265,detail,3,0.8,85,35,30.2418155670166,1.7569701671600342,3,False
265,detail,3,0.7,83,0,27.00290870666504,1.161137342453003,2,False
265,detail,3,0.6,85,52,24.703716278076172,1.8572473526000977,2,False
266,coarse,1,0.3,16,0,19.450990676879883,,,True
266,coarse,2,0.3,60,2,19.77907371520996,,,True
266,coarse,3,0.5,38,2,26.382497787475586,,,True
266,detail,1,1.0,37,8,31.350767135620117,0.9364533424377441,4,False
266,detail,1,0.9,39,12,30.521141052246094,0.9740490913391113,3,False
266,detail,1,0.8,19,9,29.723852157592773,0.7379286289215088,3,False
266,detail,1,0.7,19,2,26.268903732299805,1.0559134483337402,2,False
266,detail,1,0.6,19,8,25.09450340270996,1.073498249053955,2,False
266,detail,2,1.0,119,18,33.94902420043945,1.303528070449829,4,False
266,detail,2,0.9,122,27,34.92342758178711,1.4740357398986816,3,False
266,detail,2,0.8,122,35,32.7554931640625,1.4748244285583496,3,False
266,detail,2,0.7,113,14,28.599796295166016,1.5909771919250488,2,False
266,detail,2,0.6,107,12,27.85955810546875,1.3922467231750488,2,False
266,detail,3,1.0,85,18,32.45703125,1.458479642868042,4,False
266,detail,3,0.9,85,27,30.447040557861328,1.5263643264770508,3,False
266,detail,3,0.8,85,35,30.262514114379883,1.5714044570922852,3,False
266,detail,3,0.7,87,42,30.00043296813965,1.3610618114471436,2,False
266,detail,3,0.6,85,52,24.69927215576172,1.6332859992980957,2,True
267,coarse,1,0.3,16,0,19.894989013671875,,,True
267,coarse,2,0.3,58,2,20.111806869506836,,,True
267,detail,1,1.0,37,12,33.101253509521484,1.0525572299957275,4,False
267,detail,1,0.9,39,15,31.605283737182617,0.9113030433654785,3,False
267,detail,1,0.8,40,21,32.68518829345703,0.9210786819458008,3,False
267,detail,1,0.7,44,14,28.851932525634766,1.001499891281128,2,False
267,detail,1,0.6,45,16,27.698535919189453,1.125364065170288,2,False
267,detail,2,1.0,121,18,34.07963180541992,1.2193219661712646,4,False
267,detail,2,0.9,123,27,35.02760696411133,1.3355634212493896,3,False
267,detail,2,0.8,124,35,32.888160705566406,1.358323574066162,3,False
267,detail,2,0.7,113,14,28.825550079345703,1.596717357635498,2,False
267,detail,2,0.6,103,14,27.54030990600586,1.3844537734985352,2,True
268,coarse,1,0.3,4,0,19.348602294921875,,,True
268,coarse,2,0.3,68,0,19.414230346679688,,,True
268,coarse,3,0.5,46,0,26.010265350341797,,,True
268,detail,1,1.0,0,4,31.6326847076416,1.0829713344573975,4,False
268,detail,1,0.9,0,9,30.88007354736328,0.9881572723388672,3,False
268,detail,1,0.8,0,6,28.922088623046875,0.962174654006958,3,False
268,detail,1,0.7,10,8,28.0588321685791,0.7946627140045166,2,False
268,detail,1,0.6,20,10,27.124570846557617,0.8661222457885742,2,False
268,detail,2,1.0,136,16,32.52740478515625,1.1620848178863525,4,False
268,detail,2,0.9,132,27,34.28429412841797,1.699876070022583,3,False
268,detail,2,0.8,132,35,32.7161750793457,1.7141902446746826,3,False
268,detail,2,0.7,134,44,32.01399612426758,1.7875840663909912,2,False
268,detail,2,0.6,130,52,30.559574127197266,2.324004650115967,2,False
268,detail,3,1.0,95,18,32.50680923461914,1.530268669128418,4,False
268,detail,3,0.9,92,27,30.504104614257812,1.7861251831054688,3,False
268,detail,3,0.8,95,35,29.890682220458984,1.824341058731079,3,False
268,detail,3,0.7,99,42,29.348495483398438,1.8263773918151855,2,False
268,detail,3,0.6,85,52,25.52427101135254,1.6648004055023193,2,True
269,coarse,1,0.3,2,0,19.773178100585938,,,True
269,coarse,2,0.3,68,0,20.397188186645508,,,True
269,coarse,3,0.4,22,2,24.515398025512695,,,True
269,detail,1,1.0,8,12,32.4982795715332,1.0135581493377686,4,False
269,detail,1,0.9,0,12,32.612300872802734,1.061079740524292,3,False
269,detail,1,0.8,0,15,31.78697395324707,1.138317346572876,3,False
269,detail,1,0.7,0,10,28.054105758666992,1.2594490051269531,2,False
269,detail,1,0.6,16,16,28.12373924255371,0.6817500591278076,2,False
269,detail,2,1.0,136,16,32.3473014831543,1.0345768928527832,4,False
269,detail,2,0.9,138,24,34.35430145263672,0.9476189613342285,3,False
269,detail,2,0.8,123,35,33.02256393432617,1.4699327945709229,3,False
269,detail,2,0.7,134,44,32.81919479370117,1.5797755718231201,2,False
269,detail,2,0.6,147,30,30.83267593383789,0.7450637817382812,2,False
269,detail,3,1.0,41,8,30.058963775634766,0.9527626037597656,4,False
269,detail,3,0.9,51,0,27.228992462158203,1.185222864151001,3,False
269,detail,3,0.8,45,6,26.862834930419922,1.0376615524291992,3,False
269,detail,3,0.7,43,10,25.394136428833008,1.1190037727355957,2,False
269,detail,3,0.6,47,10,25.14869499206543,1.2179388999938965,2,True
270,coarse,1,0.3,6,0,19.62669563293457,,,True
270,coarse,2,0.3,73,0,19.89158058166504,,,True
270,coarse,3,0.5,40,0,26.011411666870117,,,True
270,detail,1,1.0,8,12,32.389286041259766,0.9025607109069824,4,False
270,detail,1,0.9,0,12,32.782291412353516,1.04579758644104,3,False
270,detail,1,0.8,0,18,32.410804748535156,0.9583196640014648,3,False
270,detail,1,0.7,0,22,33.06782913208008,1.0921037197113037,2,False
270,detail,1,0.6,16,16,28.20669937133789,0.549628496170044,2,False
270,detail,2,1.0,136,16,31.831533432006836,1.1742701530456543,4,False
270,detail,2,0.9,138,24,33.84037780761719,1.1365678310394287,3,False
270,detail,2,0.8,123,35,32.984039306640625,1.6963880062103271,3,False
270,detail,2,0.7,136,44,32.241119384765625,1.7963206768035889,2,False
270,detail,2,0.6,147,30,30.59483528137207,0.9610800743103027,2,False
270,detail,3,1.0,75,18,32.71708679199219,1.1075620651245117,4,False
270,detail,3,0.9,86,27,30.822555541992188,1.320608139038086,3,False
270,detail,3,0.8,86,33,30.481708526611328,1.0435290336608887,3,False
270,detail,3,0.7,89,42,30.275096893310547,1.1648504734039307,2,False
270,detail,3,0.6,87,52,25.682878494262695,1.7476215362548828,2,True
271,coarse,1,0.3,6,0,19.52829360961914,,,True
271,coarse,2,0.3,73,0,19.947368621826172,,,True
271,coarse,3,0.5,40,0,25.935405731201172,,,True
271,detail,1,1.0,0,4,31.94959831237793,1.0784742832183838,4,False
271,detail,1,0.9,0,12,32.841922760009766,1.0104734897613525,3,False
271,detail,1,0.8,0,18,32.464115142822266,0.9348196983337402,3,False
271,detail,1,0.7,0,22,33.178131103515625,1.081080675125122,2,False
271,detail,1,0.6,16,16,28.190227508544922,0.6687929630279541,2,False
271,detail,2,1.0,136,16,31.82737922668457,1.1600723266601562,4,False
271,detail,2,0.9,138,24,33.84602737426758,1.1387109756469727,3,False
271,detail,2,0.8,123,35,33.022979736328125,1.6829719543457031,3,False
271,detail,2,0.7,136,44,32.150421142578125,1.8015122413635254,2,False
271,detail,2,0.6,147,30,30.635770797729492,0.9475786685943604,2,False
271,detail,3,1.0,75,18,32.72765350341797,1.1346149444580078,4,False
271,detail,3,0.9,86,27,30.722763061523438,1.4098141193389893,3,False
271,detail,3,0.8,86,33,30.375774383544922,1.1550507545471191,3,False
271,detail,3,0.7,89,42,30.262739181518555,1.2620673179626465,2,False
271,detail,3,0.6,87,52,25.456924438476562,1.7542462348937988,2,True
272,coarse,1,0.3,18,0,20.203262329101562,,,True
272,coarse,2,0.3,68,0,20.370277404785156,,,True
272,coarse,3,0.5,40,0,26.560985565185547,,,True
272,detail,1,1.0,41,12,32.96375274658203,0.8940787315368652,4,False
272,detail,1,0.9,43,18,33.837459564208984,0.900444507598877,3,False
272,detail,1,0.8,44,21,33.38693618774414,0.8930244445800781,3,False
272,detail,1,0.7,48,10,28.59638786315918,0.9796557426452637,2,False
272,detail,1,0.6,50,12,28.413711547851562,0.991748571395874,2,False
272,detail,2,1.0,136,16,32.604454040527344,0.9436559677124023,4,False
272,detail,2,0.9,135,27,34.315773010253906,1.4219348430633545,3,False
272,detail,2,0.8,135,35,32.595699310302734,1.5053081512451172,3,False
272,detail,2,0.7,136,44,31.107580184936523,1.5355560779571533,2,False
272,detail,2,0.6,132,52,29.977083206176758,2.051593065261841,2,False
272,detail,3,1.0,87,18,32.35396194458008,1.2370827198028564,4,False
272,detail,3,0.9,86,27,30.141782760620117,1.259847640991211,3,False
272,detail,3,0.8,86,33,30.065603256225586,0.9511091709136963,3,False
272,detail,3,0.7,96,42,29.45442771911621,1.3735885620117188,2,False
272,detail,3,0.6,87,52,24.385034561157227,1.797184944152832,2,True
273,coarse,1,0.3,66,0,20.2120361328125,,,True
273,coarse,2,0.3,18,0,20.44915771484375,,,True
273,coarse,3,0.5,40,0,26.359704971313477,,,True
273,detail,1,1.0,137,16,32.387237548828125,0.9969363212585449,4,False
273,detail,1,0.9,137,27,33.93706512451172,1.3620688915252686,3,False
273,detail,1,0.8,134,35,32.0250358581543,1.4900665283203125,3,False
273,detail,1,0.7,137,44,30.372974395751953,1.530266284942627,2,False
273,detail,1,0.6,137,52,28.97962760925293,1.7862305641174316,2,False
273,detail,2,1.0,41,12,33.031593322753906,0.8513138294219971,4,False
273,detail,2,0.9,43,18,33.82453918457031,0.8214666843414307,3,False
273,detail,2,0.8,44,30,33.121826171875,1.191654920578003,3,False
273,detail,2,0.7,48,12,28.988994598388672,0.9306144714355469,2,False
273,detail,2,0.6,50,12,28.661697387695312,1.0607988834381104,2,False
273,detail,3,1.0,75,18,31.708881378173828,1.1002585887908936,4,False
273,detail,3,0.9,86,27,29.876981735229492,1.060405969619751,3,False
273,detail,3,0.8,89,35,29.54007911682129,1.0363664627075195,3,False
273,detail,3,0.7,89,44,28.555877685546875,0.9544072151184082,2,False
273,detail,3,0.6,89,52,23.660541534423828,1.8134582042694092,2,True
274,coarse,1,0.3,18,0,20.703332901000977,,,True
274,coarse,2,0.3,66,0,21.070022583007812,,,True
274,coarse,3,0.5,40,2,26.469768524169922,,,True
274,detail,1,1.0,41,12,33.16382598876953,0.935870885848999,4,False
274,detail,1,0.9,43,24,34.066749572753906,1.2589993476867676,3,False
274,detail,1,0.8,44,33,32.58462905883789,1.4645726680755615,3,False
274,detail,1,0.7,45,38,30.28740882873535,1.3965668678283691,2,False
274,detail,1,0.6,23,10,28.723939895629883,0.953087329864502,2,False
274,detail,2,1.0,137,16,32.40586471557617,0.9730453491210938,4,False
274,detail,2,0.9,137,27,33.693485260009766,1.34910249710083,3,False
274,detail,2,0.8,134,35,31.96434211730957,1.389676570892334,3,False
274,detail,2,0.7,137,44,30.088918685913086,1.4718148708343506,2,False
274,detail,2,0.6,139,52,28.269067764282227,1.55952787399292,2,False
274,detail,3,1.0,75,18,31.495655059814453,1.0904521942138672,4,False
274,detail,3,0.9,89,27,29.58071517944336,1.1062452793121338,3,False
274,detail,3,0.8,89,35,28.969575881958008,1.108475685119629,3,False
274,detail,3,0.7,91,44,28.3107852935791,1.093946933746338,2,False
274,detail,3,0.6,89,52,23.598783493041992,1.6519858837127686,2,True
275,coarse,1,0.3,18,0,20.33101463317871,,,True
275,coarse,2,0.3,62,2,20.399078369140625,,,True
275,coarse,3,0.5,40,2,26.201786041259766,,,True
275,detail,1,1.0,41,12,32.869384765625,1.1522035598754883,4,False
275,detail,1,0.9,43,18,33.402076721191406,1.0098743438720703,3,False
275,detail,1,0.8,44,33,32.08673858642578,1.5308372974395752,3,False
275,detail,1,0.7,45,38,30.0155029296875,1.456921100616455,2,False
275,detail,1,0.6,23,10,28.155155181884766,0.9958648681640625,2,False
275,detail,2,1.0,123,18,33.780906677246094,1.4301872253417969,4,False
275,detail,2,0.9,126,27,34.81502914428711,1.5189111232757568,3,False
275,detail,2,0.8,126,35,32.24101257324219,1.5703964233398438,3,False
275,detail,2,0.7,136,44,30.401126861572266,1.6380000114440918,2,False
275,detail,2,0.6,138,52,27.688016891479492,1.7286205291748047,2,False
275,detail,3,1.0,75,18,31.270971298217773,1.1767501831054688,4,False
275,detail,3,0.9,89,27,29.199007034301758,1.1564226150512695,3,False
275,detail,3,0.8,89,35,28.670923233032227,1.1621372699737549,3,False
275,detail,3,0.7,91,44,28.01146697998047,1.0381550788879395,2,False
275,detail,3,0.6,89,52,23.5679988861084,1.6605041027069092,2,True
276,coarse,1,0.3,18,0,20.395864486694336,,,True
276,coarse,2,0.3,73,0,20.688932418823242,,,True
276,coarse,3,0.4,42,4,26.410985946655273,,,True
276,detail,1,1.0,23,8,33.20345687866211,0.8932669162750244,4,False
276,detail,1,0.9,23,15,33.751712799072266,0.8702850341796875,3,False
276,detail,1,0.8,45,33,32.34944152832031,1.4252607822418213,3,False
276,detail,1,0.7,25,10,29.69480323791504,0.7315618991851807,2,False
276,detail,1,0.6,25,10,28.339859008789062,0.981417179107666,2,False
276,detail,2,1.0,138,16,32.21232986450195,1.0373847484588623,4,False
276,detail,2,0.9,138,27,33.60773849487305,1.394526720046997,3,False
276,detail,2,0.8,135,35,31.871339797973633,1.4136078357696533,3,False
276,detail,2,0.7,138,44,30.029739379882812,1.5114474296569824,2,False
276,detail,2,0.6,140,52,27.87277603149414,1.5841281414031982,2,False
276,detail,3,1.0,77,18,31.587730407714844,1.0158181190490723,4,False
276,detail,3,0.9,88,27,29.454431533813477,1.197551965713501,3,False
276,detail,3,0.8,88,35,29.060928344726562,1.20269775390625,3,False
276,detail,3,0.7,98,44,27.861753463745117,1.4166522026062012,2,False
276,detail,3,0.6,91,52,23.68561553955078,1.547203779220581,2,True
277,coarse,1,0.3,18,0,19.51671028137207,,,True
277,coarse,2,0.3,73,0,19.73725700378418,,,True
277,coarse,3,0.4,48,0,25.32149314880371,,,True
277,detail,1,1.0,41,12,32.19780731201172,1.054469108581543,4,False
277,detail,1,0.9,23,15,32.43703079223633,0.9806559085845947,3,False
277,detail,1,0.8,45,21,30.918901443481445,1.0259270668029785,3,False
277,detail,1,0.7,27,12,27.85283088684082,0.9569530487060547,2,False
277,detail,1,0.6,47,18,26.921621322631836,1.1536586284637451,2,False
277,detail,2,1.0,138,16,30.988149642944336,1.1280648708343506,4,False
277,detail,2,0.9,140,24,32.216434478759766,1.036914348602295,3,False
277,detail,2,0.8,138,35,30.919260025024414,1.4672651290893555,3,False
277,detail,2,0.7,140,44,29.095420837402344,1.5721700191497803,2,False
277,detail,2,0.6,140,52,27.363950729370117,1.630265712738037,2,False
277,detail,3,1.0,97,18,30.85381317138672,1.4226107597351074,4,False
277,detail,3,0.9,97,27,28.41425132751465,1.5163681507110596,3,False
277,detail,3,0.8,100,35,27.562110900878906,1.4778244495391846,3,False
277,detail,3,0.7,105,44,26.731042861938477,1.6366157531738281,2,False
277,detail,3,0.6,91,52,23.696996688842773,1.6724941730499268,2,True
278,coarse,1,0.3,18,0,19.177648544311523,,,True
278,coarse,2,0.3,68,0,19.309242248535156,,,True
278,coarse,3,0.5,40,2,25.801353454589844,,,True
278,detail,1,1.0,41,16,33.89322280883789,1.149712324142456,4,False
278,detail,1,0.9,43,21,33.247413635253906,0.9679944515228271,3,False
278,detail,1,0.8,45,33,31.558879852294922,1.3192777633666992,3,False
278,detail,1,0.7,47,38,29.970409393310547,1.264073371887207,2,False
278,detail,1,0.6,50,18,26.69601058959961,1.184330940246582,2,False
278,detail,2,1.0,138,16,31.002500534057617,1.0723774433135986,4,False
278,detail,2,0.9,138,27,32.724281311035156,1.3532063961029053,3,False
278,detail,2,0.8,138,35,31.063352584838867,1.4287817478179932,3,False
278,detail,2,0.7,140,44,29.504024505615234,1.5246965885162354,2,False
278,detail,2,0.6,140,52,27.81186294555664,1.579697847366333,2,False
278,detail,3,1.0,89,18,31.263301849365234,1.3615646362304688,4,False
278,detail,3,0.9,89,27,29.359405517578125,1.4195921421051025,3,False
278,detail,3,0.8,89,35,28.872116088867188,1.4162750244140625,3,False
278,detail,3,0.7,91,44,28.212596893310547,1.4502291679382324,2,False
278,detail,3,0.6,91,52,23.793169021606445,1.7276997566223145,2,True
279,coarse,1,0.3,20,0,19.319564819335938,,,True
279,coarse,2,0.3,73,2,19.37576675415039,,,True
279,coarse,3,0.3,0,0,19.418920516967773,,,True
279,detail,1,1.0,45,16,32.888248443603516,1.1177515983581543,4,False
279,detail,1,0.9,47,18,32.14201736450195,0.9328978061676025,3,False
279,detail,1,0.8,49,15,31.300092697143555,0.9503612518310547,3,False
279,detail,1,0.7,52,12,27.673158645629883,0.969113826751709,2,False
279,detail,1,0.6,54,12,26.65980339050293,0.956622838973999,2,True
279,detail,2,1.0,138,16,31.306596755981445,1.0221011638641357,4,False
279,detail,2,0.9,138,27,33.0100212097168,1.2947666645050049,3,False
279,detail,2,0.8,138,35,31.237390518188477,1.3672900199890137,3,False
279,detail,2,0.7,140,44,29.639867782592773,1.4649453163146973,2,False
279,detail,2,0.6,140,52,28.002330780029297,1.5202271938323975,2,False
279,detail,3,1.0,0,0,30.6249942779541,1.2891185283660889,4,False
279,detail,3,0.9,3,9,30.98085594177246,1.0602240562438965,3,False
279,detail,3,0.8,3,15,32.16959762573242,0.9912209510803223,3,False
279,detail,3,0.7,2,16,30.99441909790039,1.2016606330871582,2,False
279,detail,3,0.6,0,20,28.787853240966797,1.1289963722229004,2,False
280,coarse,1,0.3,20,0,19.24018096923828,,,True
280,coarse,2,0.3,73,0,19.43689727783203,,,True
280,coarse,3,0.3,0,0,19.450950622558594,,,True
280,detail,1,1.0,45,12,31.84880256652832,0.8156580924987793,4,False
280,detail,1,0.9,47,18,32.43108367919922,0.8109879493713379,3,False
280,detail,1,0.8,49,18,31.760927200317383,0.8539035320281982,3,False
280,detail,1,0.7,52,12,27.784055709838867,0.9116706848144531,2,True
280,detail,1,0.6,53,14,28.62862777709961,0.9583044052124023,2,False
280,detail,2,1.0,138,18,32.449588775634766,1.0571420192718506,4,False
280,detail,2,0.9,138,27,33.50334548950195,1.2060987949371338,3,False
280,detail,2,0.8,138,35,31.542064666748047,1.2681617736816406,3,False
280,detail,2,0.7,140,44,30.023300170898438,1.3679277896881104,2,False
280,detail,2,0.6,140,52,28.37319564819336,1.4414904117584229,2,False
280,detail,3,1.0,0,0,30.767908096313477,1.2617340087890625,4,False
280,detail,3,0.9,3,9,31.198253631591797,1.1050286293029785,3,False
280,detail,3,0.8,3,15,32.34220886230469,1.0590128898620605,3,False
280,detail,3,0.7,24,10,28.891036987304688,0.7812788486480713,2,False
280,detail,3,0.6,0,20,28.504182815551758,1.293703317642212,2,False
281,coarse,1,0.3,18,0,19.442638397216797,,,True
281,coarse,2,0.3,64,2,19.6071720123291,,,True
281,coarse,3,0.5,42,0,26.289857864379883,,,True
281,detail,1,1.0,23,12,33.30742263793945,0.8918876647949219,4,False
281,detail,1,0.9,29,18,34.36225891113281,0.6967036724090576,3,False
281,detail,1,0.8,45,33,32.4346923828125,1.1628687381744385,3,False
281,detail,1,0.7,23,12,29.152545928955078,0.7171933650970459,2,False
281,detail,1,0.6,33,14,28.73866844177246,0.7448914051055908,2,False
281,detail,2,1.0,127,18,33.391395568847656,0.8375999927520752,4,False
281,detail,2,0.9,135,27,34.315311431884766,1.1248631477355957,3,False
281,detail,2,0.8,137,35,31.714786529541016,1.2009315490722656,3,False
281,detail,2,0.7,140,44,30.02545738220215,1.3505098819732666,2,False
281,detail,2,0.6,141,52,28.40156364440918,1.4379327297210693,2,False
281,detail,3,1.0,79,18,32.03861999511719,1.1621463298797607,4,False
281,detail,3,0.9,90,27,29.8579158782959,1.2656633853912354,3,False
281,detail,3,0.8,90,35,29.25791358947754,1.2653427124023438,3,False
281,detail,3,0.7,100,44,27.763702392578125,1.206949234008789,2,False
281,detail,3,0.6,91,52,24.027196884155273,1.6900088787078857,2,True
282,coarse,1,0.3,20,0,19.714189529418945,,,True
282,coarse,2,0.3,73,0,19.828975677490234,,,True
282,coarse,3,0.3,0,0,20.10662078857422,,,True
282,detail,1,1.0,45,16,34.16050720214844,0.8960285186767578,4,False
282,detail,1,0.9,47,24,34.11953353881836,0.8464701175689697,3,False
282,detail,1,0.8,48,33,33.10430145263672,1.163707971572876,3,False
282,detail,1,0.7,49,40,30.993377685546875,1.068669319152832,2,False
282,detail,1,0.6,29,18,29.49721336364746,0.2562572956085205,2,False
282,detail,2,1.0,138,16,32.97314453125,1.0391879081726074,4,False
282,detail,2,0.9,138,27,34.41621017456055,1.4151785373687744,3,False
282,detail,2,0.8,138,35,32.49100112915039,1.4110472202301025,3,False
282,detail,2,0.7,120,14,28.95482063293457,1.3762660026550293,2,False
282,detail,2,0.6,140,52,28.95184326171875,1.6321985721588135,2,False
282,detail,3,1.0,16,12,32.65018844604492,0.7353265285491943,4,False
282,detail,3,0.9,0,9,32.30494689941406,1.2375223636627197,3,False
282,detail,3,0.8,3,18,33.71462631225586,0.9883036613464355,3,False
282,detail,3,0.7,0,18,32.803138732910156,1.162269115447998,2,False
282,detail,3,0.6,0,18,27.369678497314453,1.219001293182373,2,True
283,coarse,1,0.3,20,0,19.891197204589844,,,True
283,coarse,2,0.3,64,2,20.055131912231445,,,True
283,coarse,3,0.3,0,0,20.348554611206055,,,True
283,detail,1,1.0,45,16,34.119815826416016,0.8542451858520508,4,False
283,detail,1,0.9,47,24,33.855133056640625,0.8079805374145508,3,False
283,detail,1,0.8,48,33,32.58924865722656,1.1059045791625977,3,False
283,detail,1,0.7,49,40,30.59499168395996,0.9502737522125244,2,False
283,detail,1,0.6,53,18,29.164052963256836,0.9167389869689941,2,False
283,detail,2,1.0,127,18,34.013893127441406,0.9621055126190186,4,False
283,detail,2,0.9,135,27,35.525978088378906,1.2744593620300293,3,False
283,detail,2,0.8,137,35,32.70220947265625,1.3514420986175537,3,False
283,detail,2,0.7,140,44,30.725276947021484,1.4539687633514404,2,False
283,detail,2,0.6,142,52,28.319353103637695,1.4894459247589111,2,False
283,detail,3,1.0,16,12,32.46613311767578,0.8808627128601074,4,False
283,detail,3,0.9,0,9,32.301490783691406,1.3174800872802734,3,False
283,detail,3,0.8,6,18,33.54140090942383,0.8738791942596436,3,False
283,detail,3,0.7,0,18,31.877668380737305,1.517416000366211,2,False
283,detail,3,0.6,0,18,27.203691482543945,1.6871957778930664,2,True
284,coarse,1,0.3,20,0,19.59115219116211,,,True
284,coarse,2,0.3,64,2,19.943965911865234,,,True
284,coarse,3,0.3,0,0,20.069293975830078,,,True
284,detail,1,1.0,27,12,33.846893310546875,0.8109817504882812,4,False
284,detail,1,0.9,47,27,34.81935119628906,0.978893518447876,3,False
284,detail,1,0.8,48,33,32.11064147949219,0.8195924758911133,3,False
284,detail,1,0.7,51,40,30.269088745117188,0.8624258041381836,2,False
284,detail,1,0.6,27,12,29.839365005493164,0.8046016693115234,2,False
284,detail,2,1.0,127,18,34.02149963378906,0.9887824058532715,4,False
284,detail,2,0.9,130,27,35.600868225097656,1.0722739696502686,3,False
284,detail,2,0.8,137,35,33.0547981262207,1.281808614730835,3,False
284,detail,2,0.7,140,44,31.163738250732422,1.3886010646820068,2,False
284,detail,2,0.6,142,52,28.49934196472168,1.4212265014648438,2,True
284,detail,3,1.0,16,12,32.05421829223633,0.8714234828948975,4,False
284,detail,3,0.9,3,12,33.416751861572266,1.1437993049621582,3,False
284,detail,3,0.8,3,18,33.724456787109375,1.1269593238830566,3,False
284,detail,3,0.7,25,16,31.48104476928711,0.633220911026001,2,False
284,detail,3,0.6,27,12,29.83936882019043,0.8046016693115234,2,False
285,coarse,1,0.3,20,0,19.544546127319336,,,True
285,coarse,2,0.3,73,0,19.77324104309082,,,True
285,coarse,3,0.3,0,0,19.857219696044922,,,True
285,detail,1,1.0,45,12,32.643951416015625,0.9926235675811768,4,False
285,detail,1,0.9,27,15,33.23392868041992,0.7794148921966553,3,False
285,detail,1,0.8,48,33,32.301361083984375,1.1507904529571533,3,False
285,detail,1,0.7,52,12,27.3671875,1.0724353790283203,2,True
285,detail,1,0.6,54,12,27.37737274169922,1.2255265712738037,2,False
285,detail,2,1.0,128,18,33.94930648803711,0.9790422916412354,4,False
285,detail,2,0.9,140,27,34.407981872558594,1.2381350994110107,3,False
285,detail,2,0.8,141,35,32.609859466552734,1.2902400493621826,3,False
285,detail,2,0.7,142,44,30.35634422302246,1.2322208881378174,2,False
285,detail,2,0.6,142,52,28.653423309326172,1.2480106353759766,2,False
285,detail,3,1.0,16,12,31.909090042114258,0.9005429744720459,4,False
285,detail,3,0.9,3,12,33.17245864868164,1.1407601833343506,3,False
285,detail,3,0.8,0,18,33.547760009765625,1.0556764602661133,3,False
285,detail,3,0.7,24,12,29.751638412475586,0.616973876953125,2,False
285,detail,3,0.6,0,22,28.277637481689453,1.1995337009429932,2,False
286,coarse,1,0.3,20,0,19.51291847229004,,,True
286,coarse,2,0.3,0,0,19.727651596069336,,,True
286,coarse,3,0.3,73,0,19.891368865966797,,,True
286,detail,1,1.0,45,12,32.84162521362305,0.9603555202484131,4,False
286,detail,1,0.9,47,24,33.79463577270508,1.0387938022613525,3,False
286,detail,1,0.8,49,33,32.32044982910156,1.2524197101593018,3,False
286,detail,1,0.7,52,12,27.216028213500977,1.0518622398376465,2,True
286,detail,1,0.6,54,12,27.357742309570312,1.1725690364837646,2,False
286,detail,2,1.0,16,12,32.21201705932617,0.9665579795837402,4,False
286,detail,2,0.9,0,12,33.15769577026367,0.9386758804321289,3,False
286,detail,2,0.8,0,18,32.59368896484375,0.8720803260803223,3,False
286,detail,2,0.7,25,14,30.6755428314209,0.6386058330535889,2,False
286,detail,2,0.6,27,12,29.805593490600586,0.8152608871459961,2,False
286,detail,3,1.0,124,16,34.08530807495117,0.726574182510376,4,False
286,detail,3,0.9,140,27,34.593017578125,1.2691280841827393,3,False
286,detail,3,0.8,141,35,32.525360107421875,1.3102972507476807,3,False
286,detail,3,0.7,142,44,30.476585388183594,1.2489995956420898,2,False
286,detail,3,0.6,144,52,28.556453704833984,1.23539400100708,2,False
287,coarse,1,0.3,20,0,19.952993392944336,,,True
287,coarse,2,0.3,0,0,20.1329402923584,,,True
287,coarse,3,0.3,72,0,20.260540008544922,,,True
287,detail,1,1.0,31,12,33.50706481933594,0.8008148670196533,4,False
287,detail,1,0.9,47,24,34.341148376464844,0.8314590454101562,3,False
287,detail,1,0.8,49,33,32.50322341918945,1.0569922924041748,3,False
287,detail,1,0.7,27,4,28.371965408325195,0.8967111110687256,2,False
287,detail,1,0.6,27,10,26.507186889648438,0.9852805137634277,2,True
287,detail,2,1.0,18,12,32.45406723022461,1.0123374462127686,4,False
287,detail,2,0.9,0,12,32.97146987915039,0.9365799427032471,3,False
287,detail,2,0.8,0,18,32.40940475463867,0.927649736404419,3,False
287,detail,2,0.7,0,20,28.883113861083984,1.015599012374878,2,False
287,detail,2,0.6,27,10,26.507186889648438,0.9852805137634277,2,False
287,detail,3,1.0,124,16,34.448509216308594,0.7370309829711914,4,False
287,detail,3,0.9,140,27,35.109619140625,1.2464494705200195,3,False
287,detail,3,0.8,141,35,32.80161666870117,1.316202163696289,3,False
287,detail,3,0.7,122,16,30.29355239868164,1.5164060592651367,2,False
287,detail,3,0.6,144,52,28.940229415893555,1.3177661895751953,2,False
288,coarse,1,0.3,0,0,19.88259506225586,,,True
288,coarse,2,0.3,20,0,20.06818962097168,,,True
288,coarse,3,0.3,73,0,20.339237213134766,,,True
288,detail,1,1.0,0,4,32.19334030151367,0.9206933975219727,4,False
288,detail,1,0.9,0,12,32.085208892822266,0.9923439025878906,3,False
288,detail,1,0.8,0,18,31.1511287689209,1.0422632694244385,3,False
288,detail,1,0.7,0,22,28.785736083984375,1.0973060131072998,2,False
288,detail,1,0.6,2,22,28.754945755004883,1.0241539478302002,2,False
288,detail,2,1.0,27,12,33.728328704833984,1.0597152709960938,4,False
288,detail,2,0.9,30,18,34.593971252441406,0.9302217960357666,3,False
288,detail,2,0.8,49,33,32.797142028808594,0.9694488048553467,3,False
288,detail,2,0.7,29,12,29.900794982910156,0.7483766078948975,2,False
288,detail,2,0.6,29,12,29.69364356994629,0.9953389167785645,2,False
288,detail,3,1.0,128,18,34.57823181152344,0.9264380931854248,4,False
288,detail,3,0.9,140,27,35.231075286865234,1.3025360107421875,3,False
288,detail,3,0.8,141,35,32.903038024902344,1.3634617328643799,3,False
288,detail,3,0.7,144,44,30.321516036987305,1.3383984565734863,2,False
288,detail,3,0.6,146,52,28.440216064453125,1.3762667179107666,2,True
289,coarse,1,0.3,0,0,19.998685836791992,,,True
289,coarse,2,0.3,73,0,20.01726531982422,,,True
289,coarse,3,0.3,20,0,20.02587890625,,,True
289,detail,1,1.0,0,0,30.704641342163086,1.2577192783355713,4,False
289,detail,1,0.9,0,3,28.511564254760742,1.1630077362060547,3,False
289,detail,1,0.8,0,3,27.642488479614258,1.1384670734405518,3,False
289,detail,1,0.7,2,8,26.337669372558594,1.2195394039154053,2,True
289,detail,1,0.6,2,12,26.7810001373291,1.2751035690307617,2,False
289,detail,2,1.0,128,18,34.70793914794922,0.8488054275512695,4,False
289,detail,2,0.9,140,27,35.55077362060547,1.285804033279419,3,False
289,detail,2,0.8,142,35,33.03411865234375,1.312007188796997,3,False
289,detail,2,0.7,122,16,30.017087936401367,1.4704339504241943,2,False
289,detail,2,0.6,146,52,28.681442260742188,1.4892098903656006,2,False
289,detail,3,1.0,27,8,33.25178527832031,0.93062424659729,4,False
289,detail,3,0.9,47,15,31.594072341918945,0.968125581741333,3,False
289,detail,3,0.8,49,21,32.12519836425781,0.9209737777709961,3,False
289,detail,3,0.7,52,12,27.419118881225586,1.0609643459320068,2,False
289,detail,3,0.6,54,12,27.79185676574707,1.229276180267334,2,False
290,coarse,1,0.3,0,0,19.77858543395996,,,True
290,coarse,2,0.3,73,0,19.81587028503418,,,True
290,coarse,3,0.3,22,0,19.834476470947266,,,True
290,detail,1,1.0,0,4,31.158838272094727,0.9125466346740723,4,False
290,detail,1,0.9,0,9,28.86123275756836,0.990607500076294,3,False
290,detail,1,0.8,0,15,28.811141967773438,1.0653676986694336,3,False
290,detail,1,0.7,4,12,27.537208557128906,0.9881861209869385,2,False
290,detail,1,0.6,0,16,26.818626403808594,1.118567705154419,2,True
290,detail,2,1.0,128,18,34.8176155090332,0.7093896865844727,4,False
290,detail,2,0.9,140,27,36.03106689453125,1.1452155113220215,3,False
290,detail,2,0.8,142,35,33.49212646484375,1.1954431533813477,3,False
290,detail,2,0.7,124,14,29.241615295410156,1.4838130474090576,2,False
290,detail,2,0.6,146,52,29.105257034301758,1.3742733001708984,2,False
290,detail,3,1.0,49,12,33.04610061645508,0.8903193473815918,4,False
290,detail,3,0.9,51,18,33.2373046875,0.9109907150268555,3,False
290,detail,3,0.8,53,15,32.20159912109375,0.8449194431304932,3,False
290,detail,3,0.7,55,12,28.010665893554688,1.0427863597869873,2,False
290,detail,3,0.6,57,12,27.250072479248047,1.0468544960021973,2,False
291,coarse,1,0.3,0,0,19.735607147216797,,,True
291,coarse,2,0.3,22,0,19.796085357666016,,,True
291,coarse,3,0.3,64,2,20.05597686767578,,,True
291,detail,1,1.0,0,4,30.343870162963867,0.9183385372161865,4,False
291,detail,1,0.9,0,12,29.77355194091797,1.1220862865447998,3,False
291,detail,1,0.8,0,15,28.402807235717773,1.0637264251708984,3,False
291,detail,1,0.7,6,12,28.215425491333008,1.0062246322631836,2,False
291,detail,1,0.6,4,16,26.80046844482422,1.2443482875823975,2,True
291,detail,2,1.0,49,12,33.04323196411133,0.8665635585784912,4,False
291,detail,2,0.9,51,18,33.12553405761719,0.8437514305114746,3,False
291,detail,2,0.8,53,21,32.61305618286133,0.8610694408416748,3,False
291,detail,2,0.7,55,12,27.671052932739258,0.9591305255889893,2,False
291,detail,2,0.6,55,18,28.232404708862305,0.917849063873291,2,False
291,detail,3,1.0,131,18,34.81905746459961,0.7605338096618652,4,False
291,detail,3,0.9,133,27,36.58821487426758,0.7978391647338867,3,False
291,detail,3,0.8,133,35,34.61648941040039,0.7751975059509277,3,False
291,detail,3,0.7,125,14,28.940431594848633,1.4620091915130615,2,False
291,detail,3,0.6,115,52,28.95684814453125,2.022768259048462,2,False
292,coarse,1,0.3,0,0,19.91749382019043,,,True
292,coarse,2,0.3,22,0,19.985292434692383,,,True
292,coarse,3,0.3,73,0,20.29967498779297,,,True
292,detail,1,1.0,0,4,30.424449920654297,0.9094295501708984,4,False
292,detail,1,0.9,0,12,29.858116149902344,1.101029634475708,3,False
292,detail,1,0.8,0,15,28.579586029052734,1.0369274616241455,3,False
292,detail,1,0.7,0,18,28.683382034301758,1.0813374519348145,2,False
292,detail,1,0.6,4,16,26.802602767944336,1.1426916122436523,2,True
292,detail,2,1.0,49,12,33.201133728027344,0.8242239952087402,4,False
292,detail,2,0.9,51,24,34.52080154418945,1.026902198791504,3,False
292,detail,2,0.8,52,33,33.27203369140625,1.2183189392089844,3,False
292,detail,2,0.7,56,12,28.225521087646484,0.9402132034301758,2,False
292,detail,2,0.6,57,14,29.190353393554688,1.209148645401001,2,False
292,detail,3,1.0,128,18,35.079769134521484,0.6757946014404297,4,False
292,detail,3,0.9,140,27,36.189266204833984,1.0666635036468506,3,False
292,detail,3,0.8,142,35,33.39126205444336,1.102893590927124,3,False
292,detail,3,0.7,126,14,29.099931716918945,1.3981494903564453,2,False
292,detail,3,0.6,146,52,28.995100021362305,1.205273151397705,2,False
293,coarse,1,0.3,10,2,20.155344009399414,,,True
293,coarse,2,0.3,72,0,20.564477920532227,,,True
293,coarse,3,0.4,46,4,26.246919631958008,,,True
293,detail,1,1.0,19,12,33.518157958984375,0.7485818862915039,4,False
293,detail,1,0.9,7,21,34.90006637573242,1.5277409553527832,3,False
293,detail,1,0.8,7,21,34.293540954589844,1.0348539352416992,3,False
293,detail,1,0.7,27,16,31.718524932861328,0.29401397705078125,2,False
293,detail,1,0.6,7,18,28.5572566986084,1.1124253273010254,2,False
293,detail,2,1.0,124,16,35.44233322143555,0.5368163585662842,4,False
293,detail,2,0.9,140,27,36.750038146972656,1.2982711791992188,3,False
293,detail,2,0.8,142,35,33.977684020996094,1.3147451877593994,3,False
293,detail,2,0.7,128,14,29.40465545654297,1.0393338203430176,2,False
293,detail,2,0.6,147,52,29.591670989990234,1.4735114574432373,2,False
293,detail,3,1.0,85,18,33.51531219482422,1.1160852909088135,4,False
293,detail,3,0.9,96,27,31.330717086791992,1.1186566352844238,3,False
293,detail,3,0.8,96,35,29.54855728149414,1.0711259841918945,3,False
293,detail,3,0.7,99,44,28.545921325683594,1.1797704696655273,2,False
293,detail,3,0.6,99,52,24.320920944213867,1.2821528911590576,2,True
294,coarse,1,0.3,0,0,19.410341262817383,,,True
294,coarse,2,0.3,68,2,19.709001541137695,,,True
294,coarse,3,0.3,22,0,19.786420822143555,,,True
294,detail,1,1.0,0,8,30.71097755432129,1.142293930053711,4,False
294,detail,1,0.9,0,12,28.620065689086914,0.9554510116577148,3,False
294,detail,1,0.8,0,21,31.19794273376465,1.0986945629119873,3,False
294,detail,1,0.7,4,24,31.03995132446289,1.0034711360931396,2,False
294,detail,1,0.6,6,22,28.605710983276367,0.9911859035491943,2,False
294,detail,2,1.0,124,16,34.77140426635742,0.6502463817596436,4,False
294,detail,2,0.9,140,27,36.5609016418457,1.1551227569580078,3,False
294,detail,2,0.8,142,35,34.09695053100586,1.2068231105804443,3,False
294,detail,2,0.7,128,14,28.65705680847168,1.0760257244110107,2,False
294,detail,2,0.6,130,16,29.291664123535156,1.1973116397857666,2,False
294,detail,3,1.0,31,12,33.78582763671875,0.7746572494506836,4,False
294,detail,3,0.9,31,18,34.63970184326172,0.6259243488311768,3,False
294,detail,3,0.8,53,33,33.82271194458008,1.1716225147247314,3,False
294,detail,3,0.7,55,40,31.735719680786133,1.1281578540802002,2,False
294,detail,3,0.6,57,14,28.248748779296875,0.9622666835784912,2,True
295,coarse,1,0.3,0,0,19.440277099609375,,,True
295,coarse,2,0.3,22,0,19.760066986083984,,,True
295,coarse,3,0.3,72,0,19.835954666137695,,,True
295,detail,1,1.0,0,8,30.48906135559082,1.2361528873443604,4,False
295,detail,1,0.9,0,12,28.839611053466797,0.9843237400054932,3,False
295,detail,1,0.8,0,18,29.360576629638672,1.0100045204162598,3,False
295,detail,1,0.7,24,8,29.09638786315918,0.6796152591705322,2,False
295,detail,1,0.6,27,12,29.012182235717773,0.7964780330657959,2,False
295,detail,2,1.0,31,12,33.620933532714844,0.971616268157959,4,False
295,detail,2,0.9,34,18,34.24590301513672,0.6954476833343506,3,False
295,detail,2,0.8,53,33,33.563941955566406,1.21868896484375,3,False
295,detail,2,0.7,31,14,30.024757385253906,0.6409027576446533,2,False
295,detail,2,0.6,58,14,28.421890258789062,0.9989786148071289,2,True
295,detail,3,1.0,124,16,34.587005615234375,0.724240779876709,4,False
295,detail,3,0.9,140,27,36.29488754272461,1.1041882038116455,3,False
295,detail,3,0.8,142,35,33.99592590332031,1.1627733707427979,3,False
295,detail,3,0.7,128,14,28.953872680664062,1.4230742454528809,2,False
295,detail,3,0.6,130,16,29.47991943359375,1.573824405670166,2,False
296,coarse,1,0.3,0,0,19.465007781982422,,,True
296,coarse,2,0.3,22,0,19.570234298706055,,,True
296,coarse,3,0.3,64,2,19.63344955444336,,,True
296,detail,1,1.0,0,8,30.16114616394043,1.329341173171997,4,False
296,detail,1,0.9,0,12,29.001953125,1.0309257507324219,3,False
296,detail,1,0.8,3,18,29.34122085571289,1.122277021408081,3,False
296,detail,1,0.7,25,4,27.700918197631836,0.7748749256134033,2,False
296,detail,1,0.6,27,10,25.89862632751465,0.8678507804870605,2,True
296,detail,2,1.0,49,12,33.10105895996094,1.0961766242980957,4,False
296,detail,2,0.9,51,15,30.864398956298828,0.9827525615692139,3,False
296,detail,2,0.8,53,18,31.175994873046875,0.9427163600921631,3,False
296,detail,2,0.7,56,12,27.082958221435547,1.08365797996521,2,False
296,detail,2,0.6,58,12,26.487619400024414,1.2427911758422852,2,False
296,detail,3,1.0,127,16,34.08631896972656,0.7301955223083496,4,False
296,detail,3,0.9,115,27,34.59326934814453,1.5435941219329834,3,False
296,detail,3,0.8,115,35,32.5837287902832,1.6784934997558594,3,False
296,detail,3,0.7,115,44,28.137800216674805,1.9435911178588867,2,False
296,detail,3,0.6,115,52,26.348207473754883,2.0371878147125244,2,False
297,coarse,1,0.3,12,2,19.33249855041504,,,True
297,coarse,2,0.3,73,0,19.710092544555664,,,True
297,coarse,3,0.5,46,2,26.195615768432617,,,True
297,detail,1,1.0,11,4,31.90494155883789,1.1812167167663574,4,False
297,detail,1,0.9,11,9,30.998748779296875,0.9685440063476562,3,False
297,detail,1,0.8,11,15,32.363685607910156,1.0017409324645996,3,False
297,detail,1,0.7,25,8,28.880382537841797,0.7486395835876465,2,False
297,detail,1,0.6,35,12,27.799697875976562,0.8351664543151855,2,False
297,detail,2,1.0,128,16,33.8651237487793,0.6561279296875,4,False
297,detail,2,0.9,140,27,36.173622131347656,1.0816664695739746,3,False
297,detail,2,0.8,142,35,34.18965148925781,1.110994577407837,3,False
297,detail,2,0.7,128,14,28.865829467773438,1.0757582187652588,2,False
297,detail,2,0.6,120,14,26.854835510253906,1.5450756549835205,2,False
297,detail,3,1.0,87,18,33.07742691040039,1.37638258934021,4,False
297,detail,3,0.9,98,27,31.377635955810547,1.3377580642700195,3,False
297,detail,3,0.8,98,35,29.6407527923584,1.3320677280426025,3,False
297,detail,3,0.7,97,0,26.213001251220703,1.2575671672821045,2,False
297,detail,3,0.6,101,52,24.429054260253906,1.3537731170654297,2,True
298,coarse,1,0.3,12,2,19.52517318725586,,,True
298,coarse,2,0.3,73,0,19.726985931396484,,,True
298,coarse,3,0.5,46,2,26.20781135559082,,,True
298,detail,1,1.0,23,8,31.66799545288086,0.8040533065795898,4,False
298,detail,1,0.9,14,12,32.239986419677734,0.8968603610992432,3,False
298,detail,1,0.8,20,18,31.574800491333008,0.7503261566162109,3,False
298,detail,1,0.7,25,4,27.54821014404297,0.7830986976623535,2,False
298,detail,1,0.6,35,12,27.39784049987793,0.9275302886962891,2,False
298,detail,2,1.0,128,16,33.83598709106445,0.7016711235046387,4,False
298,detail,2,0.9,140,27,36.11470413208008,0.9993093013763428,3,False
298,detail,2,0.8,142,35,34.289791107177734,1.066878318786621,3,False
298,detail,2,0.7,128,14,28.968000411987305,1.2898736000061035,2,False
298,detail,2,0.6,122,14,27.231487274169922,1.448427438735962,2,False
298,detail,3,1.0,87,18,33.23552703857422,1.4046907424926758,4,False
298,detail,3,0.9,101,27,31.289894104003906,1.5025434494018555,3,False
298,detail,3,0.8,101,35,29.835878372192383,1.471985101699829,3,False
298,detail,3,0.7,97,0,26.45213508605957,1.2622554302215576,2,False
298,detail,3,0.6,101,52,24.702781677246094,1.6904315948486328,2,True
299,coarse,1,0.3,12,2,18.932851791381836,,,True
299,coarse,2,0.3,72,2,19.42597770690918,,,True
299,coarse,3,0.5,46,2,25.798452377319336,,,True
299,detail,1,1.0,23,8,31.31395149230957,0.8094577789306641,4,False
299,detail,1,0.9,11,9,30.59537696838379,1.1330606937408447,3,False
299,detail,1,0.8,23,18,30.534255981445312,0.7935943603515625,3,False
299,detail,1,0.7,33,4,25.41183090209961,1.02091646194458,2,False
299,detail,1,0.6,35,12,26.405786514282227,1.1881988048553467,2,False
299,detail,2,1.0,132,18,33.54762649536133,0.7538583278656006,4,False
299,detail,2,0.9,140,27,35.69171142578125,0.9873363971710205,3,False
299,detail,2,0.8,138,35,33.94636917114258,0.9354100227355957,3,False
299,detail,2,0.7,120,44,31.466398239135742,1.4342231750488281,2,False
299,detail,2,0.6,130,20,29.53652572631836,0.9426746368408203,2,False
299,detail,3,1.0,87,18,33.32642364501953,1.2549924850463867,4,False
299,detail,3,0.9,101,27,31.516433715820312,1.2774651050567627,3,False
299,detail,3,0.8,101,35,29.882831573486328,1.2719485759735107,3,False
299,detail,3,0.7,99,6,28.27146339416504,1.0108366012573242,2,False
299,detail,3,0.6,103,52,25.324695587158203,1.36557936668396,2,True
300,coarse,1,0.3,12,2,19.837818145751953,,,True
300,coarse,2,0.3,64,2,20.179779052734375,,,True
300,coarse,3,0.5,30,0,28.13626480102539,,,True
300,detail,1,1.0,11,0,30.868810653686523,1.081817865371704,4,False
300,detail,1,0.9,11,9,31.13811683654785,1.2649650573730469,3,False
300,detail,1,0.8,32,3,28.928598403930664,0.7989976406097412,3,False
300,detail,1,0.7,33,4,25.813247680664062,1.0836565494537354,2,False
300,detail,1,0.6,35,10,24.930667877197266,0.9843404293060303,2,False
300,detail,2,1.0,115,18,34.00402069091797,1.2469878196716309,4,False
300,detail,2,0.9,115,27,33.852317810058594,1.386559009552002,3,False
300,detail,2,0.8,115,35,32.782386779785156,1.5250844955444336,3,False
300,detail,2,0.7,115,44,28.807598114013672,1.7858047485351562,2,False
300,detail,2,0.6,115,52,26.949975967407227,1.9715826511383057,2,False
300,detail,3,1.0,59,0,29.613357543945312,1.3543899059295654,4,False
300,detail,3,0.9,57,3,28.064451217651367,1.0500142574310303,3,False
300,detail,3,0.8,57,6,27.09088897705078,1.1654117107391357,3,False
300,detail,3,0.7,65,2,25.367233276367188,1.4466278553009033,2,False
300,detail,3,0.6,63,10,24.923091888427734,1.4554681777954102,2,True
301,coarse,1,0.3,10,2,20.71535873413086,,,True
301,coarse,2,0.3,73,2,20.861103057861328,,,True
301,coarse,3,0.5,46,2,27.655210494995117,,,True
301,detail,1,1.0,7,0,31.322256088256836,1.094597339630127,4,False
301,detail,1,0.9,7,9,31.277318954467773,1.206162691116333,3,False
301,detail,1,0.8,29,3,29.45461654663086,0.8038215637207031,3,False
301,detail,1,0.7,32,4,26.976192474365234,1.204641342163086,2,False
301,detail,1,0.6,34,10,25.649477005004883,1.057737112045288,2,True
301,detail,2,1.0,132,18,34.61357879638672,0.814772367477417,4,False
301,detail,2,0.9,140,27,36.345375061035156,0.9859907627105713,3,False
301,detail,2,0.8,138,35,34.38559341430664,1.0219805240631104,3,False
301,detail,2,0.7,128,18,31.498096466064453,1.219193696975708,2,False
301,detail,2,0.6,124,14,28.607187271118164,1.2900333404541016,2,False
301,detail,3,1.0,87,18,34.22587203979492,0.9550535678863525,4,False
301,detail,3,0.9,95,6,28.68686294555664,1.1254887580871582,3,False
301,detail,3,0.8,95,12,29.397319793701172,1.2008483409881592,3,False
301,detail,3,0.7,99,0,27.557178497314453,1.3899307250976562,2,False
301,detail,3,0.6,103,52,26.099027633666992,1.3659708499908447,2,False
302,coarse,1,0.3,0,0,19.742536544799805,,,True
302,coarse,2,0.3,24,0,20.123733520507812,,,True
302,coarse,3,0.4,71,2,25.623414993286133,,,True
302,detail,1,1.0,4,4,29.671316146850586,1.1921937465667725,4,False
302,detail,1,0.9,3,12,28.779579162597656,1.2933926582336426,3,False
302,detail,1,0.8,3,18,29.657594680786133,1.1559503078460693,3,False
302,detail,1,0.7,6,24,29.70810317993164,1.110778570175171,2,False
302,detail,1,0.6,27,16,30.023292541503906,0.6344892978668213,2,False
302,detail,2,1.0,53,16,33.64948272705078,0.9534280300140381,4,False
302,detail,2,0.9,55,24,34.38520812988281,1.1462326049804688,3,False
302,detail,2,0.8,57,12,29.765878677368164,1.1161079406738281,3,False
302,detail,2,0.7,59,12,26.95210838317871,1.2329790592193604,2,False
302,detail,2,0.6,61,12,26.44572639465332,1.5080580711364746,2,True
302,detail,3,1.0,132,18,34.36742401123047,0.8552212715148926,4,False
302,detail,3,0.9,140,27,36.15040588378906,1.004988431930542,3,False
302,detail,3,0.8,138,35,34.09983444213867,1.0759062767028809,3,False
302,detail,3,0.7,128,16,29.707164764404297,1.2446112632751465,2,False
302,detail,3,0.6,120,52,28.47342300415039,0.890744686126709,2,False
303,coarse,1,0.3,0,0,19.737319946289062,,,True
303,coarse,2,0.3,24,0,19.771955490112305,,,True
303,coarse,3,0.3,73,2,20.11020278930664,,,True
303,detail,1,1.0,4,8,30.65109634399414,0.9915988445281982,4,False
303,detail,1,0.9,3,15,30.683801651000977,1.018704891204834,3,False
303,detail,1,0.8,3,21,31.519227981567383,1.0447075366973877,3,False
303,detail,1,0.7,6,26,32.03604507446289,0.8878049850463867,2,False
303,detail,1,0.6,27,16,29.901796340942383,0.6527602672576904,2,False
303,detail,2,1.0,53,16,33.51205062866211,0.9214026927947998,4,False
303,detail,2,0.9,55,21,34.23493576049805,0.9916470050811768,3,False
303,detail,2,0.8,57,21,31.539026260375977,1.0961086750030518,3,False
303,detail,2,0.7,59,14,26.947635650634766,1.2203657627105713,2,False
303,detail,2,0.6,61,12,26.355823516845703,1.5771470069885254,2,True
303,detail,3,1.0,132,18,34.14381408691406,0.8287115097045898,4,False
303,detail,3,0.9,140,27,35.65109634399414,0.9813740253448486,3,False
303,detail,3,0.8,138,35,33.8018684387207,1.077394723892212,3,False
303,detail,3,0.7,130,16,29.053218841552734,1.2679328918457031,2,False
303,detail,3,0.6,120,52,28.138668060302734,0.8668320178985596,2,False
304,coarse,1,0.3,12,2,19.596189498901367,,,True
304,coarse,2,0.3,68,2,20.05160140991211,,,True
304,coarse,3,0.5,46,2,27.28341293334961,,,True
304,detail,1,1.0,23,12,32.373634338378906,0.8751039505004883,4,False
304,detail,1,0.9,11,12,32.37458801269531,0.962613582611084,3,False
304,detail,1,0.8,14,21,33.30904006958008,0.862215518951416,3,False
304,detail,1,0.7,35,12,29.33130645751953,0.7644262313842773,2,False
304,detail,1,0.6,35,12,26.626386642456055,1.0410945415496826,2,False
304,detail,2,1.0,132,18,33.86591339111328,0.8542323112487793,4,False
304,detail,2,0.9,140,27,35.57501220703125,1.0079894065856934,3,False
304,detail,2,0.8,138,35,33.64997100830078,1.121718168258667,3,False
304,detail,2,0.7,130,18,30.358266830444336,1.1871342658996582,2,False
304,detail,2,0.6,120,52,27.727622985839844,0.7928910255432129,2,False
304,detail,3,0.9,101,27,31.691577911376953,0.8958656787872314,3,False
304,detail,3,0.8,101,35,30.093290328979492,0.9344015121459961,3,False
304,detail,3,0.7,103,44,29.637266159057617,0.9493546485900879,2,False
304,detail,3,0.6,103,52,25.2738037109375,1.1327438354492188,2,True
305,coarse,1,0.3,0,2,19.503211975097656,,,True
305,coarse,2,0.3,24,0,19.866941452026367,,,True
305,coarse,3,0.3,73,2,20.043127059936523,,,True
305,detail,1,1.0,0,4,30.118804931640625,1.31087327003479,4,False
305,detail,1,0.9,3,12,28.688556671142578,1.0896186828613281,3,False
305,detail,1,0.8,6,21,31.728673934936523,1.0745739936828613,3,False
305,detail,1,0.7,25,24,31.752830505371094,0.7759232521057129,2,False
305,detail,1,0.6,27,16,29.700855255126953,0.6881735324859619,2,False
305,detail,2,1.0,35,16,34.68881607055664,0.8343765735626221,4,False
305,detail,2,0.9,55,24,34.18631362915039,1.076413631439209,3,False
305,detail,2,0.8,57,35,32.30490493774414,1.3175933361053467,3,False
305,detail,2,0.7,60,12,26.85489845275879,1.0295770168304443,2,False
305,detail,2,0.6,62,12,26.346166610717773,1.2360799312591553,2,True
305,detail,3,1.0,132,18,33.93008804321289,0.7927165031433105,4,False
305,detail,3,0.9,140,27,35.514007568359375,0.9564177989959717,3,False
305,detail,3,0.8,138,35,33.64398193359375,1.0647838115692139,3,False
305,detail,3,0.7,130,16,28.88134002685547,1.1983752250671387,2,False
305,detail,3,0.6,120,52,27.645994186401367,0.8032131195068359,2,False
306,coarse,1,0.3,0,2,19.44175910949707,,,True
306,coarse,2,0.3,26,0,19.80477523803711,,,True
306,coarse,3,0.3,68,2,19.9842472076416,,,True
306,detail,1,1.0,4,8,30.150571823120117,1.067251443862915,4,False
306,detail,1,0.9,6,12,29.784130096435547,0.9255709648132324,3,False
306,detail,1,0.8,6,21,31.758737564086914,1.0775701999664307,3,False
306,detail,1,0.7,8,24,31.261409759521484,0.876187801361084,2,False
306,detail,1,0.6,12,20,29.15928840637207,0.8059823513031006,2,False
306,detail,2,1.0,57,12,31.53792381286621,0.9467353820800781,4,False
306,detail,2,0.9,59,6,28.682764053344727,0.9542200565338135,3,False
306,detail,2,0.8,60,6,27.637121200561523,1.0550854206085205,3,False
306,detail,2,0.7,64,4,26.518789291381836,1.4224469661712646,2,False
306,detail,2,0.6,66,12,26.25756072998047,1.3832800388336182,2,True
306,detail,3,1.0,132,18,34.1119499206543,0.825777530670166,4,False
306,detail,3,0.9,140,27,35.54597091674805,0.9766755104064941,3,False
306,detail,3,0.8,138,35,33.73582077026367,1.0846729278564453,3,False
306,detail,3,0.7,130,16,28.7447566986084,1.2108500003814697,2,False
306,detail,3,0.6,120,52,27.434709548950195,0.7488834857940674,2,False
307,coarse,1,0.3,0,2,19.30977439880371,,,True
307,coarse,2,0.3,26,0,19.55268669128418,,,True
307,coarse,3,0.3,68,2,20.01460838317871,,,True
307,detail,1,1.0,4,8,30.05507469177246,1.1526014804840088,4,False
307,detail,1,0.9,6,12,29.5983829498291,0.9221408367156982,3,False
307,detail,1,0.8,12,12,30.555030822753906,1.025824785232544,3,False
307,detail,1,0.7,8,22,29.504505157470703,0.937387228012085,2,False
307,detail,1,0.6,12,18,27.92574691772461,0.8204376697540283,2,False
307,detail,2,1.0,57,12,31.23636817932129,0.9391264915466309,4,False
307,detail,2,0.9,59,6,28.37412452697754,0.9871766567230225,3,False
307,detail,2,0.8,60,6,27.297677993774414,1.0360798835754395,3,False
307,detail,2,0.7,64,4,26.318864822387695,1.3628885746002197,2,False
307,detail,2,0.6,66,12,25.893239974975586,1.4891128540039062,2,True
307,detail,3,1.0,132,18,33.86498260498047,0.7929537296295166,4,False
307,detail,3,0.9,140,27,35.477481842041016,0.9781429767608643,3,False
307,detail,3,0.8,141,35,33.53879165649414,1.005645513534546,3,False
307,detail,3,0.7,130,16,28.70661163330078,1.1614067554473877,2,False
307,detail,3,0.6,120,52,27.773473739624023,0.7467575073242188,2,False
308,coarse,1,0.3,0,2,19.303245544433594,,,True
308,coarse,2,0.3,26,0,19.5105037689209,,,True
308,coarse,3,0.3,68,2,19.95206069946289,,,True
308,detail,1,1.0,4,8,29.885494232177734,1.0050945281982422,4,False
308,detail,1,0.9,3,15,31.232376098632812,1.0547332763671875,3,False
308,detail,1,0.8,12,12,30.369749069213867,0.9297375679016113,3,False
308,detail,1,0.7,8,24,30.616056442260742,0.9847502708435059,2,False
308,detail,1,0.6,12,20,28.409154891967773,0.799079418182373,2,False
308,detail,2,1.0,57,16,32.62904357910156,1.0078060626983643,4,False
308,detail,2,0.9,59,15,31.148147583007812,1.002152442932129,3,False
308,detail,2,0.8,60,6,27.02077293395996,1.0261168479919434,3,False
308,detail,2,0.7,64,4,26.348108291625977,1.3682255744934082,2,False
308,detail,2,0.6,66,12,25.94180679321289,1.4901306629180908,2,True
308,detail,3,1.0,132,18,33.87447738647461,0.7776236534118652,4,False
308,detail,3,0.9,140,27,35.43763732910156,0.9561624526977539,3,False
308,detail,3,0.8,141,35,33.46596145629883,0.9784035682678223,3,False
308,detail,3,0.7,130,16,28.74648094177246,1.1591343879699707,2,False
308,detail,3,0.6,120,52,27.65079116821289,0.980914831161499,2,False
309,coarse,1,0.3,0,2,19.279748916625977,,,True
309,coarse,2,0.3,26,0,19.58415985107422,,,True
309,coarse,3,0.3,68,2,19.907995223999023,,,True
309,detail,1,1.0,4,4,28.878704071044922,1.0981805324554443,4,False
309,detail,1,0.9,6,12,29.42184829711914,0.9622888565063477,3,False
309,detail,1,0.8,6,18,29.275367736816406,0.9678571224212646,3,False
309,detail,1,0.7,8,22,29.436885833740234,0.9538397789001465,2,False
309,detail,1,0.6,12,20,28.4244327545166,0.9123473167419434,2,False
309,detail,2,1.0,57,16,32.609100341796875,0.936798095703125,4,False
309,detail,2,0.9,59,15,31.0509090423584,0.9178237915039062,3,False
309,detail,2,0.8,61,6,27.33675193786621,0.9209938049316406,3,False
309,detail,2,0.7,64,4,26.316801071166992,1.3470885753631592,2,False
309,detail,2,0.6,66,12,25.87117576599121,1.339806318283081,2,True
309,detail,3,1.0,132,18,33.814491271972656,0.7814979553222656,4,False
309,detail,3,0.9,140,27,35.406158447265625,0.9631483554840088,3,False
309,detail,3,0.8,141,35,33.29240417480469,0.9911346435546875,3,False
309,detail,3,0.7,130,16,28.657894134521484,1.1847939491271973,2,False
309,detail,3,0.6,120,52,27.615549087524414,0.8945844173431396,2,False
310,coarse,1,0.3,12,2,19.387916564941406,,,True
310,coarse,2,0.3,70,2,19.930068969726562,,,True
310,coarse,3,0.5,30,0,27.244190216064453,,,True
310,detail,1,1.0,11,4,32.48895263671875,1.1123065948486328,4,False
310,detail,1,0.9,14,9,30.982158660888672,0.8925478458404541,3,False
310,detail,1,0.8,14,15,32.439483642578125,1.0448682308197021,3,False
310,detail,1,0.7,15,16,30.088958740234375,0.8381121158599854,2,False
310,detail,1,0.6,11,20,27.550771713256836,1.1024105548858643,2,False
310,detail,2,1.0,136,18,33.69436264038086,0.9226596355438232,4,False
310,detail,2,0.9,120,27,35.41392135620117,1.0149321556091309,3,False
310,detail,2,0.8,141,35,33.613616943359375,1.0828807353973389,3,False
310,detail,2,0.7,132,14,28.666454315185547,1.6041853427886963,2,False
310,detail,2,0.6,120,52,27.972942352294922,0.9565317630767822,2,False
310,detail,3,1.0,63,0,29.460172653198242,0.9820199012756348,4,False
310,detail,3,0.9,66,3,28.56730079650879,1.0981504917144775,3,False
310,detail,3,0.8,63,6,28.252229690551758,1.106579065322876,3,False
310,detail,3,0.7,67,4,26.330419540405273,1.318990707397461,2,False
310,detail,3,0.6,67,12,25.878948211669922,1.2956831455230713,2,True
311,coarse,1,0.3,12,2,19.510257720947266,,,True
311,coarse,2,0.3,68,2,20.20277976989746,,,True
311,coarse,3,0.4,50,26,25.956043243408203,,,True
311,detail,1,1.0,15,4,31.765878677368164,1.077911615371704,4,False
311,detail,1,0.9,14,9,30.961715698242188,0.9967503547668457,3,False
311,detail,1,0.8,14,15,32.432090759277344,0.9753060340881348,3,False
311,detail,1,0.7,11,18,31.27149200439453,1.0804319381713867,2,False
311,detail,1,0.6,11,20,27.43194007873535,1.253629207611084,2,False
311,detail,2,1.0,120,18,35.88429260253906,0.8857710361480713,4,False
311,detail,2,0.9,120,27,35.20853042602539,0.9913036823272705,3,False
311,detail,2,0.8,141,35,33.6835823059082,1.0320558547973633,3,False
311,detail,2,0.7,132,14,28.79196548461914,1.5041203498840332,2,False
311,detail,2,0.6,120,52,27.603050231933594,0.9433937072753906,2,False
311,detail,3,1.0,101,29,31.184865951538086,1.1619088649749756,4,False
311,detail,3,0.9,109,29,30.017873764038086,1.3971171379089355,3,False
311,detail,3,0.8,101,52,28.007104873657227,1.0396614074707031,3,False
311,detail,3,0.7,101,53,25.33230972290039,1.1354727745056152,2,False
311,detail,3,0.6,103,55,23.53989028930664,1.8205173015594482,2,True
312,coarse,1,0.3,0,2,19.28993034362793,,,True
312,coarse,2,0.3,26,0,19.634897232055664,,,True
312,coarse,3,0.3,68,2,20.210289001464844,,,True
312,detail,1,1.0,4,4,29.053434371948242,1.2068042755126953,4,False
312,detail,1,0.9,6,9,28.369117736816406,1.1683590412139893,3,False
312,detail,1,0.8,6,15,29.005369186401367,1.3008630275726318,3,False
312,detail,1,0.7,8,20,29.231048583984375,1.3305482864379883,2,False
312,detail,1,0.6,12,20,28.172901153564453,1.1583669185638428,2,False
312,detail,2,1.0,57,18,33.579673767089844,0.8667910099029541,4,False
312,detail,2,0.9,59,24,33.882537841796875,0.970116138458252,3,False
312,detail,2,0.8,61,21,32.35988235473633,0.849733829498291,3,False
312,detail,2,0.7,63,14,27.141590118408203,0.9566607475280762,2,False
312,detail,2,0.6,66,12,26.0413761138916,1.2435259819030762,2,True
312,detail,3,1.0,120,18,35.73713684082031,0.8820819854736328,4,False
312,detail,3,0.9,120,27,34.998905181884766,0.9834821224212646,3,False
312,detail,3,0.8,141,35,33.330204010009766,1.033215045928955,3,False
312,detail,3,0.7,132,14,28.967506408691406,1.4995105266571045,2,False
312,detail,3,0.6,120,52,27.444124221801758,1.0183632373809814,2,False
313,coarse,1,0.3,0,2,19.021623611450195,,,True
313,coarse,2,0.3,26,2,19.300220489501953,,,True
313,coarse,3,0.3,68,2,19.76996612548828,,,True
313,detail,1,1.0,4,0,28.71109390258789,1.333465576171875,4,False
313,detail,1,0.9,12,0,27.278076171875,1.1063809394836426,3,False
313,detail,1,0.8,12,3,27.003231048583984,1.037654161453247,3,False
313,detail,1,0.7,4,10,25.2353515625,1.4765281677246094,2,True
313,detail,1,0.6,10,12,25.93596839904785,1.3828461170196533,2,False
313,detail,2,1.0,57,16,32.53472900390625,0.8807384967803955,4,False
313,detail,2,0.9,59,15,30.84853744506836,0.9632725715637207,3,False
313,detail,2,0.8,60,6,26.587238311767578,1.004701852798462,3,False
313,detail,2,0.7,64,4,26.449115753173828,1.23453688621521,2,False
313,detail,2,0.6,66,12,25.905982971191406,1.4249897003173828,2,False
313,detail,3,1.0,132,16,33.052371978759766,0.7849640846252441,4,False
313,detail,3,0.9,120,27,34.8521728515625,1.3748726844787598,3,False
313,detail,3,0.8,123,9,28.724563598632812,1.2225134372711182,3,False
313,detail,3,0.7,128,4,25.570018768310547,1.5955970287322998,2,False
313,detail,3,0.6,124,8,25.444456100463867,2.0543572902679443,2,False
314,coarse,1,0.3,0,2,18.95587730407715,,,True
314,coarse,2,0.3,26,0,19.250808715820312,,,True
314,coarse,3,0.3,68,2,19.565357208251953,,,True
314,detail,1,1.0,4,0,28.771350860595703,1.3970973491668701,4,False
314,detail,1,0.9,12,0,27.24557876586914,1.1773028373718262,3,False
314,detail,1,0.8,12,0,26.755949020385742,1.0186102390289307,3,False
314,detail,1,0.7,4,10,25.387462615966797,1.5265717506408691,2,False
314,detail,1,0.6,10,12,25.810285568237305,1.4042418003082275,2,False
314,detail,2,1.0,57,16,32.50891876220703,0.8922042846679688,4,False
314,detail,2,0.9,59,15,30.758102416992188,0.9794583320617676,3,False
314,detail,2,0.8,60,6,26.455228805541992,1.0408623218536377,3,False
314,detail,2,0.7,64,4,26.261301040649414,1.2470099925994873,2,False
314,detail,2,0.6,66,12,25.645551681518555,1.450073003768921,2,False
314,detail,3,1.0,132,16,32.87858963012695,0.8217382431030273,4,False
314,detail,3,0.9,129,21,34.33583068847656,0.9891910552978516,3,False
314,detail,3,0.8,123,9,28.70983123779297,1.1995513439178467,3,False
314,detail,3,0.7,128,4,25.54647445678711,1.6009132862091064,2,False
314,detail,3,0.6,132,12,25.26627540588379,1.6335511207580566,2,True
315,coarse,1,0.3,0,2,18.884641647338867,,,True
315,coarse,2,0.3,26,0,19.20749282836914,,,True
315,coarse,3,0.3,68,2,19.42790985107422,,,True
315,detail,1,1.0,4,0,28.767534255981445,1.3388092517852783,4,False
315,detail,1,0.9,12,0,27.254350662231445,1.147939682006836,3,False
315,detail,1,0.8,12,3,26.65252685546875,1.0160765647888184,3,False
315,detail,1,0.7,16,4,25.90554428100586,1.1463499069213867,2,False
315,detail,1,0.6,10,12,25.646867752075195,1.4449028968811035,2,False
315,detail,2,1.0,39,18,36.03350830078125,0.855543851852417,4,False
315,detail,2,0.9,59,24,33.466243743896484,0.8188095092773438,3,False
315,detail,2,0.8,60,33,32.450801849365234,0.9187352657318115,3,False
315,detail,2,0.7,63,12,26.398136138916016,1.098860740661621,2,False
315,detail,2,0.6,66,12,25.44939613342285,1.2114014625549316,2,True
315,detail,3,1.0,136,18,33.37934112548828,0.8868019580841064,4,False
315,detail,3,0.9,120,27,34.906551361083984,1.333219289779663,3,False
315,detail,3,0.8,126,9,28.810562133789062,1.1746675968170166,3,False
315,detail,3,0.7,126,4,26.567970275878906,1.5331852436065674,2,False
315,detail,3,0.6,130,12,25.67046546936035,1.5239851474761963,2,False
316,coarse,1,0.3,0,2,18.934673309326172,,,True
316,coarse,2,0.3,26,0,19.37787628173828,,,True
316,coarse,3,0.3,68,2,19.746728897094727,,,True
316,detail,1,1.0,4,0,28.95926284790039,1.2667829990386963,4,False
316,detail,1,0.9,12,0,27.404624938964844,1.1886835098266602,3,False
316,detail,1,0.8,12,0,26.686193466186523,1.0116782188415527,3,False
316,detail,1,0.7,14,4,25.257213592529297,1.1412076950073242,2,False
316,detail,1,0.6,12,12,25.85771942138672,1.286870002746582,2,False
316,detail,2,1.0,39,18,36.227439880371094,0.6968371868133545,4,False
316,detail,2,0.9,59,24,33.49897384643555,0.8153946399688721,3,False
316,detail,2,0.8,60,33,32.47074890136719,0.9170432090759277,3,False
316,detail,2,0.7,63,12,26.387149810791016,1.1105427742004395,2,False
316,detail,2,0.6,66,12,25.52605628967285,1.2293500900268555,2,False
316,detail,3,1.0,132,18,34.06584167480469,0.9572162628173828,4,False
316,detail,3,0.9,129,21,34.88493728637695,0.9295954704284668,3,False
316,detail,3,0.8,120,0,27.692258834838867,1.2399787902832031,3,False
316,detail,3,0.7,126,2,24.867345809936523,1.9319891929626465,2,False
316,detail,3,0.6,128,8,23.978700637817383,2.361135721206665,2,True
317,coarse,1,0.3,0,2,19.0311279296875,,,True
317,coarse,2,0.3,26,0,19.384929656982422,,,True
317,coarse,3,0.3,70,2,19.90165138244629,,,True
317,detail,1,1.0,4,0,29.05174446105957,1.2908339500427246,4,False
317,detail,1,0.9,12,0,27.408748626708984,1.2102251052856445,3,False
317,detail,1,0.8,12,0,26.581466674804688,1.0179753303527832,3,False
317,detail,1,0.7,14,4,25.318843841552734,1.1258690357208252,2,False
317,detail,1,0.6,12,12,25.85736846923828,1.3113315105438232,2,False
317,detail,2,1.0,57,18,33.6483268737793,0.8289387226104736,4,False
317,detail,2,0.9,59,24,33.491004943847656,0.9019932746887207,3,False
317,detail,2,0.8,61,15,30.56859588623047,0.9251194000244141,3,False
317,detail,2,0.7,63,12,26.670198440551758,1.1968059539794922,2,False
317,detail,2,0.6,66,12,25.882909774780273,1.3287296295166016,2,False
317,detail,3,1.0,136,18,33.65840148925781,0.8259861469268799,4,False
317,detail,3,0.9,120,27,34.661033630371094,1.455082654953003,3,False
317,detail,3,0.8,120,0,27.605876922607422,1.2720179557800293,3,False
317,detail,3,0.7,126,2,24.872989654541016,1.9590232372283936,2,False
317,detail,3,0.6,128,8,23.940847396850586,2.3638391494750977,2,True
318,coarse,1,0.3,0,2,19.005298614501953,,,True
318,coarse,2,0.3,26,0,19.35959815979004,,,True
318,coarse,3,0.3,70,2,19.706069946289062,,,True
318,detail,1,1.0,4,4,29.54821014404297,1.1758763790130615,4,False
318,detail,1,0.9,6,9,28.08383560180664,1.0520594120025635,3,False
318,detail,1,0.8,15,6,27.75884246826172,1.0469088554382324,3,False
318,detail,1,0.7,12,12,26.738983154296875,0.8818175792694092,2,False
318,detail,1,0.6,12,18,26.788253784179688,1.0213217735290527,2,False
318,detail,2,0.9,59,27,34.04838180541992,0.7289321422576904,3,False
318,detail,2,0.8,60,35,32.427425384521484,0.7778215408325195,3,False
318,detail,2,0.7,64,12,27.009601593017578,1.0756218433380127,2,False
318,detail,2,0.6,66,12,25.95427703857422,1.4189441204071045,2,False
318,detail,3,1.0,136,18,33.61594009399414,0.8418676853179932,4,False
318,detail,3,0.9,120,27,34.423824310302734,1.3071908950805664,3,False
318,detail,3,0.8,126,12,30.722888946533203,1.218052625656128,3,False
318,detail,3,0.7,128,4,26.136058807373047,1.610846996307373,2,False
318,detail,3,0.6,128,8,23.95648956298828,2.4488108158111572,2,True
319,coarse,1,0.3,0,2,18.725671768188477,,,True
319,coarse,2,0.3,26,0,19.121780395507812,,,True
319,coarse,3,0.3,68,2,19.545759201049805,,,True
319,detail,1,1.0,4,0,29.24875259399414,1.0713300704956055,4,False
319,detail,1,0.9,6,6,28.307653427124023,1.0352880954742432,3,False
319,detail,1,0.8,15,6,27.74509620666504,1.0057532787322998,3,False
319,detail,1,0.7,12,10,25.840534210205078,0.9113614559173584,2,False
319,detail,1,0.6,16,12,26.244495391845703,0.9513583183288574,2,False
319,detail,2,0.9,59,27,34.25979995727539,0.7802939414978027,3,False
319,detail,2,0.8,60,33,32.66350555419922,0.6838541030883789,3,False
319,detail,2,0.7,64,12,26.808034896850586,1.0304396152496338,2,False
319,detail,2,0.6,66,12,25.785415649414062,1.3165771961212158,2,False
319,detail,3,1.0,136,18,33.69819259643555,0.7761690616607666,4,False
319,detail,3,0.9,120,27,34.30467224121094,1.3205950260162354,3,False
319,detail,3,0.8,126,12,30.701143264770508,1.1500332355499268,3,False
319,detail,3,0.7,126,2,24.825523376464844,1.938673734664917,2,False
319,detail,3,0.6,128,8,23.77311897277832,2.4033141136169434,2,True
320,coarse,1,0.3,0,2,18.703866958618164,,,True
320,coarse,2,0.3,26,0,19.23328399658203,,,True
320,coarse,3,0.3,70,2,19.50940704345703,,,True
320,detail,1,1.0,4,4,30.0130672454834,1.13657546043396,4,False
320,detail,1,0.9,6,9,28.38160514831543,1.053894281387329,3,False
320,detail,1,0.8,15,6,27.709522247314453,0.9119992256164551,3,False
320,detail,1,0.7,14,12,27.42958641052246,0.856891393661499,2,False
320,detail,1,0.6,14,16,27.31561279296875,0.8551211357116699,2,False
320,detail,2,0.9,59,27,34.29638671875,0.7241959571838379,3,False
320,detail,2,0.8,61,33,32.717987060546875,0.6930086612701416,3,False
320,detail,2,0.7,64,42,31.309040069580078,0.9004871845245361,2,False
320,detail,2,0.6,66,14,26.783538818359375,1.3392903804779053,2,False
320,detail,3,1.0,132,16,33.125144958496094,0.7447028160095215,4,False
320,detail,3,0.9,120,27,34.403594970703125,1.398993968963623,3,False
320,detail,3,0.8,126,9,28.977630615234375,1.1348068714141846,3,False
320,detail,3,0.7,128,4,25.933868408203125,1.4835152626037598,2,False
320,detail,3,0.6,128,8,23.606582641601562,2.305816173553467,2,True
321,coarse,1,0.3,0,2,18.78942108154297,,,True
321,coarse,2,0.3,26,0,19.3382568359375,,,True
321,coarse,3,0.3,70,2,19.567882537841797,,,True
321,detail,1,1.0,8,0,29.139053344726562,1.0040194988250732,4,False
321,detail,1,0.9,6,9,28.595592498779297,1.0539913177490234,3,False
321,detail,1,0.8,15,6,27.638004302978516,0.9266870021820068,3,False
321,detail,1,0.7,14,12,27.268035888671875,0.8269460201263428,2,False
321,detail,1,0.6,14,18,27.175029754638672,0.9691812992095947,2,False
321,detail,2,1.0,39,18,36.729736328125,0.7162775993347168,4,False
321,detail,2,0.9,59,27,34.32003402709961,0.8819365501403809,3,False
321,detail,2,0.8,61,33,32.61431884765625,0.8440618515014648,3,False
321,detail,2,0.7,64,42,31.341413497924805,1.0878784656524658,2,False
321,detail,2,0.6,66,14,26.92660140991211,1.3355612754821777,2,False
321,detail,3,1.0,132,16,33.110557556152344,0.8078477382659912,4,False
321,detail,3,0.9,120,27,34.412960052490234,1.4262416362762451,3,False
321,detail,3,0.8,120,0,27.682479858398438,1.3632113933563232,3,False
321,detail,3,0.7,128,4,26.1076717376709,1.4549016952514648,2,False
321,detail,3,0.6,128,8,23.82696533203125,2.266789436340332,2,True
322,coarse,1,0.3,0,2,18.586740493774414,,,True
322,coarse,2,0.3,26,0,19.093074798583984,,,True
322,coarse,3,0.3,68,2,19.46440887451172,,,True
322,detail,1,1.0,8,0,28.97102928161621,1.1466901302337646,4,False
322,detail,1,0.9,9,6,28.388648986816406,1.0446805953979492,3,False
322,detail,1,0.8,12,9,27.799968719482422,0.9173319339752197,3,False
322,detail,1,0.7,12,10,25.945816040039062,0.905778169631958,2,False
322,detail,1,0.6,14,18,26.861495971679688,1.1230568885803223,2,False
322,detail,2,1.0,57,18,34.433837890625,0.8392376899719238,4,False
322,detail,2,0.9,59,24,33.780487060546875,0.8504235744476318,3,False
322,detail,2,0.8,61,33,32.61238479614258,0.9109020233154297,3,False
322,detail,2,0.7,64,20,30.338850021362305,0.9393632411956787,2,False
322,detail,2,0.6,66,14,26.765697479248047,1.1569197177886963,2,False
322,detail,3,1.0,132,16,33.07743835449219,0.9000411033630371,4,False
322,detail,3,0.9,120,3,28.936540603637695,1.5145456790924072,3,False
322,detail,3,0.8,123,0,27.327720642089844,1.443681240081787,3,False
322,detail,3,0.7,126,0,23.942750930786133,2.370370388031006,2,False
322,detail,3,0.6,128,6,22.89204978942871,2.8850109577178955,2,True
323,coarse,1,0.3,0,2,18.852888107299805,,,True
323,coarse,2,0.3,26,0,19.3421630859375,,,True
323,coarse,3,0.3,72,2,19.656728744506836,,,True
323,detail,1,1.0,8,0,29.0419979095459,1.0942494869232178,4,False
323,detail,1,0.9,12,3,28.40487289428711,1.0135090351104736,3,False
323,detail,1,0.8,15,6,27.503637313842773,0.9543070793151855,3,False
323,detail,1,0.7,14,10,26.069110870361328,0.9163579940795898,2,False
323,detail,1,0.6,14,18,26.758275985717773,1.2110199928283691,2,False
323,detail,2,1.0,57,16,33.25982666015625,0.8725812435150146,4,False
323,detail,2,0.9,59,21,33.84348678588867,0.9354448318481445,3,False
323,detail,2,0.8,61,33,32.880367279052734,1.0630426406860352,3,False
323,detail,2,0.7,64,12,26.147838592529297,1.1646702289581299,2,False
323,detail,2,0.6,66,12,25.34958267211914,1.501197099685669,2,False
323,detail,3,1.0,132,16,33.11959457397461,0.9420864582061768,4,False
323,detail,3,0.9,120,21,33.986202239990234,1.0341753959655762,3,False
323,detail,3,0.8,123,0,27.430585861206055,1.4388179779052734,3,False
323,detail,3,0.7,128,2,24.184965133666992,2.161564588546753,2,False
323,detail,3,0.6,128,6,23.140626907348633,2.904893159866333,2,True
324,coarse,1,0.3,0,2,18.613296508789062,,,True
324,coarse,2,0.3,26,0,19.206605911254883,,,True
324,coarse,3,0.3,72,2,19.38071632385254,,,True
324,detail,1,1.0,8,4,29.19455909729004,1.0907468795776367,4,False
324,detail,1,0.9,9,9,28.11374282836914,1.010972023010254,3,False
324,detail,1,0.8,12,9,27.373689651489258,1.029590368270874,3,False
324,detail,1,0.7,14,12,26.71095848083496,0.8905682563781738,2,False
324,detail,1,0.6,14,18,26.57007598876953,0.9337763786315918,2,False
324,detail,2,1.0,39,16,34.147220611572266,0.6861460208892822,4,False
324,detail,2,0.9,59,24,34.168704986572266,0.9048833847045898,3,False
324,detail,2,0.8,61,33,32.99770736694336,0.9499392509460449,3,False
324,detail,2,0.7,64,18,29.533531188964844,1.2229104042053223,2,False
324,detail,2,0.6,66,14,26.663068771362305,1.5559141635894775,2,False
324,detail,3,1.0,132,16,33.093116760253906,0.8141000270843506,4,False
324,detail,3,0.9,120,21,33.87080383300781,1.0034534931182861,3,False
324,detail,3,0.8,126,12,30.438430786132812,1.2472038269042969,3,False
324,detail,3,0.7,128,4,26.145450592041016,1.625612497329712,2,False
324,detail,3,0.6,128,8,23.852985382080078,2.329456090927124,2,True
325,coarse,1,0.3,0,2,18.533554077148438,,,True
325,coarse,2,0.3,28,0,19.23351287841797,,,True
325,coarse,3,0.3,70,2,19.308473587036133,,,True
325,detail,1,1.0,8,0,28.881311416625977,1.2757670879364014,4,False
325,detail,1,0.9,15,0,27.04247283935547,1.2721703052520752,3,False
325,detail,1,0.8,12,3,26.304168701171875,1.0362486839294434,3,False
325,detail,1,0.7,14,10,25.799753189086914,1.2205040454864502,2,False
325,detail,1,0.6,14,12,25.749784469604492,1.2668509483337402,2,False
325,detail,2,1.0,61,8,30.21131134033203,1.0110578536987305,4,False
325,detail,2,0.9,63,6,28.028715133666992,0.9983351230621338,3,False
325,detail,2,0.8,65,6,26.88083267211914,0.9724266529083252,3,False
325,detail,2,0.7,65,14,26.2265682220459,1.007007360458374,2,False
325,detail,2,0.6,70,12,25.03659439086914,1.0299789905548096,2,False
325,detail,3,1.0,132,16,33.24261474609375,0.7555665969848633,4,False
325,detail,3,0.9,123,0,28.083797454833984,1.2036514282226562,3,False
325,detail,3,0.8,123,0,27.22879981994629,1.1216685771942139,3,False
325,detail,3,0.7,126,0,24.30956268310547,2.0026354789733887,2,False
325,detail,3,0.6,128,6,23.234628677368164,2.509662628173828,2,True
326,coarse,1,0.3,0,2,18.45020866394043,,,True
326,coarse,2,0.3,73,2,19.3279972076416,,,True
326,coarse,3,0.3,20,2,19.36342430114746,,,True
326,detail,1,1.0,8,4,28.990236282348633,1.0595107078552246,4,False
326,detail,1,0.9,9,9,27.888811111450195,1.0258541107177734,3,False
326,detail,1,0.8,12,9,27.159889221191406,0.8847723007202148,3,False
326,detail,1,0.7,14,12,26.489307403564453,0.8807468414306641,2,False
326,detail,1,0.6,14,18,26.366945266723633,1.0831315517425537,2,False
326,detail,2,1.0,138,18,33.95372009277344,0.8397657871246338,4,False
326,detail,2,0.9,123,3,28.79678726196289,1.2641310691833496,3,False
326,detail,2,0.8,123,0,27.364694595336914,1.203934907913208,3,False
326,detail,2,0.7,128,2,24.70400047302246,1.798088788986206,2,False
326,detail,2,0.6,126,6,24.59172821044922,2.190068483352661,2,True
326,detail,3,1.0,31,12,31.961288452148438,0.8499360084533691,4,False
326,detail,3,0.9,30,18,33.02275466918945,0.8715465068817139,3,False
326,detail,3,0.8,27,21,32.050228118896484,0.7881114482879639,3,False
326,detail,3,0.7,29,16,30.006118774414062,0.7963066101074219,2,False
326,detail,3,0.6,31,12,28.448440551757812,0.974088191986084,2,False
327,coarse,1,0.3,0,2,18.47057342529297,,,True
327,coarse,2,0.3,20,2,19.331029891967773,,,True
327,coarse,3,0.3,70,2,19.332901000976562,,,True
327,detail,1,1.0,8,4,28.890201568603516,1.000746250152588,4,False
327,detail,1,0.9,9,12,28.518430709838867,0.9221744537353516,3,False
327,detail,1,0.8,9,18,29.55006980895996,0.9739177227020264,3,False
327,detail,1,0.7,12,20,28.774097442626953,0.8931517601013184,2,False
327,detail,1,0.6,12,24,29.288663864135742,0.900803804397583,2,False
327,detail,2,1.0,31,12,31.93895149230957,0.7769749164581299,4,False
327,detail,2,0.9,30,18,32.9692497253418,0.7486405372619629,3,False
327,detail,2,0.8,30,24,34.43098068237305,0.7766518592834473,3,False
327,detail,2,0.7,29,24,31.3984317779541,0.7579925060272217,2,False
327,detail,2,0.6,31,16,28.681720733642578,0.7500529289245605,2,False
327,detail,3,1.0,120,18,34.124759674072266,1.285139799118042,4,False
327,detail,3,0.9,120,21,34.08256912231445,0.9764125347137451,3,False
327,detail,3,0.8,123,0,27.407373428344727,1.1510555744171143,3,False
327,detail,3,0.7,128,2,24.74488639831543,1.7211236953735352,2,False
327,detail,3,0.6,128,6,23.75074005126953,2.5254697799682617,2,True
328,coarse,1,0.3,0,2,18.627962112426758,,,True
328,coarse,2,0.3,28,0,19.355396270751953,,,True
328,coarse,3,0.3,70,2,19.419466018676758,,,True
328,detail,1,1.0,8,4,28.902463912963867,0.9103240966796875,4,False
328,detail,1,0.9,9,12,28.5447940826416,1.0252137184143066,3,False
328,detail,1,0.8,9,18,29.587560653686523,1.0233991146087646,3,False
328,detail,1,0.7,12,20,28.806838989257812,0.8982253074645996,2,False
328,detail,1,0.6,14,24,29.354013442993164,0.9339189529418945,2,False
328,detail,2,1.0,61,16,32.82653045654297,0.7733719348907471,4,False
328,detail,2,0.9,61,24,33.90407180786133,0.8417470455169678,3,False
328,detail,2,0.8,64,33,33.16112518310547,0.9831690788269043,3,False
328,detail,2,0.7,68,20,31.35614585876465,0.7644438743591309,2,False
328,detail,2,0.6,70,20,29.679000854492188,0.7361352443695068,2,False
328,detail,3,1.0,120,18,34.04120635986328,1.2715873718261719,4,False
328,detail,3,0.9,120,21,34.03462219238281,0.9533753395080566,3,False
328,detail,3,0.8,123,0,27.614858627319336,1.139556646347046,3,False
328,detail,3,0.7,128,2,25.011795043945312,1.7263679504394531,2,False
328,detail,3,0.6,128,6,23.974424362182617,2.533259153366089,2,True
329,coarse,1,0.3,0,2,19.300687789916992,,,True
329,coarse,2,0.3,28,0,19.757213592529297,,,True
329,coarse,3,0.3,70,2,19.9406681060791,,,True
329,detail,1,1.0,8,8,30.099576950073242,0.9659786224365234,4,False
329,detail,1,0.9,9,15,30.94403076171875,0.9415113925933838,3,False
329,detail,1,0.8,12,18,30.04301643371582,0.818688154220581,3,False
329,detail,1,0.7,12,24,29.978342056274414,0.9565494060516357,2,False
329,detail,1,0.6,14,24,29.018686294555664,0.9155054092407227,2,False
329,detail,2,1.0,61,18,34.519142150878906,0.7410168647766113,4,False
329,detail,2,0.9,63,27,35.11919021606445,0.8225758075714111,3,False
329,detail,2,0.8,64,33,33.79233932495117,0.751136302947998,3,False
329,detail,2,0.7,65,40,32.32852554321289,0.687859296798706,2,False
329,detail,2,0.6,45,18,28.549991607666016,0.5839405059814453,2,False
329,detail,3,1.0,120,18,34.56418991088867,1.1778509616851807,4,False
329,detail,3,0.9,120,27,34.96597671508789,1.3292524814605713,3,False
329,detail,3,0.8,126,12,31.119033813476562,1.1574060916900635,3,False
329,detail,3,0.7,124,4,27.30388641357422,1.5962724685668945,2,False
329,detail,3,0.6,128,8,25.362640380859375,2.2149434089660645,2,True
330,coarse,1,0.3,0,2,19.123043060302734,,,True
330,coarse,2,0.3,28,0,19.78668975830078,,,True
330,coarse,3,0.3,72,2,19.85865020751953,,,True
330,detail,1,1.0,8,8,30.026330947875977,0.9585764408111572,4,False
330,detail,1,0.9,9,15,30.845035552978516,0.8378252983093262,3,False
330,detail,1,0.8,12,21,31.625024795532227,0.9164373874664307,3,False
330,detail,1,0.7,14,26,32.844425201416016,0.9213073253631592,2,False
330,detail,1,0.6,27,24,31.551372528076172,0.3585832118988037,2,False
330,detail,2,1.0,61,18,34.6794319152832,0.853285551071167,4,False
330,detail,2,0.9,63,24,34.48988723754883,0.7911012172698975,3,False
330,detail,2,0.8,64,33,33.67556381225586,0.8668568134307861,3,False
330,detail,2,0.7,65,40,32.180419921875,0.824751615524292,2,False
330,detail,2,0.6,47,18,28.638973236083984,0.8499796390533447,2,False
330,detail,3,1.0,120,18,34.48162841796875,1.1379458904266357,4,False
330,detail,3,0.9,120,27,34.878326416015625,1.3012235164642334,3,False
330,detail,3,0.8,120,35,32.85357666015625,1.4267077445983887,3,False
330,detail,3,0.7,138,14,28.552000045776367,0.9199342727661133,2,False
330,detail,3,0.6,120,52,27.10517692565918,1.5231618881225586,2,True
331,coarse,1,0.3,0,2,18.677953720092773,,,True
331,coarse,2,0.3,68,2,19.587156295776367,,,True
331,coarse,3,0.3,28,0,19.65372657775879,,,True
331,detail,1,1.0,8,8,30.152246475219727,0.8065500259399414,4,False
331,detail,1,0.9,9,21,32.76955032348633,0.9404196739196777,3,False
331,detail,1,0.8,22,21,32.53940963745117,0.7942240238189697,3,False
331,detail,1,0.7,14,28,32.66108703613281,0.8519361019134521,2,False
331,detail,1,0.6,27,24,31.567140579223633,0.35269761085510254,2,False
331,detail,2,1.0,120,18,34.1429557800293,1.1753613948822021,4,False
331,detail,2,0.9,120,27,34.398197174072266,1.3568711280822754,3,False
331,detail,2,0.8,120,35,32.20027160644531,1.4776074886322021,3,False
331,detail,2,0.7,126,8,27.742250442504883,1.048125982284546,2,False
331,detail,2,0.6,128,10,26.283763885498047,1.6633882522583008,2,True
331,detail,3,1.0,61,16,33.457740783691406,0.8460555076599121,4,False
331,detail,3,0.9,63,24,34.39442443847656,0.9511733055114746,3,False
331,detail,3,0.8,64,33,33.35690689086914,0.9891605377197266,3,False
331,detail,3,0.7,65,40,31.715778350830078,0.8485095500946045,2,False
331,detail,3,0.6,47,18,28.441972732543945,0.8582377433776855,2,False
332,coarse,1,0.3,0,2,18.876550674438477,,,True
332,coarse,2,0.3,68,2,19.71454429626465,,,True
332,coarse,3,0.3,28,0,19.8524169921875,,,True
332,detail,1,1.0,8,12,31.559995651245117,0.8013989925384521,4,False
332,detail,1,0.9,9,21,32.89347457885742,0.921473503112793,3,False
332,detail,1,0.8,12,24,33.54420471191406,0.7531898021697998,3,False
332,detail,1,0.7,12,38,33.612640380859375,1.6209721565246582,2,False
332,detail,1,0.6,14,46,34.08261489868164,2.1198253631591797,2,False
332,detail,2,1.0,120,18,34.28204345703125,1.1195993423461914,4,False
332,detail,2,0.9,120,27,34.510555267333984,1.2635283470153809,3,False
332,detail,2,0.8,120,35,32.01415252685547,1.335383415222168,3,False
332,detail,2,0.7,130,6,27.80967140197754,0.9992067813873291,2,False
332,detail,2,0.6,120,52,26.645896911621094,1.2687699794769287,2,True
332,detail,3,1.0,61,16,33.75033187866211,1.0757780075073242,4,False
332,detail,3,0.9,63,21,34.53044128417969,0.9120395183563232,3,False
332,detail,3,0.8,64,35,33.44179153442383,1.2186317443847656,3,False
332,detail,3,0.7,68,16,28.7629337310791,0.8857054710388184,2,False
332,detail,3,0.6,70,14,27.641738891601562,1.1423087120056152,2,False
333,coarse,1,0.3,0,2,18.950719833374023,,,True
333,coarse,2,0.3,28,0,19.674697875976562,,,True
333,coarse,3,0.3,70,2,19.989473342895508,,,True
333,detail,1,1.0,12,8,29.57861328125,0.8849451541900635,4,False
333,detail,1,0.9,12,15,30.03792381286621,0.8895788192749023,3,False
333,detail,1,0.8,12,21,30.41618537902832,0.8942112922668457,3,False
333,detail,1,0.7,16,26,31.857275009155273,1.0227274894714355,2,False
333,detail,1,0.6,18,24,29.54066276550293,0.9924006462097168,2,False
333,detail,2,1.0,61,12,32.62822723388672,1.0022003650665283,4,False
333,detail,2,0.9,63,15,31.15894317626953,1.0764007568359375,3,False
333,detail,2,0.8,65,12,30.191417694091797,1.106853723526001,3,False
333,detail,2,0.7,67,12,27.416908264160156,1.25931715965271,2,False
333,detail,2,0.6,70,12,26.37574577331543,1.5432453155517578,2,False
333,detail,3,1.0,120,18,33.893978118896484,1.2520043849945068,4,False
333,detail,3,0.9,120,27,33.617027282714844,1.4213078022003174,3,False
333,detail,3,0.8,120,35,30.934648513793945,1.4834682941436768,3,False
333,detail,3,0.7,126,4,26.743505477905273,1.5485975742340088,2,False
333,detail,3,0.6,120,52,25.77802085876465,1.3234739303588867,2,True
334,coarse,1,0.3,2,2,18.927732467651367,,,True
334,coarse,2,0.3,28,0,19.75591278076172,,,True
334,coarse,3,0.3,73,2,19.988889694213867,,,True
334,detail,1,1.0,12,8,29.274415969848633,1.1402332782745361,4,False
334,detail,1,0.9,12,15,30.0770263671875,1.1492204666137695,3,False
334,detail,1,0.8,15,18,28.92853546142578,1.0420920848846436,3,False
334,detail,1,0.7,16,26,31.10465431213379,1.247450828552246,2,False
334,detail,1,0.6,24,14,29.91250991821289,0.9779045581817627,2,False
334,detail,2,1.0,61,12,32.53532409667969,1.0883815288543701,4,False
334,detail,2,0.9,63,15,31.012027740478516,1.2008206844329834,3,False
334,detail,2,0.8,65,9,28.770713806152344,1.266249418258667,3,False
334,detail,2,0.7,68,12,27.561019897460938,1.3170371055603027,2,False
334,detail,2,0.6,70,12,26.44614601135254,1.667445182800293,2,False
334,detail,3,1.0,120,18,34.014488220214844,1.3370177745819092,4,False
334,detail,3,0.9,120,27,33.545101165771484,1.462217092514038,3,False
334,detail,3,0.8,126,0,27.801109313964844,1.7033941745758057,3,False
334,detail,3,0.7,130,2,25.228179931640625,2.440338611602783,2,False
334,detail,3,0.6,132,6,23.771774291992188,3.648726463317871,2,True
335,coarse,1,0.3,2,2,18.836711883544922,,,True
335,coarse,2,0.3,28,0,19.71395492553711,,,True
335,coarse,3,0.3,73,2,19.98384666442871,,,True
335,detail,1,1.0,12,8,29.1295108795166,1.02956223487854,4,False
335,detail,1,0.9,12,15,30.191068649291992,1.0403785705566406,3,False
335,detail,1,0.8,15,21,30.298492431640625,1.1175668239593506,3,False
335,detail,1,0.7,16,26,30.81442642211914,1.0865843296051025,2,False
335,detail,1,0.6,2,18,30.356327056884766,0.5027303695678711,2,False
335,detail,2,1.0,43,8,32.80644226074219,0.9084274768829346,4,False
335,detail,2,0.9,43,9,31.19322395324707,0.8821117877960205,3,False
335,detail,2,0.8,43,6,29.221342086791992,0.8614754676818848,3,False
335,detail,2,0.7,43,4,25.039104461669922,1.1339681148529053,2,False
335,detail,2,0.6,43,10,24.26668357849121,1.1144566535949707,2,False
335,detail,3,1.0,120,18,34.656314849853516,1.2027366161346436,4,False
335,detail,3,0.9,120,27,34.025333404541016,1.329916000366211,3,False
335,detail,3,0.8,120,0,28.409120559692383,1.8515429496765137,3,False
335,detail,3,0.7,124,2,26.51483726501465,2.0607657432556152,2,False
335,detail,3,0.6,120,2,23.726011276245117,2.685070037841797,2,True
336,coarse,1,0.3,2,2,19.289474487304688,,,True
336,coarse,2,0.3,28,0,20.076419830322266,,,True
336,coarse,3,0.3,70,2,20.48841667175293,,,True
336,detail,1,1.0,12,8,29.750337600708008,0.8834247589111328,4,False
336,detail,1,0.9,15,15,30.751670837402344,0.8534331321716309,3,False
336,detail,1,0.8,15,21,30.31214714050293,0.9824173450469971,3,False
336,detail,1,0.7,16,26,31.20921516418457,1.1155405044555664,2,False
336,detail,1,0.6,18,24,28.939495086669922,1.0509040355682373,2,False
336,detail,2,1.0,43,12,34.06928253173828,1.0651466846466064,4,False
336,detail,2,0.9,46,15,33.7706298828125,0.7975273132324219,3,False
336,detail,2,0.8,46,15,32.93647766113281,0.7415556907653809,3,False
336,detail,2,0.7,43,6,29.08829116821289,0.8744282722473145,2,False
336,detail,2,0.6,45,12,26.647254943847656,1.0505683422088623,2,False
336,detail,3,1.0,120,18,34.82463455200195,1.3261909484863281,4,False
336,detail,3,0.9,120,27,33.513973236083984,1.4824612140655518,3,False
336,detail,3,0.8,120,35,30.876432418823242,1.5316667556762695,3,False
336,detail,3,0.7,124,4,28.13381576538086,1.7277462482452393,2,False
336,detail,3,0.6,124,4,25.83115005493164,2.7780940532684326,2,True
337,coarse,1,0.3,2,2,19.375757217407227,,,True
337,coarse,2,0.3,30,0,20.429563522338867,,,True
337,coarse,3,0.3,56,28,20.855058670043945,,,True
337,detail,1,1.0,12,8,29.9558048248291,1.090071201324463,4,False
337,detail,1,0.9,15,15,30.54718589782715,1.1446242332458496,3,False
337,detail,1,0.8,15,21,30.2170352935791,1.2534761428833008,3,False
337,detail,1,0.7,16,26,31.362394332885742,1.0889639854431152,2,False
337,detail,1,0.6,18,30,31.044815063476562,0.9258790016174316,2,False
337,detail,2,1.0,65,12,32.99294662475586,0.896956205368042,4,False
337,detail,2,0.9,67,9,31.205154418945312,0.9612236022949219,3,False
337,detail,2,0.8,68,6,28.345861434936523,1.0563039779663086,3,False
337,detail,2,0.7,69,14,28.419483184814453,1.017812728881836,2,False
337,detail,2,0.6,74,14,28.533510208129883,1.2214570045471191,2,False
337,detail,3,1.0,111,29,30.39726448059082,1.100212812423706,4,False
337,detail,3,0.9,111,35,29.702302932739258,1.086104393005371,3,False
337,detail,3,0.8,108,52,27.785463333129883,1.2337827682495117,3,False
337,detail,3,0.7,111,53,24.47637939453125,1.2505817413330078,2,False
337,detail,3,0.6,113,55,22.62557601928711,1.953922986984253,2,True
338,coarse,1,0.3,2,2,19.429683685302734,,,True
338,coarse,2,0.3,30,0,20.43631935119629,,,True
338,coarse,3,0.4,54,26,26.29684829711914,,,True
338,detail,1,1.0,12,12,31.582836151123047,0.7492756843566895,4,False
338,detail,1,0.9,15,18,32.2367057800293,0.8727157115936279,3,False
338,detail,1,0.8,15,30,33.736087799072266,1.024519443511963,3,False
338,detail,1,0.7,16,40,32.55625915527344,1.3993124961853027,2,False
338,detail,1,0.6,2,18,31.46707534790039,0.18670654296875,2,False
338,detail,2,1.0,65,16,34.45073699951172,0.8858871459960938,4,False
338,detail,2,0.9,67,21,35.40445327758789,0.8129515647888184,3,False
338,detail,2,0.8,69,21,33.41373062133789,0.8717443943023682,3,False
338,detail,2,0.7,69,14,28.33120346069336,1.0074450969696045,2,False
338,detail,2,0.6,74,14,28.47768211364746,1.2871618270874023,2,False
338,detail,3,1.0,113,29,30.551944732666016,1.017824411392212,4,False
338,detail,3,0.9,112,35,29.636457443237305,0.9239461421966553,3,False
338,detail,3,0.8,115,44,28.901016235351562,0.9934847354888916,3,False
338,detail,3,0.7,111,53,24.537506103515625,1.2995502948760986,2,False
338,detail,3,0.6,113,55,22.652132034301758,2.0407800674438477,2,True
339,coarse,1,0.3,2,2,18.994665145874023,,,True
339,coarse,2,0.3,30,0,20.204551696777344,,,True
339,coarse,3,0.4,56,26,25.996841430664062,,,True
339,detail,1,1.0,12,12,31.289997100830078,0.6773595809936523,4,False
339,detail,1,0.9,15,18,31.554651260375977,0.8198084831237793,3,False
339,detail,1,0.8,15,30,33.10682678222656,0.9551787376403809,3,False
339,detail,1,0.7,16,40,32.030250549316406,1.2097480297088623,2,False
339,detail,1,0.6,18,46,32.06349182128906,1.6818537712097168,2,False
339,detail,2,1.0,65,16,34.37270736694336,0.8681840896606445,4,False
339,detail,2,0.9,67,27,35.56616973876953,1.0465748310089111,3,False
339,detail,2,0.8,68,35,33.4844970703125,1.0921509265899658,3,False
339,detail,2,0.7,72,16,29.380769729614258,1.0994892120361328,2,False
339,detail,2,0.6,74,14,28.22876739501953,1.199385404586792,2,False
339,detail,3,1.0,113,29,30.160017013549805,0.95477294921875,4,False
339,detail,3,0.9,110,35,29.55612564086914,0.7315630912780762,3,False
339,detail,3,0.8,113,44,28.589723587036133,0.7030706405639648,3,False
339,detail,3,0.7,113,53,24.282793045043945,1.2681753635406494,2,False
339,detail,3,0.6,121,59,23.89250373840332,1.2557735443115234,2,True
340,coarse,1,0.3,2,2,19.137996673583984,,,True
340,coarse,2,0.3,30,0,20.350265502929688,,,True
340,coarse,3,0.4,56,26,25.66971206665039,,,True
340,detail,1,1.0,16,16,32.729209899902344,0.7622354030609131,4,False
340,detail,1,0.9,15,21,31.775135040283203,0.700455904006958,3,False
340,detail,1,0.8,15,30,32.79444122314453,0.7749645709991455,3,False
340,detail,1,0.7,16,40,31.698978424072266,0.824664831161499,2,False
340,detail,1,0.6,18,46,31.12146759033203,1.217144250869751,2,False
340,detail,2,1.0,65,18,35.499610900878906,0.9065365791320801,4,False
340,detail,2,0.9,67,27,35.69282531738281,1.0072572231292725,3,False
340,detail,2,0.8,69,35,33.478851318359375,1.049307107925415,3,False
340,detail,2,0.7,71,42,31.316267013549805,1.0379562377929688,2,False
340,detail,2,0.6,74,14,28.02634048461914,1.3448212146759033,2,False
340,detail,3,1.0,113,29,29.91580581665039,0.8767626285552979,4,False
340,detail,3,0.9,113,35,29.254919052124023,0.8256134986877441,3,False
340,detail,3,0.8,113,44,28.538341522216797,0.6953749656677246,3,False
340,detail,3,0.7,117,53,25.673213958740234,1.1502046585083008,2,False
340,detail,3,0.6,121,59,23.750642776489258,1.3040859699249268,2,True
341,coarse,1,0.3,4,2,19.146501541137695,,,True
341,coarse,2,0.3,30,0,20.480655670166016,,,True
341,coarse,3,0.4,56,26,25.02478790283203,,,True
341,detail,1,1.0,18,16,33.73973846435547,0.8969306945800781,4,False
341,detail,1,0.9,15,21,31.34316062927246,0.7617027759552002,3,False
341,detail,1,0.8,15,30,32.2418327331543,0.713702917098999,3,False
341,detail,1,0.7,18,40,30.87101936340332,0.8975310325622559,2,False
341,detail,1,0.6,18,46,30.093982696533203,0.9161746501922607,2,False
341,detail,2,0.9,67,27,35.58378219604492,0.9065248966217041,3,False
341,detail,2,0.8,69,35,33.09311294555664,0.9665603637695312,3,False
341,detail,2,0.7,71,42,30.80231285095215,0.9236760139465332,2,False
341,detail,2,0.6,51,20,29.415285110473633,0.4235835075378418,2,False
341,detail,3,1.0,113,29,29.51335334777832,0.8105180263519287,4,False
341,detail,3,0.9,113,35,28.772632598876953,0.7499988079071045,3,False
341,detail,3,0.8,116,44,28.254533767700195,0.7799322605133057,3,False
341,detail,3,0.7,119,53,25.779071807861328,1.089158058166504,2,False
341,detail,3,0.6,123,59,23.944049835205078,1.3257148265838623,2,True
342,coarse,1,0.3,4,2,19.755403518676758,,,True
342,coarse,2,0.3,32,0,20.900156021118164,,,True
342,coarse,3,0.4,56,26,25.471046447753906,,,True
342,detail,1,1.0,0,16,34.714176177978516,0.9728777408599854,4,False
342,detail,1,0.9,18,24,33.09431076049805,0.7115638256072998,3,False
342,detail,1,0.8,18,30,32.72450637817383,0.6982285976409912,3,False
342,detail,1,0.7,0,16,31.02643585205078,0.7428522109985352,2,False
342,detail,1,0.6,0,16,30.89164161682129,0.7650566101074219,2,False
342,detail,2,1.0,69,18,35.05217742919922,0.8137671947479248,4,False
342,detail,2,0.9,69,27,35.699745178222656,0.8905322551727295,3,False
342,detail,2,0.8,69,35,33.44500732421875,0.9266197681427002,3,False
342,detail,2,0.7,71,42,31.3872013092041,0.8981742858886719,2,False
342,detail,2,0.6,53,20,29.692583084106445,0.4963102340698242,2,False
342,detail,3,1.0,117,29,31.162250518798828,0.96494460105896,4,False
342,detail,3,0.9,116,38,29.96631622314453,0.7976350784301758,3,False
342,detail,3,0.8,116,44,28.633764266967773,0.6684565544128418,3,False
342,detail,3,0.7,121,55,26.69475555419922,1.3457920551300049,2,False
342,detail,3,0.6,123,61,24.4928035736084,1.5135674476623535,2,True
343,coarse,1,0.3,4,2,18.915803909301758,,,True
343,coarse,2,0.3,32,0,20.22209930419922,,,True
343,coarse,3,0.3,58,28,20.33928680419922,,,True
343,detail,1,1.0,0,16,34.29899978637695,0.9114894866943359,4,False
343,detail,1,0.9,0,18,33.827476501464844,0.9160280227661133,3,False
343,detail,1,0.8,0,18,33.051849365234375,0.9354617595672607,3,False
343,detail,1,0.7,0,12,28.94563102722168,0.9249510765075684,2,False
343,detail,1,0.6,20,46,29.571727752685547,0.5398032665252686,2,False
343,detail,2,1.0,69,18,34.39853286743164,0.9852294921875,4,False
343,detail,2,0.9,71,27,34.890380859375,1.108436107635498,3,False
343,detail,2,0.8,69,35,32.57234573364258,1.0549030303955078,3,False
343,detail,2,0.7,75,14,28.278139114379883,1.1000912189483643,2,False
343,detail,2,0.6,77,14,27.95709800720215,1.3481965065002441,2,False
343,detail,3,1.0,115,29,29.239212036132812,0.9866058826446533,4,False
343,detail,3,0.9,112,35,28.350589752197266,0.8228318691253662,3,False
343,detail,3,0.8,115,44,27.662593841552734,0.8447647094726562,3,False
343,detail,3,0.7,115,51,24.28632164001465,1.1138484477996826,2,False
343,detail,3,0.6,123,59,23.351869583129883,1.487588882446289,2,True
344,coarse,1,0.3,4,2,18.88218879699707,,,True
344,coarse,2,0.3,32,0,20.04170036315918,,,True
344,coarse,3,0.3,58,28,20.056133270263672,,,True
344,detail,1,1.0,0,18,35.47215270996094,0.8531110286712646,4,False
344,detail,1,0.9,0,18,34.081539154052734,0.8594491481781006,3,False
344,detail,1,0.8,18,33,31.79187774658203,0.6204488277435303,3,False
344,detail,1,0.7,0,14,29.454326629638672,0.7908511161804199,2,False
344,detail,1,0.6,20,46,29.532989501953125,0.6160025596618652,2,False
344,detail,2,1.0,69,18,34.47748565673828,0.9771304130554199,4,False
344,detail,2,0.9,71,27,34.94833755493164,1.1166484355926514,3,False
344,detail,2,0.8,69,35,32.617225646972656,1.0410311222076416,3,False
344,detail,2,0.7,75,14,28.274036407470703,1.100726842880249,2,False
344,detail,2,0.6,77,14,27.929906845092773,1.3816215991973877,2,False
344,detail,3,1.0,115,29,29.118783950805664,0.898205041885376,4,False
344,detail,3,0.9,115,35,28.339765548706055,0.8573353290557861,3,False
344,detail,3,0.8,115,44,27.51028060913086,0.7308907508850098,3,False
344,detail,3,0.7,113,51,24.93988609313965,1.3837296962738037,2,False
344,detail,3,0.6,125,61,23.404815673828125,1.457641839981079,2,True
345,coarse,1,0.3,4,2,18.91521453857422,,,True
345,coarse,2,0.3,58,28,20.138818740844727,,,True
345,coarse,3,0.3,32,0,20.24259376525879,,,True
345,detail,1,1.0,0,18,35.70717239379883,0.8100194931030273,4,False
345,detail,1,0.9,0,18,34.25724411010742,0.7968113422393799,3,False
345,detail,1,0.8,21,30,33.16122055053711,0.6292672157287598,3,False
345,detail,1,0.7,20,40,29.994558334350586,0.5527224540710449,2,False
345,detail,1,0.6,22,46,29.520572662353516,0.6108713150024414,2,False
345,detail,2,1.0,119,29,30.497432708740234,1.0598890781402588,4,False
345,detail,2,0.9,115,35,28.13142204284668,0.7911872863769531,3,False
345,detail,2,0.8,118,44,27.585987091064453,0.7502806186676025,3,False
345,detail,2,0.7,125,53,25.740657806396484,0.9905014038085938,2,False
345,detail,2,0.6,127,61,23.91284942626953,1.3431975841522217,2,True
345,detail,3,1.0,69,18,34.807594299316406,0.9637365341186523,4,False
345,detail,3,0.9,71,27,35.11976623535156,1.0985138416290283,3,False
345,detail,3,0.8,72,35,32.91313934326172,1.1374187469482422,3,False
345,detail,3,0.7,76,14,28.37827491760254,0.9064276218414307,2,False
345,detail,3,0.6,77,14,28.074390411376953,1.0221481323242188,2,False
346,coarse,1,0.3,6,2,19.096426010131836,,,True
346,coarse,2,0.3,32,0,20.20861053466797,,,True
346,coarse,3,0.4,58,26,25.165239334106445,,,True
346,detail,1,0.9,0,21,34.370208740234375,0.8203506469726562,3,False
346,detail,1,0.8,21,30,32.141876220703125,0.6429200172424316,3,False
346,detail,1,0.7,22,40,30.039152145385742,0.6915895938873291,2,False
346,detail,1,0.6,0,16,29.383159637451172,0.7784764766693115,2,False
346,detail,2,0.9,71,27,34.98598861694336,1.0120022296905518,3,False
346,detail,2,0.8,72,35,32.761146545410156,1.0533223152160645,3,False
346,detail,2,0.7,75,42,30.657960891723633,1.0256495475769043,2,False
346,detail,2,0.6,75,20,29.004497528076172,0.8368899822235107,2,False
346,detail,3,1.0,121,33,30.781465530395508,1.169095516204834,4,False
346,detail,3,0.9,114,35,28.400699615478516,0.7851588726043701,3,False
346,detail,3,0.8,117,44,27.72687530517578,0.7194602489471436,3,False
346,detail,3,0.7,125,53,26.144290924072266,1.0655057430267334,2,False
346,detail,3,0.6,127,61,24.253353118896484,1.503972053527832,2,True
347,coarse,1,0.3,6,2,19.094959259033203,,,True
347,coarse,2,0.3,32,0,20.329038619995117,,,True
347,coarse,3,0.4,58,26,25.08509063720703,,,True
347,detail,1,0.9,20,21,31.406932830810547,0.7228388786315918,3,False
347,detail,1,0.8,21,30,32.056941986083984,0.8138346672058105,3,False
347,detail,1,0.7,0,16,30.217437744140625,0.8054707050323486,2,False
347,detail,1,0.6,0,16,29.435699462890625,0.8443586826324463,2,False
347,detail,2,1.0,69,16,33.98148727416992,0.9557504653930664,4,False
347,detail,2,0.9,71,21,34.799652099609375,0.9428999423980713,3,False
347,detail,2,0.8,73,21,32.31541442871094,0.9144587516784668,3,False
347,detail,2,0.7,75,14,27.881507873535156,0.9654684066772461,2,False
347,detail,2,0.6,78,14,27.973134994506836,1.2094545364379883,2,False
347,detail,3,1.0,121,29,30.60945701599121,1.132606029510498,4,False
347,detail,3,0.9,117,35,28.585693359375,0.8283736705780029,3,False
347,detail,3,0.8,120,44,27.817480087280273,0.7470748424530029,3,False
347,detail,3,0.7,127,53,26.29535675048828,1.0040555000305176,2,False
347,detail,3,0.6,105,59,24.434621810913086,1.5682754516601562,2,True
348,coarse,1,0.3,6,2,18.853240966796875,,,True
348,coarse,2,0.3,32,0,20.062612533569336,,,True
348,coarse,3,0.4,58,26,24.666778564453125,,,True
348,detail,1,1.0,18,12,30.246665954589844,0.8229992389678955,4,False
348,detail,1,0.9,20,18,30.673324584960938,1.0245001316070557,3,False
348,detail,1,0.8,22,24,31.419179916381836,0.9400556087493896,3,False
348,detail,1,0.7,22,40,30.69698715209961,1.204101324081421,2,False
348,detail,1,0.6,0,20,30.46904945373535,0.6669094562530518,2,False
348,detail,2,1.0,69,18,34.48335647583008,1.0087077617645264,4,False
348,detail,2,0.9,71,27,34.698909759521484,1.0851960182189941,3,False
348,detail,2,0.8,73,35,32.14546585083008,1.1248254776000977,3,False
348,detail,2,0.7,76,16,28.547657012939453,0.9689888954162598,2,False
348,detail,2,0.6,78,14,27.46169662475586,1.3149464130401611,2,False
348,detail,3,1.0,121,29,30.115896224975586,1.158700942993164,4,False
348,detail,3,0.9,117,35,28.19428253173828,0.8536241054534912,3,False
348,detail,3,0.8,120,44,27.399351119995117,0.8704395294189453,3,False
348,detail,3,0.7,127,53,25.706741333007812,1.0178182125091553,2,False
348,detail,3,0.6,105,59,23.7476863861084,1.2167410850524902,2,True
349,coarse,1,0.3,6,2,18.972448348999023,,,True
349,coarse,2,0.3,34,0,20.282909393310547,,,True
349,coarse,3,0.3,60,28,20.430397033691406,,,True
349,detail,1,1.0,18,12,30.53647804260254,0.9893765449523926,4,False
349,detail,1,0.9,20,18,30.813556671142578,1.1155457496643066,3,False
349,detail,1,0.8,0,6,27.482410430908203,0.9133381843566895,3,False
349,detail,1,0.7,2,4,25.740163803100586,1.0183296203613281,2,False
349,detail,1,0.6,4,12,27.687063217163086,0.8487224578857422,2,False
349,detail,2,1.0,73,0,29.417526245117188,1.6893024444580078,4,False
349,detail,2,0.9,73,0,28.088735580444336,1.736703634262085,3,False
349,detail,2,0.8,76,9,27.540952682495117,1.5749785900115967,3,False
349,detail,2,0.7,61,2,24.855751037597656,2.09944486618042,2,False
349,detail,2,0.6,65,8,24.235746383666992,2.4532878398895264,2,False
349,detail,3,1.0,119,29,29.276098251342773,1.634657382965088,4,False
349,detail,3,0.9,127,38,28.61138916015625,1.71565580368042,3,False
349,detail,3,0.8,116,52,26.113847732543945,1.3417260646820068,3,False
349,detail,3,0.7,117,53,23.535646438598633,1.6058735847473145,2,False
349,detail,3,0.6,119,55,21.58623695373535,1.9860436916351318,2,True
350,coarse,1,0.3,6,2,18.9924373626709,,,True
350,coarse,2,0.3,34,0,20.4102783203125,,,True
350,coarse,3,0.4,58,26,25.352407455444336,,,True
350,detail,1,0.9,20,21,31.935396194458008,0.7534971237182617,3,False
350,detail,1,0.8,22,30,32.925514221191406,0.9577064514160156,3,False
350,detail,1,0.7,0,24,30.135887145996094,0.7498645782470703,2,False
350,detail,1,0.6,2,12,28.025667190551758,0.9306802749633789,2,False
350,detail,2,1.0,73,12,31.51879119873047,1.465275526046753,4,False
350,detail,2,0.9,75,0,28.434608459472656,1.6556415557861328,3,False
350,detail,2,0.8,76,9,27.848995208740234,1.6128389835357666,3,False
350,detail,2,0.7,65,2,24.94917869567871,2.1679673194885254,2,False
350,detail,2,0.6,67,8,24.333721160888672,2.3329241275787354,2,False
350,detail,3,1.0,117,29,29.69382095336914,1.5406479835510254,4,False
350,detail,3,0.9,117,35,29.08543586730957,1.608558177947998,3,False
350,detail,3,0.8,117,52,26.747817993164062,1.2295656204223633,3,False
350,detail,3,0.7,119,53,23.975740432739258,1.46537446975708,2,False
350,detail,3,0.6,119,55,22.301984786987305,1.9026052951812744,2,True
351,coarse,1,0.3,6,2,19.28743553161621,,,True
351,coarse,2,0.3,34,0,20.68178367614746,,,True
351,coarse,3,0.3,60,28,20.7923526763916,,,True
351,detail,1,1.0,0,12,31.893117904663086,0.9157717227935791,4,False
351,detail,1,0.9,20,21,32.49176788330078,0.8350532054901123,3,False
351,detail,1,0.8,0,3,27.901187896728516,0.818784236907959,3,False
351,detail,1,0.7,0,4,26.51380157470703,1.0647716522216797,2,False
351,detail,1,0.6,4,12,28.307233810424805,0.8751566410064697,2,False
351,detail,2,1.0,73,16,33.21818542480469,1.3151700496673584,4,False
351,detail,2,0.9,75,6,29.24514389038086,1.6349222660064697,3,False
351,detail,2,0.8,76,9,27.918270111083984,1.6632647514343262,3,False
351,detail,2,0.7,77,14,27.487598419189453,1.6331679821014404,2,False
351,detail,2,0.6,82,12,26.870037078857422,2.0156149864196777,2,False
351,detail,3,1.0,119,29,29.631349563598633,1.4332122802734375,4,False
351,detail,3,0.9,127,38,29.177902221679688,1.7142252922058105,3,False
351,detail,3,0.8,116,52,27.020431518554688,1.0384273529052734,3,False
351,detail,3,0.7,119,53,24.058530807495117,1.2685372829437256,2,False
351,detail,3,0.6,121,55,22.487329483032227,1.6294152736663818,2,True
352,coarse,1,0.3,6,2,19.148151397705078,,,True
352,coarse,2,0.3,60,28,20.359567642211914,,,True
352,coarse,3,0.3,34,0,20.587812423706055,,,True
352,detail,1,1.0,0,12,31.573392868041992,1.0412521362304688,4,False
352,detail,1,0.9,0,9,31.179262161254883,0.9927258491516113,3,False
352,detail,1,0.8,0,0,27.60523796081543,0.9792613983154297,3,False
352,detail,1,0.7,4,4,26.053115844726562,1.0294685363769531,2,False
352,detail,1,0.6,2,10,25.765356063842773,1.3187179565429688,2,False
352,detail,2,1.0,119,29,29.425212860107422,1.4457130432128906,4,False
352,detail,2,0.9,127,38,28.888566970825195,1.6658852100372314,3,False
352,detail,2,0.8,116,52,26.81078338623047,1.0470099449157715,3,False
352,detail,2,0.7,119,53,23.748411178588867,1.0559957027435303,2,False
352,detail,2,0.6,131,53,23.17610740661621,1.2625770568847656,2,True
352,detail,3,1.0,73,12,31.313461303710938,1.537618637084961,4,False
352,detail,3,0.9,75,0,28.04270362854004,1.770198106765747,3,False
352,detail,3,0.8,76,6,27.64421272277832,1.7630703449249268,3,False
352,detail,3,0.7,80,4,26.66175651550293,2.2339441776275635,2,False
352,detail,3,0.6,69,8,24.76214027404785,2.2836742401123047,2,False
353,coarse,1,0.3,6,2,18.956388473510742,,,True
353,coarse,2,0.3,34,0,20.338621139526367,,,True
353,coarse,3,0.3,60,28,20.551298141479492,,,True
353,detail,1,1.0,0,12,31.412487030029297,1.1236340999603271,4,False
353,detail,1,0.9,3,0,26.797670364379883,0.9136748313903809,3,False
353,detail,1,0.8,6,6,27.65911293029785,0.8020615577697754,3,False
353,detail,1,0.7,8,4,25.169986724853516,1.1179986000061035,2,False
353,detail,1,0.6,8,10,25.1933536529541,1.2509815692901611,2,False
353,detail,2,1.0,73,16,32.70787048339844,1.3177499771118164,4,False
353,detail,2,0.9,75,6,29.040679931640625,1.653813123703003,3,False
353,detail,2,0.8,76,6,27.427467346191406,1.6873502731323242,3,False
353,detail,2,0.7,77,14,27.084636688232422,1.5928115844726562,2,False
353,detail,2,0.6,82,12,26.507925033569336,2.184113025665283,2,False
353,detail,3,1.0,119,29,29.546234130859375,1.4482371807098389,4,False
353,detail,3,0.9,127,29,29.164796829223633,1.795959711074829,3,False
353,detail,3,0.8,116,52,27.06920623779297,1.0715062618255615,3,False
353,detail,3,0.7,119,53,24.07046890258789,1.057065725326538,2,False
353,detail,3,0.6,131,53,23.41974639892578,1.4149248600006104,2,True
354,coarse,1,0.3,6,2,19.058866500854492,,,True
354,coarse,2,0.3,34,0,20.221662521362305,,,True
354,coarse,3,0.3,73,2,20.556427001953125,,,True
354,detail,1,1.0,0,12,31.091888427734375,1.1500756740570068,4,False
354,detail,1,0.9,3,0,26.606613159179688,0.9624109268188477,3,False
354,detail,1,0.8,6,6,27.43977928161621,0.8299462795257568,3,False
354,detail,1,0.7,6,4,25.67361068725586,1.0749585628509521,2,False
354,detail,1,0.6,6,10,25.45362091064453,1.17946195602417,2,False
354,detail,2,1.0,73,16,32.666873931884766,1.2355482578277588,4,False
354,detail,2,0.9,75,21,33.427711486816406,1.1946816444396973,3,False
354,detail,2,0.8,77,9,27.355728149414062,1.6834886074066162,3,False
354,detail,2,0.7,77,14,26.857154846191406,1.5979995727539062,2,False
354,detail,2,0.6,82,12,26.301706314086914,2.1973061561584473,2,False
354,detail,3,1.0,128,12,32.01556396484375,1.719402551651001,4,False
354,detail,3,0.9,132,3,28.2746524810791,1.9564807415008545,3,False
354,detail,3,0.8,135,0,27.275894165039062,1.9622306823730469,3,False
354,detail,3,0.7,142,0,24.09918975830078,3.0967583656311035,2,False
354,detail,3,0.6,134,0,23.2347412109375,3.516874313354492,2,True
355,coarse,1,0.3,6,2,18.984119415283203,,,True
355,coarse,2,0.3,34,0,20.263290405273438,,,True
355,coarse,3,0.3,73,2,20.59512710571289,,,True
355,detail,1,1.0,0,12,31.177574157714844,1.1964023113250732,4,False
355,detail,1,0.9,3,0,26.85019302368164,1.0115621089935303,3,False
355,detail,1,0.8,6,6,27.563512802124023,0.8395280838012695,3,False
355,detail,1,0.7,0,2,24.27634048461914,1.4378318786621094,2,False
355,detail,1,0.6,6,10,25.795141220092773,1.2861356735229492,2,False
355,detail,2,1.0,73,16,32.58171463012695,1.2727766036987305,4,False
355,detail,2,0.9,75,15,30.47676658630371,1.5598928928375244,3,False
355,detail,2,0.8,77,6,27.108642578125,1.7702276706695557,3,False
355,detail,2,0.7,77,14,26.89716148376465,1.5889766216278076,2,False
355,detail,2,0.6,82,12,26.117544174194336,2.241657018661499,2,False
355,detail,3,1.0,128,12,32.03528594970703,1.7130849361419678,4,False
355,detail,3,0.9,135,0,27.983991622924805,1.8945157527923584,3,False
355,detail,3,0.8,135,0,27.36595344543457,1.8764982223510742,3,False
355,detail,3,0.7,144,0,23.786672592163086,3.1452906131744385,2,False
355,detail,3,0.6,144,4,23.4066104888916,4.070287704467773,2,True
356,coarse,1,0.3,6,2,19.04569435119629,,,True
356,coarse,2,0.3,34,0,20.368473052978516,,,True
356,coarse,3,0.4,68,0,25.571996688842773,,,True
356,detail,1,1.0,0,12,30.82293701171875,1.111478567123413,4,False
356,detail,1,0.9,0,0,27.357967376708984,1.0323600769042969,3,False
356,detail,1,0.8,3,3,27.548263549804688,1.0929756164550781,3,False
356,detail,1,0.7,4,4,26.268346786499023,1.3265459537506104,2,False
356,detail,1,0.6,0,10,25.940053939819336,1.5186662673950195,2,False
356,detail,2,1.0,73,16,32.733665466308594,1.1812317371368408,4,False
356,detail,2,0.9,75,27,33.541751861572266,1.1556124687194824,3,False
356,detail,2,0.8,76,35,31.751577377319336,1.1496667861938477,3,False
356,detail,2,0.7,79,14,26.892852783203125,1.7425100803375244,2,False
356,detail,2,0.6,82,12,26.428022384643555,2.2514171600341797,2,False
356,detail,3,1.0,128,4,28.34539222717285,1.9323058128356934,4,False
356,detail,3,0.9,138,0,28.119558334350586,1.878124475479126,3,False
356,detail,3,0.8,138,0,27.389659881591797,1.8480842113494873,3,False
356,detail,3,0.7,144,2,24.362855911254883,2.690972089767456,2,False
356,detail,3,0.6,134,0,23.614826202392578,3.539949417114258,2,True
357,coarse,1,0.3,6,2,19.281185150146484,,,True
357,coarse,2,0.3,34,0,20.442564010620117,,,True
357,coarse,3,0.4,68,0,25.69559669494629,,,True
357,detail,1,1.0,0,0,30.62132453918457,1.1175339221954346,4,False
357,detail,1,0.9,3,0,26.862926483154297,1.0478544235229492,3,False
357,detail,1,0.8,6,6,27.36612892150879,0.8700315952301025,3,False
357,detail,1,0.7,2,2,24.54279899597168,1.3524491786956787,2,False
357,detail,1,0.6,6,10,26.051101684570312,1.2285230159759521,2,False
357,detail,2,1.0,73,18,33.77625274658203,1.1147150993347168,4,False
357,detail,2,0.9,75,21,33.38129425048828,1.2027671337127686,3,False
357,detail,2,0.8,77,12,29.294370651245117,1.5587184429168701,3,False
357,detail,2,0.7,79,14,26.946096420288086,1.6174490451812744,2,False
357,detail,2,0.6,82,12,26.60759735107422,2.027850389480591,2,False
357,detail,3,1.0,128,4,28.4257755279541,2.0559115409851074,4,False
357,detail,3,0.9,138,0,28.256011962890625,1.9648983478546143,3,False
357,detail,3,0.8,138,0,27.40212059020996,1.8801519870758057,3,False
357,detail,3,0.7,144,0,24.195497512817383,3.176218271255493,2,False
357,detail,3,0.6,134,0,23.72555160522461,3.532912492752075,2,True
358,coarse,1,0.3,6,2,19.39415168762207,,,True
358,coarse,2,0.3,34,0,20.358442306518555,,,True
358,coarse,3,0.3,73,2,20.834619522094727,,,True
358,detail,1,1.0,0,12,30.646516799926758,1.3072941303253174,4,False
358,detail,1,0.9,3,0,26.873310089111328,1.1190195083618164,3,False
358,detail,1,0.8,6,6,27.32433319091797,0.9258456230163574,3,False
358,detail,1,0.7,2,2,24.56793785095215,1.4410555362701416,2,False
358,detail,1,0.6,8,10,25.87053680419922,1.1258819103240967,2,False
358,detail,2,1.0,55,16,33.6800537109375,0.8905620574951172,4,False
358,detail,2,0.9,75,27,33.31584930419922,1.0730581283569336,3,False
358,detail,2,0.8,77,35,31.37095069885254,1.090188980102539,3,False
358,detail,2,0.7,79,14,26.742420196533203,1.6349692344665527,2,False
358,detail,2,0.6,67,10,26.812761306762695,2.15789794921875,2,False
358,detail,3,1.0,128,4,28.482454299926758,2.122391939163208,4,False
358,detail,3,0.9,138,0,27.969593048095703,2.04826021194458,3,False
358,detail,3,0.8,138,0,27.185821533203125,1.9694104194641113,3,False
358,detail,3,0.7,144,2,24.65994644165039,2.647106409072876,2,False
358,detail,3,0.6,138,2,23.613069534301758,3.691617250442505,2,True
359,coarse,1,0.3,8,2,19.628400802612305,,,True
359,coarse,2,0.3,34,0,20.700725555419922,,,True
359,coarse,3,0.4,60,26,25.47899055480957,,,True
359,detail,1,1.0,21,8,30.649036407470703,1.1474452018737793,4,False
359,detail,1,0.9,3,0,27.038860321044922,1.021364688873291,3,False
359,detail,1,0.8,3,3,27.505645751953125,1.1973543167114258,3,False
359,detail,1,0.7,7,4,26.380294799804688,0.9578447341918945,2,False
359,detail,1,0.6,5,10,26.31841278076172,1.3358566761016846,2,False
359,detail,2,1.0,73,16,33.256553649902344,1.3384571075439453,4,False
359,detail,2,0.9,75,27,33.603759765625,1.1748268604278564,3,False
359,detail,2,0.8,77,6,27.545072555541992,1.7518668174743652,3,False
359,detail,2,0.7,79,14,27.16524887084961,1.7217347621917725,2,False
359,detail,2,0.6,77,10,26.656513214111328,2.348107099533081,2,False
359,detail,3,1.0,121,29,30.086589813232422,1.4490935802459717,4,False
359,detail,3,0.9,129,29,28.754146575927734,1.7403039932250977,3,False
359,detail,3,0.8,118,52,26.684444427490234,1.0042133331298828,3,False
359,detail,3,0.7,121,53,24.325035095214844,1.1222128868103027,2,False
359,detail,3,0.6,123,55,22.522705078125,1.8625996112823486,2,True
360,coarse,1,0.3,6,2,19.52651023864746,,,True
360,coarse,2,0.3,34,0,20.667572021484375,,,True
360,coarse,3,0.4,60,26,25.36900520324707,,,True
360,detail,1,1.0,0,12,30.577625274658203,1.3825194835662842,4,False
360,detail,1,0.9,3,0,27.110004425048828,1.1064400672912598,3,False
360,detail,1,0.8,6,6,27.439109802246094,0.932830810546875,3,False
360,detail,1,0.7,2,2,24.841571807861328,1.4499197006225586,2,False
360,detail,1,0.6,6,10,26.353059768676758,1.2250456809997559,2,False
360,detail,2,1.0,55,16,33.734676361083984,0.937204122543335,4,False
360,detail,2,0.9,75,27,33.70697784423828,1.1210625171661377,3,False
360,detail,2,0.8,77,15,30.313940048217773,1.5664656162261963,3,False
360,detail,2,0.7,80,14,26.963525772094727,1.7545382976531982,2,False
360,detail,2,0.6,77,10,26.720285415649414,2.3591389656066895,2,False
360,detail,3,1.0,121,29,30.00415802001953,1.4420781135559082,4,False
360,detail,3,0.9,129,29,28.606700897216797,1.707007646560669,3,False
360,detail,3,0.8,118,52,26.87154769897461,1.0813369750976562,3,False
360,detail,3,0.7,121,53,24.381113052368164,1.129718542098999,2,False
360,detail,3,0.6,123,55,22.374069213867188,1.8697755336761475,2,True
361,coarse,1,0.3,0,2,19.478628158569336,,,True
361,coarse,2,0.3,22,2,20.464282989501953,,,True
361,coarse,3,0.4,60,26,24.968082427978516,,,True
361,detail,1,1.0,0,12,30.505855560302734,1.0880012512207031,4,False
361,detail,1,0.9,3,0,27.10712432861328,1.138923168182373,3,False
361,detail,1,0.8,3,3,27.543575286865234,1.2885022163391113,3,False
361,detail,1,0.7,2,2,24.664091110229492,1.3853259086608887,2,False
361,detail,1,0.6,10,10,25.828495025634766,1.4406945705413818,2,False
361,detail,2,1.0,31,0,30.9212646484375,1.3064095973968506,4,False
361,detail,2,0.9,31,0,27.596933364868164,1.1768758296966553,3,False
361,detail,2,0.8,31,3,27.825159072875977,1.1697981357574463,3,False
361,detail,2,0.7,31,6,27.519563674926758,1.0613150596618652,2,False
361,detail,2,0.6,53,12,26.855182647705078,1.0458695888519287,2,False
361,detail,3,1.0,121,29,29.640602111816406,1.3760170936584473,4,False
361,detail,3,0.9,129,29,28.517547607421875,1.6877167224884033,3,False
361,detail,3,0.8,131,38,27.78907012939453,1.5183234214782715,3,False
361,detail,3,0.7,129,53,24.874778747558594,0.9292285442352295,2,False
361,detail,3,0.6,133,53,22.7719669342041,1.1488869190216064,2,True
362,coarse,1,0.3,0,2,19.741168975830078,,,True
362,coarse,2,0.3,22,2,20.86294174194336,,,True
362,coarse,3,0.4,60,26,25.19175148010254,,,True
362,detail,1,1.0,0,12,30.498279571533203,0.9716837406158447,4,False
362,detail,1,0.9,0,0,28.596364974975586,1.056739091873169,3,False
362,detail,1,0.8,3,3,27.7239933013916,1.1167278289794922,3,False
362,detail,1,0.7,6,4,26.643192291259766,1.2717621326446533,2,False
362,detail,1,0.6,4,10,26.546661376953125,1.5054347515106201,2,False
362,detail,2,1.0,35,4,32.28116989135742,1.1912074089050293,4,False
362,detail,2,0.9,34,9,31.549407958984375,1.0744900703430176,3,False
362,detail,2,0.8,34,12,30.736623764038086,1.0151853561401367,3,False
362,detail,2,0.7,31,14,28.75916862487793,0.9241588115692139,2,False
362,detail,2,0.6,53,12,27.34955406188965,0.9902892112731934,2,False
362,detail,3,1.0,121,29,29.881065368652344,1.2986559867858887,4,False
362,detail,3,0.9,129,29,28.803436279296875,1.5212323665618896,3,False
362,detail,3,0.8,131,38,28.200010299682617,1.398604393005371,3,False
362,detail,3,0.7,131,53,25.406648635864258,0.9952459335327148,2,False
362,detail,3,0.6,135,53,23.797069549560547,1.1999366283416748,2,True
363,coarse,1,0.3,0,2,20.039125442504883,,,True
363,coarse,2,0.3,22,2,21.027185440063477,,,True
363,coarse,3,0.4,60,26,25.298938751220703,,,True
363,detail,1,1.0,0,12,30.61493492126465,0.982111930847168,4,False
363,detail,1,0.9,3,0,27.63250160217285,0.9648616313934326,3,False
363,detail,1,0.8,3,3,28.086952209472656,1.125441551208496,3,False
363,detail,1,0.7,8,4,26.867704391479492,1.0270781517028809,2,False
363,detail,1,0.6,10,10,26.340471267700195,1.2570736408233643,2,False
363,detail,2,1.0,35,4,32.32249069213867,1.040529489517212,4,False
363,detail,2,0.9,34,9,31.50787353515625,0.997352123260498,3,False
363,detail,2,0.8,34,12,30.759769439697266,1.030750036239624,3,False
363,detail,2,0.7,31,14,28.73092269897461,0.9665184020996094,2,False
363,detail,2,0.6,31,18,27.690088272094727,1.1730694770812988,2,False
363,detail,3,1.0,121,29,29.93829345703125,1.2610557079315186,4,False
363,detail,3,0.9,129,29,28.9993953704834,1.4383912086486816,3,False
363,detail,3,0.8,131,38,28.34358024597168,1.2653892040252686,3,False
363,detail,3,0.7,131,53,25.36174964904785,0.9092509746551514,2,False
363,detail,3,0.6,135,53,23.758968353271484,1.0259625911712646,2,True
364,coarse,1,0.3,0,2,20.46692657470703,,,True
364,coarse,2,0.3,62,28,21.505342483520508,,,True
364,coarse,3,0.3,34,0,21.7194766998291,,,True
364,detail,1,1.0,0,12,30.884740829467773,0.9694654941558838,4,False
364,detail,1,0.9,3,0,27.970821380615234,0.9943718910217285,3,False
364,detail,1,0.8,6,6,28.47658920288086,1.1125097274780273,3,False
364,detail,1,0.7,12,4,26.30038833618164,1.2499074935913086,2,False
364,detail,1,0.6,12,10,26.482582092285156,1.3967235088348389,2,False
364,detail,2,1.0,123,29,30.359350204467773,1.233633041381836,4,False
364,detail,2,0.9,129,29,29.164899826049805,1.4188709259033203,3,False
364,detail,2,0.8,133,38,27.774944305419922,1.2266359329223633,3,False
364,detail,2,0.7,123,51,25.747249603271484,0.7530348300933838,2,False
364,detail,2,0.6,137,53,24.132991790771484,1.0427792072296143,2,True
364,detail,3,1.0,55,16,34.383941650390625,0.9737222194671631,4,False
364,detail,3,0.9,75,27,34.82573318481445,1.2526090145111084,3,False
364,detail,3,0.8,77,35,32.14300537109375,1.2036395072937012,3,False
364,detail,3,0.7,75,14,29.452327728271484,1.4346613883972168,2,False
364,detail,3,0.6,73,10,28.21083641052246,2.0430617332458496,2,False
365,coarse,1,0.3,0,2,20.567075729370117,,,True
365,coarse,2,0.3,62,28,21.218969345092773,,,True
365,coarse,3,0.3,34,0,21.685205459594727,,,True
365,detail,1,1.0,0,12,30.943504333496094,0.9574322700500488,4,False
365,detail,1,0.9,0,0,29.464492797851562,0.998633623123169,3,False
365,detail,1,0.8,6,6,28.504121780395508,1.0391547679901123,3,False
365,detail,1,0.7,12,4,26.388690948486328,1.1781787872314453,2,False
365,detail,1,0.6,12,10,26.42626953125,1.3521065711975098,2,False
365,detail,2,1.0,123,29,30.015260696411133,1.2165894508361816,4,False
365,detail,2,0.9,129,29,29.068988800048828,1.4176051616668701,3,False
365,detail,2,0.8,133,38,27.55105972290039,1.2468957901000977,3,False
365,detail,2,0.7,123,51,25.539581298828125,0.7437584400177002,2,False
365,detail,2,0.6,137,53,23.867334365844727,1.0561459064483643,2,True
365,detail,3,1.0,55,16,34.29210662841797,1.028801679611206,4,False
365,detail,3,0.9,75,27,34.84031295776367,1.2334976196289062,3,False
365,detail,3,0.8,77,35,31.980207443237305,1.1874542236328125,3,False
365,detail,3,0.7,80,16,29.6412296295166,1.3436400890350342,2,False
365,detail,3,0.6,81,20,28.933181762695312,1.3253610134124756,2,False
366,coarse,1,0.3,0,2,20.765539169311523,,,True
366,coarse,2,0.3,62,28,21.16669273376465,,,True
366,coarse,3,0.3,24,2,21.79526138305664,,,True
366,detail,1,1.0,0,12,30.967571258544922,0.9745829105377197,4,False
366,detail,1,0.9,0,0,29.639755249023438,0.9946706295013428,3,False
366,detail,1,0.8,6,6,28.622188568115234,1.019878625869751,3,False
366,detail,1,0.7,12,4,26.70901107788086,1.1360125541687012,2,False
366,detail,1,0.6,12,10,26.695735931396484,1.3107106685638428,2,False
366,detail,2,1.0,123,29,30.237197875976562,1.2265551090240479,4,False
366,detail,2,0.9,129,29,29.054061889648438,1.4077951908111572,3,False
366,detail,2,0.8,133,38,27.609878540039062,1.2725553512573242,3,False
366,detail,2,0.7,123,51,25.519868850708008,0.6398379802703857,2,False
366,detail,2,0.6,137,53,23.636810302734375,1.1376056671142578,2,True
366,detail,3,1.0,47,12,32.92676544189453,0.8989934921264648,4,False
366,detail,3,0.9,35,12,33.186988830566406,0.9989469051361084,3,False
366,detail,3,0.8,35,15,33.758548736572266,0.9499702453613281,3,False
366,detail,3,0.7,47,40,30.329526901245117,1.0213103294372559,2,False
366,detail,3,0.6,47,48,30.340608596801758,1.1688487529754639,2,False
367,coarse,1,0.3,2,2,20.656532287597656,,,True
367,coarse,2,0.3,62,28,20.97454261779785,,,True
367,coarse,3,0.3,36,0,21.853862762451172,,,True
367,detail,1,1.0,0,12,31.174774169921875,0.982292652130127,4,False
367,detail,1,0.9,0,0,29.684423446655273,0.9198019504547119,3,False
367,detail,1,0.8,6,3,28.602739334106445,1.0171523094177246,3,False
367,detail,1,0.7,12,4,26.77822494506836,1.1251871585845947,2,False
367,detail,1,0.6,10,10,27.370267868041992,1.1882107257843018,2,False
367,detail,2,1.0,123,29,30.176286697387695,1.2492790222167969,4,False
367,detail,2,0.9,131,29,29.10108757019043,1.4468317031860352,3,False
367,detail,2,0.8,133,38,27.597890853881836,1.238199234008789,3,False
367,detail,2,0.7,123,53,24.548664093017578,1.0847880840301514,2,False
367,detail,2,0.6,123,55,22.976274490356445,1.9120972156524658,2,True
367,detail,3,1.0,77,16,33.68285369873047,1.0059566497802734,4,False
367,detail,3,0.9,79,27,33.76809310913086,1.1254286766052246,3,False
367,detail,3,0.8,80,35,31.722379684448242,1.105593204498291,3,False
367,detail,3,0.7,81,42,29.63880157470703,0.8284602165222168,2,False
367,detail,3,0.6,86,12,28.09661293029785,1.65665602684021,2,False
368,coarse,1,0.3,2,2,20.57976531982422,,,True
368,coarse,2,0.3,62,28,20.965429306030273,,,True
368,coarse,3,0.3,34,0,21.51694107055664,,,True
368,detail,1,1.0,0,12,30.87882423400879,1.119488000869751,4,False
368,detail,1,0.9,0,0,29.50415802001953,0.973684549331665,3,False
368,detail,1,0.8,6,3,28.42426872253418,1.0551249980926514,3,False
368,detail,1,0.7,8,4,27.58734893798828,1.0084798336029053,2,False
368,detail,1,0.6,4,10,27.375904083251953,1.3461098670959473,2,False
368,detail,2,1.0,123,25,30.189350128173828,1.212489366531372,4,False
368,detail,2,0.9,131,29,28.691425323486328,1.4586803913116455,3,False
368,detail,2,0.8,133,38,27.600677490234375,1.2796547412872314,3,False
368,detail,2,0.7,123,53,24.481069564819336,1.0953516960144043,2,False
368,detail,2,0.6,137,53,23.206348419189453,1.1734387874603271,2,True
368,detail,3,1.0,55,16,34.58555603027344,1.013763427734375,4,False
368,detail,3,0.9,75,27,35.131290435791016,1.1087450981140137,3,False
368,detail,3,0.8,77,35,32.164180755615234,1.0166020393371582,3,False
368,detail,3,0.7,75,42,31.525346755981445,0.6455140113830566,2,False
368,detail,3,0.6,82,48,29.784652709960938,0.7205178737640381,2,False
369,coarse,1,0.3,0,2,21.09352684020996,,,True
369,coarse,2,0.3,62,28,21.307682037353516,,,True
369,coarse,3,0.3,36,0,21.87260627746582,,,True
369,detail,1,1.0,0,12,31.129976272583008,1.1597812175750732,4,False
369,detail,1,0.9,6,0,28.129470825195312,1.1679949760437012,3,False
369,detail,1,0.8,6,3,28.592586517333984,1.1006019115447998,3,False
369,detail,1,0.7,0,4,27.715534210205078,0.975651741027832,2,False
369,detail,1,0.6,6,10,27.876489639282227,1.2782344818115234,2,False
369,detail,2,1.0,123,25,30.465429306030273,1.2983038425445557,4,False
369,detail,2,0.9,131,29,29.041616439819336,1.3899190425872803,3,False
369,detail,2,0.8,120,52,27.224767684936523,1.2114934921264648,3,False
369,detail,2,0.7,123,53,24.836854934692383,1.2080440521240234,2,False
369,detail,2,0.6,125,55,22.870391845703125,1.8282470703125,2,True
369,detail,3,1.0,77,16,33.672733306884766,1.0122063159942627,4,False
369,detail,3,0.9,79,27,33.779781341552734,1.200042486190796,3,False
369,detail,3,0.8,80,35,31.811298370361328,1.1378471851348877,3,False
369,detail,3,0.7,83,14,28.95688819885254,1.3580784797668457,2,False
369,detail,3,0.6,83,20,29.270383834838867,1.4978718757629395,2,False
370,coarse,1,0.3,0,2,20.744342803955078,,,True
370,coarse,2,0.3,62,28,21.203197479248047,,,True
370,coarse,3,0.3,36,0,21.619203567504883,,,True
370,detail,1,1.0,0,12,31.050090789794922,1.069871187210083,4,False
370,detail,1,0.9,6,0,27.92656898498535,1.1378133296966553,3,False
370,detail,1,0.8,6,3,28.213319778442383,1.1635956764221191,3,False
370,detail,1,0.7,0,4,27.41453742980957,0.9102263450622559,2,False
370,detail,1,0.6,12,10,26.786766052246094,1.2376816272735596,2,False
370,detail,2,1.0,123,25,30.365280151367188,1.257171392440796,4,False
370,detail,2,0.9,131,29,28.98754119873047,1.3658454418182373,3,False
370,detail,2,0.8,120,52,27.479326248168945,1.0100688934326172,3,False
370,detail,2,0.7,123,53,24.841848373413086,0.9770236015319824,2,False
370,detail,2,0.6,123,55,23.709964752197266,1.7941722869873047,2,True
370,detail,3,1.0,77,18,34.33694839477539,1.0231423377990723,4,False
370,detail,3,0.9,79,27,33.63250732421875,1.0970921516418457,3,False
370,detail,3,0.8,80,35,31.742080688476562,1.0675992965698242,3,False
370,detail,3,0.7,83,42,29.804576873779297,0.9544200897216797,2,False
370,detail,3,0.6,86,14,29.380277633666992,1.5366177558898926,2,False
371,coarse,1,0.3,2,2,20.136768341064453,,,True
371,coarse,2,0.3,62,28,20.98199462890625,,,True
371,coarse,3,0.3,34,0,21.009660720825195,,,True
371,detail,1,1.0,0,12,30.52473258972168,0.9413430690765381,4,False
371,detail,1,0.9,0,0,29.064634323120117,0.9887893199920654,3,False
371,detail,1,0.8,6,3,27.755292892456055,1.0176584720611572,3,False
371,detail,1,0.7,8,4,27.227764129638672,1.1298472881317139,2,False
371,detail,1,0.6,8,10,27.283193588256836,1.0831611156463623,2,False
371,detail,2,1.0,123,25,29.914705276489258,1.3476417064666748,4,False
371,detail,2,0.9,131,29,28.369020462036133,1.5087559223175049,3,False
371,detail,2,0.8,120,52,27.2585506439209,0.928678035736084,3,False
371,detail,2,0.7,123,53,24.462982177734375,1.0111043453216553,2,False
371,detail,2,0.6,125,55,22.267181396484375,1.4754161834716797,2,True
371,detail,3,1.0,55,16,34.22214889526367,0.9419124126434326,4,False
371,detail,3,0.9,75,27,35.149749755859375,1.024045705795288,3,False
371,detail,3,0.8,77,35,32.543209075927734,1.0119280815124512,3,False
371,detail,3,0.7,80,40,30.068708419799805,0.813676118850708,2,False
371,detail,3,0.6,82,48,29.96348762512207,0.8575732707977295,2,False
372,coarse,1,0.3,2,2,20.22006607055664,,,True
372,coarse,2,0.3,62,28,21.188190460205078,,,True
372,coarse,3,0.3,36,0,21.309728622436523,,,True
372,detail,1,1.0,0,12,30.93988037109375,0.8856768608093262,4,False
372,detail,1,0.9,0,3,32.00967788696289,0.9016051292419434,3,False
372,detail,1,0.8,6,3,28.103199005126953,0.9140524864196777,3,False
372,detail,1,0.7,8,4,27.631372451782227,1.0538291931152344,2,False
372,detail,1,0.6,2,14,29.149213790893555,0.8656051158905029,2,False
372,detail,2,1.0,123,25,30.033628463745117,1.3169171810150146,4,False
372,detail,2,0.9,131,29,28.55159568786621,1.3588817119598389,3,False
372,detail,2,0.8,123,52,27.351125717163086,0.886422872543335,3,False
372,detail,2,0.7,123,53,24.731346130371094,1.0400280952453613,2,False
372,detail,2,0.6,125,55,22.403705596923828,1.3510618209838867,2,True
372,detail,3,1.0,77,18,34.62275695800781,0.9865138530731201,4,False
372,detail,3,0.9,79,27,33.62431716918945,1.0486783981323242,3,False
372,detail,3,0.8,80,35,31.551876068115234,0.9955575466156006,3,False
372,detail,3,0.7,83,42,29.415861129760742,0.8387320041656494,2,False
372,detail,3,0.6,86,14,29.426610946655273,1.564638614654541,2,False
373,coarse,1,0.3,2,2,20.465749740600586,,,True
373,coarse,2,0.3,34,0,21.566951751708984,,,True
373,coarse,3,0.3,62,28,21.658369064331055,,,True
373,detail,1,1.0,18,0,30.942548751831055,1.1930220127105713,4,False
373,detail,1,0.9,6,0,28.21346664428711,1.1266813278198242,3,False
373,detail,1,0.8,6,3,28.43677520751953,1.3213937282562256,3,False
373,detail,1,0.7,6,2,26.269136428833008,1.293020486831665,2,False
373,detail,1,0.6,12,10,27.32480812072754,1.345468282699585,2,False
373,detail,2,1.0,73,8,32.10944366455078,1.4144916534423828,4,False
373,detail,2,0.9,58,6,30.633928298950195,1.1128554344177246,3,False
373,detail,2,0.8,77,3,28.764892578125,1.6949262619018555,3,False
373,detail,2,0.7,75,0,25.106653213500977,2.7844736576080322,2,False
373,detail,2,0.6,69,6,24.96687889099121,2.881283760070801,2,False
373,detail,3,1.0,123,25,30.277210235595703,1.6520750522613525,4,False
373,detail,3,0.9,131,29,28.93033790588379,1.774651288986206,3,False
373,detail,3,0.8,123,52,27.65030288696289,1.1245014667510986,3,False
373,detail,3,0.7,133,53,25.164783477783203,1.2922487258911133,2,False
373,detail,3,0.6,125,55,22.960725784301758,1.517988920211792,2,True
374,coarse,1,0.3,2,2,20.732440948486328,,,True
374,coarse,2,0.3,34,0,22.009809494018555,,,True
374,coarse,3,0.3,62,28,22.106998443603516,,,True
374,detail,1,1.0,0,12,31.738887786865234,0.8852396011352539,4,False
374,detail,1,0.9,0,0,29.674657821655273,0.942920446395874,3,False
374,detail,1,0.8,9,6,28.62959098815918,0.914165735244751,3,False
374,detail,1,0.7,4,4,28.163593292236328,1.1186954975128174,2,False
374,detail,1,0.6,6,10,28.106449127197266,1.2712750434875488,2,False
374,detail,2,1.0,55,12,34.13847732543945,0.9850177764892578,4,False
374,detail,2,0.9,75,15,32.07747268676758,1.4106364250183105,3,False
374,detail,2,0.8,76,9,31.798370361328125,1.6267542839050293,3,False
374,detail,2,0.7,75,2,27.784780502319336,2.601911783218384,2,False
374,detail,2,0.6,77,8,26.38856315612793,2.7729673385620117,2,False
374,detail,3,1.0,123,25,30.587602615356445,1.3547320365905762,4,False
374,detail,3,0.9,131,29,29.448270797729492,1.6827359199523926,3,False
374,detail,3,0.8,123,52,27.75200080871582,0.9534504413604736,3,False
374,detail,3,0.7,133,53,25.384950637817383,1.1998138427734375,2,False
374,detail,3,0.6,135,53,23.15374183654785,1.076997995376587,2,True
375,coarse,1,0.3,2,2,21.20477294921875,,,True
375,coarse,2,0.3,68,26,22.21348762512207,,,True
375,coarse,3,0.3,38,0,22.294620513916016,,,True
375,detail,1,1.0,0,12,32.372337341308594,0.84482741355896,4,False
375,detail,1,0.9,0,9,33.81010818481445,0.8668911457061768,3,False
375,detail,1,0.8,0,6,30.424402236938477,0.7768480777740479,3,False
375,detail,1,0.7,2,6,29.222393035888672,0.8683936595916748,2,False
375,detail,1,0.6,4,12,29.8314208984375,0.813544750213623,2,False
375,detail,2,1.0,124,25,30.684383392333984,1.428100824356079,4,False
375,detail,2,0.9,132,29,29.323986053466797,1.5592467784881592,3,False
375,detail,2,0.8,123,52,27.987947463989258,1.003190040588379,3,False
375,detail,2,0.7,124,53,25.509662628173828,1.054295539855957,2,False
375,detail,2,0.6,136,53,23.453584671020508,1.013169527053833,2,True
375,detail,3,1.0,81,0,31.584012985229492,1.268571138381958,4,False
375,detail,3,0.9,81,0,30.147104263305664,1.4370779991149902,3,False
375,detail,3,0.8,81,6,29.258241653442383,1.5763936042785645,3,False
375,detail,3,0.7,69,2,28.087535858154297,2.543966770172119,2,False
375,detail,3,0.6,67,8,26.725587844848633,2.7715444564819336,2,False
376,coarse,1,0.3,2,2,21.712732315063477,,,True
376,coarse,2,0.3,68,26,22.094093322753906,,,True
376,coarse,3,0.3,38,0,22.689250946044922,,,True
376,detail,1,1.0,0,12,32.7579231262207,0.8716444969177246,4,False
376,detail,1,0.9,3,21,34.387874603271484,0.8707973957061768,3,False
376,detail,1,0.8,3,21,34.48720932006836,0.7742824554443359,3,False
376,detail,1,0.7,8,10,30.930082321166992,0.8674614429473877,2,False
376,detail,1,0.6,14,12,30.347225189208984,0.9688811302185059,2,False
376,detail,2,1.0,124,25,30.713071823120117,1.2267224788665771,4,False
376,detail,2,0.9,132,29,29.481782913208008,1.4747858047485352,3,False
376,detail,2,0.8,123,52,27.933090209960938,1.0363092422485352,3,False
376,detail,2,0.7,134,53,25.612503051757812,1.031569480895996,2,False
376,detail,2,0.6,126,55,23.641719818115234,1.7107038497924805,2,True
376,detail,3,1.0,79,16,34.53436279296875,1.062774419784546,4,False
376,detail,3,0.9,83,9,32.54865646362305,1.1128065586090088,3,False
376,detail,3,0.8,84,9,30.75042724609375,1.2460474967956543,3,False
376,detail,3,0.7,83,14,29.299095153808594,1.596179723739624,2,False
376,detail,3,0.6,89,12,29.10945701599121,1.711195945739746,2,False
377,coarse,1,0.3,2,2,21.46099090576172,,,True
377,coarse,2,0.3,68,26,21.952116012573242,,,True
377,coarse,3,0.3,38,0,22.785764694213867,,,True
377,detail,1,1.0,4,12,32.404457092285156,0.9005105495452881,4,False
377,detail,1,0.9,0,0,29.790176391601562,1.0577890872955322,3,False
377,detail,1,0.8,0,3,29.656776428222656,1.031386375427246,3,False
377,detail,1,0.7,4,4,28.732030868530273,0.9666252136230469,2,False
377,detail,1,0.6,0,12,29.53045654296875,0.9980449676513672,2,False
377,detail,2,1.0,124,25,30.805727005004883,1.1847965717315674,4,False
377,detail,2,0.9,132,29,29.73455238342285,1.5109772682189941,3,False
377,detail,2,0.8,123,52,28.08440399169922,1.084641933441162,3,False
377,detail,2,0.7,134,53,25.67506217956543,1.1116201877593994,2,False
377,detail,2,0.6,138,53,23.931394577026367,1.1364426612854004,2,True
377,detail,3,1.0,81,16,34.4404411315918,0.903317928314209,4,False
377,detail,3,0.9,81,27,34.53924560546875,1.006425142288208,3,False
377,detail,3,0.8,81,35,32.546180725097656,0.9827032089233398,3,False
377,detail,3,0.7,85,14,29.498477935791016,1.358590841293335,2,False
377,detail,3,0.6,90,12,29.18153190612793,1.3821732997894287,2,False
378,coarse,1,0.3,2,2,21.581621170043945,,,True
378,coarse,2,0.3,68,26,22.319034576416016,,,True
378,coarse,3,0.3,38,0,22.626140594482422,,,True
378,detail,1,1.0,4,12,32.280128479003906,0.9827878475189209,4,False
378,detail,1,0.9,0,3,32.20259475708008,0.9786648750305176,3,False
378,detail,1,0.8,9,6,29.508970260620117,0.9482631683349609,3,False
378,detail,1,0.7,10,4,29.01947784423828,1.021829605102539,2,False
378,detail,1,0.6,4,12,29.81651496887207,1.0180339813232422,2,False
378,detail,2,1.0,124,25,30.917436599731445,1.1665964126586914,4,False
378,detail,2,0.9,132,29,29.79096031188965,1.4666688442230225,3,False
378,detail,2,0.8,123,52,28.107830047607422,1.267404317855835,3,False
378,detail,2,0.7,126,53,25.72073745727539,1.1869306564331055,2,False
378,detail,2,0.6,134,59,24.10081672668457,1.282496452331543,2,True
378,detail,3,1.0,81,12,33.605064392089844,0.9751157760620117,4,False
378,detail,3,0.9,83,9,32.24882888793945,1.0932023525238037,3,False
378,detail,3,0.8,84,6,29.849414825439453,1.3228087425231934,3,False
378,detail,3,0.7,85,14,29.37245750427246,1.372403621673584,2,False
378,detail,3,0.6,90,12,29.169898986816406,1.5936322212219238,2,False
379,coarse,1,0.3,2,2,21.844472885131836,,,True
379,coarse,2,0.3,68,26,22.27246856689453,,,True
379,coarse,3,0.3,38,0,22.630752563476562,,,True
379,detail,1,1.0,4,12,32.343318939208984,1.1236355304718018,4,False
379,detail,1,0.9,0,0,29.634124755859375,1.0321218967437744,3,False
379,detail,1,0.8,9,3,29.53440284729004,1.0181469917297363,3,False
379,detail,1,0.7,4,4,28.759044647216797,1.1284675598144531,2,False
379,detail,1,0.6,8,10,28.898591995239258,1.3366374969482422,2,False
379,detail,2,1.0,124,25,30.923635482788086,1.134695291519165,4,False
379,detail,2,0.9,132,29,29.94532585144043,1.3813059329986572,3,False
379,detail,2,0.8,123,52,28.280838012695312,1.2756493091583252,3,False
379,detail,2,0.7,126,53,25.591001510620117,1.2357113361358643,2,False
379,detail,2,0.6,138,53,23.844966888427734,0.9371387958526611,2,True
379,detail,3,1.0,81,16,34.49259948730469,1.0444345474243164,4,False
379,detail,3,0.9,81,27,34.7689094543457,1.1863529682159424,3,False
379,detail,3,0.8,81,35,32.96223068237305,1.1154744625091553,3,False
379,detail,3,0.7,87,14,30.477323532104492,1.375053882598877,2,False
379,detail,3,0.6,90,12,29.119434356689453,1.7336084842681885,2,False
380,coarse,1,0.3,2,2,21.511014938354492,,,True
380,coarse,2,0.3,68,26,22.189889907836914,,,True
380,coarse,3,0.3,38,0,22.44671058654785,,,True
380,detail,1,1.0,4,12,32.085472106933594,0.8709795475006104,4,False
380,detail,1,0.9,3,21,34.32764434814453,0.9992358684539795,3,False
380,detail,1,0.8,6,15,33.082611083984375,0.8884289264678955,3,False
380,detail,1,0.7,8,6,30.173145294189453,0.8811540603637695,2,False
380,detail,1,0.6,4,14,30.476421356201172,0.8571703433990479,2,False
380,detail,2,1.0,124,25,30.854740142822266,1.175830602645874,4,False
380,detail,2,0.9,135,29,29.468475341796875,1.4837737083435059,3,False
380,detail,2,0.8,123,52,28.10785484313965,1.2770533561706543,3,False
380,detail,2,0.7,126,53,25.404842376708984,1.3425371646881104,2,False
380,detail,2,0.6,138,53,23.388919830322266,0.9770298004150391,2,True
380,detail,3,1.0,81,16,34.4810676574707,0.9823563098907471,4,False
380,detail,3,0.9,83,27,34.6470832824707,1.0750644207000732,3,False
380,detail,3,0.8,84,35,32.70561218261719,0.9586362838745117,3,False
380,detail,3,0.7,87,14,30.206995010375977,1.2839100360870361,2,False
380,detail,3,0.6,71,8,27.436019897460938,2.7903058528900146,2,False
381,coarse,1,0.3,2,2,21.747644424438477,,,True
381,coarse,2,0.3,38,0,22.375385284423828,,,True
381,coarse,3,0.3,64,28,22.437376022338867,,,True
381,detail,1,1.0,4,12,32.02165222167969,0.9309799671173096,4,False
381,detail,1,0.9,3,9,33.62724685668945,0.9546864032745361,3,False
381,detail,1,0.8,3,9,33.14125442504883,0.939415454864502,3,False
381,detail,1,0.7,4,6,29.51263999938965,0.9767820835113525,2,False
381,detail,1,0.6,6,12,30.17970848083496,0.9967989921569824,2,False
381,detail,2,1.0,81,12,33.57841491699219,1.172879934310913,4,False
381,detail,2,0.9,83,15,32.9401969909668,1.2479681968688965,3,False
381,detail,2,0.8,84,6,29.613065719604492,1.5226061344146729,3,False
381,detail,2,0.7,85,14,29.318300247192383,1.6138503551483154,2,False
381,detail,2,0.6,90,12,29.161893844604492,1.8818187713623047,2,False
381,detail,3,1.0,127,25,30.505117416381836,1.2186286449432373,4,False
381,detail,3,0.9,135,29,29.500295639038086,1.3636751174926758,3,False
381,detail,3,0.8,124,52,28.076505661010742,1.2058770656585693,3,False
381,detail,3,0.7,127,53,25.451923370361328,1.1725399494171143,2,False
381,detail,3,0.6,139,53,23.736093521118164,0.9850740432739258,2,True
382,coarse,1,0.3,2,2,21.522974014282227,,,True
382,coarse,2,0.3,64,28,22.26226234436035,,,True
382,coarse,3,0.3,38,0,22.41172218322754,,,True
382,detail,1,1.0,4,12,31.95013427734375,0.8186736106872559,4,False
382,detail,1,0.9,6,15,34.194374084472656,0.7828967571258545,3,False
382,detail,1,0.8,6,15,33.263118743896484,0.8980734348297119,3,False
382,detail,1,0.7,6,8,30.266700744628906,0.9016828536987305,2,False
382,detail,1,0.6,6,14,30.28162384033203,0.9394705295562744,2,False
382,detail,2,1.0,127,25,30.338760375976562,1.28867506980896,4,False
382,detail,2,0.9,135,29,29.406734466552734,1.458653450012207,3,False
382,detail,2,0.8,124,52,27.978504180908203,1.3838605880737305,3,False
382,detail,2,0.7,127,53,25.300851821899414,1.4284474849700928,2,False
382,detail,2,0.6,139,53,23.429811477661133,1.103243112564087,2,True
382,detail,3,1.0,81,16,34.319332122802734,1.1707313060760498,4,False
382,detail,3,0.9,83,27,34.33467483520508,1.1562459468841553,3,False
382,detail,3,0.8,84,35,32.24561309814453,1.1238515377044678,3,False
382,detail,3,0.7,85,14,29.266620635986328,1.6503396034240723,2,False
382,detail,3,0.6,90,12,29.053447723388672,2.111238956451416,2,False
383,coarse,1,0.3,10,2,20.618324279785156,,,True
383,coarse,2,0.3,38,0,21.630393981933594,,,True
383,coarse,3,0.3,64,28,21.800947189331055,,,True
383,detail,1,1.0,7,12,32.02729797363281,0.858057975769043,4,False
383,detail,1,0.9,27,12,31.1718807220459,1.1738324165344238,3,False
383,detail,1,0.8,29,18,31.217266082763672,1.2183823585510254,3,False
383,detail,1,0.7,11,10,30.02254867553711,0.7726995944976807,2,False
383,detail,1,0.6,9,12,29.549409866333008,0.9281644821166992,2,False
383,detail,2,1.0,81,12,32.81725311279297,1.2180755138397217,4,False
383,detail,2,0.9,83,15,31.767833709716797,1.2818694114685059,3,False
383,detail,2,0.8,85,6,28.92229461669922,1.4965488910675049,3,False
383,detail,2,0.7,85,14,28.63089942932129,1.463374376296997,2,False
383,detail,2,0.6,90,12,28.067102432250977,1.7491085529327393,2,False
383,detail,3,1.0,127,25,30.052892684936523,1.3773200511932373,4,False
383,detail,3,0.9,135,29,29.08303451538086,1.4465258121490479,3,False
383,detail,3,0.8,124,52,27.60043716430664,1.2505552768707275,3,False
383,detail,3,0.7,127,53,24.954126358032227,1.2766087055206299,2,False
383,detail,3,0.6,129,55,23.023347854614258,1.7966735363006592,2,True
384,coarse,1,0.3,10,2,20.602922439575195,,,True
384,coarse,2,0.3,38,0,21.629919052124023,,,True
384,coarse,3,0.3,64,28,21.86266326904297,,,True
384,detail,1,1.0,7,12,31.78325080871582,0.871178150177002,4,False
384,detail,1,0.9,27,12,31.480167388916016,1.258751630783081,3,False
384,detail,1,0.8,29,15,31.30170440673828,1.1976590156555176,3,False
384,detail,1,0.7,7,6,28.72604751586914,0.9913077354431152,2,False
384,detail,1,0.6,7,14,29.50027084350586,1.0519428253173828,2,False
384,detail,2,1.0,81,12,33.02383804321289,1.1022727489471436,4,False
384,detail,2,0.9,83,6,30.821699142456055,1.2857177257537842,3,False
384,detail,2,0.8,85,6,28.951156616210938,1.30922269821167,3,False
384,detail,2,0.7,87,14,28.72576332092285,1.4285132884979248,2,False
384,detail,2,0.6,63,12,28.018726348876953,1.1544010639190674,2,False
384,detail,3,1.0,127,25,30.00320816040039,1.5682296752929688,4,False
384,detail,3,0.9,135,29,29.112319946289062,1.6408846378326416,3,False
384,detail,3,0.8,127,52,27.384878158569336,1.0771706104278564,3,False
384,detail,3,0.7,127,53,24.868104934692383,1.1902873516082764,2,False
384,detail,3,0.6,129,55,22.74235725402832,1.7825052738189697,2,True
385,coarse,1,0.3,4,2,20.81737518310547,,,True
385,coarse,2,0.3,64,28,21.65291976928711,,,True
385,coarse,3,0.3,38,0,21.744836807250977,,,True
385,detail,1,1.0,8,0,31.794906616210938,1.110649585723877,4,False
385,detail,1,0.9,9,0,28.278522491455078,1.1575183868408203,3,False
385,detail,1,0.8,9,3,28.64453887939453,1.2846369743347168,3,False
385,detail,1,0.7,6,4,27.58556365966797,1.2756102085113525,2,False
385,detail,1,0.6,8,10,27.406015396118164,1.543640375137329,2,False
385,detail,2,1.0,127,25,30.216745376586914,1.7408597469329834,4,False
385,detail,2,0.9,135,29,29.213115692138672,1.9337501525878906,3,False
385,detail,2,0.8,127,52,27.057743072509766,1.1386594772338867,3,False
385,detail,2,0.7,129,53,24.632944107055664,1.2620468139648438,2,False
385,detail,2,0.6,129,55,22.674665451049805,1.7614941596984863,2,True
385,detail,3,1.0,81,0,32.00765609741211,1.563544511795044,4,False
385,detail,3,0.9,63,0,29.675613403320312,1.365448236465454,3,False
385,detail,3,0.8,85,6,29.430179595947266,1.4517133235931396,3,False
385,detail,3,0.7,63,2,26.63011932373047,1.754441738128662,2,False
385,detail,3,0.6,67,8,26.170934677124023,2.4094488620758057,2,False
386,coarse,1,0.3,12,2,20.676942825317383,,,True
386,coarse,2,0.3,38,0,21.617332458496094,,,True
386,coarse,3,0.3,66,26,21.691638946533203,,,True
386,detail,1,1.0,29,12,31.901723861694336,1.0124857425689697,4,False
386,detail,1,0.9,11,6,32.30125427246094,1.005552053451538,3,False
386,detail,1,0.8,11,3,28.441680908203125,0.9895193576812744,3,False
386,detail,1,0.7,13,4,27.70386505126953,1.0946433544158936,2,False
386,detail,1,0.6,11,10,27.393051147460938,1.4027817249298096,2,False
386,detail,2,1.0,81,12,33.5654296875,1.2007696628570557,4,False
386,detail,2,0.9,83,0,30.0173397064209,1.4834294319152832,3,False
386,detail,2,0.8,85,6,29.394956588745117,1.3888068199157715,3,False
386,detail,2,0.7,63,4,27.45355224609375,1.613173007965088,2,False
386,detail,2,0.6,63,10,27.032573699951172,1.544220209121704,2,False
386,detail,3,1.0,127,25,30.279115676879883,1.6093683242797852,4,False
386,detail,3,0.9,128,35,29.338571548461914,1.6137056350708008,3,False
386,detail,3,0.8,128,52,27.2108097076416,1.009932041168213,3,False
386,detail,3,0.7,129,53,24.527692794799805,1.1694977283477783,2,False
386,detail,3,0.6,131,55,22.747350692749023,1.7413434982299805,2,True
387,coarse,1,0.3,4,2,21.182872772216797,,,True
387,coarse,2,0.3,56,30,21.864822387695312,,,True
387,coarse,3,0.3,38,0,22.087480545043945,,,True
387,detail,1,1.0,8,12,32.22892379760742,0.978684663772583,4,False
387,detail,1,0.9,6,15,33.81865310668945,0.890566349029541,3,False
387,detail,1,0.8,12,9,32.124088287353516,0.9019992351531982,3,False
387,detail,1,0.7,10,6,29.828048706054688,1.0429372787475586,2,False
387,detail,1,0.6,10,12,30.145206451416016,1.1648774147033691,2,False
387,detail,2,1.0,117,25,31.192472457885742,1.1902425289154053,4,False
387,detail,2,0.9,119,35,30.611434936523438,1.1973466873168945,3,False
387,detail,2,0.8,121,52,29.463682174682617,0.9870829582214355,3,False
387,detail,2,0.7,111,59,26.353864669799805,1.2758865356445312,2,False
387,detail,2,0.6,113,59,22.93067169189453,1.2839913368225098,2,True
387,detail,3,1.0,63,12,34.83058166503906,1.244492769241333,4,False
387,detail,3,0.9,63,0,30.284822463989258,1.339869737625122,3,False
387,detail,3,0.8,85,9,30.72223472595215,1.3936831951141357,3,False
387,detail,3,0.7,63,2,27.186368942260742,1.7966582775115967,2,False
387,detail,3,0.6,63,10,27.716276168823242,1.5764374732971191,2,False
388,coarse,1,0.3,56,30,22.01883888244629,,,True
388,coarse,2,0.3,4,2,22.194753646850586,,,True
388,coarse,3,0.5,62,0,30.34225082397461,,,True
388,detail,1,1.0,117,25,31.775671005249023,1.2132413387298584,4,False
388,detail,1,0.9,119,35,31.29153060913086,1.2193870544433594,3,False
388,detail,1,0.8,121,52,30.086139678955078,0.8982112407684326,3,False
388,detail,1,0.7,113,59,26.650758743286133,1.204336404800415,2,False
388,detail,1,0.6,113,59,23.1143798828125,1.216357707977295,2,True
388,detail,2,1.0,8,12,33.038883209228516,1.0475883483886719,4,False
388,detail,2,0.9,9,12,34.29081344604492,0.9432706832885742,3,False
388,detail,2,0.8,12,3,30.202655792236328,0.9604151248931885,3,False
388,detail,2,0.7,12,4,29.593643188476562,1.0851738452911377,2,False
388,detail,2,0.6,14,10,29.54488182067871,1.285276174545288,2,False
388,detail,3,1.0,119,18,34.849613189697266,1.145387887954712,4,False
388,detail,3,0.9,124,6,30.572505950927734,1.831984519958496,3,False
388,detail,3,0.8,130,35,30.45859718322754,1.1072547435760498,3,False
388,detail,3,0.7,140,44,28.243154525756836,1.0770714282989502,2,False
388,detail,3,0.6,142,0,27.464994430541992,3.8300063610076904,2,False
389,coarse,1,0.3,66,28,22.13981819152832,,,True
389,coarse,2,0.3,4,2,22.501235961914062,,,True
389,coarse,3,0.5,62,0,30.627851486206055,,,True
389,detail,1,1.0,131,25,31.29094886779785,1.332611083984375,4,False
389,detail,1,0.9,137,29,29.992998123168945,1.4499409198760986,3,False
389,detail,1,0.8,128,52,27.8200740814209,0.857302188873291,3,False
389,detail,1,0.7,131,53,25.394142150878906,0.8684322834014893,2,False
389,detail,1,0.6,131,55,23.408443450927734,1.653590202331543,2,True
389,detail,2,1.0,8,12,33.100711822509766,1.0129003524780273,4,False
389,detail,2,0.9,9,12,34.434268951416016,0.9044466018676758,3,False
389,detail,2,0.8,12,6,30.5804443359375,0.9158804416656494,3,False
389,detail,2,0.7,14,4,29.751245498657227,1.0572874546051025,2,False
389,detail,2,0.6,10,10,29.0383243560791,1.5804753303527832,2,False
389,detail,3,1.0,119,18,34.899539947509766,1.1142220497131348,4,False
389,detail,3,0.9,127,0,32.36783981323242,2.0165414810180664,3,False
389,detail,3,0.8,130,35,30.77566146850586,1.1422035694122314,3,False
389,detail,3,0.7,140,44,28.566057205200195,0.9299159049987793,2,False
389,detail,3,0.6,142,0,27.69145965576172,3.7699708938598633,2,False
390,coarse,1,0.3,66,28,22.256668090820312,,,True
390,coarse,2,0.3,4,2,22.71310043334961,,,True
390,coarse,3,0.5,62,0,31.11574935913086,,,True
390,detail,1,1.0,131,25,31.312294006347656,1.4154222011566162,4,False
390,detail,1,0.9,137,29,30.250064849853516,1.5785562992095947,3,False
390,detail,1,0.8,128,52,28.194873809814453,0.893467903137207,3,False
390,detail,1,0.7,131,53,25.592405319213867,0.8673791885375977,2,False
390,detail,1,0.6,131,55,23.779151916503906,1.5752794742584229,2,True
390,detail,2,1.0,8,12,33.42414855957031,1.043891429901123,4,False
390,detail,2,0.9,9,12,34.813560485839844,0.9355690479278564,3,False
390,detail,2,0.8,12,3,30.442001342773438,0.9556238651275635,3,False
390,detail,2,0.7,10,4,29.899288177490234,1.198988914489746,2,False
390,detail,2,0.6,12,10,29.540374755859375,1.562598466873169,2,False
390,detail,3,1.0,119,18,34.975013732910156,1.2162344455718994,4,False
390,detail,3,0.9,124,6,31.204105377197266,1.54435133934021,3,False
390,detail,3,0.8,130,35,31.077106475830078,1.1655380725860596,3,False
390,detail,3,0.7,140,44,28.68572425842285,1.0153868198394775,2,False
390,detail,3,0.6,125,52,27.538503646850586,0.950040340423584,2,False
391,coarse,1,0.3,66,28,22.248323440551758,,,True
391,coarse,2,0.3,12,2,22.7670955657959,,,True
391,coarse,3,0.5,62,0,31.060087203979492,,,True
391,detail,1,1.0,131,25,31.333173751831055,1.406250238418579,4,False
391,detail,1,0.9,131,29,30.523332595825195,1.4007031917572021,3,False
391,detail,1,0.8,128,52,28.33997344970703,1.0062386989593506,3,False
391,detail,1,0.7,131,53,25.544403076171875,1.0238068103790283,2,False
391,detail,1,0.6,133,55,23.61874771118164,1.7170445919036865,2,True
391,detail,2,1.0,11,12,34.748199462890625,0.9650442600250244,4,False
391,detail,2,0.9,31,21,35.276912689208984,0.7650065422058105,3,False
391,detail,2,0.8,14,6,30.871856689453125,0.8834893703460693,3,False
391,detail,2,0.7,13,4,30.116525650024414,1.0383639335632324,2,False
391,detail,2,0.6,15,10,30.0484561920166,1.2332289218902588,2,False
391,detail,3,1.0,119,18,34.92344665527344,1.2853143215179443,4,False
391,detail,3,0.9,127,6,32.15406036376953,1.6527960300445557,3,False
391,detail,3,0.8,133,35,31.40607452392578,1.12506103515625,3,False
391,detail,3,0.7,140,44,29.069656372070312,0.8003394603729248,2,False
391,detail,3,0.6,129,52,27.359466552734375,1.024630069732666,2,False
392,coarse,1,0.3,66,28,22.105756759643555,,,True
392,coarse,2,0.3,4,2,22.33480453491211,,,True
392,coarse,3,0.5,62,0,30.57265281677246,,,True
392,detail,1,1.0,131,25,31.05072021484375,1.1955475807189941,4,False
392,detail,1,0.9,131,29,30.302202224731445,1.2305350303649902,3,False
392,detail,1,0.8,128,52,28.244609832763672,0.9047579765319824,3,False
392,detail,1,0.7,131,53,25.40467643737793,0.9074840545654297,2,False
392,detail,1,0.6,143,53,24.169536590576172,0.9700710773468018,2,True
392,detail,2,1.0,8,12,33.221046447753906,0.9364030361175537,4,False
392,detail,2,0.9,9,9,34.197113037109375,0.8574814796447754,3,False
392,detail,2,0.8,12,3,30.228723526000977,0.9327132701873779,3,False
392,detail,2,0.7,12,4,29.60247039794922,1.1128671169281006,2,False
392,detail,2,0.6,20,10,29.07079315185547,1.2762854099273682,2,False
392,detail,3,1.0,119,18,34.82363510131836,1.0587117671966553,4,False
392,detail,3,0.9,133,27,32.39421844482422,1.1297850608825684,3,False
392,detail,3,0.8,133,35,30.79454231262207,1.0593256950378418,3,False
392,detail,3,0.7,135,44,29.42911720275879,0.8201754093170166,2,False
392,detail,3,0.6,142,0,27.61501693725586,3.635706901550293,2,False
393,coarse,1,0.3,12,2,22.404621124267578,,,True
393,coarse,2,0.3,72,26,22.597524642944336,,,True
393,detail,1,1.0,11,12,33.988319396972656,0.9354875087738037,4,False
393,detail,1,0.9,31,21,35.603485107421875,0.9356656074523926,3,False
393,detail,1,0.8,14,9,33.53898620605469,0.8040292263031006,3,False
393,detail,1,0.7,13,6,31.23247718811035,0.897352933883667,2,False
393,detail,1,0.6,21,12,31.10476303100586,1.0184838771820068,2,False
393,detail,2,1.0,132,25,31.201419830322266,1.4472014904022217,4,False
393,detail,2,0.9,132,29,30.318605422973633,1.469273567199707,3,False
393,detail,2,0.8,129,52,28.329692840576172,1.08184814453125,3,False
393,detail,2,0.7,132,53,25.61285400390625,1.1549897193908691,2,False
393,detail,2,0.6,142,53,23.48853302001953,1.1324570178985596,2,True
394,coarse,1,0.3,6,2,22.5695858001709,,,True
394,coarse,2,0.3,66,28,22.918561935424805,,,True
394,coarse,3,0.5,62,0,30.712045669555664,,,True
394,detail,1,1.0,8,12,33.36463165283203,0.9961094856262207,4,False
394,detail,1,0.9,15,3,33.352596282958984,0.9879026412963867,3,False
394,detail,1,0.8,12,3,30.540403366088867,0.8872301578521729,3,False
394,detail,1,0.7,14,4,29.820545196533203,1.0872645378112793,2,False
394,detail,1,0.6,14,10,29.306880950927734,1.35335111618042,2,False
394,detail,2,1.0,131,25,31.147560119628906,1.3326904773712158,4,False
394,detail,2,0.9,131,29,30.714717864990234,1.381669282913208,3,False
394,detail,2,0.8,131,52,28.51047706604004,1.0687370300292969,3,False
394,detail,2,0.7,133,53,25.81599998474121,1.0822148323059082,2,False
394,detail,2,0.6,133,55,23.759048461914062,1.860826015472412,2,True
394,detail,3,1.0,119,18,34.987186431884766,1.2843883037567139,4,False
394,detail,3,0.9,133,27,32.31098556518555,1.160353422164917,3,False
394,detail,3,0.8,133,35,30.734756469726562,1.1241986751556396,3,False
394,detail,3,0.7,135,44,29.448314666748047,0.885606050491333,2,False
394,detail,3,0.6,131,52,27.220928192138672,0.9787042140960693,2,False
395,coarse,1,0.3,6,2,22.34250259399414,,,True
395,coarse,2,0.3,72,26,22.629684448242188,,,True
395,coarse,3,0.3,40,0,23.416088104248047,,,True
395,detail,1,1.0,8,12,33.38336181640625,0.9817514419555664,4,False
395,detail,1,0.9,15,9,34.83124542236328,0.9239866733551025,3,False
395,detail,1,0.8,15,3,30.304698944091797,0.8116815090179443,3,False
395,detail,1,0.7,16,4,29.590553283691406,0.9522929191589355,2,False
395,detail,1,0.6,22,12,30.934009552001953,1.1034603118896484,2,False
395,detail,2,1.0,132,25,30.853782653808594,1.4523022174835205,4,False
395,detail,2,0.9,132,29,30.124975204467773,1.4546334743499756,3,False
395,detail,2,0.8,129,52,28.395700454711914,1.090425729751587,3,False
395,detail,2,0.7,132,53,25.254627227783203,1.168102502822876,2,False
395,detail,2,0.6,134,55,23.40950584411621,1.7312636375427246,2,True
395,detail,3,1.0,85,12,35.604469299316406,1.4552347660064697,4,False
395,detail,3,0.9,87,3,32.69051742553711,1.74114990234375,3,False
395,detail,3,0.8,89,6,31.13288688659668,1.7327134609222412,3,False
395,detail,3,0.7,92,4,30.35173797607422,2.3096113204956055,2,False
395,detail,3,0.6,67,10,29.242839813232422,1.5974700450897217,2,False
396,coarse,1,0.3,72,26,22.076417922973633,,,True
396,coarse,2,0.3,6,2,22.139503479003906,,,True
396,coarse,3,0.3,40,0,23.070823669433594,,,True
396,detail,1,1.0,132,25,30.683996200561523,1.299809217453003,4,False
396,detail,1,0.9,132,29,30.14805030822754,1.2585816383361816,3,False
396,detail,1,0.8,132,52,28.225425720214844,0.9658305644989014,3,False
396,detail,1,0.7,132,53,25.56964683532715,1.1623799800872803,2,False
396,detail,1,0.6,144,53,23.276683807373047,1.113327980041504,2,True
396,detail,2,1.0,8,12,33.45528793334961,1.012638807296753,4,False
396,detail,2,0.9,15,3,32.849517822265625,0.9538321495056152,3,False
396,detail,2,0.8,15,3,30.03365707397461,0.9771356582641602,3,False
396,detail,2,0.7,12,4,29.31647491455078,1.0695688724517822,2,False
396,detail,2,0.6,22,10,29.035457611083984,1.3532507419586182,2,False
396,detail,3,1.0,85,0,33.45681381225586,1.750262975692749,4,False
396,detail,3,0.9,87,0,31.53082275390625,1.718738079071045,3,False
396,detail,3,0.8,89,6,30.924867630004883,1.616856575012207,3,False
396,detail,3,0.7,91,2,28.99886703491211,2.424262046813965,2,False
396,detail,3,0.6,77,8,28.160554885864258,2.620224714279175,2,False
397,coarse,1,0.3,6,2,21.024005889892578,,,True
397,coarse,2,0.3,72,26,21.820051193237305,,,True
397,coarse,3,0.3,42,0,22.108657836914062,,,True
397,detail,1,1.0,16,0,32.445560455322266,1.2537221908569336,4,False
397,detail,1,0.9,6,0,28.9210147857666,1.1268813610076904,3,False
397,detail,1,0.8,15,3,29.05611228942871,1.397217035293579,3,False
397,detail,1,0.7,12,2,26.39178466796875,1.6160879135131836,2,False
397,detail,1,0.6,10,10,27.772125244140625,1.3095495700836182,2,False
397,detail,2,1.0,132,25,30.27899742126465,1.296506643295288,4,False
397,detail,2,0.9,140,29,29.76809310913086,1.450176477432251,3,False
397,detail,2,0.8,132,52,27.590030670166016,1.14400315284729,3,False
397,detail,2,0.7,132,53,24.955570220947266,1.241816759109497,2,False
397,detail,2,0.6,134,55,23.12613296508789,1.724250078201294,2,True
397,detail,3,1.0,89,0,32.37124252319336,1.2773785591125488,4,False
397,detail,3,0.9,89,0,30.645404815673828,1.4918231964111328,3,False
397,detail,3,0.8,89,6,30.114830017089844,1.472369909286499,3,False
397,detail,3,0.7,81,0,25.950733184814453,3.00351619720459,2,False
397,detail,3,0.6,79,6,26.037534713745117,3.2130749225616455,2,False
398,coarse,1,0.3,6,2,20.755531311035156,,,True
398,coarse,2,0.3,68,26,21.715349197387695,,,True
398,coarse,3,0.3,40,0,21.954744338989258,,,True
398,detail,1,1.0,16,0,32.164947509765625,1.0277981758117676,4,False
398,detail,1,0.9,15,0,28.681442260742188,1.0771563053131104,3,False
398,detail,1,0.8,15,3,28.747947692871094,1.1536552906036377,3,False
398,detail,1,0.7,12,4,28.038663864135742,1.157902479171753,2,False
398,detail,1,0.6,22,10,27.696996688842773,1.2775630950927734,2,False
398,detail,2,1.0,132,25,30.267976760864258,1.2422246932983398,4,False
398,detail,2,0.9,135,29,29.700454711914062,1.255103349685669,3,False
398,detail,2,0.8,132,52,27.29955291748047,1.2403004169464111,3,False
398,detail,2,0.7,134,53,24.72710609436035,1.195894718170166,2,False
398,detail,2,0.6,134,55,23.178436279296875,1.7988355159759521,2,True
398,detail,3,1.0,83,4,33.21497344970703,1.563152551651001,4,False
398,detail,3,0.9,85,0,31.11611557006836,1.5808494091033936,3,False
398,detail,3,0.8,89,6,29.902585983276367,1.3931233882904053,3,False
398,detail,3,0.7,75,2,27.76227378845215,2.3908181190490723,2,False
398,detail,3,0.6,77,8,26.91669464111328,2.776010274887085,2,False
399,coarse,1,0.3,6,2,20.328506469726562,,,True
399,coarse,2,0.3,40,0,21.356510162353516,,,True
399,coarse,3,0.3,68,26,21.748029708862305,,,True
399,detail,1,1.0,16,0,31.740665435791016,1.0529422760009766,4,False
399,detail,1,0.9,15,0,28.364566802978516,1.140507459640503,3,False
399,detail,1,0.8,15,3,28.434906005859375,1.2394790649414062,3,False
399,detail,1,0.7,16,2,25.97903823852539,1.438955307006836,2,False
399,detail,1,0.6,24,10,26.88141441345215,1.3229997158050537,2,False
399,detail,2,1.0,85,12,34.64943313598633,1.2091786861419678,4,False
399,detail,2,0.9,87,9,31.78166389465332,1.3698976039886475,3,False
399,detail,2,0.8,89,6,29.620332717895508,1.4653491973876953,3,False
399,detail,2,0.7,92,4,28.89703369140625,2.0221071243286133,2,False
399,detail,2,0.6,94,10,27.98930549621582,2.1296463012695312,2,False
399,detail,3,1.0,132,25,30.130332946777344,1.2055237293243408,4,False
399,detail,3,0.9,135,29,29.332475662231445,1.2111828327178955,3,False
399,detail,3,0.8,132,52,26.95953369140625,1.386911392211914,3,False
399,detail,3,0.7,134,53,24.473623275756836,1.362396001815796,2,False
399,detail,3,0.6,136,55,23.07908821105957,1.7788214683532715,2,True
400,coarse,1,0.3,14,2,20.217390060424805,,,True
400,coarse,2,0.3,40,0,21.069786071777344,,,True
400,coarse,3,0.4,66,26,25.520225524902344,,,True
400,detail,1,1.0,33,8,31.920503616333008,1.0844006538391113,4,False
400,detail,1,0.9,15,0,28.28019142150879,1.0636446475982666,3,False
400,detail,1,0.8,15,3,28.491910934448242,1.146402359008789,3,False
400,detail,1,0.7,15,2,25.50734519958496,1.483116626739502,2,False
400,detail,1,0.6,23,10,26.892322540283203,1.3385488986968994,2,False
400,detail,2,1.0,67,12,34.4142951965332,0.8234403133392334,4,False
400,detail,2,0.9,87,18,34.34850311279297,1.1101913452148438,3,False
400,detail,2,0.8,89,12,31.822952270507812,1.295133113861084,3,False
400,detail,2,0.7,92,14,29.162076950073242,1.3856439590454102,2,False
400,detail,2,0.6,69,12,28.118181228637695,1.3765671253204346,2,False
400,detail,3,1.0,132,25,30.32006072998047,1.1738481521606445,4,False
400,detail,3,0.9,135,29,29.172460556030273,1.1350343227386475,3,False
400,detail,3,0.8,132,52,27.141958236694336,1.4328880310058594,3,False
400,detail,3,0.7,134,53,24.521883010864258,1.4122929573059082,2,False
400,detail,3,0.6,136,55,22.822906494140625,1.8087294101715088,2,True
401,coarse,1,0.3,14,2,19.901504516601562,,,True
401,coarse,2,0.3,42,0,20.778736114501953,,,True
401,coarse,3,0.4,66,26,25.33700942993164,,,True
401,detail,1,1.0,33,8,31.94171714782715,1.0010275840759277,4,False
401,detail,1,0.9,15,0,27.97826385498047,1.0026671886444092,3,False
401,detail,1,0.8,18,6,28.25843048095703,1.0727427005767822,3,False
401,detail,1,0.7,15,2,25.164369583129883,1.4373040199279785,2,False
401,detail,1,0.6,23,10,26.650671005249023,1.2806990146636963,2,False
401,detail,2,1.0,89,16,34.19813537597656,1.0286366939544678,4,False
401,detail,2,0.9,91,18,33.20320510864258,1.0039350986480713,3,False
401,detail,2,0.8,93,9,29.468196868896484,1.1950218677520752,3,False
401,detail,2,0.7,93,14,28.54877281188965,1.3249900341033936,2,False
401,detail,2,0.6,98,12,27.87497329711914,1.566037893295288,2,False
401,detail,3,1.0,136,25,30.123563766479492,1.3660476207733154,4,False
401,detail,3,0.9,135,29,29.157838821411133,1.3142530918121338,3,False
401,detail,3,0.8,132,52,26.9610652923584,1.2770209312438965,3,False
401,detail,3,0.7,134,53,24.298717498779297,1.240147590637207,2,False
401,detail,3,0.6,136,55,22.582969665527344,1.6973602771759033,2,True
402,coarse,1,0.3,14,2,19.618179321289062,,,True
402,coarse,2,0.3,42,0,20.509803771972656,,,True
402,coarse,3,0.4,66,26,25.529388427734375,,,True
402,detail,1,1.0,15,12,32.326656341552734,1.245814323425293,4,False
402,detail,1,0.9,18,0,27.8165340423584,0.9918684959411621,3,False
402,detail,1,0.8,18,3,28.053409576416016,1.12656831741333,3,False
402,detail,1,0.7,17,2,25.14390754699707,1.4259297847747803,2,False
402,detail,1,0.6,23,10,26.42985725402832,1.234119176864624,2,False
402,detail,2,1.0,89,16,34.225772857666016,1.0331528186798096,4,False
402,detail,2,0.9,91,18,33.12024688720703,0.9927752017974854,3,False
402,detail,2,0.8,93,6,28.67356300354004,1.2675573825836182,3,False
402,detail,2,0.7,96,4,27.690778732299805,1.7095375061035156,2,False
402,detail,2,0.6,98,10,26.65532875061035,1.792715072631836,2,False
402,detail,3,1.0,136,25,30.090045928955078,1.4404006004333496,4,False
402,detail,3,0.9,135,29,29.41592025756836,1.4013731479644775,3,False
402,detail,3,0.8,132,52,27.12778091430664,1.1911396980285645,3,False
402,detail,3,0.7,134,53,24.462385177612305,1.0919673442840576,2,False
402,detail,3,0.6,136,55,22.50478744506836,1.512869119644165,2,True
403,coarse,1,0.3,8,2,20.303552627563477,,,True
403,coarse,2,0.3,42,0,21.099445343017578,,,True
403,coarse,3,0.3,68,28,21.381446838378906,,,True
403,detail,1,1.0,11,12,32.14374542236328,1.1589512825012207,4,False
403,detail,1,0.9,18,0,28.30284309387207,1.0211541652679443,3,False
403,detail,1,0.8,18,3,28.430334091186523,1.1619873046875,3,False
403,detail,1,0.7,17,2,25.71257781982422,1.4593617916107178,2,False
403,detail,1,0.6,25,10,26.998281478881836,1.388101577758789,2,False
403,detail,2,1.0,87,12,34.22636413574219,0.9488399028778076,4,False
403,detail,2,0.9,83,15,33.500457763671875,1.04121994972229,3,False
403,detail,2,0.8,93,12,31.185714721679688,0.9739582538604736,3,False
403,detail,2,0.7,93,12,29.09355926513672,1.171375036239624,2,False
403,detail,2,0.6,97,12,28.425613403320312,1.507350206375122,2,False
403,detail,3,1.0,136,25,29.95048713684082,1.3104991912841797,4,False
403,detail,3,0.9,135,29,29.3443603515625,1.246185302734375,3,False
403,detail,3,0.8,132,52,27.17359733581543,1.5004453659057617,3,False
403,detail,3,0.7,136,53,24.57538604736328,1.2837398052215576,2,False
403,detail,3,0.6,136,55,22.734468460083008,1.7984390258789062,2,True
404,coarse,1,0.3,14,2,19.923908233642578,,,True
404,coarse,2,0.3,42,0,20.684589385986328,,,True
404,coarse,3,0.4,66,26,25.966264724731445,,,True
404,detail,1,1.0,15,12,31.95489501953125,1.2058651447296143,4,False
404,detail,1,0.9,15,0,28.402318954467773,1.0115211009979248,3,False
404,detail,1,0.8,18,3,27.993328094482422,1.0764198303222656,3,False
404,detail,1,0.7,15,2,25.213485717773438,1.667114019393921,2,False
404,detail,1,0.6,17,8,24.17814826965332,2.0439705848693848,2,False
404,detail,2,1.0,89,16,34.41440200805664,0.9738895893096924,4,False
404,detail,2,0.9,91,27,34.74159240722656,1.1186771392822266,3,False
404,detail,2,0.8,92,35,32.659912109375,1.0857667922973633,3,False
404,detail,2,0.7,93,14,28.65814781188965,0.9880430698394775,2,False
404,detail,2,0.6,98,12,27.72740936279297,1.3018059730529785,2,False
404,detail,3,1.0,136,25,29.7843017578125,1.3132307529449463,4,False
404,detail,3,0.9,138,29,29.4267635345459,1.3137388229370117,3,False
404,detail,3,0.8,135,52,27.271080017089844,1.3634288311004639,3,False
404,detail,3,0.7,136,53,24.371057510375977,1.4142754077911377,2,False
404,detail,3,0.6,138,55,22.875680923461914,1.851924180984497,2,True
405,coarse,1,0.3,8,2,19.79214096069336,,,True
405,coarse,2,0.3,42,0,20.513906478881836,,,True
405,coarse,3,0.4,68,26,25.952735900878906,,,True
405,detail,1,1.0,15,12,31.657777786254883,1.2554950714111328,4,False
405,detail,1,0.9,15,0,28.43745231628418,1.010526418685913,3,False
405,detail,1,0.8,18,3,27.861125946044922,1.082430362701416,3,False
405,detail,1,0.7,17,2,25.047468185424805,1.558746576309204,2,False
405,detail,1,0.6,23,10,26.873655319213867,1.2495975494384766,2,False
405,detail,2,1.0,89,8,32.000919342041016,1.0351617336273193,4,False
405,detail,2,0.9,91,6,30.677988052368164,1.0182781219482422,3,False
405,detail,2,0.8,93,6,28.61054801940918,1.0511665344238281,3,False
405,detail,2,0.7,96,4,27.76442527770996,1.552910566329956,2,False
405,detail,2,0.6,79,8,25.486482620239258,2.186760663986206,2,False
405,detail,3,1.0,136,25,29.689313888549805,1.3281011581420898,4,False
405,detail,3,0.9,138,29,29.20954132080078,1.2722275257110596,3,False
405,detail,3,0.8,135,52,27.148971557617188,1.415522813796997,3,False
405,detail,3,0.7,136,53,24.405466079711914,1.4649686813354492,2,False
405,detail,3,0.6,138,55,22.611024856567383,1.8800363540649414,2,True
406,coarse,1,0.3,14,2,19.822172164916992,,,True
406,coarse,2,0.3,42,0,20.885976791381836,,,True
406,coarse,3,0.4,68,26,25.594207763671875,,,True
406,detail,1,1.0,15,12,31.629751205444336,1.355426549911499,4,False
406,detail,1,0.9,18,0,27.9409236907959,1.1268675327301025,3,False
406,detail,1,0.8,18,3,28.153289794921875,1.2854523658752441,3,False
406,detail,1,0.7,15,2,25.015525817871094,1.6243259906768799,2,False
406,detail,1,0.6,17,8,23.997821807861328,2.046051025390625,2,False
406,detail,2,1.0,89,0,31.623207092285156,1.2730803489685059,4,False
406,detail,2,0.9,91,0,29.610258102416992,1.2636399269104004,3,False
406,detail,2,0.8,93,6,28.821868896484375,1.1716675758361816,3,False
406,detail,2,0.7,96,4,28.06301498413086,1.7568182945251465,2,False
406,detail,2,0.6,98,10,27.11979103088379,1.826129674911499,2,False
406,detail,3,1.0,136,25,29.719858169555664,1.36409592628479,4,False
406,detail,3,0.9,138,29,29.213071823120117,1.3606672286987305,3,False
406,detail,3,0.8,135,52,26.84296417236328,1.376021385192871,3,False
406,detail,3,0.7,136,53,24.14815902709961,1.4248337745666504,2,False
406,detail,3,0.6,138,55,22.304580688476562,1.844278335571289,2,True
407,coarse,1,0.3,8,2,19.82696533203125,,,True
407,coarse,2,0.3,42,0,20.84070587158203,,,True
407,coarse,3,0.4,68,26,25.27328109741211,,,True
407,detail,1,1.0,15,12,31.276466369628906,1.3590474128723145,4,False
407,detail,1,0.9,18,0,27.760915756225586,1.1523826122283936,3,False
407,detail,1,0.8,18,3,28.098419189453125,1.2997612953186035,3,False
407,detail,1,0.7,17,2,25.02267074584961,1.6180357933044434,2,False
407,detail,1,0.6,27,10,26.121767044067383,1.384793996810913,2,False
407,detail,2,1.0,89,0,31.758813858032227,1.2608940601348877,4,False
407,detail,2,0.9,91,0,29.70380401611328,1.1877281665802002,3,False
407,detail,2,0.8,93,6,28.857341766357422,1.2123913764953613,3,False
407,detail,2,0.7,81,2,26.929162979125977,2.2235138416290283,2,False
407,detail,2,0.6,79,8,25.463184356689453,2.5075151920318604,2,False
407,detail,3,1.0,136,25,29.806962966918945,1.3824751377105713,4,False
407,detail,3,0.9,138,29,29.196393966674805,1.402148723602295,3,False
407,detail,3,0.8,135,52,26.633481979370117,1.2776157855987549,3,False
407,detail,3,0.7,136,53,24.323362350463867,1.2863805294036865,2,False
407,detail,3,0.6,138,55,22.372440338134766,1.7486014366149902,2,True
408,coarse,1,0.3,8,2,20.106491088867188,,,True
408,coarse,2,0.3,42,0,20.861902236938477,,,True
408,coarse,3,0.4,68,26,25.469837188720703,,,True
408,detail,1,1.0,15,12,31.39146614074707,1.4126198291778564,4,False
408,detail,1,0.9,9,0,27.811506271362305,0.9439067840576172,3,False
408,detail,1,0.8,18,3,28.475439071655273,1.2710621356964111,3,False
408,detail,1,0.7,17,2,25.2320556640625,1.637091875076294,2,False
408,detail,1,0.6,25,10,26.686853408813477,1.2642707824707031,2,False
408,detail,2,1.0,89,4,32.05392837524414,1.2972822189331055,4,False
408,detail,2,0.9,91,3,30.803884506225586,1.2410743236541748,3,False
408,detail,2,0.8,93,6,28.861854553222656,1.2264652252197266,3,False
408,detail,2,0.7,71,4,26.643829345703125,1.4971733093261719,2,False
408,detail,2,0.6,81,8,25.66154670715332,2.617515802383423,2,False
408,detail,3,1.0,138,25,30.10723114013672,1.4871797561645508,4,False
408,detail,3,0.9,138,29,29.528390884399414,1.542776107788086,3,False
408,detail,3,0.8,135,52,26.894046783447266,1.1987788677215576,3,False
408,detail,3,0.7,136,53,24.514467239379883,1.3562748432159424,2,False
408,detail,3,0.6,138,55,22.603286743164062,1.8409690856933594,2,True
409,coarse,1,0.3,16,2,20.273242950439453,,,True
409,coarse,2,0.3,42,0,21.424388885498047,,,True
409,coarse,3,0.4,68,26,25.082447052001953,,,True
409,detail,1,1.0,37,8,31.389690399169922,1.2964057922363281,4,False
409,detail,1,0.9,19,0,28.1340389251709,1.322908878326416,3,False
409,detail,1,0.8,19,3,28.5028133392334,1.5209574699401855,3,False
409,detail,1,0.7,19,2,25.57381248474121,1.626154899597168,2,False
409,detail,1,0.6,27,10,26.861906051635742,1.474367380142212,2,False
409,detail,2,1.0,89,0,32.2607307434082,1.5184533596038818,4,False
409,detail,2,0.9,91,0,29.9152774810791,1.5228309631347656,3,False
409,detail,2,0.8,93,6,29.274700164794922,1.474494457244873,3,False
409,detail,2,0.7,85,0,25.063261032104492,2.6520142555236816,2,False
409,detail,2,0.6,85,4,24.335046768188477,4.297600746154785,2,False
409,detail,3,1.0,138,25,29.80790901184082,1.4844439029693604,4,False
409,detail,3,0.9,138,29,29.299034118652344,1.3945181369781494,3,False
409,detail,3,0.8,135,52,26.689624786376953,1.1141529083251953,3,False
409,detail,3,0.7,138,53,24.456058502197266,1.030411958694458,2,False
409,detail,3,0.6,140,55,22.766511917114258,1.6380805969238281,2,True
410,coarse,1,0.3,8,2,20.255910873413086,,,True
410,coarse,2,0.3,70,28,21.432395935058594,,,True
410,coarse,3,0.3,42,0,21.508920669555664,,,True
410,detail,1,1.0,19,0,31.499469757080078,1.0868244171142578,4,False
410,detail,1,0.9,21,0,28.206628799438477,1.1398820877075195,3,False
410,detail,1,0.8,21,3,28.694293975830078,1.3442573547363281,3,False
410,detail,1,0.7,19,2,25.539810180664062,1.5095856189727783,2,False
410,detail,1,0.6,29,10,26.434057235717773,1.1981089115142822,2,False
410,detail,2,1.0,138,25,29.662403106689453,1.408029317855835,4,False
410,detail,2,0.9,138,35,29.195425033569336,1.350541114807129,3,False
410,detail,2,0.8,135,52,26.682310104370117,1.2016148567199707,3,False
410,detail,2,0.7,138,53,24.304115295410156,1.14383864402771,2,False
410,detail,2,0.6,140,55,22.537622451782227,1.8673415184020996,2,True
410,detail,3,1.0,89,0,32.25535583496094,1.7115397453308105,4,False
410,detail,3,0.9,74,0,29.85162353515625,1.4028370380401611,3,False
410,detail,3,0.8,93,6,29.308807373046875,1.6645748615264893,3,False
410,detail,3,0.7,85,0,25.06801414489746,2.690375566482544,2,False
410,detail,3,0.6,85,4,24.3425350189209,4.158475875854492,2,False
411,coarse,1,0.3,8,2,21.140844345092773,,,True
411,coarse,2,0.3,70,28,21.632946014404297,,,True
411,coarse,3,0.3,42,0,22.11583137512207,,,True
411,detail,1,1.0,19,0,32.184757232666016,1.0999765396118164,4,False
411,detail,1,0.9,21,0,28.863494873046875,1.1568236351013184,3,False
411,detail,1,0.8,21,3,29.354312896728516,1.3212707042694092,3,False
411,detail,1,0.7,21,2,26.60958480834961,1.4080445766448975,2,False
411,detail,1,0.6,30,10,27.130599975585938,1.2978711128234863,2,False
411,detail,2,1.0,138,25,30.130064010620117,1.2025775909423828,4,False
411,detail,2,0.9,140,29,29.635875701904297,1.171494483947754,3,False
411,detail,2,0.8,141,44,28.380949020385742,0.9043159484863281,3,False
411,detail,2,0.7,138,53,24.750993728637695,1.1252236366271973,2,False
411,detail,2,0.6,140,55,22.81984519958496,1.798135757446289,2,True
411,detail,3,1.0,89,0,32.932373046875,1.8209891319274902,4,False
411,detail,3,0.9,74,0,30.390718460083008,1.4064507484436035,3,False
411,detail,3,0.8,93,6,30.191129684448242,1.739384412765503,3,False
411,detail,3,0.7,85,0,25.825666427612305,2.6660962104797363,2,False
411,detail,3,0.6,85,6,25.73124122619629,2.949187755584717,2,False
412,coarse,1,0.3,8,2,22.21033477783203,,,True
412,coarse,2,0.3,70,28,22.26099395751953,,,True
412,coarse,3,0.5,66,0,30.66323471069336,,,True
412,detail,1,1.0,19,0,33.06137466430664,1.1073246002197266,4,False
412,detail,1,0.9,21,0,29.67398452758789,1.1781792640686035,3,False
412,detail,1,0.8,21,3,30.05800437927246,1.3409829139709473,3,False
412,detail,1,0.7,19,2,27.399688720703125,1.477552890777588,2,False
412,detail,1,0.6,30,10,28.301685333251953,1.216564655303955,2,False
412,detail,2,1.0,138,25,30.917171478271484,1.461378574371338,4,False
412,detail,2,0.9,140,29,30.242067337036133,1.4680745601654053,3,False
412,detail,2,0.8,138,52,27.86351776123047,1.1835346221923828,3,False
412,detail,2,0.7,138,53,25.403614044189453,1.2826685905456543,2,False
412,detail,2,0.6,140,55,23.497018814086914,1.964674949645996,2,True
412,detail,3,1.0,124,4,34.76300811767578,1.4278953075408936,4,False
412,detail,3,0.9,135,6,31.714797973632812,1.4557032585144043,3,False
412,detail,3,0.8,141,35,31.046428680419922,1.181361436843872,3,False
412,detail,3,0.7,142,44,29.553939819335938,0.8491635322570801,2,False
412,detail,3,0.6,120,0,26.78921127319336,4.174064636230469,2,False
413,coarse,1,0.3,70,28,21.870994567871094,,,True
413,coarse,2,0.3,16,2,22.518957138061523,,,True
413,coarse,3,0.5,66,0,30.772958755493164,,,True
413,detail,1,1.0,138,25,30.62214469909668,1.3485734462738037,4,False
413,detail,1,0.9,140,29,29.777496337890625,1.3107798099517822,3,False
413,detail,1,0.8,138,52,27.149734497070312,1.1867609024047852,3,False
413,detail,1,0.7,140,53,24.81355857849121,1.202533483505249,2,False
413,detail,1,0.6,122,59,23.03592300415039,1.3157665729522705,2,True
413,detail,2,1.0,19,0,33.32495880126953,1.105224847793579,4,False
413,detail,2,0.9,22,0,29.852855682373047,1.126065969467163,3,False
413,detail,2,0.8,22,3,30.400300979614258,1.3015024662017822,3,False
413,detail,2,0.7,19,2,27.569623947143555,1.5390775203704834,2,False
413,detail,2,0.6,19,10,29.207069396972656,1.6084473133087158,2,False
413,detail,3,1.0,120,8,35.128849029541016,1.2310295104980469,4,False
413,detail,3,0.9,140,27,31.55898094177246,1.1978490352630615,3,False
413,detail,3,0.8,141,35,30.424196243286133,1.070559024810791,3,False
413,detail,3,0.7,144,44,29.53203582763672,0.9011893272399902,2,False
413,detail,3,0.6,120,4,28.12525749206543,2.594282388687134,2,False
414,coarse,1,0.3,62,30,21.737070083618164,,,True
414,coarse,2,0.3,16,2,22.421527862548828,,,True
414,coarse,3,0.5,66,2,30.31857681274414,,,True
414,detail,1,1.0,129,25,31.703048706054688,1.098933458328247,4,False
414,detail,1,0.9,131,35,30.252819061279297,1.0443007946014404,3,False
414,detail,1,0.8,133,52,28.84929847717285,1.1558668613433838,3,False
414,detail,1,0.7,123,59,25.87180519104004,1.2148387432098389,2,False
414,detail,1,0.6,123,59,22.58819007873535,1.3629286289215088,2,True
414,detail,2,1.0,19,0,33.38164138793945,1.3053288459777832,4,False
414,detail,2,0.9,22,0,29.99614143371582,1.3985252380371094,3,False
414,detail,2,0.8,22,3,30.421749114990234,1.535231113433838,3,False
414,detail,2,0.7,19,2,27.5744571685791,1.7548329830169678,2,False
414,detail,2,0.6,19,10,29.192745208740234,1.7246484756469727,2,False
414,detail,3,1.0,124,8,35.19864273071289,1.371248722076416,4,False
414,detail,3,0.9,140,27,31.786958694458008,1.1165523529052734,3,False
414,detail,3,0.8,141,35,30.472810745239258,0.9736602306365967,3,False
414,detail,3,0.7,128,44,29.75995445251465,0.38658761978149414,2,False
414,detail,3,0.6,120,0,26.757225036621094,4.091276168823242,2,False
415,coarse,1,0.3,62,30,21.625732421875,,,True
415,coarse,2,0.3,16,0,22.74982261657715,,,True
415,coarse,3,0.5,66,2,30.7510929107666,,,True
415,detail,1,1.0,129,25,31.734729766845703,1.1485040187835693,4,False
415,detail,1,0.9,131,35,30.512773513793945,1.0768232345581055,3,False
415,detail,1,0.8,133,52,28.989524841308594,1.1963515281677246,3,False
415,detail,1,0.7,123,59,25.82874298095703,1.2153000831604004,2,False
415,detail,1,0.6,123,59,22.716222763061523,1.3925561904907227,2,True
415,detail,2,1.0,23,0,33.61430358886719,1.2068531513214111,4,False
415,detail,2,0.9,22,0,30.209075927734375,1.3744478225708008,3,False
415,detail,2,0.8,22,3,30.595211029052734,1.4961588382720947,3,False
415,detail,2,0.7,19,2,28.068700790405273,1.6851396560668945,2,False
415,detail,2,0.6,31,10,29.209796905517578,1.2758371829986572,2,False
415,detail,3,1.0,128,18,34.95760726928711,1.024353265762329,4,False
415,detail,3,0.9,140,27,32.06024932861328,1.1196837425231934,3,False
415,detail,3,0.8,141,35,30.514562606811523,0.9780519008636475,3,False
415,detail,3,0.7,120,0,30.01122283935547,1.7861089706420898,2,False
415,detail,3,0.6,120,0,27.07164192199707,4.06700325012207,2,False
416,coarse,1,0.3,62,30,22.033275604248047,,,True
416,coarse,2,0.3,10,2,22.622692108154297,,,True
416,coarse,3,0.5,66,2,30.729074478149414,,,True
416,detail,1,1.0,129,25,31.645614624023438,1.0739293098449707,4,False
416,detail,1,0.9,131,35,30.708820343017578,1.0471422672271729,3,False
416,detail,1,0.8,133,52,29.40503692626953,1.2888476848602295,3,False
416,detail,1,0.7,123,59,26.085979461669922,1.2610204219818115,2,False
416,detail,1,0.6,125,59,23.175893783569336,1.365586519241333,2,True
416,detail,2,1.0,19,12,33.51781463623047,1.3056817054748535,4,False
416,detail,2,0.9,22,0,30.156465530395508,1.140329360961914,3,False
416,detail,2,0.8,22,3,30.542049407958984,1.2365963459014893,3,False
416,detail,2,0.7,21,2,27.905101776123047,1.6337637901306152,2,False
416,detail,2,0.6,31,10,29.102935791015625,1.4230177402496338,2,False
416,detail,3,1.0,120,8,35.50638961791992,1.3683176040649414,4,False
416,detail,3,0.9,126,27,34.68295669555664,1.0979828834533691,3,False
416,detail,3,0.8,142,35,30.537673950195312,0.9661855697631836,3,False
416,detail,3,0.7,130,44,29.539499282836914,0.3805580139160156,2,False
416,detail,3,0.6,120,0,27.13960075378418,4.48573637008667,2,False
417,coarse,1,0.3,62,30,21.779226303100586,,,True
417,coarse,2,0.3,10,2,22.493732452392578,,,True
417,coarse,3,0.5,66,2,30.900102615356445,,,True
417,detail,1,1.0,129,25,31.86360740661621,1.230325698852539,4,False
417,detail,1,0.9,131,35,31.016618728637695,1.2031078338623047,3,False
417,detail,1,0.8,133,52,29.478700637817383,1.2178876399993896,3,False
417,detail,1,0.7,123,59,25.912538528442383,1.3082330226898193,2,False
417,detail,1,0.6,125,59,22.867612838745117,1.461038589477539,2,True
417,detail,2,1.0,19,12,33.46442794799805,1.2690644264221191,4,False
417,detail,2,0.9,22,0,30.053314208984375,1.0730886459350586,3,False
417,detail,2,0.8,22,3,30.57878875732422,1.1538622379302979,3,False
417,detail,2,0.7,23,2,27.863323211669922,1.4326038360595703,2,False
417,detail,2,0.6,31,10,29.054529190063477,1.3395612239837646,2,False
417,detail,3,1.0,128,18,35.33875274658203,1.1272244453430176,4,False
417,detail,3,0.9,140,27,32.82648849487305,1.1279561519622803,3,False
417,detail,3,0.8,142,35,30.48059844970703,1.1703855991363525,3,False
417,detail,3,0.7,144,44,29.37891960144043,0.8702571392059326,2,False
417,detail,3,0.6,122,0,27.21707534790039,4.117273807525635,2,False
418,coarse,1,0.3,62,30,21.759973526000977,,,True
418,coarse,2,0.3,10,2,22.458229064941406,,,True
418,coarse,3,0.5,68,2,30.557193756103516,,,True
418,detail,1,1.0,129,25,32.15653610229492,1.2519943714141846,4,False
418,detail,1,0.9,131,35,31.167634963989258,1.2206575870513916,3,False
418,detail,1,0.8,133,52,29.597562789916992,1.0671041011810303,3,False
418,detail,1,0.7,125,59,25.792951583862305,1.3456182479858398,2,False
418,detail,1,0.6,125,59,22.7720890045166,1.3465218544006348,2,True
418,detail,2,1.0,19,12,33.36924743652344,1.3255119323730469,4,False
418,detail,2,0.9,22,0,30.11490821838379,1.067955493927002,3,False
418,detail,2,0.8,22,3,30.686336517333984,1.1046357154846191,3,False
418,detail,2,0.7,21,4,29.5351505279541,1.348759412765503,2,False
418,detail,2,0.6,23,10,29.286739349365234,1.6535873413085938,2,False
418,detail,3,1.0,132,18,35.363380432128906,1.0536015033721924,4,False
418,detail,3,0.9,132,27,32.5977783203125,1.0146675109863281,3,False
418,detail,3,0.8,142,35,30.48963737487793,1.1158850193023682,3,False
418,detail,3,0.7,145,44,29.25551986694336,0.9084782600402832,2,False
418,detail,3,0.6,122,0,27.218154907226562,4.054898738861084,2,False
419,coarse,1,0.3,72,28,22.312158584594727,,,True
419,coarse,2,0.3,10,2,23.101465225219727,,,True
419,coarse,3,0.5,68,0,31.45327377319336,,,True
419,detail,1,1.0,132,29,32.36202621459961,1.298438310623169,4,False
419,detail,1,0.9,135,35,30.698383331298828,1.3020946979522705,3,False
419,detail,1,0.8,138,52,28.28935432434082,1.275566577911377,3,False
419,detail,1,0.7,142,53,25.12002182006836,1.2643787860870361,2,False
419,detail,1,0.6,126,59,23.243507385253906,1.5028865337371826,2,True
419,detail,2,1.0,19,12,33.93545150756836,1.3671741485595703,4,False
419,detail,2,0.9,25,0,30.62671661376953,1.146946668624878,3,False
419,detail,2,0.8,25,3,31.328487396240234,1.2422847747802734,3,False
419,detail,2,0.7,23,2,28.32701301574707,1.7075653076171875,2,False
419,detail,2,0.6,34,10,29.436681747436523,1.3725292682647705,2,False
419,detail,3,1.0,128,4,35.176944732666016,1.6116104125976562,4,False
419,detail,3,0.9,135,6,31.61238670349121,1.79591703414917,3,False
419,detail,3,0.8,142,35,31.162288665771484,1.106443166732788,3,False
419,detail,3,0.7,145,44,29.81211280822754,0.7766942977905273,2,False
419,detail,3,0.6,122,0,27.755359649658203,4.233280181884766,2,False
420,coarse,1,0.3,72,28,22.075664520263672,,,True
420,coarse,2,0.3,18,2,22.972597122192383,,,True
420,coarse,3,0.5,68,0,31.344228744506836,,,True
420,detail,1,1.0,132,25,32.398738861083984,1.4933991432189941,4,False
420,detail,1,0.9,135,35,30.6290283203125,1.4615452289581299,3,False
420,detail,1,0.8,141,52,27.269119262695312,1.0908093452453613,3,False
420,detail,1,0.7,144,53,25.033048629760742,1.0657951831817627,2,False
420,detail,1,0.6,126,59,23.204814910888672,1.4651379585266113,2,True
420,detail,2,1.0,41,12,34.67695999145508,0.9563720226287842,4,False
420,detail,2,0.9,23,0,30.509441375732422,1.0910067558288574,3,False
420,detail,2,0.8,23,3,31.1634521484375,1.0678911209106445,3,False
420,detail,2,0.7,25,2,28.545000076293945,1.7826752662658691,2,False
420,detail,2,0.6,33,10,29.3872013092041,1.502009391784668,2,False
420,detail,3,1.0,136,4,32.072410583496094,1.780681848526001,4,False
420,detail,3,0.9,138,6,31.709199905395508,1.7371256351470947,3,False
420,detail,3,0.8,142,35,31.33351707458496,1.1877388954162598,3,False
420,detail,3,0.7,145,44,29.77811622619629,0.8220031261444092,2,False
420,detail,3,0.6,122,0,27.670608520507812,3.958787202835083,2,False
421,coarse,1,0.3,64,30,21.62421226501465,,,True
421,coarse,2,0.3,0,4,22.814664840698242,,,True
421,coarse,3,0.3,20,2,23.318876266479492,,,True
421,detail,1,1.0,133,29,31.855987548828125,1.2708489894866943,4,False
421,detail,1,0.9,135,35,30.12372589111328,1.324826717376709,3,False
421,detail,1,0.8,133,44,30.250526428222656,0.8349826335906982,3,False
421,detail,1,0.7,123,59,26.4765567779541,1.0151185989379883,2,False
421,detail,1,0.6,123,59,24.112924575805664,1.0877785682678223,2,True
421,detail,2,1.0,18,12,34.24280548095703,1.1724727153778076,4,False
421,detail,2,0.9,15,0,30.42643165588379,1.0167574882507324,3,False
421,detail,2,0.8,21,0,31.5053768157959,1.3064391613006592,3,False
421,detail,2,0.7,20,2,27.9165096282959,2.13250994682312,2,False
421,detail,2,0.6,26,8,27.316957473754883,2.659972906112671,2,False
421,detail,3,1.0,45,8,31.766216278076172,1.4332249164581299,4,False
421,detail,3,0.9,27,0,30.657875061035156,1.2080960273742676,3,False
421,detail,3,0.8,49,3,30.218961715698242,1.586944341659546,3,False
421,detail,3,0.7,29,2,28.445667266845703,1.6689834594726562,2,False
421,detail,3,0.6,53,10,28.641489028930664,2.0107667446136475,2,False
422,coarse,1,0.3,64,30,21.42133140563965,,,True
422,coarse,2,0.3,0,4,22.676328659057617,,,True
422,coarse,3,0.3,20,2,23.17437744140625,,,True
422,detail,1,1.0,133,29,31.790401458740234,1.2697985172271729,4,False
422,detail,1,0.9,135,35,30.136240005493164,1.301290512084961,3,False
422,detail,1,0.8,133,44,30.15093421936035,0.7781469821929932,3,False
422,detail,1,0.7,123,59,26.808916091918945,1.0500781536102295,2,False
422,detail,1,0.6,123,59,24.536882400512695,1.1694281101226807,2,True
422,detail,2,1.0,18,12,34.18574142456055,1.0217702388763428,4,False
422,detail,2,0.9,20,0,31.306350708007812,1.1287264823913574,3,False
422,detail,2,0.8,21,0,31.167312622070312,1.1871745586395264,3,False
422,detail,2,0.7,25,2,27.962566375732422,1.9465882778167725,2,False
422,detail,2,0.6,22,10,29.358125686645508,2.2022314071655273,2,False
422,detail,3,1.0,45,8,31.592864990234375,1.2729227542877197,4,False
422,detail,3,0.9,27,0,30.319786071777344,1.1269958019256592,3,False
422,detail,3,0.8,27,3,31.098155975341797,1.1574511528015137,3,False
422,detail,3,0.7,27,2,28.330900192260742,1.81095552444458,2,False
422,detail,3,0.6,35,10,29.260427474975586,1.5866191387176514,2,False
423,coarse,1,0.3,64,30,21.40898895263672,,,True
423,coarse,2,0.3,0,4,22.779075622558594,,,True
423,coarse,3,0.3,20,34,22.993139266967773,,,True
423,detail,1,1.0,133,25,31.869556427001953,1.3079307079315186,4,False
423,detail,1,0.9,135,35,30.35544776916504,1.2939724922180176,3,False
423,detail,1,0.8,137,38,30.37491798400879,1.3124425411224365,3,False
423,detail,1,0.7,123,59,27.263626098632812,1.1613545417785645,2,False
423,detail,1,0.6,125,59,23.224018096923828,0.9606606960296631,2,True
423,detail,2,1.0,18,12,34.50649642944336,0.9658622741699219,4,False
423,detail,2,0.9,20,6,35.51411819458008,1.0926384925842285,3,False
423,detail,2,0.8,21,0,31.325389862060547,1.2227911949157715,3,False
423,detail,2,0.7,25,2,28.136812210083008,1.9113283157348633,2,False
423,detail,2,0.6,24,10,29.751901626586914,2.013756275177002,2,False
423,detail,3,1.0,45,17,33.94541549682617,0.9859964847564697,4,False
423,detail,3,0.9,42,38,33.483394622802734,0.8982303142547607,3,False
423,detail,3,0.8,42,47,33.3521614074707,0.6113226413726807,3,False
423,detail,3,0.7,47,39,31.721555709838867,1.1199171543121338,2,False
423,detail,3,0.6,43,47,30.339569091796875,0.8641576766967773,2,False
424,coarse,1,0.3,64,30,21.286226272583008,,,True
424,coarse,2,0.3,20,34,22.85211944580078,,,True
424,coarse,3,0.3,0,4,23.16767692565918,,,True
424,detail,1,1.0,133,25,31.963581085205078,1.3418025970458984,4,False
424,detail,1,0.9,135,35,30.708959579467773,1.3011841773986816,3,False
424,detail,1,0.8,136,44,30.486459732055664,0.8213880062103271,3,False
424,detail,1,0.7,125,59,26.21552085876465,1.1288533210754395,2,False
424,detail,1,0.6,125,59,23.625837326049805,1.1099379062652588,2,True
424,detail,2,1.0,43,33,33.541439056396484,0.9666750431060791,4,False
424,detail,2,0.9,42,35,33.412654876708984,0.9243409633636475,3,False
424,detail,2,0.8,45,32,33.557552337646484,0.9710159301757812,3,False
424,detail,2,0.7,47,39,31.86461067199707,0.9012300968170166,2,False
424,detail,2,0.6,45,47,30.052600860595703,0.7667818069458008,2,False
424,detail,3,1.0,18,12,34.773475646972656,1.068263292312622,4,False
424,detail,3,0.9,0,12,35.56634521484375,1.2741849422454834,3,False
424,detail,3,0.8,22,0,31.5299015045166,1.2795417308807373,3,False
424,detail,3,0.7,25,2,28.262832641601562,2.0385231971740723,2,False
424,detail,3,0.6,24,10,29.946996688842773,2.052534818649292,2,False
425,coarse,1,0.3,64,30,21.354494094848633,,,True
425,coarse,2,0.3,20,34,22.59255027770996,,,True
425,coarse,3,0.3,0,4,22.73642349243164,,,True
425,detail,1,1.0,133,25,32.18946838378906,1.404343605041504,4,False
425,detail,1,0.9,135,35,31.035371780395508,1.3699555397033691,3,False
425,detail,1,0.8,136,44,30.460018157958984,0.9472513198852539,3,False
425,detail,1,0.7,127,57,27.398500442504883,0.9587409496307373,2,False
425,detail,1,0.6,125,59,24.068466186523438,1.1107053756713867,2,True
425,detail,2,1.0,43,33,33.146827697753906,1.0921776294708252,4,False
425,detail,2,0.9,42,35,33.54907989501953,0.9360952377319336,3,False
425,detail,2,0.8,42,47,33.37510681152344,0.6937932968139648,3,False
425,detail,2,0.7,49,39,31.933815002441406,0.9818129539489746,2,False
425,detail,2,0.6,45,47,30.213560104370117,0.8906192779541016,2,False
425,detail,3,1.0,18,12,34.88203811645508,0.9992456436157227,4,False
425,detail,3,0.9,20,0,31.123903274536133,1.0637845993041992,3,False
425,detail,3,0.8,22,0,31.322317123413086,1.1070876121520996,3,False
425,detail,3,0.7,24,2,27.784618377685547,2.0734686851501465,2,False
425,detail,3,0.6,27,8,27.193565368652344,2.627375602722168,2,False
426,coarse,1,0.3,64,30,21.397104263305664,,,True
426,coarse,2,0.3,20,34,22.538347244262695,,,True
426,coarse,3,0.3,0,4,22.640548706054688,,,True
426,detail,1,1.0,133,25,32.201751708984375,1.440317153930664,4,False
426,detail,1,0.9,135,35,31.1993408203125,1.3507137298583984,3,False
426,detail,1,0.8,136,44,30.319047927856445,0.8616366386413574,3,False
426,detail,1,0.7,125,59,26.686914443969727,1.2158269882202148,2,False
426,detail,1,0.6,127,59,23.12148094177246,1.155473232269287,2,True
426,detail,2,1.0,43,33,32.67570877075195,1.0276498794555664,4,False
426,detail,2,0.9,42,35,33.512359619140625,0.965822696685791,3,False
426,detail,2,0.8,45,47,33.32194519042969,0.6743853092193604,3,False
426,detail,2,0.7,49,39,31.660964965820312,0.8988621234893799,2,False
426,detail,2,0.6,45,47,30.031280517578125,0.821364164352417,2,False
426,detail,3,1.0,18,12,35.10359191894531,1.11226487159729,4,False
426,detail,3,0.9,20,0,31.077499389648438,1.1434118747711182,3,False
426,detail,3,0.8,22,0,31.360036849975586,1.2327537536621094,3,False
426,detail,3,0.7,24,2,27.73120880126953,2.1666247844696045,2,False
426,detail,3,0.6,26,8,26.759796142578125,2.8006298542022705,2,False
427,coarse,1,0.3,64,30,21.238313674926758,,,True
427,coarse,2,0.3,0,4,22.09117317199707,,,True
427,coarse,3,0.3,20,34,22.37810707092285,,,True
427,detail,1,1.0,133,25,32.106483459472656,1.4858086109161377,4,False
427,detail,1,0.9,135,35,31.146516799926758,1.3892230987548828,3,False
427,detail,1,0.8,136,44,30.03134536743164,0.9143588542938232,3,False
427,detail,1,0.7,125,59,26.78675651550293,1.2323153018951416,2,False
427,detail,1,0.6,127,59,23.083560943603516,1.171562671661377,2,True
427,detail,2,1.0,18,0,34.04197692871094,1.2400453090667725,4,False
427,detail,2,0.9,20,0,30.625173568725586,1.1624689102172852,3,False
427,detail,2,0.8,22,0,31.012451171875,1.2076926231384277,3,False
427,detail,2,0.7,25,2,27.427099227905273,2.0710740089416504,2,False
427,detail,2,0.6,27,8,26.505460739135742,2.6700801849365234,2,False
427,detail,3,1.0,43,33,32.157432556152344,1.1805672645568848,4,False
427,detail,3,0.9,45,41,32.944786071777344,1.145662784576416,3,False
427,detail,3,0.8,49,20,31.974533081054688,1.4174714088439941,3,False
427,detail,3,0.7,52,23,31.00686264038086,1.2850797176361084,2,False
427,detail,3,0.6,45,47,29.957275390625,1.2450313568115234,2,False
428,coarse,1,0.3,64,30,21.9038143157959,,,True
428,coarse,2,0.3,0,4,22.532867431640625,,,True
428,coarse,3,0.3,20,34,22.83883285522461,,,True
428,detail,1,1.0,133,25,32.869773864746094,1.600351095199585,4,False
428,detail,1,0.9,135,35,31.764169692993164,1.4821803569793701,3,False
428,detail,1,0.8,136,44,30.448728561401367,1.0170462131500244,3,False
428,detail,1,0.7,125,59,27.561525344848633,1.2527928352355957,2,False
428,detail,1,0.6,127,59,23.806705474853516,1.0815072059631348,2,True
428,detail,2,1.0,0,12,35.10122299194336,0.9212806224822998,4,False
428,detail,2,0.9,20,0,30.97640037536621,1.276313304901123,3,False
428,detail,2,0.8,22,0,31.500904083251953,1.275381088256836,3,False
428,detail,2,0.7,25,2,27.894691467285156,2.2323968410491943,2,False
428,detail,2,0.6,27,8,26.949060440063477,2.8312768936157227,2,False
428,detail,3,1.0,43,33,32.49074935913086,1.1488142013549805,4,False
428,detail,3,0.9,45,41,33.08286666870117,1.1258749961853027,3,False
428,detail,3,0.8,49,17,32.50669479370117,1.602729320526123,3,False
428,detail,3,0.7,52,23,31.45498275756836,1.4692838191986084,2,False
428,detail,3,0.6,47,47,30.05851173400879,1.1152093410491943,2,False
429,coarse,1,0.3,66,30,21.29322624206543,,,True
429,coarse,2,0.3,0,4,22.133892059326172,,,True
429,coarse,3,0.3,20,34,22.564680099487305,,,True
429,detail,1,1.0,137,29,31.715909957885742,1.566206932067871,4,False
429,detail,1,0.9,139,35,30.0771541595459,1.586376428604126,3,False
429,detail,1,0.8,137,44,29.877534866333008,1.0196399688720703,3,False
429,detail,1,0.7,127,59,25.642135620117188,1.1831450462341309,2,False
429,detail,1,0.6,129,59,22.663867950439453,1.2327463626861572,2,True
429,detail,2,1.0,18,12,35.177581787109375,1.124206304550171,4,False
429,detail,2,0.9,20,9,35.658939361572266,1.3251445293426514,3,False
429,detail,2,0.8,21,3,31.506263732910156,1.4164175987243652,3,False
429,detail,2,0.7,24,4,29.487825393676758,1.8067116737365723,2,False
429,detail,2,0.6,26,10,29.598312377929688,2.1868913173675537,2,False
429,detail,3,1.0,43,33,32.41408920288086,1.217094898223877,4,False
429,detail,3,0.9,45,41,32.758201599121094,1.1663310527801514,3,False
429,detail,3,0.8,45,47,32.633766174316406,0.9797625541687012,3,False
429,detail,3,0.7,27,59,31.39044952392578,0.8911490440368652,2,False
429,detail,3,0.6,47,47,29.79884147644043,1.1866552829742432,2,False
430,coarse,1,0.3,66,30,20.928300857543945,,,True
430,coarse,2,0.3,0,4,21.95195770263672,,,True
430,coarse,3,0.3,20,2,22.562068939208984,,,True
430,detail,1,1.0,137,29,31.56565284729004,1.52565598487854,4,False
430,detail,1,0.9,139,35,29.95330810546875,1.5197381973266602,3,False
430,detail,1,0.8,137,44,29.678268432617188,0.9877398014068604,3,False
430,detail,1,0.7,129,59,24.88432502746582,1.4097490310668945,2,False
430,detail,1,0.6,131,59,22.360244750976562,1.5847687721252441,2,True
430,detail,2,1.0,18,12,34.968238830566406,1.1018552780151367,4,False
430,detail,2,0.9,0,12,34.298805236816406,0.8011915683746338,3,False
430,detail,2,0.8,22,3,31.123882293701172,1.399364948272705,3,False
430,detail,2,0.7,25,4,29.147655487060547,1.8628244400024414,2,False
430,detail,2,0.6,27,10,29.14353370666504,2.233562469482422,2,False
430,detail,3,1.0,45,4,33.10356521606445,1.6718266010284424,4,False
430,detail,3,0.9,30,0,29.86391830444336,1.4574007987976074,3,False
430,detail,3,0.8,42,6,30.24643898010254,1.5930345058441162,3,False
430,detail,3,0.7,37,2,27.16912841796875,2.0290937423706055,2,False
430,detail,3,0.6,35,8,26.668197631835938,2.3107104301452637,2,False
431,coarse,1,0.3,66,30,20.639108657836914,,,True
431,coarse,2,0.3,0,4,22.288917541503906,,,True
431,coarse,3,0.3,20,2,22.848669052124023,,,True
431,detail,1,1.0,137,29,31.826190948486328,1.3246700763702393,4,False
431,detail,1,0.9,139,35,30.201515197753906,1.334916591644287,3,False
431,detail,1,0.8,131,52,29.93195343017578,1.1459224224090576,3,False
431,detail,1,0.7,127,59,25.952903747558594,1.2400238513946533,2,False
431,detail,1,0.6,129,59,22.535400390625,1.1358277797698975,2,True
431,detail,2,1.0,18,12,35.247798919677734,1.155113935470581,4,False
431,detail,2,0.9,20,3,31.659076690673828,1.297785997390747,3,False
431,detail,2,0.8,22,3,31.251117706298828,1.2366211414337158,3,False
431,detail,2,0.7,25,4,29.272216796875,1.6554789543151855,2,False
431,detail,2,0.6,26,10,29.11090850830078,2.1905229091644287,2,False
431,detail,3,1.0,39,0,32.9461555480957,1.6335694789886475,4,False
431,detail,3,0.9,42,0,29.924169540405273,1.6405463218688965,3,False
431,detail,3,0.8,48,3,29.71666145324707,1.587613582611084,3,False
431,detail,3,0.7,39,2,27.560379028320312,1.851557970046997,2,False
431,detail,3,0.6,29,8,26.589824676513672,2.8139843940734863,2,False
432,coarse,1,0.3,66,30,20.583038330078125,,,True
432,coarse,2,0.3,0,4,21.41460609436035,,,True
432,coarse,3,0.3,20,2,22.207855224609375,,,True
432,detail,1,1.0,137,29,31.576602935791016,1.4419312477111816,4,False
432,detail,1,0.9,139,35,29.978044509887695,1.4380519390106201,3,False
432,detail,1,0.8,131,52,29.83435821533203,1.3491508960723877,3,False
432,detail,1,0.7,131,59,24.650602340698242,1.4499497413635254,2,False
432,detail,1,0.6,131,59,22.162906646728516,1.4956941604614258,2,True
432,detail,2,1.0,0,12,34.7869987487793,0.8626537322998047,4,False
432,detail,2,0.9,20,3,31.335769653320312,1.0621695518493652,3,False
432,detail,2,0.8,22,3,30.877710342407227,1.0715317726135254,3,False
432,detail,2,0.7,25,4,28.73760986328125,1.4378905296325684,2,False
432,detail,2,0.6,27,10,28.827451705932617,1.898324966430664,2,False
432,detail,3,1.0,39,0,32.57121276855469,1.5105278491973877,4,False
432,detail,3,0.9,42,0,29.2786865234375,1.6156692504882812,3,False
432,detail,3,0.8,48,3,29.24468421936035,1.6626155376434326,3,False
432,detail,3,0.7,39,2,26.839141845703125,1.813943862915039,2,False
432,detail,3,0.6,29,8,26.14908218383789,2.6391985416412354,2,False
433,coarse,1,0.3,66,30,20.158985137939453,,,True
433,coarse,2,0.3,0,4,21.317787170410156,,,True
433,coarse,3,0.3,22,2,22.044321060180664,,,True
433,detail,1,1.0,137,29,31.37525749206543,1.4749505519866943,4,False
433,detail,1,0.9,139,35,30.112335205078125,1.4606728553771973,3,False
433,detail,1,0.8,131,52,29.329702377319336,1.1892979145050049,3,False
433,detail,1,0.7,131,57,26.277637481689453,1.3883419036865234,2,False
433,detail,1,0.6,127,59,24.536596298217773,1.2620201110839844,2,True
433,detail,2,1.0,0,0,31.510305404663086,1.5615015029907227,4,False
433,detail,2,0.9,20,0,29.735578536987305,1.5197534561157227,3,False
433,detail,2,0.8,0,3,30.22282600402832,1.5810096263885498,3,False
433,detail,2,0.7,25,2,26.832128524780273,2.5430479049682617,2,False
433,detail,2,0.6,27,8,25.67279815673828,3.4261300563812256,2,False
433,detail,3,1.0,49,0,31.403709411621094,1.7412190437316895,4,False
433,detail,3,0.9,43,0,28.807220458984375,1.792633295059204,3,False
433,detail,3,0.8,49,3,29.078752517700195,1.7479498386383057,3,False
433,detail,3,0.7,39,0,26.203109741210938,2.5998287200927734,2,False
433,detail,3,0.6,31,6,24.931434631347656,3.844402551651001,2,False
434,coarse,1,0.3,66,30,20.173686981201172,,,True
434,coarse,2,0.3,0,4,21.390825271606445,,,True
434,coarse,3,0.3,22,2,21.965789794921875,,,True
434,detail,1,1.0,137,25,31.278676986694336,1.3951053619384766,4,False
434,detail,1,0.9,139,35,30.243806838989258,1.2852864265441895,3,False
434,detail,1,0.8,131,52,29.20170021057129,1.0968835353851318,3,False
434,detail,1,0.7,131,57,26.26763916015625,1.4063568115234375,2,False
434,detail,1,0.6,129,59,23.128385543823242,1.0690245628356934,2,True
434,detail,2,1.0,0,0,31.43708610534668,1.6037836074829102,4,False
434,detail,2,0.9,20,0,29.78538703918457,1.2745208740234375,3,False
434,detail,2,0.8,22,6,30.75835609436035,1.336862564086914,3,False
434,detail,2,0.7,8,8,27.42889404296875,1.86112642288208,2,False
434,detail,2,0.6,26,10,27.992868423461914,2.330462694168091,2,False
434,detail,3,1.0,49,4,31.65724754333496,1.8911256790161133,4,False
434,detail,3,0.9,43,0,28.809389114379883,1.9177989959716797,3,False
434,detail,3,0.8,49,3,28.901975631713867,1.925889492034912,3,False
434,detail,3,0.7,41,2,26.457763671875,2.339128017425537,2,False
434,detail,3,0.6,33,6,25.354610443115234,3.8502211570739746,2,False
435,coarse,1,0.3,66,30,20.13764190673828,,,True
435,coarse,2,0.3,0,4,21.322860717773438,,,True
435,coarse,3,0.3,22,2,21.96329116821289,,,True
435,detail,1,1.0,137,25,31.429433822631836,1.4407601356506348,4,False
435,detail,1,0.9,139,35,30.43572998046875,1.208294153213501,3,False
435,detail,1,0.8,131,52,29.267858505249023,1.002434253692627,3,False
435,detail,1,0.7,131,57,26.361026763916016,1.336883306503296,2,False
435,detail,1,0.6,129,59,23.222084045410156,1.0905349254608154,2,True
435,detail,2,1.0,0,0,31.486019134521484,1.5768866539001465,4,False
435,detail,2,0.9,20,0,29.85899543762207,1.2680754661560059,3,False
435,detail,2,0.8,22,6,30.772144317626953,1.2792699337005615,3,False
435,detail,2,0.7,22,4,27.834400177001953,1.8043451309204102,2,False
435,detail,2,0.6,27,8,25.574481964111328,3.3241238594055176,2,False
435,detail,3,1.0,49,8,32.05605697631836,1.623950481414795,4,False
435,detail,3,0.9,43,0,28.861446380615234,1.8489067554473877,3,False
435,detail,3,0.8,49,3,28.869808197021484,1.7134249210357666,3,False
435,detail,3,0.7,41,2,26.524045944213867,2.1611857414245605,2,False
435,detail,3,0.6,31,6,24.689603805541992,3.7208616733551025,2,False
436,coarse,1,0.3,66,30,20.20932960510254,,,True
436,coarse,2,0.3,0,4,21.36844825744629,,,True
436,coarse,3,0.3,22,2,21.790592193603516,,,True
436,detail,1,1.0,137,25,31.353153228759766,1.4865539073944092,4,False
436,detail,1,0.9,139,35,30.36990737915039,1.3138599395751953,3,False
436,detail,1,0.8,131,52,29.125638961791992,0.9748175144195557,3,False
436,detail,1,0.7,131,57,26.328330993652344,1.3124284744262695,2,False
436,detail,1,0.6,129,59,23.416105270385742,1.1118876934051514,2,True
436,detail,2,1.0,0,0,31.238439559936523,1.635876178741455,4,False
436,detail,2,0.9,20,0,29.76791763305664,1.3021726608276367,3,False
436,detail,2,0.8,22,6,30.60791015625,1.2034533023834229,3,False
436,detail,2,0.7,24,4,27.929882049560547,1.6237809658050537,2,False
436,detail,2,0.6,27,10,27.90349006652832,2.245283365249634,2,False
436,detail,3,1.0,43,0,31.21270751953125,2.0161499977111816,4,False
436,detail,3,0.9,43,0,28.779651641845703,1.9393961429595947,3,False
436,detail,3,0.8,49,3,28.812084197998047,2.0004043579101562,3,False
436,detail,3,0.7,39,0,26.184913635253906,2.6883742809295654,2,False
436,detail,3,0.6,37,6,25.203643798828125,3.553657054901123,2,False
437,coarse,1,0.3,66,30,20.536592483520508,,,True
437,coarse,2,0.3,0,4,21.342073440551758,,,True
437,coarse,3,0.3,22,2,21.769227981567383,,,True
437,detail,1,1.0,137,25,31.58077049255371,1.4481127262115479,4,False
437,detail,1,0.9,139,35,30.689992904663086,1.2808334827423096,3,False
437,detail,1,0.8,131,52,29.323251724243164,1.0825402736663818,3,False
437,detail,1,0.7,129,59,25.924184799194336,1.2255322933197021,2,False
437,detail,1,0.6,129,59,24.016979217529297,1.2752232551574707,2,True
437,detail,2,1.0,0,4,32.920658111572266,1.562901258468628,4,False
437,detail,2,0.9,20,0,30.004865646362305,1.4608075618743896,3,False
437,detail,2,0.8,22,6,30.78533935546875,1.374241828918457,3,False
437,detail,2,0.7,0,10,27.918237686157227,2.2953455448150635,2,False
437,detail,2,0.6,27,10,27.96501350402832,2.29541015625,2,False
437,detail,3,1.0,49,8,32.48792266845703,1.8447997570037842,4,False
437,detail,3,0.9,34,0,29.24798011779785,1.4963274002075195,3,False
437,detail,3,0.8,52,3,29.71422004699707,1.9218459129333496,3,False
437,detail,3,0.7,41,2,26.433650970458984,2.1192750930786133,2,False
437,detail,3,0.6,31,8,25.757986068725586,2.8840737342834473,2,False
438,coarse,1,0.3,68,30,20.60759925842285,,,True
438,coarse,2,0.3,2,4,21.613515853881836,,,True
438,coarse,3,0.3,22,2,22.007099151611328,,,True
438,detail,1,1.0,138,25,31.536518096923828,1.401679277420044,4,False
438,detail,1,0.9,140,35,30.574512481689453,1.1955029964447021,3,False
438,detail,1,0.8,132,52,29.190895080566406,0.929511547088623,3,False
438,detail,1,0.7,134,57,26.576372146606445,1.191920280456543,2,False
438,detail,1,0.6,130,59,23.500885009765625,1.043219804763794,2,True
438,detail,2,1.0,0,0,31.51066017150879,1.6178221702575684,4,False
438,detail,2,0.9,20,0,30.438779830932617,1.4926707744598389,3,False
438,detail,2,0.8,22,6,31.111093521118164,1.3783791065216064,3,False
438,detail,2,0.7,25,4,28.223337173461914,1.7416787147521973,2,False
438,detail,2,0.6,27,10,27.979291915893555,2.3163554668426514,2,False
438,detail,3,1.0,31,0,32.76587677001953,1.4758343696594238,4,False
438,detail,3,0.9,34,0,29.509918212890625,1.570059061050415,3,False
438,detail,3,0.8,43,6,30.140300750732422,1.5883078575134277,3,False
438,detail,3,0.7,31,0,26.548171997070312,2.8569023609161377,2,False
438,detail,3,0.6,31,6,24.59895133972168,3.599168300628662,2,False
439,coarse,1,0.3,68,30,20.6553955078125,,,True
439,coarse,2,0.3,0,4,21.72195816040039,,,True
439,coarse,3,0.3,22,2,22.15367317199707,,,True
439,detail,1,1.0,138,25,31.644559860229492,1.3864235877990723,4,False
439,detail,1,0.9,140,35,30.659452438354492,1.1359152793884277,3,False
439,detail,1,0.8,132,52,29.346357345581055,1.0088434219360352,3,False
439,detail,1,0.7,132,57,26.622913360595703,1.3246545791625977,2,False
439,detail,1,0.6,130,59,23.555997848510742,1.04781174659729,2,True
439,detail,2,1.0,0,0,31.634788513183594,1.6359150409698486,4,False
439,detail,2,0.9,3,3,30.505229949951172,1.5805094242095947,3,False
439,detail,2,0.8,3,12,31.32467269897461,1.465616226196289,3,False
439,detail,2,0.7,0,10,28.396717071533203,2.1327502727508545,2,False
439,detail,2,0.6,0,16,29.019956588745117,2.350632667541504,2,False
439,detail,3,1.0,31,0,32.894309997558594,1.4011149406433105,4,False
439,detail,3,0.9,34,0,29.545040130615234,1.5215699672698975,3,False
439,detail,3,0.8,43,6,30.44576072692871,1.4312951564788818,3,False
439,detail,3,0.7,31,0,26.49196434020996,2.8397722244262695,2,False
439,detail,3,0.6,31,8,25.836849212646484,2.841580390930176,2,False
440,coarse,1,0.3,68,30,20.73153305053711,,,True
440,coarse,2,0.3,2,4,21.974674224853516,,,True
440,coarse,3,0.3,22,2,22.47222328186035,,,True
440,detail,1,1.0,138,25,32.14270782470703,1.4541215896606445,4,False
440,detail,1,0.9,140,35,31.157745361328125,1.2533771991729736,3,False
440,detail,1,0.8,132,52,29.6487979888916,0.8590495586395264,3,False
440,detail,1,0.7,134,57,26.71636390686035,1.1518094539642334,2,False
440,detail,1,0.6,130,59,24.108354568481445,0.9564011096954346,2,True
440,detail,2,1.0,0,0,31.88846778869629,1.596513271331787,4,False
440,detail,2,0.9,3,3,30.795894622802734,1.5299937725067139,3,False
440,detail,2,0.8,18,0,31.60605239868164,1.4805104732513428,3,False
440,detail,2,0.7,10,8,27.914873123168945,2.0321433544158936,2,False
440,detail,2,0.6,14,14,28.993459701538086,2.1440305709838867,2,False
440,detail,3,1.0,31,0,33.31023025512695,1.417945146560669,4,False
440,detail,3,0.9,34,0,29.94754409790039,1.5233650207519531,3,False
440,detail,3,0.8,43,6,30.940940856933594,1.4157299995422363,3,False
440,detail,3,0.7,31,0,26.74718475341797,2.822908878326416,2,False
440,detail,3,0.6,33,6,25.4591064453125,3.482729434967041,2,False
441,coarse,1,0.3,68,30,21.270193099975586,,,True
441,coarse,2,0.3,22,2,23.1401424407959,,,True
441,coarse,3,0.3,2,4,23.188961029052734,,,True
441,detail,1,1.0,138,25,32.67987823486328,1.7102231979370117,4,False
441,detail,1,0.9,140,35,31.559925079345703,1.4714329242706299,3,False
441,detail,1,0.8,132,52,30.27373504638672,1.0170495510101318,3,False
441,detail,1,0.7,130,59,27.04390525817871,1.3096637725830078,2,False
441,detail,1,0.6,130,59,25.06447410583496,1.3814468383789062,2,True
441,detail,2,1.0,43,0,33.09310531616211,1.685643196105957,4,False
441,detail,2,0.9,34,0,30.50424575805664,1.7666444778442383,3,False
441,detail,2,0.8,46,6,30.763132095336914,1.7335631847381592,3,False
441,detail,2,0.7,31,0,27.44157600402832,3.028534173965454,2,False
441,detail,2,0.6,31,6,25.850786209106445,3.8162755966186523,2,False
441,detail,3,1.0,4,0,32.67862319946289,1.8673501014709473,4,False
441,detail,3,0.9,12,3,31.52281951904297,1.6186881065368652,3,False
441,detail,3,0.8,18,0,32.31523132324219,1.5318996906280518,3,False
441,detail,3,0.7,10,8,28.567996978759766,2.1493754386901855,2,False
441,detail,3,0.6,10,16,30.47792625427246,2.1444828510284424,2,False
442,coarse,1,0.3,68,30,21.241605758666992,,,True
442,coarse,2,0.3,2,4,22.50235939025879,,,True
442,coarse,3,0.3,22,2,22.690202713012695,,,True
442,detail,1,1.0,138,25,32.95061492919922,1.5189697742462158,4,False
442,detail,1,0.9,140,35,31.847768783569336,1.3509337902069092,3,False
442,detail,1,0.8,135,52,30.21278953552246,0.9884440898895264,3,False
442,detail,1,0.7,134,57,27.229887008666992,1.3419015407562256,2,False
442,detail,1,0.6,132,59,23.867868423461914,1.1348769664764404,2,True
442,detail,2,1.0,4,4,33.98361587524414,1.499901533126831,4,False
442,detail,2,0.9,9,3,31.310850143432617,1.4479589462280273,3,False
442,detail,2,0.8,3,12,32.138587951660156,1.56943941116333,3,False
442,detail,2,0.7,24,6,29.783254623413086,1.4917140007019043,2,False
442,detail,2,0.6,12,16,30.21977996826172,1.6575887203216553,2,False
442,detail,3,1.0,43,0,32.892459869384766,1.4681360721588135,4,False
442,detail,3,0.9,34,0,30.21831512451172,1.7383582592010498,3,False
442,detail,3,0.8,34,3,31.090349197387695,1.8749098777770996,3,False
442,detail,3,0.7,41,0,27.2146053314209,2.3607215881347656,2,False
442,detail,3,0.6,31,8,26.579965591430664,2.9765679836273193,2,False
443,coarse,1,0.3,68,30,20.904071807861328,,,True
443,coarse,2,0.3,2,4,22.495512008666992,,,True
443,coarse,3,0.3,24,34,22.798049926757812,,,True
443,detail,1,1.0,138,25,33.080238342285156,1.5022408962249756,4,False
443,detail,1,0.9,140,35,31.765043258666992,1.2840280532836914,3,False
443,detail,1,0.8,135,52,29.8798885345459,0.9432260990142822,3,False
443,detail,1,0.7,136,57,27.028236389160156,1.167140007019043,2,False
443,detail,1,0.6,132,59,24.1549129486084,1.1468276977539062,2,True
443,detail,2,1.0,4,0,32.3728141784668,1.7702596187591553,4,False
443,detail,2,0.9,12,3,31.315753936767578,1.55806565284729,3,False
443,detail,2,0.8,18,0,31.96576690673828,1.5616896152496338,3,False
443,detail,2,0.7,12,8,28.552284240722656,2.0555214881896973,2,False
443,detail,2,0.6,16,14,29.777908325195312,2.1239418983459473,2,False
443,detail,3,1.0,51,33,32.794925689697266,1.6401598453521729,4,False
443,detail,3,0.9,50,41,32.724021911621094,1.284294605255127,3,False
443,detail,3,0.8,56,17,32.45139694213867,1.8977382183074951,3,False
443,detail,3,0.7,35,59,31.318239212036133,1.1695196628570557,2,False
443,detail,3,0.6,53,47,30.274991989135742,1.050684928894043,2,False
444,coarse,1,0.3,68,30,20.560827255249023,,,True
444,coarse,2,0.3,0,4,21.81345558166504,,,True
444,coarse,3,0.3,24,34,22.148313522338867,,,True
444,detail,1,1.0,132,29,32.89902877807617,1.6309571266174316,4,False
444,detail,1,0.9,140,35,31.466541290283203,1.352062702178955,3,False
444,detail,1,0.8,142,44,29.590652465820312,0.7481677532196045,3,False
444,detail,1,0.7,132,59,26.040372848510742,1.1384012699127197,2,False
444,detail,1,0.6,132,59,24.076038360595703,1.175191879272461,2,True
444,detail,2,1.0,18,0,34.17454528808594,1.5435481071472168,4,False
444,detail,2,0.9,6,3,30.900081634521484,1.6089446544647217,3,False
444,detail,2,0.8,18,0,31.04153060913086,1.8000390529632568,3,False
444,detail,2,0.7,12,8,27.569602966308594,2.1801340579986572,2,False
444,detail,2,0.6,26,12,29.811857223510742,1.7707369327545166,2,False
444,detail,3,1.0,51,33,31.96968650817871,1.590027093887329,4,False
444,detail,3,0.9,50,35,32.437767028808594,1.3795671463012695,3,False
444,detail,3,0.8,57,17,31.978134155273438,1.9363734722137451,3,False
444,detail,3,0.7,35,61,28.388065338134766,1.1184098720550537,2,False
444,detail,3,0.6,43,61,29.637184143066406,1.1004784107208252,2,False
445,coarse,1,0.3,68,30,20.65736198425293,,,True
445,coarse,2,0.3,24,2,21.980911254882812,,,True
445,coarse,3,0.3,2,4,22.00306510925293,,,True
445,detail,1,1.0,132,29,32.94379425048828,1.6583569049835205,4,False
445,detail,1,0.9,140,35,31.592763900756836,1.1895480155944824,3,False
445,detail,1,0.8,142,44,29.664714813232422,0.6866562366485596,3,False
445,detail,1,0.7,134,59,25.023468017578125,1.2141637802124023,2,False
445,detail,1,0.6,136,59,22.31580924987793,1.402158498764038,2,True
445,detail,2,1.0,53,4,31.988994598388672,2.083975315093994,4,False
445,detail,2,0.9,35,0,29.64583396911621,1.6893608570098877,3,False
445,detail,2,0.8,53,3,29.100799560546875,2.2266948223114014,3,False
445,detail,2,0.7,45,2,26.637222290039062,2.1427650451660156,2,False
445,detail,2,0.6,43,8,26.275676727294922,2.552795886993408,2,False
445,detail,3,1.0,4,0,32.19011688232422,1.6883125305175781,4,False
445,detail,3,0.9,6,3,31.087003707885742,1.6457054615020752,3,False
445,detail,3,0.8,21,0,31.926746368408203,1.3888418674468994,3,False
445,detail,3,0.7,12,8,27.55644989013672,2.13493013381958,2,False
445,detail,3,0.6,27,10,28.082660675048828,2.2564446926116943,2,False
446,coarse,1,0.3,68,30,20.58074378967285,,,True
446,coarse,2,0.3,2,4,21.569135665893555,,,True
446,coarse,3,0.3,24,2,21.680801391601562,,,True
446,detail,1,1.0,132,29,32.890403747558594,1.6177716255187988,4,False
446,detail,1,0.9,140,38,31.562116622924805,1.081716537475586,3,False
446,detail,1,0.8,141,44,29.84762954711914,0.6083052158355713,3,False
446,detail,1,0.7,134,59,25.096797943115234,1.1828603744506836,2,False
446,detail,1,0.6,136,59,22.21660614013672,1.2949268817901611,2,True
446,detail,2,1.0,8,12,34.79853057861328,1.4031338691711426,4,False
446,detail,2,0.9,6,3,30.879520416259766,1.647981882095337,3,False
446,detail,2,0.8,21,0,31.439983367919922,1.550450086593628,3,False
446,detail,2,0.7,2,10,28.25429916381836,2.249785900115967,2,False
446,detail,2,0.6,26,12,29.510066986083984,1.5890650749206543,2,False
446,detail,3,1.0,35,0,32.729427337646484,1.5720288753509521,4,False
446,detail,3,0.9,35,0,29.478206634521484,1.6724722385406494,3,False
446,detail,3,0.8,56,3,29.514968872070312,2.218222141265869,3,False
446,detail,3,0.7,47,2,26.536020278930664,2.3803491592407227,2,False
446,detail,3,0.6,35,6,24.726293563842773,3.6589176654815674,2,False
447,coarse,1,0.3,70,30,20.423511505126953,,,True
447,coarse,2,0.3,2,4,21.581058502197266,,,True
447,coarse,3,0.3,24,2,21.70357894897461,,,True
447,detail,1,1.0,132,29,32.92127227783203,1.5837976932525635,4,False
447,detail,1,0.9,140,38,31.618389129638672,1.0868117809295654,3,False
447,detail,1,0.8,138,52,29.79349136352539,0.9161112308502197,3,False
447,detail,1,0.7,134,59,25.694032669067383,1.2339372634887695,2,False
447,detail,1,0.6,138,59,22.038190841674805,1.2677905559539795,2,True
447,detail,2,1.0,0,12,34.503231048583984,1.3990931510925293,4,False
447,detail,2,0.9,9,6,32.052268981933594,1.7240054607391357,3,False
447,detail,2,0.8,3,12,32.10013198852539,1.5740976333618164,3,False
447,detail,2,0.7,4,10,28.222688674926758,2.1773343086242676,2,False
447,detail,2,0.6,27,12,29.556320190429688,1.7914035320281982,2,False
447,detail,3,1.0,53,8,32.531822204589844,1.9780776500701904,4,False
447,detail,3,0.9,47,0,29.595441818237305,1.8345327377319336,3,False
447,detail,3,0.8,56,3,29.239118576049805,2.2681355476379395,3,False
447,detail,3,0.7,35,0,26.568092346191406,2.91511869430542,2,False
447,detail,3,0.6,35,6,24.71466064453125,3.3931326866149902,2,False
448,coarse,1,0.3,70,30,20.520360946655273,,,True
448,coarse,2,0.3,2,4,21.51076889038086,,,True
448,coarse,3,0.3,24,2,21.81272315979004,,,True
448,detail,1,1.0,132,29,33.11254119873047,1.6145906448364258,4,False
448,detail,1,0.9,140,44,31.832141876220703,0.8081769943237305,3,False
448,detail,1,0.8,138,52,29.885873794555664,0.919959545135498,3,False
448,detail,1,0.7,134,59,26.398996353149414,1.2120821475982666,2,False
448,detail,1,0.6,138,59,22.419593811035156,1.1907989978790283,2,True
448,detail,2,1.0,0,0,31.254405975341797,1.4124648571014404,4,False
448,detail,2,0.9,6,3,30.980892181396484,1.2545390129089355,3,False
448,detail,2,0.8,0,3,28.835107803344727,1.7234013080596924,3,False
448,detail,2,0.7,4,10,28.09551239013672,1.9964094161987305,2,False
448,detail,2,0.6,14,16,29.759817123413086,1.7956223487854004,2,False
448,detail,3,1.0,47,0,32.091957092285156,2.0570640563964844,4,False
448,detail,3,0.9,38,0,29.712936401367188,1.533517599105835,3,False
448,detail,3,0.8,57,3,29.234365463256836,2.3533291816711426,3,False
448,detail,3,0.7,35,0,26.392696380615234,3.0797507762908936,2,False
448,detail,3,0.6,35,6,24.508447647094727,3.5050299167633057,2,False
449,coarse,1,0.3,70,30,20.339675903320312,,,True
449,coarse,2,0.3,2,4,20.90911293029785,,,True
449,coarse,3,0.3,24,2,21.592866897583008,,,True
449,detail,1,1.0,132,29,33.00886917114258,1.6342623233795166,4,False
449,detail,1,0.9,140,44,31.771312713623047,0.8466179370880127,3,False
449,detail,1,0.8,138,52,29.781726837158203,0.853905439376831,3,False
449,detail,1,0.7,136,59,25.2963924407959,1.1339337825775146,2,False
449,detail,1,0.6,138,59,22.268369674682617,1.1632745265960693,2,True
449,detail,2,1.0,0,0,31.086721420288086,1.6123106479644775,4,False
449,detail,2,0.9,9,3,30.7005615234375,1.5034408569335938,3,False
449,detail,2,0.8,0,3,28.390701293945312,1.8814888000488281,3,False
449,detail,2,0.7,16,8,27.3621883392334,1.8826394081115723,2,False
449,detail,2,0.6,20,14,28.615447998046875,1.9047574996948242,2,False
449,detail,3,1.0,47,0,31.994592666625977,2.025076150894165,4,False
449,detail,3,0.9,50,0,28.795326232910156,2.1674485206604004,3,False
449,detail,3,0.8,57,3,28.804393768310547,2.4899725914001465,3,False
449,detail,3,0.7,35,0,25.929288864135742,3.1512880325317383,2,False
449,detail,3,0.6,35,6,24.199935913085938,3.555703639984131,2,False
450,coarse,1,0.3,70,30,20.38652992248535,,,True
450,coarse,2,0.3,2,4,21.296289443969727,,,True
450,coarse,3,0.3,26,2,21.596529006958008,,,True
450,detail,1,1.0,136,29,33.11808395385742,1.4497787952423096,4,False
450,detail,1,0.9,140,44,31.833354949951172,1.0514392852783203,3,False
450,detail,1,0.8,141,52,29.88530158996582,0.90975022315979,3,False
450,detail,1,0.7,138,59,24.8574275970459,1.1964161396026611,2,False
450,detail,1,0.6,140,59,22.28160858154297,1.4036262035369873,2,True
450,detail,2,1.0,0,0,31.26288604736328,1.493340015411377,4,False
450,detail,2,0.9,9,3,30.83891487121582,1.3916552066802979,3,False
450,detail,2,0.8,0,3,28.441726684570312,1.8081371784210205,3,False
450,detail,2,0.7,4,10,28.033859252929688,2.0319628715515137,2,False
450,detail,2,0.6,22,14,29.229902267456055,1.7396509647369385,2,False
450,detail,3,1.0,57,8,31.38912010192871,1.9869067668914795,4,False
450,detail,3,0.9,39,0,29.467220306396484,1.605783224105835,3,False
450,detail,3,0.8,51,6,29.62257957458496,1.9833760261535645,3,False
450,detail,3,0.7,45,0,26.259532928466797,2.6677181720733643,2,False
450,detail,3,0.6,39,6,24.656476974487305,3.263195753097534,2,False
451,coarse,1,0.3,70,30,20.494976043701172,,,True
451,coarse,2,0.3,4,4,20.857070922851562,,,True
451,coarse,3,0.3,24,2,21.548702239990234,,,True
451,detail,1,1.0,136,29,32.76913833618164,1.5067076683044434,4,False
451,detail,1,0.9,135,35,31.647069931030273,1.6087265014648438,3,False
451,detail,1,0.8,141,52,29.755739212036133,0.874859094619751,3,False
451,detail,1,0.7,138,59,25.015764236450195,1.1794838905334473,2,False
451,detail,1,0.6,140,59,22.418790817260742,1.3415827751159668,2,True
451,detail,2,1.0,8,4,33.41341781616211,1.5020101070404053,4,False
451,detail,2,0.9,15,3,30.772464752197266,1.6385157108306885,3,False
451,detail,2,0.8,0,3,27.935075759887695,1.953028917312622,3,False
451,detail,2,0.7,2,10,27.898571014404297,2.20219349861145,2,False
451,detail,2,0.6,16,16,29.01629066467285,2.0854883193969727,2,False
451,detail,3,1.0,47,0,32.44409942626953,2.162281036376953,4,False
451,detail,3,0.9,50,0,28.863067626953125,2.2171618938446045,3,False
451,detail,3,0.8,53,6,29.423006057739258,2.5241923332214355,3,False
451,detail,3,0.7,35,0,25.40604591369629,3.019056797027588,2,False
451,detail,3,0.6,37,6,23.76080322265625,3.205350875854492,2,False
452,coarse,1,0.3,72,30,20.612916946411133,,,True
452,coarse,2,0.3,4,4,20.714824676513672,,,True
452,coarse,3,0.3,26,2,21.09648895263672,,,True
452,detail,1,1.0,136,29,32.8917350769043,1.552476167678833,4,False
452,detail,1,0.9,135,35,31.82563591003418,1.6704206466674805,3,False
452,detail,1,0.8,141,52,29.82352638244629,1.012467622756958,3,False
452,detail,1,0.7,140,59,24.65296173095703,1.2393383979797363,2,False
452,detail,1,0.6,142,59,22.375516891479492,1.443955421447754,2,True
452,detail,2,1.0,4,0,31.040536880493164,1.6602051258087158,4,False
452,detail,2,0.9,9,3,30.448787689208984,1.4896059036254883,3,False
452,detail,2,0.8,12,0,26.816848754882812,2.0981857776641846,3,False
452,detail,2,0.7,14,8,26.512475967407227,2.1282312870025635,2,False
452,detail,2,0.6,22,14,28.068431854248047,1.8274564743041992,2,False
452,detail,3,1.0,51,0,31.064800262451172,2.2730655670166016,4,False
452,detail,3,0.9,54,0,28.743417739868164,2.525975465774536,3,False
452,detail,3,0.8,57,3,28.631826400756836,2.551884174346924,3,False
452,detail,3,0.7,45,0,25.788522720336914,2.7156965732574463,2,False
452,detail,3,0.6,39,6,23.775300979614258,3.2985947132110596,2,False
453,coarse,1,0.3,4,4,20.585651397705078,,,True
453,coarse,2,0.3,72,30,20.58782196044922,,,True
453,coarse,3,0.3,26,2,20.971296310424805,,,True
453,detail,1,1.0,8,0,31.240385055541992,1.5413899421691895,4,False
453,detail,1,0.9,18,3,30.336462020874023,1.4614107608795166,3,False
453,detail,1,0.8,15,0,27.021411895751953,2.0799357891082764,3,False
453,detail,1,0.7,16,8,26.241212844848633,2.0848283767700195,2,False
453,detail,1,0.6,24,14,28.193891525268555,1.8248236179351807,2,False
453,detail,2,1.0,136,29,32.84003448486328,1.7308776378631592,4,False
453,detail,2,0.9,135,35,31.89704704284668,1.8418798446655273,3,False
453,detail,2,0.8,141,52,29.894254684448242,1.1527667045593262,3,False
453,detail,2,0.7,140,59,24.735794067382812,1.1868929862976074,2,False
453,detail,2,0.6,142,59,22.431793212890625,1.4039192199707031,2,True
453,detail,3,1.0,57,0,31.005870819091797,2.369635581970215,4,False
453,detail,3,0.9,54,0,28.442895889282227,2.41206431388855,3,False
453,detail,3,0.8,57,3,28.44362449645996,2.5062053203582764,3,False
453,detail,3,0.7,47,0,25.564538955688477,2.6339914798736572,2,False
453,detail,3,0.6,39,6,23.56391143798828,3.203859329223633,2,False
454,coarse,1,0.3,4,4,20.553821563720703,,,True
454,coarse,2,0.3,72,30,20.614757537841797,,,True
454,coarse,3,0.3,26,2,20.98211097717285,,,True
454,detail,1,1.0,4,0,30.854503631591797,1.5840444564819336,4,False
454,detail,1,0.9,18,3,30.40869903564453,1.5518929958343506,3,False
454,detail,1,0.8,15,0,26.96488380432129,2.0788846015930176,3,False
454,detail,1,0.7,16,8,26.352222442626953,2.1203455924987793,2,False
454,detail,1,0.6,24,14,28.037073135375977,1.8883121013641357,2,False
454,detail,2,1.0,136,29,32.750797271728516,1.7215180397033691,4,False
454,detail,2,0.9,140,44,32.04986572265625,1.105041265487671,3,False
454,detail,2,0.8,141,52,29.942161560058594,1.1021337509155273,3,False
454,detail,2,0.7,138,59,26.139902114868164,1.0896384716033936,2,False
454,detail,2,0.6,142,59,22.662593841552734,1.3297080993652344,2,True
454,detail,3,1.0,57,0,31.0548095703125,2.4478518962860107,4,False
454,detail,3,0.9,54,0,28.336761474609375,2.379323720932007,3,False
454,detail,3,0.8,57,3,28.547428131103516,2.5975089073181152,3,False
454,detail,3,0.7,39,0,25.357463836669922,2.8728036880493164,2,False
454,detail,3,0.6,39,6,23.416160583496094,3.3380308151245117,2,False
455,coarse,1,0.3,72,30,20.686555862426758,,,True
455,coarse,2,0.3,4,4,20.74163055419922,,,True
455,coarse,3,0.3,26,2,21.294925689697266,,,True
455,detail,1,1.0,136,29,32.80819320678711,1.6218726634979248,4,False
455,detail,1,0.9,138,35,32.09381103515625,1.5331037044525146,3,False
455,detail,1,0.8,142,52,29.984514236450195,0.7569186687469482,3,False
455,detail,1,0.7,138,59,26.576120376586914,1.0189881324768066,2,False
455,detail,1,0.6,140,59,23.374513626098633,0.9277434349060059,2,True
455,detail,2,1.0,4,0,31.01122283935547,1.6409943103790283,4,False
455,detail,2,0.9,18,3,30.590211868286133,1.6231865882873535,3,False
455,detail,2,0.8,0,3,27.67067527770996,1.5806937217712402,3,False
455,detail,2,0.7,18,8,26.632890701293945,2.0952627658843994,2,False
455,detail,2,0.6,24,14,28.009958267211914,2.1066744327545166,2,False
455,detail,3,1.0,51,0,31.534372329711914,2.1079795360565186,4,False
455,detail,3,0.9,54,0,28.718793869018555,2.309180736541748,3,False
455,detail,3,0.8,57,3,28.956684112548828,2.4397058486938477,3,False
455,detail,3,0.7,39,0,25.67285919189453,2.959977865219116,2,False
455,detail,3,0.6,39,6,23.846080780029297,3.508913993835449,2,False
456,coarse,1,0.3,72,30,20.796052932739258,,,True
456,coarse,2,0.3,4,4,21.399438858032227,,,True
456,coarse,3,0.3,26,2,21.783769607543945,,,True
456,detail,1,1.0,138,29,33.01966094970703,1.545959711074829,4,False
456,detail,1,0.9,138,35,32.1880989074707,1.623551607131958,3,False
456,detail,1,0.8,142,52,29.987796783447266,0.8656189441680908,3,False
456,detail,1,0.7,138,59,27.10082244873047,1.150745153427124,2,False
456,detail,1,0.6,140,59,23.96175193786621,1.0401146411895752,2,True
456,detail,2,1.0,4,0,31.363019943237305,1.5607635974884033,4,False
456,detail,2,0.9,20,3,31.071924209594727,1.7398245334625244,3,False
456,detail,2,0.8,0,3,28.102222442626953,1.6028962135314941,3,False
456,detail,2,0.7,18,8,27.32698631286621,2.1659841537475586,2,False
456,detail,2,0.6,18,16,29.771587371826172,2.190854072570801,2,False
456,detail,3,1.0,51,0,32.27207565307617,2.066678285598755,4,False
456,detail,3,0.9,54,0,29.13718605041504,2.2049560546875,3,False
456,detail,3,0.8,54,6,30.05145835876465,2.040167808532715,3,False
456,detail,3,0.7,39,2,26.518142700195312,2.339141607284546,2,False
456,detail,3,0.6,39,8,25.471797943115234,2.891083240509033,2,False
457,coarse,1,0.3,72,30,20.704408645629883,,,True
457,coarse,2,0.3,4,4,22.20338249206543,,,True
457,coarse,3,0.3,26,2,22.687211990356445,,,True
457,detail,1,1.0,138,29,33.23854064941406,1.517737627029419,4,False
457,detail,1,0.9,138,35,32.31393814086914,1.6214427947998047,3,False
457,detail,1,0.8,142,52,30.13654899597168,1.194110631942749,3,False
457,detail,1,0.7,138,59,27.672557830810547,1.408370018005371,2,False
457,detail,1,0.6,140,59,24.304973602294922,1.1155118942260742,2,True
457,detail,2,1.0,4,0,31.636926651000977,1.5145082473754883,4,False
457,detail,2,0.9,20,3,31.383880615234375,1.4942858219146729,3,False
457,detail,2,0.8,0,0,27.409852981567383,2.412973165512085,3,False
457,detail,2,0.7,0,8,27.42209243774414,2.7247917652130127,2,False
457,detail,2,0.6,20,14,28.47481918334961,2.2356419563293457,2,False
457,detail,3,1.0,55,0,31.863576889038086,2.2231578826904297,4,False
457,detail,3,0.9,54,0,29.631610870361328,2.0579025745391846,3,False
457,detail,3,0.8,60,3,29.640392303466797,2.1810343265533447,3,False
457,detail,3,0.7,55,0,26.8109073638916,3.259875535964966,2,False
457,detail,3,0.6,55,6,25.23046875,3.951547384262085,2,False
458,coarse,1,0.3,72,30,20.637733459472656,,,True
458,coarse,2,0.3,4,4,22.032146453857422,,,True
458,coarse,3,0.3,28,2,22.50448989868164,,,True
458,detail,1,1.0,138,29,33.05854797363281,1.5540149211883545,4,False
458,detail,1,0.9,138,35,32.20591735839844,1.6558756828308105,3,False
458,detail,1,0.8,142,52,30.00765609741211,1.2183125019073486,3,False
458,detail,1,0.7,140,59,26.312538146972656,1.0872187614440918,2,False
458,detail,1,0.6,142,59,23.308218002319336,1.2565021514892578,2,True
458,detail,2,1.0,4,0,31.599102020263672,1.6058001518249512,4,False
458,detail,2,0.9,20,3,31.26423454284668,1.5599377155303955,3,False
458,detail,2,0.8,0,0,27.495851516723633,2.5273354053497314,3,False
458,detail,2,0.7,2,8,27.314306259155273,2.7465713024139404,2,False
458,detail,2,0.6,8,16,29.467588424682617,2.350013017654419,2,False
458,detail,3,1.0,55,0,31.61372184753418,2.3582184314727783,4,False
458,detail,3,0.9,55,0,29.3802490234375,2.2128231525421143,3,False
458,detail,3,0.8,61,3,29.49325180053711,2.459878444671631,3,False
458,detail,3,0.7,53,0,26.786802291870117,3.254652500152588,2,False
458,detail,3,0.6,53,8,26.290536880493164,3.0693018436431885,2,False
459,coarse,1,0.3,72,30,20.46021842956543,,,True
459,coarse,2,0.3,4,4,21.89672088623047,,,True
459,coarse,3,0.3,28,2,22.525196075439453,,,True
459,detail,1,1.0,138,29,32.94062805175781,1.6318774223327637,4,False
459,detail,1,0.9,140,35,32.15137481689453,1.5543882846832275,3,False
459,detail,1,0.8,142,52,29.838539123535156,1.3181684017181396,3,False
459,detail,1,0.7,140,59,26.506072998046875,1.2125532627105713,2,False
459,detail,1,0.6,142,59,23.334524154663086,1.296971082687378,2,True
459,detail,2,1.0,8,0,31.50532341003418,1.5978496074676514,4,False
459,detail,2,0.9,12,3,31.38870620727539,1.4283437728881836,3,False
459,detail,2,0.8,0,0,27.437488555908203,2.5847268104553223,3,False
459,detail,2,0.7,2,8,27.09325408935547,2.8314411640167236,2,False
459,detail,2,0.6,8,16,29.258766174316406,2.5331904888153076,2,False
459,detail,3,1.0,55,0,31.49254608154297,2.2822763919830322,4,False
459,detail,3,0.9,55,0,29.308433532714844,2.1118483543395996,3,False
459,detail,3,0.8,61,3,29.35660743713379,2.3711845874786377,3,False
459,detail,3,0.7,57,0,26.615585327148438,3.2956018447875977,2,False
459,detail,3,0.6,59,6,25.521095275878906,3.687556505203247,2,False
460,coarse,1,0.3,73,30,20.334157943725586,,,True
460,coarse,2,0.3,4,4,21.647106170654297,,,True
460,coarse,3,0.3,28,2,22.235631942749023,,,True
460,detail,1,1.0,138,29,32.805782318115234,1.6593947410583496,4,False
460,detail,1,0.9,140,35,31.78471565246582,1.6882703304290771,3,False
460,detail,1,0.8,142,52,29.847013473510742,1.1525790691375732,3,False
460,detail,1,0.7,140,59,26.73871421813965,1.3762526512145996,2,False
460,detail,1,0.6,144,59,22.904531478881836,1.5263941287994385,2,True
460,detail,2,1.0,8,0,31.22867202758789,1.7441279888153076,4,False
460,detail,2,0.9,15,3,31.126319885253906,1.5455811023712158,3,False
460,detail,2,0.8,3,0,26.648069381713867,2.5245261192321777,3,False
460,detail,2,0.7,6,8,26.565853118896484,2.7312426567077637,2,False
460,detail,2,0.6,12,16,28.821638107299805,2.418394088745117,2,False
460,detail,3,1.0,55,0,31.408611297607422,2.1372249126434326,4,False
460,detail,3,0.9,58,0,29.160303115844727,2.222198724746704,3,False
460,detail,3,0.8,61,3,29.147476196289062,2.2208731174468994,3,False
460,detail,3,0.7,57,2,26.960453033447266,2.6043102741241455,2,False
460,detail,3,0.6,43,8,25.76340103149414,3.000633955001831,2,False
461,coarse,1,0.3,73,30,20.108558654785156,,,True
461,coarse,2,0.3,4,4,21.48431396484375,,,True
461,coarse,3,0.3,28,2,21.921804428100586,,,True
461,detail,1,1.0,138,29,33.055419921875,1.7092924118041992,4,False
461,detail,1,0.9,140,35,31.851776123046875,1.76065993309021,3,False
461,detail,1,0.8,142,52,29.713184356689453,1.1148631572723389,3,False
461,detail,1,0.7,142,59,25.312467575073242,1.231269121170044,2,False
461,detail,1,0.6,144,59,22.97165298461914,1.5138428211212158,2,True
461,detail,2,1.0,8,0,30.933835983276367,1.6072485446929932,4,False
461,detail,2,0.9,15,3,30.80191421508789,1.4379184246063232,3,False
461,detail,2,0.8,3,0,26.377302169799805,2.369481325149536,3,False
461,detail,2,0.7,4,8,26.39716339111328,2.5926589965820312,2,False
461,detail,2,0.6,0,16,28.436613082885742,2.339427947998047,2,False
461,detail,3,1.0,55,0,31.35371971130371,2.153262138366699,4,False
461,detail,3,0.9,58,0,28.993206024169922,2.2959063053131104,3,False
461,detail,3,0.8,61,3,29.047773361206055,2.243117570877075,3,False
461,detail,3,0.7,57,0,25.910608291625977,3.1257872581481934,2,False
461,detail,3,0.6,43,6,24.702796936035156,3.6320559978485107,2,False
462,coarse,1,0.3,73,30,20.09111213684082,,,True
462,coarse,2,0.3,4,4,21.82097816467285,,,True
462,coarse,3,0.3,28,2,22.158367156982422,,,True
462,detail,1,1.0,138,29,33.21723175048828,1.6484198570251465,4,False
462,detail,1,0.9,140,35,31.860279083251953,1.737929105758667,3,False
462,detail,1,0.8,142,52,29.928409576416016,1.2041027545928955,3,False
462,detail,1,0.7,142,59,25.678871154785156,1.2208633422851562,2,False
462,detail,1,0.6,146,59,23.008880615234375,1.7212042808532715,2,True
462,detail,2,1.0,8,0,31.008941650390625,1.5751593112945557,4,False
462,detail,2,0.9,15,3,31.006088256835938,1.3039019107818604,3,False
462,detail,2,0.8,9,0,26.332504272460938,2.377392292022705,3,False
462,detail,2,0.7,10,8,26.470314025878906,2.4246630668640137,2,False
462,detail,2,0.6,14,16,28.609895706176758,2.161825180053711,2,False
462,detail,3,1.0,55,0,31.66878890991211,1.9894676208496094,4,False
462,detail,3,0.9,58,0,29.22846031188965,2.0664443969726562,3,False
462,detail,3,0.8,61,3,29.5274715423584,2.0810892581939697,3,False
462,detail,3,0.7,55,2,26.827905654907227,2.5519590377807617,2,False
462,detail,3,0.6,43,8,25.54979705810547,3.2272257804870605,2,False
463,coarse,1,0.3,73,30,20.060510635375977,,,True
463,coarse,2,0.3,4,4,21.586170196533203,,,True
463,coarse,3,0.3,28,2,22.064302444458008,,,True
463,detail,1,1.0,132,33,33.23329544067383,1.8128173351287842,4,False
463,detail,1,0.9,140,35,31.81875228881836,1.7401211261749268,3,False
463,detail,1,0.8,142,52,30.06361198425293,1.201319694519043,3,False
463,detail,1,0.7,142,59,25.89640235900879,1.1811785697937012,2,False
463,detail,1,0.6,144,59,23.13795280456543,1.3237440586090088,2,True
463,detail,2,1.0,8,0,30.778963088989258,1.722900390625,4,False
463,detail,2,0.9,15,3,30.8433837890625,1.438188076019287,3,False
463,detail,2,0.8,9,0,26.10622215270996,2.5476510524749756,3,False
463,detail,2,0.7,8,8,26.253246307373047,2.613626718521118,2,False
463,detail,2,0.6,14,16,28.493885040283203,2.398944854736328,2,False
463,detail,3,1.0,55,0,31.67678451538086,1.9042701721191406,4,False
463,detail,3,0.9,58,0,29.108333587646484,1.9068396091461182,3,False
463,detail,3,0.8,64,3,29.439783096313477,1.8271574974060059,3,False
463,detail,3,0.7,53,0,26.330482482910156,3.124471426010132,2,False
463,detail,3,0.6,55,8,25.65740966796875,2.9124276638031006,2,False
464,coarse,1,0.3,73,30,19.981433868408203,,,True
464,coarse,2,0.3,6,4,21.46335792541504,,,True
464,coarse,3,0.3,28,2,21.79818344116211,,,True
464,detail,1,1.0,132,33,33.11167526245117,1.7847697734832764,4,False
464,detail,1,0.9,140,35,31.814298629760742,1.7664170265197754,3,False
464,detail,1,0.8,142,52,30.123825073242188,1.2941830158233643,3,False
464,detail,1,0.7,142,59,26.13322639465332,1.2473044395446777,2,False
464,detail,1,0.6,144,59,23.058557510375977,1.2156891822814941,2,True
464,detail,2,1.0,8,0,30.656108856201172,1.6632535457611084,4,False
464,detail,2,0.9,15,3,30.587629318237305,1.437251091003418,3,False
464,detail,2,0.8,6,0,26.0157413482666,2.4466047286987305,3,False
464,detail,2,0.7,6,8,26.27796173095703,2.5939602851867676,2,False
464,detail,2,0.6,14,16,28.244375228881836,2.377192497253418,2,False
464,detail,3,1.0,59,0,31.551115036010742,2.1656699180603027,4,False
464,detail,3,0.9,58,0,28.911243438720703,2.021714925765991,3,False
464,detail,3,0.8,64,3,29.25965118408203,2.0816829204559326,3,False
464,detail,3,0.7,57,0,25.98023796081543,3.153407573699951,2,False
464,detail,3,0.6,61,6,24.98811149597168,3.5665183067321777,2,False
465,coarse,1,0.3,73,30,19.80855941772461,,,True
465,coarse,2,0.3,6,4,20.95591926574707,,,True
465,coarse,3,0.3,28,2,21.50162696838379,,,True
465,detail,1,1.0,132,33,32.75700378417969,1.9491016864776611,4,False
465,detail,1,0.9,120,35,31.476924896240234,1.8855032920837402,3,False
465,detail,1,0.8,142,52,30.196430206298828,1.4277138710021973,3,False
465,detail,1,0.7,142,59,26.42292022705078,1.4109141826629639,2,False
465,detail,1,0.6,146,59,22.531213760375977,1.414719820022583,2,True
465,detail,2,1.0,8,0,30.17835235595703,1.6512575149536133,4,False
465,detail,2,0.9,15,3,30.122344970703125,1.4993021488189697,3,False
465,detail,2,0.8,6,0,25.436687469482422,2.3935511112213135,3,False
465,detail,2,0.7,14,10,27.123046875,2.2618587017059326,2,False
465,detail,2,0.6,14,16,27.69610023498535,2.422908067703247,2,False
465,detail,3,1.0,59,0,31.005126953125,2.0884149074554443,4,False
465,detail,3,0.9,58,0,28.479516983032227,1.9075088500976562,3,False
465,detail,3,0.8,64,3,28.787973403930664,2.0168557167053223,3,False
465,detail,3,0.7,43,2,25.62110710144043,2.383849859237671,2,False
465,detail,3,0.6,47,8,24.802818298339844,2.815307378768921,2,False
466,coarse,1,0.3,73,30,19.508834838867188,,,True
466,coarse,2,0.3,6,4,20.671703338623047,,,True
466,coarse,3,0.3,30,2,21.261051177978516,,,True
466,detail,1,1.0,132,33,32.615596771240234,1.9229931831359863,4,False
466,detail,1,0.9,120,35,31.263418197631836,1.7859101295471191,3,False
466,detail,1,0.8,142,52,30.22784996032715,1.3071322441101074,3,False
466,detail,1,0.7,142,59,26.45445442199707,1.3737235069274902,2,False
466,detail,1,0.6,146,59,22.28746795654297,1.5267863273620605,2,True
466,detail,2,1.0,8,0,30.056560516357422,1.6207587718963623,4,False
466,detail,2,0.9,15,3,30.02094841003418,1.4751031398773193,3,False
466,detail,2,0.8,3,3,26.598905563354492,1.6560659408569336,3,False
466,detail,2,0.7,14,10,26.776887893676758,2.2378017902374268,2,False
466,detail,2,0.6,0,16,27.743581771850586,2.3976261615753174,2,False
466,detail,3,1.0,59,0,30.742286682128906,2.0021347999572754,4,False
466,detail,3,0.9,59,0,28.32778549194336,1.832369089126587,3,False
466,detail,3,0.8,65,3,28.710819244384766,1.8604662418365479,3,False
466,detail,3,0.7,55,2,25.806812286376953,2.528237819671631,2,False
466,detail,3,0.6,47,8,24.442054748535156,2.9816606044769287,2,False
467,coarse,1,0.3,73,30,19.670135498046875,,,True
467,coarse,2,0.3,12,0,20.923490524291992,,,True
467,coarse,3,0.4,32,2,27.266401290893555,,,True
467,detail,1,1.0,132,33,32.89308547973633,1.8877294063568115,4,False
467,detail,1,0.9,120,35,31.257137298583984,1.7036457061767578,3,False
467,detail,1,0.8,142,47,30.531940460205078,1.4915237426757812,3,False
467,detail,1,0.7,144,59,25.10922622680664,1.2721869945526123,2,False
467,detail,1,0.6,146,59,22.480010986328125,1.446763038635254,2,True
467,detail,2,1.0,11,0,30.22397232055664,1.5834636688232422,4,False
467,detail,2,0.9,17,3,29.974210739135742,1.454563856124878,3,False
467,detail,2,0.8,11,3,27.50078582763672,1.7425661087036133,3,False
467,detail,2,0.7,11,10,27.245155334472656,2.098212957382202,2,False
467,detail,2,0.6,25,16,28.46193504333496,1.8794846534729004,2,False
467,detail,3,1.0,69,0,30.996063232421875,1.8561232089996338,4,False
467,detail,3,0.9,59,0,28.52079200744629,1.775857925415039,3,False
467,detail,3,0.8,65,3,28.712642669677734,1.9660134315490723,3,False
467,detail,3,0.7,57,0,25.518918991088867,2.8931989669799805,2,False
467,detail,3,0.6,57,8,24.700843811035156,2.6928389072418213,2,False
468,coarse,1,0.3,73,30,19.815702438354492,,,True
468,coarse,2,0.3,12,0,20.8580265045166,,,True
468,coarse,3,0.4,32,2,27.303451538085938,,,True
468,detail,1,1.0,132,33,32.95243453979492,1.963940143585205,4,False
468,detail,1,0.9,120,35,31.18983268737793,1.7475216388702393,3,False
468,detail,1,0.8,123,44,30.5662899017334,1.397209644317627,3,False
468,detail,1,0.7,142,61,27.123302459716797,1.2595617771148682,2,False
468,detail,1,0.6,144,59,23.927209854125977,1.2640058994293213,2,False
468,detail,2,1.0,11,0,30.03190040588379,1.645890474319458,4,False
468,detail,2,0.9,23,3,29.91300392150879,1.6358327865600586,3,False
468,detail,2,0.8,11,3,27.295684814453125,1.9306771755218506,3,False
468,detail,2,0.7,15,10,26.88706398010254,2.3245792388916016,2,False
468,detail,2,0.6,15,16,27.479948043823242,2.5271520614624023,2,False
468,detail,3,1.0,69,0,31.004833221435547,1.8033835887908936,4,False
468,detail,3,0.9,59,0,28.534807205200195,1.7556476593017578,3,False
468,detail,3,0.8,65,3,28.694669723510742,1.873166561126709,3,False
468,detail,3,0.7,57,0,25.49500846862793,3.0528228282928467,2,False
468,detail,3,0.6,57,6,23.913156509399414,3.7011656761169434,2,True
469,coarse,1,0.3,73,30,19.87262725830078,,,True
469,coarse,2,0.3,6,4,20.987560272216797,,,True
469,coarse,3,0.3,30,2,21.72601318359375,,,True
469,detail,1,1.0,136,35,33.28797912597656,1.838822603225708,4,False
469,detail,1,0.9,120,35,31.31824493408203,1.6867365837097168,3,False
469,detail,1,0.8,123,44,30.733503341674805,1.1950829029083252,3,False
469,detail,1,0.7,145,59,24.801462173461914,1.065009355545044,2,False
469,detail,1,0.6,147,59,22.648733139038086,1.2995007038116455,2,True
469,detail,2,1.0,8,0,30.230533599853516,1.3328475952148438,4,False
469,detail,2,0.9,18,3,30.213951110839844,1.4783415794372559,3,False
469,detail,2,0.8,6,3,26.51496696472168,1.4904770851135254,3,False
469,detail,2,0.7,2,8,26.137535095214844,2.438072443008423,2,False
469,detail,2,0.6,0,14,26.27926254272461,3.3846163749694824,2,False
469,detail,3,1.0,59,0,30.79119873046875,2.0578806400299072,4,False
469,detail,3,0.9,59,0,28.5496826171875,1.986443281173706,3,False
469,detail,3,0.8,65,3,28.795345306396484,1.918485403060913,3,False
469,detail,3,0.7,57,2,26.085933685302734,2.3905601501464844,2,False
469,detail,3,0.6,47,8,24.639110565185547,3.058612585067749,2,False
470,coarse,1,0.3,73,30,20.3602352142334,,,True
470,coarse,2,0.3,6,4,20.771190643310547,,,True
470,coarse,3,0.3,30,2,21.507038116455078,,,True
470,detail,1,1.0,136,35,33.257137298583984,1.728646993637085,4,False
470,detail,1,0.9,120,35,31.314117431640625,1.5801234245300293,3,False
470,detail,1,0.8,123,44,30.60995864868164,1.0727014541625977,3,False
470,detail,1,0.7,145,59,25.371017456054688,1.0486650466918945,2,False
470,detail,1,0.6,147,59,22.916751861572266,1.1830294132232666,2,True
470,detail,2,1.0,8,0,30.258615493774414,1.2884728908538818,4,False
470,detail,2,0.9,18,3,30.131643295288086,1.4753663539886475,3,False
470,detail,2,0.8,9,3,26.403154373168945,1.514296531677246,3,False
470,detail,2,0.7,24,8,26.15336036682129,2.113161087036133,2,False
470,detail,2,0.6,0,12,24.922147750854492,3.737731456756592,2,False
470,detail,3,1.0,47,0,31.84844398498535,1.7523694038391113,4,False
470,detail,3,0.9,59,0,28.31965446472168,2.000548839569092,3,False
470,detail,3,0.8,65,3,28.42185401916504,1.8817732334136963,3,False
470,detail,3,0.7,59,2,25.89261245727539,2.5976781845092773,2,False
470,detail,3,0.6,47,8,24.511648178100586,3.361835479736328,2,False
471,coarse,1,0.3,73,30,20.601917266845703,,,True
471,coarse,2,0.3,6,4,21.400976181030273,,,True
471,coarse,3,0.3,30,2,21.830699920654297,,,True
471,detail,1,1.0,136,35,33.26966857910156,1.7286901473999023,4,False
471,detail,1,0.9,120,35,31.466955184936523,1.5528771877288818,3,False
471,detail,1,0.8,123,44,30.71010398864746,1.0450928211212158,3,False
471,detail,1,0.7,145,59,25.65345001220703,1.271482229232788,2,False
471,detail,1,0.6,147,59,23.037158966064453,1.3014705181121826,2,True
471,detail,2,1.0,0,0,30.330257415771484,1.6004095077514648,4,False
471,detail,2,0.9,20,3,30.488908767700195,1.56583833694458,3,False
471,detail,2,0.8,9,3,26.75742530822754,1.5874416828155518,3,False
471,detail,2,0.7,0,6,25.331104278564453,3.443573236465454,2,False
471,detail,2,0.6,2,12,25.370895385742188,3.816490888595581,2,False
471,detail,3,1.0,47,0,32.120948791503906,1.867626667022705,4,False
471,detail,3,0.9,59,0,28.678070068359375,2.032257318496704,3,False
471,detail,3,0.8,68,3,29.275718688964844,1.8960418701171875,3,False
471,detail,3,0.7,59,2,26.354568481445312,2.5537314414978027,2,False
471,detail,3,0.6,57,8,25.210811614990234,2.8710954189300537,2,False
472,coarse,1,0.3,73,30,20.92179298400879,,,True
472,coarse,2,0.3,8,4,21.386051177978516,,,True
472,coarse,3,0.3,30,2,21.74504280090332,,,True
472,detail,1,1.0,136,35,33.31121826171875,1.6625244617462158,4,False
472,detail,1,0.9,120,35,31.656661987304688,1.6590073108673096,3,False
472,detail,1,0.8,123,44,30.851299285888672,1.2058029174804688,3,False
472,detail,1,0.7,145,59,26.083444595336914,1.2577474117279053,2,False
472,detail,1,0.6,147,59,23.27994728088379,1.2348008155822754,2,True
472,detail,2,1.0,15,0,30.70012855529785,1.3115417957305908,4,False
472,detail,2,0.9,18,3,30.45216178894043,1.2924690246582031,3,False
472,detail,2,0.8,9,3,26.691234588623047,1.5811197757720947,3,False
472,detail,2,0.7,23,8,26.51103401184082,2.0447447299957275,2,False
472,detail,2,0.6,27,14,27.14020347595215,2.430370807647705,2,False
472,detail,3,1.0,59,0,31.061359405517578,1.9486002922058105,4,False
472,detail,3,0.9,62,0,28.637418746948242,1.9779272079467773,3,False
472,detail,3,0.8,65,3,28.983856201171875,1.8632216453552246,3,False
472,detail,3,0.7,61,2,26.188451766967773,2.505059242248535,2,False
472,detail,3,0.6,49,8,25.27840805053711,2.8370165824890137,2,False
473,coarse,1,0.3,73,30,21.209735870361328,,,True
473,coarse,2,0.3,12,0,21.33525276184082,,,True
473,coarse,3,0.3,32,2,21.927804946899414,,,True
473,detail,1,1.0,136,35,32.881568908691406,1.6990118026733398,4,False
473,detail,1,0.9,120,35,31.288211822509766,1.7025525569915771,3,False
473,detail,1,0.8,123,44,30.543001174926758,1.2464165687561035,3,False
473,detail,1,0.7,145,59,26.34101676940918,1.2769155502319336,2,False
473,detail,1,0.6,147,59,23.52484893798828,1.1315078735351562,2,True
473,detail,2,1.0,19,0,30.71978187561035,1.487205982208252,4,False
473,detail,2,0.9,26,3,29.884193420410156,1.4770233631134033,3,False
473,detail,2,0.8,11,3,26.70122528076172,1.5553007125854492,3,False
473,detail,2,0.7,25,8,26.2482967376709,2.011397123336792,2,False
473,detail,2,0.6,25,16,28.376184463500977,1.94966459274292,2,False
473,detail,3,1.0,59,0,30.80579948425293,1.953420639038086,4,False
473,detail,3,0.9,60,0,28.331289291381836,1.8796956539154053,3,False
473,detail,3,0.8,66,3,28.630382537841797,1.979611873626709,3,False
473,detail,3,0.7,61,2,26.08744239807129,2.5151207447052,2,False
473,detail,3,0.6,59,8,24.783456802368164,2.734785556793213,2,False
474,coarse,1,0.3,12,0,20.874879837036133,,,True
474,coarse,2,0.3,73,30,21.51622200012207,,,True
474,coarse,3,0.3,32,2,21.598268508911133,,,True
474,detail,1,1.0,11,4,32.12178421020508,1.1021385192871094,4,False
474,detail,1,0.9,26,3,29.647964477539062,1.3442978858947754,3,False
474,detail,1,0.8,11,3,26.357919692993164,1.4656293392181396,3,False
474,detail,1,0.7,29,8,26.66657829284668,1.9940669536590576,2,False
474,detail,1,0.6,25,16,27.65403175354004,1.7688782215118408,2,False
474,detail,2,1.0,136,35,32.88923645019531,1.5478310585021973,4,False
474,detail,2,0.9,120,35,31.18621063232422,1.5996677875518799,3,False
474,detail,2,0.8,123,44,30.44587516784668,1.1408491134643555,3,False
474,detail,2,0.7,145,59,26.633804321289062,1.1286282539367676,2,False
474,detail,2,0.6,147,59,23.762895584106445,1.1054716110229492,2,True
474,detail,3,1.0,59,0,30.67472267150879,1.879988431930542,4,False
474,detail,3,0.9,60,0,28.149730682373047,1.7890634536743164,3,False
474,detail,3,0.8,63,6,28.819398880004883,1.9077653884887695,3,False
474,detail,3,0.7,59,2,25.886770248413086,2.3583827018737793,2,False
474,detail,3,0.6,59,8,24.40039825439453,2.728487968444824,2,False
475,coarse,1,0.3,12,0,20.722143173217773,,,True
475,coarse,2,0.3,32,2,21.39708709716797,,,True
475,coarse,3,0.3,73,30,21.673141479492188,,,True
475,detail,1,1.0,19,4,31.996084213256836,1.1804673671722412,4,False
475,detail,1,0.9,29,3,29.47218894958496,1.3184218406677246,3,False
475,detail,1,0.8,11,3,26.083772659301758,1.6060960292816162,3,False
475,detail,1,0.7,31,8,26.586889266967773,1.9481754302978516,2,False
475,detail,1,0.6,27,16,27.554494857788086,1.7961351871490479,2,False
475,detail,2,1.0,59,0,30.606462478637695,2.04526686668396,4,False
475,detail,2,0.9,60,0,28.07232093811035,2.022205352783203,3,False
475,detail,2,0.8,63,6,28.623455047607422,2.088200092315674,3,False
475,detail,2,0.7,61,2,25.720531463623047,2.793395757675171,2,False
475,detail,2,0.6,57,8,24.635404586791992,2.7947945594787598,2,False
475,detail,3,1.0,136,35,32.841033935546875,1.7931921482086182,4,False
475,detail,3,0.9,120,35,31.205307006835938,1.641564130783081,3,False
475,detail,3,0.8,126,44,30.375337600708008,1.2607851028442383,3,False
475,detail,3,0.7,145,59,26.914817810058594,1.4996883869171143,2,False
475,detail,3,0.6,146,61,23.68716812133789,1.1741185188293457,2,True
476,coarse,1,0.3,12,0,20.756694793701172,,,True
476,coarse,2,0.3,32,2,21.64289093017578,,,True
476,coarse,3,0.3,73,30,21.999547958374023,,,True
476,detail,1,1.0,19,4,31.919971466064453,1.1778061389923096,4,False
476,detail,1,0.9,29,3,29.51841163635254,1.3060433864593506,3,False
476,detail,1,0.8,33,0,28.028778076171875,1.8261301517486572,3,False
476,detail,1,0.7,31,8,26.63595199584961,1.9163787364959717,2,False
476,detail,1,0.6,27,16,27.46913719177246,1.7854361534118652,2,False
476,detail,2,1.0,51,0,31.654136657714844,1.594444751739502,4,False
476,detail,2,0.9,60,0,28.256772994995117,1.825451374053955,3,False
476,detail,2,0.8,60,6,29.458812713623047,1.6703777313232422,3,False
476,detail,2,0.7,57,2,25.857498168945312,2.351053237915039,2,False
476,detail,2,0.6,51,8,24.750730514526367,2.966226577758789,2,False
476,detail,3,1.0,138,35,32.6822624206543,1.7505018711090088,4,False
476,detail,3,0.9,120,35,31.249515533447266,1.6700458526611328,3,False
476,detail,3,0.8,126,44,30.265886306762695,1.3302230834960938,3,False
476,detail,3,0.7,145,59,27.138978958129883,1.4457099437713623,2,False
476,detail,3,0.6,146,61,23.960710525512695,1.2117154598236084,2,True
477,coarse,1,0.3,12,0,20.737838745117188,,,True
477,coarse,2,0.3,32,2,21.40052032470703,,,True
477,detail,1,1.0,27,4,32.0245361328125,1.6530499458312988,4,False
477,detail,1,0.9,29,3,29.199281692504883,1.6832261085510254,3,False
477,detail,1,0.8,29,12,30.27880859375,1.4990739822387695,3,False
477,detail,1,0.7,33,8,26.645952224731445,2.346412420272827,2,False
477,detail,1,0.6,29,16,27.55912208557129,2.152332067489624,2,False
477,detail,2,1.0,51,0,31.39772605895996,1.6880018711090088,4,False
477,detail,2,0.9,51,0,28.32695770263672,1.577057123184204,3,False
477,detail,2,0.8,60,6,29.37610626220703,1.7358710765838623,3,False
477,detail,2,0.7,61,4,25.748289108276367,2.2469265460968018,2,False
477,detail,2,0.6,51,8,24.482322692871094,3.2422308921813965,2,True
478,coarse,1,0.3,14,0,20.654945373535156,,,True
478,coarse,2,0.3,34,2,21.7885684967041,,,True
478,detail,1,1.0,31,0,31.333730697631836,1.5789854526519775,4,False
478,detail,1,0.9,27,3,29.151123046875,1.3575363159179688,3,False
478,detail,1,0.8,33,0,27.419639587402344,1.991469144821167,3,False
478,detail,1,0.7,33,8,26.409318923950195,2.0547070503234863,2,False
478,detail,1,0.6,42,12,27.07950210571289,2.4344682693481445,2,False
478,detail,2,1.0,71,8,30.80515480041504,1.5884835720062256,4,False
478,detail,2,0.9,61,0,27.8990535736084,1.7721281051635742,3,False
478,detail,2,0.8,70,3,28.736644744873047,1.8708462715148926,3,False
478,detail,2,0.7,59,2,25.620548248291016,2.386491537094116,2,False
478,detail,2,0.6,55,8,24.930341720581055,3.3087007999420166,2,True
479,coarse,1,0.3,12,0,20.81794548034668,,,True
479,coarse,2,0.3,32,2,21.40260887145996,,,True
479,coarse,3,0.5,40,18,30.106447219848633,,,True
479,detail,1,1.0,29,0,30.543041229248047,1.5975439548492432,4,False
479,detail,1,0.9,29,3,29.28861427307129,1.4259836673736572,3,False
479,detail,1,0.8,11,3,25.673648834228516,1.61566162109375,3,False
479,detail,1,0.7,33,8,26.471027374267578,2.0909371376037598,2,False
479,detail,1,0.6,29,16,27.5765380859375,1.9201505184173584,2,False
479,detail,2,1.0,51,0,31.38268280029297,1.541839599609375,4,False
479,detail,2,0.9,51,0,28.266836166381836,1.6586542129516602,3,False
479,detail,2,0.8,63,6,28.634000778198242,1.8040235042572021,3,False
479,detail,2,0.7,59,2,25.781618118286133,2.422356367111206,2,False
479,detail,2,0.6,53,8,24.871793746948242,3.2420098781585693,2,True
479,detail,3,1.0,79,33,31.732040405273438,1.5254638195037842,4,False
479,detail,3,0.9,80,35,30.190492630004883,1.646836280822754,3,False
479,detail,3,0.8,80,41,30.184242248535156,1.6579930782318115,3,False
479,detail,3,0.7,83,61,29.616220474243164,1.2174136638641357,2,False
479,detail,3,0.6,83,69,26.538589477539062,1.40932297706604,2,False
480,coarse,1,0.3,12,0,20.751821517944336,,,True
480,coarse,2,0.3,32,2,21.34638023376465,,,True
480,detail,1,1.0,29,4,32.13242721557617,1.4078516960144043,4,False
480,detail,1,0.9,29,3,29.117528915405273,1.3539221286773682,3,False
480,detail,1,0.8,14,15,29.95962142944336,1.0325109958648682,3,False
480,detail,1,0.7,35,8,26.996749877929688,2.0604336261749268,2,False
480,detail,1,0.6,35,16,28.433029174804688,1.8650987148284912,2,False
480,detail,2,1.0,51,0,31.227243423461914,1.625,4,False
480,detail,2,0.9,51,0,28.172208786010742,1.5285232067108154,3,False
480,detail,2,0.8,72,3,29.269824981689453,1.7068407535552979,3,False
480,detail,2,0.7,61,4,25.782367706298828,2.127549409866333,2,False
480,detail,2,0.6,51,8,24.093055725097656,3.3641974925994873,2,True
481,coarse,1,0.3,12,0,20.981863021850586,,,True
481,coarse,2,0.3,32,2,21.625747680664062,,,True
481,coarse,3,0.3,32,34,21.921998977661133,,,True
481,detail,1,1.0,19,0,29.678001403808594,1.5415349006652832,4,False
481,detail,1,0.9,29,3,29.336942672729492,1.447075605392456,3,False
481,detail,1,0.8,11,3,25.8382511138916,2.0324602127075195,3,False
481,detail,1,0.7,33,8,26.763383865356445,2.2738230228424072,2,False
481,detail,1,0.6,27,16,27.192655563354492,2.386892080307007,2,False
481,detail,2,1.0,51,0,31.30823516845703,1.479365348815918,4,False
481,detail,2,0.9,51,0,28.442529678344727,1.489490032196045,3,False
481,detail,2,0.8,73,0,29.253009796142578,1.5118234157562256,3,False
481,detail,2,0.7,59,4,26.042572021484375,1.8713083267211914,2,False
481,detail,2,0.6,51,8,24.27201271057129,3.6548194885253906,2,True
481,detail,3,1.0,67,35,30.830421447753906,1.172142505645752,4,False
481,detail,3,0.9,69,41,32.108314514160156,1.2248797416687012,3,False
481,detail,3,0.8,73,17,31.00616455078125,1.4534218311309814,3,False
481,detail,3,0.7,51,61,28.92046546936035,1.146562099456787,2,False
481,detail,3,0.6,69,49,29.206098556518555,0.33182334899902344,2,False
482,coarse,1,0.3,14,0,20.45871353149414,,,True
482,coarse,2,0.3,34,2,21.30545425415039,,,True
482,detail,1,1.0,33,4,33.55668640136719,1.4674396514892578,4,False
482,detail,1,0.9,33,3,30.180898666381836,1.5193653106689453,3,False
482,detail,1,0.8,37,0,28.244354248046875,2.040006399154663,3,False
482,detail,1,0.7,27,10,26.887685775756836,1.9021797180175781,2,False
482,detail,1,0.6,29,16,26.879684448242188,2.2289953231811523,2,False
482,detail,2,1.0,71,12,31.734840393066406,1.3498656749725342,4,False
482,detail,2,0.9,55,0,28.601354598999023,1.4590868949890137,3,False
482,detail,2,0.8,61,6,29.38275146484375,1.551896572113037,3,False
482,detail,2,0.7,61,4,25.503381729125977,2.0005550384521484,2,True
482,detail,2,0.6,59,10,25.880617141723633,2.3400821685791016,2,False
483,coarse,1,0.3,14,0,20.50572395324707,,,True
483,coarse,2,0.3,34,2,21.5239200592041,,,True
483,coarse,3,0.5,34,18,29.717193603515625,,,True
483,detail,1,1.0,33,4,33.39642333984375,1.4154596328735352,4,False
483,detail,1,0.9,33,3,29.958255767822266,1.48673415184021,3,False
483,detail,1,0.8,15,15,30.012624740600586,1.1944591999053955,3,False
483,detail,1,0.7,33,10,28.791015625,1.8538930416107178,2,False
483,detail,1,0.6,35,16,28.280033111572266,2.116513252258301,2,False
483,detail,2,1.0,73,12,32.007774353027344,1.2779979705810547,4,False
483,detail,2,0.9,55,0,28.515275955200195,1.4485633373260498,3,False
483,detail,2,0.8,61,6,29.448633193969727,1.6087098121643066,3,False
483,detail,2,0.7,57,4,26.71780014038086,1.8187451362609863,2,False
483,detail,2,0.6,57,10,26.052860260009766,2.3652098178863525,2,True
483,detail,3,1.0,71,17,32.59698486328125,1.2271537780761719,4,False
483,detail,3,0.9,68,35,32.05579376220703,1.2813928127288818,3,False
483,detail,3,0.8,81,41,30.451297760009766,1.3262836933135986,3,False
483,detail,3,0.7,84,61,29.64940643310547,1.191277027130127,2,False
483,detail,3,0.6,85,63,28.249645233154297,1.2567040920257568,2,False
484,coarse,1,0.3,14,0,20.339126586914062,,,True
484,coarse,2,0.3,34,2,21.254453659057617,,,True
484,coarse,3,0.5,34,18,29.425378799438477,,,True
484,detail,1,0.9,15,15,32.41635513305664,1.0503268241882324,3,False
484,detail,1,0.8,15,15,29.79367446899414,1.2222514152526855,3,False
484,detail,1,0.7,27,20,30.26974868774414,1.3281059265136719,2,False
484,detail,1,0.6,29,18,28.9726619720459,1.7416417598724365,2,False
484,detail,2,1.0,73,12,31.772390365600586,1.2168099880218506,4,False
484,detail,2,0.9,75,15,31.31070327758789,1.4171125888824463,3,False
484,detail,2,0.8,55,6,29.422527313232422,1.300266981124878,3,False
484,detail,2,0.7,57,4,26.648147583007812,1.8872356414794922,2,False
484,detail,2,0.6,55,10,26.129655838012695,2.4338388442993164,2,True
484,detail,3,1.0,71,17,32.522945404052734,1.1582155227661133,4,False
484,detail,3,0.9,74,17,32.15023422241211,1.384953498840332,3,False
484,detail,3,0.8,81,41,30.71605682373047,1.410048484802246,3,False
484,detail,3,0.7,84,61,29.46463966369629,1.1879215240478516,2,False
484,detail,3,0.6,83,69,27.773269653320312,1.2892563343048096,2,False
485,coarse,1,0.3,14,0,20.401103973388672,,,True
485,coarse,2,0.3,34,2,21.24140739440918,,,True
485,coarse,3,0.5,34,18,29.39305305480957,,,True
485,detail,1,0.9,15,27,32.582645416259766,0.9428632259368896,3,False
485,detail,1,0.8,15,18,30.873655319213867,1.2898588180541992,3,False
485,detail,1,0.7,27,20,30.246957778930664,1.1182515621185303,2,False
485,detail,1,0.6,29,18,28.931791305541992,1.4926509857177734,2,False
485,detail,2,1.0,73,12,31.554176330566406,1.2672667503356934,4,False
485,detail,2,0.9,55,0,28.260412216186523,1.3577072620391846,3,False
485,detail,2,0.8,55,6,29.407024383544922,1.2720122337341309,3,False
485,detail,2,0.7,80,4,26.603315353393555,1.8713104724884033,2,False
485,detail,2,0.6,57,10,25.999252319335938,2.3883466720581055,2,True
485,detail,3,1.0,67,35,30.972869873046875,1.3401970863342285,4,False
485,detail,3,0.9,74,17,31.8960018157959,1.4227650165557861,3,False
485,detail,3,0.8,74,17,30.911571502685547,1.735027551651001,3,False
485,detail,3,0.7,84,61,29.532262802124023,1.190856695175171,2,False
485,detail,3,0.6,86,63,28.143423080444336,1.1870574951171875,2,False
486,coarse,1,0.3,14,0,20.442476272583008,,,True
486,coarse,2,0.3,34,2,21.25650405883789,,,True
486,coarse,3,0.5,34,18,29.317476272583008,,,True
486,detail,1,1.0,23,8,33.03419876098633,1.1411457061767578,4,False
486,detail,1,0.9,30,6,29.499786376953125,1.1813757419586182,3,False
486,detail,1,0.8,24,12,29.807283401489258,1.2025291919708252,3,False
486,detail,1,0.7,29,10,26.87037467956543,1.6882154941558838,2,False
486,detail,1,0.6,31,16,26.99927520751953,2.008225679397583,2,False
486,detail,2,1.0,73,12,31.54482650756836,1.2209680080413818,4,False
486,detail,2,0.9,73,12,29.74631690979004,1.5525624752044678,3,False
486,detail,2,0.8,77,0,28.981199264526367,1.4010794162750244,3,False
486,detail,2,0.7,77,4,26.464746475219727,1.8817389011383057,2,False
486,detail,2,0.6,57,10,25.962337493896484,2.5298659801483154,2,True
486,detail,3,1.0,67,35,31.134302139282227,1.19222092628479,4,False
486,detail,3,0.9,74,17,31.868661880493164,1.3775627613067627,3,False
486,detail,3,0.8,74,17,31.060100555419922,1.5163483619689941,3,False
486,detail,3,0.7,84,61,29.511022567749023,1.1610631942749023,2,False
486,detail,3,0.6,86,63,28.005477905273438,1.277228593826294,2,False
487,coarse,1,0.3,14,0,20.451353073120117,,,True
487,coarse,2,0.3,34,2,21.15713882446289,,,True
487,coarse,3,0.5,34,18,29.35675811767578,,,True
487,detail,1,1.0,23,8,32.811302185058594,1.1937530040740967,4,False
487,detail,1,0.9,15,9,30.08822250366211,1.5079758167266846,3,False
487,detail,1,0.8,24,12,29.579833984375,1.3299274444580078,3,False
487,detail,1,0.7,31,10,27.117170333862305,1.771061897277832,2,False
487,detail,1,0.6,31,16,26.743715286254883,2.098830461502075,2,False
487,detail,2,1.0,73,12,31.26197624206543,1.1729559898376465,4,False
487,detail,2,0.9,55,0,28.10730743408203,1.3044812679290771,3,False
487,detail,2,0.8,77,0,28.776430130004883,1.529951572418213,3,False
487,detail,2,0.7,61,4,25.597322463989258,1.7789294719696045,2,True
487,detail,2,0.6,59,10,25.653038024902344,2.385514259338379,2,False
487,detail,3,1.0,71,17,32.55778121948242,1.1657459735870361,4,False
487,detail,3,0.9,74,17,31.56756019592285,1.3084208965301514,3,False
487,detail,3,0.8,74,17,31.078561782836914,1.5188663005828857,3,False
487,detail,3,0.7,84,61,29.689889907836914,1.0400176048278809,2,False
487,detail,3,0.6,86,63,28.165380477905273,1.1178867816925049,2,False
488,coarse,1,0.3,14,0,20.335458755493164,,,True
488,coarse,2,0.3,34,2,21.09305191040039,,,True
488,coarse,3,0.5,34,18,29.491201400756836,,,True
488,detail,1,1.0,23,4,31.404531478881836,1.4326651096343994,4,False
488,detail,1,0.9,24,6,29.216604232788086,1.5360355377197266,3,False
488,detail,1,0.8,24,12,29.663721084594727,1.4342200756072998,3,False
488,detail,1,0.7,31,10,26.906147003173828,2.061354398727417,2,False
488,detail,1,0.6,31,16,26.67461585998535,2.32084584236145,2,False
488,detail,2,1.0,55,0,31.158222198486328,1.5744240283966064,4,False
488,detail,2,0.9,64,0,27.561168670654297,1.5221097469329834,3,False
488,detail,2,0.8,76,0,28.73365020751953,1.5573468208312988,3,False
488,detail,2,0.7,63,4,25.44888687133789,2.0108723640441895,2,False
488,detail,2,0.6,55,8,24.37106704711914,3.3513967990875244,2,True
488,detail,3,1.0,67,35,31.576841354370117,1.1890852451324463,4,False
488,detail,3,0.9,74,17,31.443618774414062,1.3049190044403076,3,False
488,detail,3,0.8,77,17,31.02686882019043,1.329787015914917,3,False
488,detail,3,0.7,84,61,29.718015670776367,0.7804694175720215,2,False
488,detail,3,0.6,75,17,28.814680099487305,1.520355463027954,2,False
489,coarse,1,0.3,14,0,20.384021759033203,,,True
489,coarse,2,0.3,34,2,20.96263885498047,,,True
489,detail,1,1.0,15,0,28.52785301208496,1.5861115455627441,4,False
489,detail,1,0.9,18,6,29.0522403717041,1.5201058387756348,3,False
489,detail,1,0.8,15,3,24.762826919555664,2.067841053009033,3,False
489,detail,1,0.7,17,12,27.38869857788086,1.9942786693572998,2,False
489,detail,1,0.6,17,18,27.736906051635742,2.1289074420928955,2,False
489,detail,2,1.0,63,0,29.966691970825195,1.4275860786437988,4,False
489,detail,2,0.9,64,0,27.54336929321289,1.3487114906311035,3,False
489,detail,2,0.8,77,0,28.6146240234375,1.342529535293579,3,False
489,detail,2,0.7,61,2,25.17756462097168,2.420016288757324,2,False
489,detail,2,0.6,59,8,24.202924728393555,3.2897236347198486,2,True
490,coarse,1,0.3,14,0,20.489139556884766,,,True
490,coarse,2,0.3,34,2,20.964311599731445,,,True
490,detail,1,1.0,15,0,28.77898597717285,1.634995698928833,4,False
490,detail,1,0.9,24,6,29.163681030273438,1.3848161697387695,3,False
490,detail,1,0.8,15,3,25.013729095458984,2.101454496383667,3,False
490,detail,1,0.7,31,10,26.544111251831055,1.8625895977020264,2,False
490,detail,1,0.6,33,16,26.943117141723633,2.086550712585449,2,False
490,detail,2,1.0,55,0,31.150012969970703,1.589616298675537,4,False
490,detail,2,0.9,64,0,27.82649040222168,1.6069252490997314,3,False
490,detail,2,0.8,64,6,29.12034797668457,1.495934009552002,3,False
490,detail,2,0.7,65,4,25.452707290649414,2.0476410388946533,2,False
490,detail,2,0.6,55,8,24.349485397338867,3.4822006225585938,2,True
491,coarse,1,0.3,14,0,20.55300521850586,,,True
491,coarse,2,0.3,34,2,21.157808303833008,,,True
491,detail,1,1.0,19,0,28.775901794433594,1.48931884765625,4,False
491,detail,1,0.9,24,6,29.168123245239258,1.3269386291503906,3,False
491,detail,1,0.8,15,3,25.05234718322754,2.0423967838287354,3,True
491,detail,1,0.7,31,10,26.536659240722656,1.7534377574920654,2,False
491,detail,1,0.6,35,16,27.22178840637207,2.0594277381896973,2,False
491,detail,2,1.0,63,0,30.720579147338867,1.7454068660736084,4,False
491,detail,2,0.9,55,0,28.09335708618164,1.5020272731781006,3,False
491,detail,2,0.8,64,6,29.41144371032715,1.5680208206176758,3,False
491,detail,2,0.7,65,4,25.562368392944336,2.1382477283477783,2,False
491,detail,2,0.6,55,10,25.317420959472656,2.3968698978424072,2,False
492,coarse,1,0.3,14,0,20.54493522644043,,,True
492,coarse,2,0.3,34,2,21.151735305786133,,,True
492,detail,1,1.0,15,0,29.0098876953125,1.7555429935455322,4,False
492,detail,1,0.9,24,6,29.234691619873047,1.534358024597168,3,False
492,detail,1,0.8,15,3,25.098970413208008,2.2765450477600098,3,False
492,detail,1,0.7,31,10,26.2252140045166,1.9111638069152832,2,False
492,detail,1,0.6,35,16,27.118881225585938,2.1131837368011475,2,False
492,detail,2,1.0,63,0,30.90514373779297,1.7339544296264648,4,False
492,detail,2,0.9,55,0,28.118581771850586,1.476729393005371,3,False
492,detail,2,0.8,73,6,28.261138916015625,1.9430742263793945,3,False
492,detail,2,0.7,65,4,25.540342330932617,2.077486753463745,2,False
492,detail,2,0.6,65,10,24.95633888244629,2.421201467514038,2,True
493,coarse,1,0.3,14,0,20.330944061279297,,,True
493,coarse,2,0.3,34,2,21.271841049194336,,,True
493,detail,1,1.0,15,0,29.09978675842285,1.8366076946258545,4,False
493,detail,1,0.9,33,6,29.26873779296875,1.350963830947876,3,False
493,detail,1,0.8,15,3,25.041378021240234,2.494147539138794,3,True
493,detail,1,0.7,31,10,26.34195899963379,1.9297878742218018,2,False
493,detail,1,0.6,37,16,27.489015579223633,2.032487154006958,2,False
493,detail,2,1.0,73,0,30.630910873413086,1.968984603881836,4,False
493,detail,2,0.9,55,0,27.952720642089844,1.421715497970581,3,False
493,detail,2,0.8,73,6,28.227909088134766,1.9435513019561768,3,False
493,detail,2,0.7,63,4,25.563682556152344,1.93556809425354,2,False
493,detail,2,0.6,55,10,25.052038192749023,2.7216267585754395,2,False
494,coarse,1,0.3,14,0,21.06439971923828,,,True
494,coarse,2,0.3,34,2,21.687837600708008,,,True
494,detail,1,1.0,15,4,32.180931091308594,1.6646754741668701,4,False
494,detail,1,0.9,18,6,29.921796798706055,1.8120002746582031,3,False
494,detail,1,0.8,15,3,25.5482177734375,2.4303762912750244,3,True
494,detail,1,0.7,19,12,27.645647048950195,2.3909687995910645,2,False
494,detail,1,0.6,19,18,28.166566848754883,2.4694290161132812,2,False
494,detail,2,1.0,55,0,31.17937660217285,1.3751792907714844,4,False
494,detail,2,0.9,55,0,28.43950653076172,1.2629590034484863,3,False
494,detail,2,0.8,67,6,29.359865188598633,1.7880547046661377,3,False
494,detail,2,0.7,55,4,26.6821346282959,1.91060209274292,2,False
494,detail,2,0.6,67,12,27.171106338500977,2.029008626937866,2,False
495,coarse,1,0.3,16,0,21.529312133789062,,,True
495,coarse,2,0.3,36,2,22.472185134887695,,,True
495,coarse,3,0.5,36,18,30.189403533935547,,,True
495,detail,1,0.9,19,15,33.324588775634766,1.4329543113708496,3,False
495,detail,1,0.8,19,15,30.755931854248047,1.6797780990600586,3,False
495,detail,1,0.7,41,10,30.588932037353516,1.6837446689605713,2,False
495,detail,1,0.6,21,20,29.534832000732422,2.124981164932251,2,False
495,detail,2,1.0,77,12,32.1324462890625,1.539954423904419,4,False
495,detail,2,0.9,65,0,29.254924774169922,1.7839219570159912,3,False
495,detail,2,0.8,68,6,29.676612854003906,1.811715841293335,3,False
495,detail,2,0.7,65,4,26.45599937438965,2.0721628665924072,2,False
495,detail,2,0.6,61,10,26.273412704467773,2.6316003799438477,2,True
495,detail,3,1.0,71,35,31.3237361907959,1.4869565963745117,4,False
495,detail,3,0.9,72,41,32.147544860839844,1.263465404510498,3,False
495,detail,3,0.8,85,41,30.570281982421875,1.1418676376342773,3,False
495,detail,3,0.7,85,43,30.83502769470215,1.2339694499969482,2,False
495,detail,3,0.6,90,57,29.510421752929688,1.383979320526123,2,False
496,coarse,1,0.3,16,0,22.18327522277832,,,True
496,coarse,2,0.3,36,2,23.315662384033203,,,True
496,coarse,3,0.5,36,18,30.698829650878906,,,True
496,detail,1,0.9,19,12,32.45606231689453,1.6007435321807861,3,False
496,detail,1,0.8,19,15,31.667999267578125,1.687971591949463,3,False
496,detail,1,0.7,19,12,29.028884887695312,2.299685001373291,2,False
496,detail,1,0.6,19,18,29.527578353881836,2.451388359069824,2,False
496,detail,2,1.0,59,0,33.245933532714844,1.62849760055542,4,False
496,detail,2,0.9,65,0,30.07697868347168,1.7805671691894531,3,False
496,detail,2,0.8,68,6,30.457040786743164,1.7791223526000977,3,False
496,detail,2,0.7,65,4,27.346582412719727,2.0505049228668213,2,True
496,detail,2,0.6,67,12,28.519020080566406,1.869678020477295,2,False
496,detail,3,1.0,71,35,32.103004455566406,1.4426896572113037,4,False
496,detail,3,0.9,72,41,32.98090362548828,1.2013578414916992,3,False
496,detail,3,0.8,85,41,31.787158966064453,0.9686460494995117,3,False
496,detail,3,0.7,87,43,31.068607330322266,1.0405902862548828,2,False
496,detail,3,0.6,87,49,29.98052215576172,1.224031686782837,2,False
497,coarse,1,0.3,16,0,22.304309844970703,,,True
497,coarse,2,0.3,36,2,23.62148666381836,,,True
497,coarse,3,0.5,36,18,30.88693618774414,,,True
497,detail,1,0.9,19,9,31.73651885986328,1.5737013816833496,3,False
497,detail,1,0.8,19,6,31.379411697387695,1.7143747806549072,3,False
497,detail,1,0.7,19,12,29.42864990234375,2.2307355403900146,2,False
497,detail,1,0.6,21,18,29.695327758789062,2.3795552253723145,2,False
497,detail,2,1.0,77,12,32.895660400390625,1.7228038311004639,4,False
497,detail,2,0.9,59,0,30.446849822998047,1.2630705833435059,3,False
497,detail,2,0.8,68,6,30.8785457611084,1.8426501750946045,3,False
497,detail,2,0.7,65,4,27.6517391204834,2.033506393432617,2,True
497,detail,2,0.6,67,12,28.84487533569336,2.022324800491333,2,False
497,detail,3,1.0,71,35,32.54631423950195,1.567573070526123,4,False
497,detail,3,0.9,78,17,33.0370979309082,1.9129564762115479,3,False
497,detail,3,0.8,85,41,32.60840606689453,1.110461950302124,3,False
497,detail,3,0.7,87,43,31.098236083984375,1.2216675281524658,2,False
497,detail,3,0.6,87,49,30.323701858520508,1.3961341381072998,2,False
498,coarse,1,0.3,16,0,22.5360164642334,,,True
498,coarse,2,0.3,36,2,23.93975067138672,,,True
498,coarse,3,0.5,36,18,31.070125579833984,,,True
498,detail,1,0.9,19,9,32.21745681762695,1.4709751605987549,3,False
498,detail,1,0.8,19,6,31.606674194335938,1.6049683094024658,3,False
498,detail,1,0.7,21,12,29.613615036010742,2.098466634750366,2,False
498,detail,1,0.6,21,18,30.025854110717773,2.392730236053467,2,False
498,detail,2,1.0,77,12,33.07622146606445,1.605891227722168,4,False
498,detail,2,0.9,59,0,30.662357330322266,1.3396868705749512,3,False
498,detail,2,0.8,68,6,31.389604568481445,1.6389284133911133,3,False
498,detail,2,0.7,67,6,28.484445571899414,2.047797203063965,2,False
498,detail,2,0.6,59,10,27.622602462768555,2.721548557281494,2,True
498,detail,3,1.0,71,35,32.926109313964844,1.4743962287902832,4,False
498,detail,3,0.9,78,17,33.33406448364258,1.7531063556671143,3,False
498,detail,3,0.8,85,52,33.03969192504883,1.122474193572998,3,False
498,detail,3,0.7,87,43,31.053424835205078,1.4575040340423584,2,False
498,detail,3,0.6,90,63,29.696874618530273,1.0297842025756836,2,False
499,coarse,1,0.3,16,0,22.59358787536621,,,True
499,coarse,2,0.3,36,2,23.958906173706055,,,True
499,coarse,3,0.5,36,18,31.269203186035156,,,True
499,detail,1,0.9,19,9,32.48322296142578,1.6630091667175293,3,False
499,detail,1,0.8,19,6,31.5679874420166,1.7320468425750732,3,False
499,detail,1,0.7,21,12,29.713172912597656,2.221987724304199,2,False
499,detail,1,0.6,21,18,30.209882736206055,2.4484963417053223,2,False
499,detail,2,1.0,77,12,33.131744384765625,1.756582260131836,4,False
499,detail,2,0.9,59,0,30.562152862548828,1.3852078914642334,3,False
499,detail,2,0.8,77,6,30.757843017578125,2.0468521118164062,3,False
499,detail,2,0.7,67,4,28.03636932373047,1.9251751899719238,2,True
499,detail,2,0.6,69,12,29.112573623657227,1.8781366348266602,2,False
499,detail,3,1.0,71,35,33.22197341918945,1.4954173564910889,4,False
499,detail,3,0.9,75,38,33.156253814697266,1.3262479305267334,3,False
499,detail,3,0.8,81,17,32.975399017333984,1.9614853858947754,3,False
499,detail,3,0.7,88,43,31.103824615478516,1.4552350044250488,2,False
499,detail,3,0.6,90,63,29.47439956665039,0.9833667278289795,2,False
500,coarse,1,0.3,16,0,22.54642677307129,,,True
500,coarse,2,0.3,36,2,23.77641487121582,,,True
500,coarse,3,0.5,36,18,31.31426239013672,,,True
500,detail,1,1.0,19,4,33.1439208984375,1.70574951171875,4,False
500,detail,1,0.9,22,9,31.87957763671875,1.7506155967712402,3,False
500,detail,1,0.8,19,6,31.216384887695312,1.7539432048797607,3,False
500,detail,1,0.7,23,12,29.309398651123047,2.3062174320220947,2,False
500,detail,1,0.6,23,18,29.905757904052734,2.4796395301818848,2,False
500,detail,2,1.0,77,0,32.43999481201172,1.9812259674072266,4,False
500,detail,2,0.9,68,0,30.323204040527344,1.6581518650054932,3,False
500,detail,2,0.8,77,6,30.4412841796875,1.9947261810302734,3,False
500,detail,2,0.7,69,6,28.47361183166504,1.990572452545166,2,True
500,detail,2,0.6,69,12,29.018707275390625,1.9351634979248047,2,False
500,detail,3,1.0,75,35,33.29270935058594,1.419170618057251,4,False
500,detail,3,0.9,75,38,32.94237518310547,1.283125400543213,3,False
500,detail,3,0.8,81,17,32.49159622192383,1.6984639167785645,3,False
500,detail,3,0.7,88,43,30.881919860839844,1.5656261444091797,2,False
500,detail,3,0.6,90,63,29.787511825561523,1.1219160556793213,2,False
501,coarse,1,0.3,16,0,22.675819396972656,,,True
501,coarse,2,0.3,36,2,23.78582000732422,,,True
501,coarse,3,0.5,36,18,31.48335838317871,,,True
501,detail,1,1.0,19,0,31.037036895751953,1.9721691608428955,4,False
501,detail,1,0.9,22,6,31.62471580505371,1.9219107627868652,3,False
501,detail,1,0.8,19,3,27.407896041870117,2.4927308559417725,3,True
501,detail,1,0.7,19,10,28.2191104888916,2.7748920917510986,2,False
501,detail,1,0.6,19,16,28.8761043548584,3.6634697914123535,2,False
501,detail,2,1.0,77,8,32.90579605102539,1.821732759475708,4,False
501,detail,2,0.9,79,0,31.314838409423828,1.929464340209961,3,False
501,detail,2,0.8,77,6,30.276790618896484,2.0143792629241943,3,False
501,detail,2,0.7,84,4,28.69926643371582,2.227484941482544,2,False
501,detail,2,0.6,67,12,29.318119049072266,1.6314444541931152,2,False
501,detail,3,1.0,75,35,32.964256286621094,1.4856290817260742,4,False
501,detail,3,0.9,75,38,32.90264892578125,1.3562474250793457,3,False
501,detail,3,0.8,81,17,32.34814453125,1.7666234970092773,3,False
501,detail,3,0.7,88,43,31.028335571289062,1.808990478515625,2,False
501,detail,3,0.6,90,69,27.933948516845703,1.5278587341308594,2,False
502,coarse,1,0.3,16,0,22.580307006835938,,,True
502,coarse,2,0.3,36,2,23.702682495117188,,,True
502,detail,1,1.0,19,8,34.95891571044922,1.6139509677886963,4,False
502,detail,1,0.9,19,6,32.49812316894531,1.763108253479004,3,False
502,detail,1,0.8,19,6,31.022584915161133,1.737879753112793,3,False
502,detail,1,0.7,23,12,29.467260360717773,2.2154502868652344,2,False
502,detail,1,0.6,21,18,30.19867706298828,2.5236382484436035,2,False
502,detail,2,1.0,77,12,33.54076385498047,1.5019440650939941,4,False
502,detail,2,0.9,59,0,30.292438507080078,1.6166634559631348,3,False
502,detail,2,0.8,77,6,30.412473678588867,1.9037485122680664,3,False
502,detail,2,0.7,69,6,28.449588775634766,2.264972686767578,2,True
502,detail,2,0.6,71,12,29.070308685302734,2.4373810291290283,2,False
503,coarse,1,0.3,18,0,22.69818878173828,,,True
503,coarse,2,0.5,36,0,30.808013916015625,,,True
503,detail,1,1.0,23,12,34.91916275024414,1.361504077911377,4,False
503,detail,1,0.9,23,6,31.870803833007812,1.547879695892334,3,False
503,detail,1,0.8,23,6,31.80510711669922,1.591456413269043,3,False
503,detail,1,0.7,25,12,29.498842239379883,1.9135627746582031,2,False
503,detail,1,0.6,23,18,30.054540634155273,2.3427162170410156,2,False
503,detail,2,1.0,71,0,32.000038146972656,1.9427504539489746,4,False
503,detail,2,0.9,72,0,30.35595703125,1.9368000030517578,3,False
503,detail,2,0.8,78,6,30.921993255615234,1.8166513442993164,3,False
503,detail,2,0.7,69,4,28.094104766845703,2.099620819091797,2,False
503,detail,2,0.6,67,10,27.698715209960938,2.3118135929107666,2,True
504,coarse,1,0.3,18,0,22.578224182128906,,,True
504,coarse,2,0.5,36,0,30.845321655273438,,,True
504,detail,1,1.0,23,12,34.89803695678711,1.6003499031066895,4,False
504,detail,1,0.9,23,6,31.91969871520996,1.7821497917175293,3,False
504,detail,1,0.8,23,6,31.790624618530273,1.8305702209472656,3,False
504,detail,1,0.7,23,12,29.64874267578125,2.316412925720215,2,False
504,detail,1,0.6,23,18,30.158309936523438,2.602829694747925,2,False
504,detail,2,1.0,81,0,32.755245208740234,2.08001708984375,4,False
504,detail,2,0.9,72,0,30.370630264282227,2.037071466445923,3,False
504,detail,2,0.8,78,6,30.805038452148438,2.079512596130371,3,False
504,detail,2,0.7,69,4,28.200210571289062,2.5530333518981934,2,False
504,detail,2,0.6,65,10,28.08987808227539,3.1054491996765137,2,True
505,coarse,1,0.3,18,0,22.09512710571289,,,True
505,coarse,2,0.5,36,0,30.460308074951172,,,True
505,detail,1,1.0,23,0,30.497339248657227,1.7456738948822021,4,False
505,detail,1,0.9,29,6,30.865427017211914,1.5167734622955322,3,False
505,detail,1,0.8,44,0,29.046873092651367,2.0109736919403076,3,False
505,detail,1,0.7,27,12,28.806583404541016,2.510413408279419,2,False
505,detail,1,0.6,25,18,29.732316970825195,2.8955512046813965,2,False
505,detail,2,1.0,71,0,31.72344398498535,2.033756732940674,4,False
505,detail,2,0.9,72,0,29.799531936645508,1.9588251113891602,3,False
505,detail,2,0.8,85,0,30.43007469177246,1.8130457401275635,3,False
505,detail,2,0.7,69,4,27.736392974853516,2.1610968112945557,2,False
505,detail,2,0.6,73,10,27.190202713012695,2.893496036529541,2,True
506,coarse,1,0.3,18,0,22.010488510131836,,,True
506,coarse,2,0.5,36,0,30.420061111450195,,,True
506,coarse,3,0.5,26,18,30.872333526611328,,,True
506,detail,1,1.0,23,0,30.362144470214844,1.7751102447509766,4,False
506,detail,1,0.9,29,6,30.64997673034668,1.5677855014801025,3,False
506,detail,1,0.8,44,0,28.902542114257812,2.0855119228363037,3,False
506,detail,1,0.7,45,8,28.781230926513672,2.03312349319458,2,False
506,detail,1,0.6,23,18,29.672340393066406,2.9406960010528564,2,False
506,detail,2,1.0,71,0,31.734941482543945,2.1185288429260254,4,False
506,detail,2,0.9,72,0,29.692729949951172,2.0418286323547363,3,False
506,detail,2,0.8,78,6,30.34938621520996,2.119871139526367,3,False
506,detail,2,0.7,69,4,27.68705940246582,2.2799787521362305,2,True
506,detail,2,0.6,87,10,29.013002395629883,2.384227991104126,2,False
506,detail,3,1.0,51,35,32.588130950927734,1.4762299060821533,4,False
506,detail,3,0.9,55,41,32.995582580566406,1.6572391986846924,3,False
506,detail,3,0.8,65,41,32.56785202026367,1.7902483940124512,3,False
506,detail,3,0.7,59,61,30.8623104095459,1.268819808959961,2,False
506,detail,3,0.6,43,67,28.77760887145996,1.233691692352295,2,False
507,coarse,1,0.3,18,0,21.693344116210938,,,True
507,coarse,2,0.5,36,0,30.149120330810547,,,True
507,coarse,3,0.5,26,18,30.545364379882812,,,True
507,detail,1,1.0,23,0,29.96980857849121,1.8350296020507812,4,False
507,detail,1,0.9,29,6,30.391857147216797,1.6148338317871094,3,False
507,detail,1,0.8,44,0,28.502666473388672,2.049016237258911,3,False
507,detail,1,0.7,27,12,28.3689022064209,2.4671404361724854,2,False
507,detail,1,0.6,23,18,29.130142211914062,2.7748239040374756,2,False
507,detail,2,1.0,71,0,31.47321128845215,2.0720090866088867,4,False
507,detail,2,0.9,72,0,29.484880447387695,1.9810259342193604,3,False
507,detail,2,0.8,78,6,30.058977127075195,2.15924072265625,3,False
507,detail,2,0.7,69,4,27.3455753326416,2.0788729190826416,2,True
507,detail,2,0.6,89,10,28.723695755004883,2.2040984630584717,2,False
507,detail,3,1.0,51,35,32.29475402832031,1.409407138824463,4,False
507,detail,3,0.9,55,41,32.60521697998047,1.6129987239837646,3,False
507,detail,3,0.8,65,41,31.999710083007812,1.7808845043182373,3,False
507,detail,3,0.7,59,61,30.23377227783203,1.245687484741211,2,False
507,detail,3,0.6,47,67,28.307140350341797,1.350240707397461,2,False
508,coarse,1,0.3,18,0,20.752521514892578,,,True
508,coarse,2,0.5,36,0,29.488489151000977,,,True
508,coarse,3,0.5,26,18,29.992229461669922,,,True
508,detail,1,1.0,23,0,29.345966339111328,1.9540064334869385,4,False
508,detail,1,0.9,29,6,29.776762008666992,1.7342402935028076,3,False
508,detail,1,0.8,23,3,25.654541015625,2.5578150749206543,3,True
508,detail,1,0.7,27,12,27.69894790649414,2.5426456928253174,2,False
508,detail,1,0.6,27,18,28.45008659362793,2.6923301219940186,2,False
508,detail,2,1.0,81,12,31.590274810791016,1.6412112712860107,4,False
508,detail,2,0.9,72,0,28.72606658935547,2.169076442718506,3,False
508,detail,2,0.8,81,0,29.309402465820312,2.2002792358398438,3,False
508,detail,2,0.7,69,4,26.604928970336914,2.3233954906463623,2,False
508,detail,2,0.6,73,12,28.004093170166016,2.433194398880005,2,False
508,detail,3,1.0,51,35,31.73522186279297,1.422135829925537,4,False
508,detail,3,0.9,55,41,32.070594787597656,1.4230115413665771,3,False
508,detail,3,0.8,65,41,31.448448181152344,1.5758204460144043,3,False
508,detail,3,0.7,59,61,29.813169479370117,1.025519609451294,2,False
508,detail,3,0.6,69,63,28.976242065429688,1.330472707748413,2,False
509,coarse,1,0.3,18,0,20.447589874267578,,,True
509,coarse,2,0.3,38,2,21.881563186645508,,,True
509,detail,1,1.0,23,0,29.134262084960938,1.861499309539795,4,False
509,detail,1,0.9,29,6,29.534250259399414,1.6583163738250732,3,False
509,detail,1,0.8,23,3,25.45835304260254,2.444056749343872,3,True
509,detail,1,0.7,23,10,26.350494384765625,2.678959608078003,2,False
509,detail,1,0.6,29,18,27.92557144165039,2.474821090698242,2,False
509,detail,2,1.0,81,8,31.101280212402344,1.945270299911499,4,False
509,detail,2,0.9,72,0,28.330820083618164,1.9376957416534424,3,False
509,detail,2,0.8,78,6,28.995698928833008,2.192490339279175,3,False
509,detail,2,0.7,71,4,26.297569274902344,2.251112222671509,2,False
509,detail,2,0.6,69,12,27.562707901000977,2.031014919281006,2,False
510,coarse,1,0.3,18,0,20.79928970336914,,,True
510,coarse,2,0.3,38,2,21.985755920410156,,,True
510,detail,1,1.0,23,0,29.316190719604492,2.027726650238037,4,False
510,detail,1,0.9,29,6,29.653810501098633,1.8804152011871338,3,False
510,detail,1,0.8,23,3,25.668004989624023,2.6367955207824707,3,True
510,detail,1,0.7,27,10,26.361616134643555,2.978853464126587,2,False
510,detail,1,0.6,25,14,25.678796768188477,4.758122444152832,2,False
510,detail,2,1.0,71,0,30.69672966003418,2.1553962230682373,4,False
510,detail,2,0.9,75,0,28.383691787719727,2.2158122062683105,3,False
510,detail,2,0.8,81,0,28.827898025512695,2.1168031692504883,3,False
510,detail,2,0.7,69,4,26.298320770263672,2.1978960037231445,2,False
510,detail,2,0.6,63,10,25.82910919189453,2.888744592666626,2,False
511,coarse,1,0.3,20,0,21.178627014160156,,,True
511,coarse,2,0.5,42,0,29.22756004333496,,,True
511,coarse,3,0.5,0,2,29.712053298950195,,,True
511,detail,1,1.0,31,0,29.815956115722656,1.841414213180542,4,False
511,detail,1,0.9,30,6,29.59536361694336,1.7271058559417725,3,False
511,detail,1,0.8,45,0,27.473438262939453,1.9940593242645264,3,False
511,detail,1,0.7,37,10,26.69241714477539,2.344524621963501,2,False
511,detail,1,0.6,29,18,27.775312423706055,2.4478726387023926,2,False
511,detail,2,1.0,83,12,32.15258026123047,1.194655418395996,4,False
511,detail,2,0.9,93,0,30.421058654785156,1.4043195247650146,3,False
511,detail,2,0.8,75,6,28.969079971313477,1.9001481533050537,3,False
511,detail,2,0.7,87,4,26.491973876953125,1.8528192043304443,2,False
511,detail,2,0.6,101,10,26.501022338867188,2.6090919971466064,2,False
511,detail,3,1.0,8,0,29.7601318359375,1.6781508922576904,4,False
511,detail,3,0.9,0,6,29.666606903076172,1.547471046447754,3,False
511,detail,3,0.8,22,3,25.51612091064453,2.0869719982147217,3,False
511,detail,3,0.7,14,8,25.293561935424805,3.513667583465576,2,False
511,detail,3,0.6,22,10,24.646907806396484,4.6637420654296875,2,True
512,coarse,1,0.3,20,0,20.155466079711914,,,True
512,coarse,2,0.5,38,0,28.686779022216797,,,True
512,coarse,3,0.5,0,2,28.883380889892578,,,True
512,detail,1,1.0,27,0,28.772626876831055,1.882972002029419,4,False
512,detail,1,0.9,30,6,28.900659561157227,1.7735991477966309,3,False
512,detail,1,0.8,27,3,24.81146812438965,2.4608471393585205,3,False
512,detail,1,0.7,27,10,25.59309959411621,2.6422557830810547,2,False
512,detail,1,0.6,27,16,26.140928268432617,3.53653621673584,2,False
512,detail,2,1.0,71,0,30.310997009277344,1.781064510345459,4,False
512,detail,2,0.9,73,0,27.68083381652832,1.7836005687713623,3,False
512,detail,2,0.8,73,6,28.984708786010742,1.6407153606414795,3,False
512,detail,2,0.7,71,4,25.074148178100586,1.8635308742523193,2,False
512,detail,2,0.6,71,10,24.29543113708496,2.228872776031494,2,False
512,detail,3,1.0,8,0,29.145326614379883,1.5614674091339111,4,False
512,detail,3,0.9,0,6,29.00670623779297,1.3407022953033447,3,False
512,detail,3,0.8,22,3,24.659212112426758,2.1776554584503174,3,False
512,detail,3,0.7,6,10,25.14847183227539,2.3308985233306885,2,False
512,detail,3,0.6,24,10,23.486713409423828,4.788482666015625,2,True
513,coarse,1,0.3,20,0,20.135498046875,,,True
513,coarse,2,0.5,38,0,28.563858032226562,,,True
513,coarse,3,0.5,0,2,28.75794219970703,,,True
513,detail,1,1.0,27,0,28.715473175048828,1.899085521697998,4,False
513,detail,1,0.9,30,6,28.916290283203125,1.870192050933838,3,False
513,detail,1,0.8,27,3,24.772687911987305,2.455305337905884,3,False
513,detail,1,0.7,27,10,25.56743049621582,2.652796745300293,2,False
513,detail,1,0.6,41,16,26.79828453063965,2.4438822269439697,2,False
513,detail,2,1.0,71,0,30.32562255859375,1.701432466506958,4,False
513,detail,2,0.9,73,0,27.621074676513672,1.6723387241363525,3,False
513,detail,2,0.8,89,0,28.135698318481445,1.3324015140533447,3,False
513,detail,2,0.7,71,4,25.066993713378906,1.8760159015655518,2,False
513,detail,2,0.6,71,10,24.329042434692383,2.241271495819092,2,False
513,detail,3,1.0,0,0,29.082422256469727,1.51263427734375,4,False
513,detail,3,0.9,0,6,28.955991744995117,1.4029834270477295,3,False
513,detail,3,0.8,22,3,24.640155792236328,2.135554075241089,3,False
513,detail,3,0.7,6,10,25.090133666992188,2.4345245361328125,2,False
513,detail,3,0.6,24,10,23.4412841796875,4.850172996520996,2,True
514,coarse,1,0.3,18,0,19.75535011291504,,,True
514,coarse,2,0.3,38,2,20.992197036743164,,,True
514,detail,1,1.0,27,0,28.39628791809082,1.8525617122650146,4,False
514,detail,1,0.9,32,6,28.575830459594727,1.7871084213256836,3,False
514,detail,1,0.8,26,3,24.24400520324707,2.3459410667419434,3,False
514,detail,1,0.7,27,10,25.230077743530273,2.7320351600646973,2,False
514,detail,1,0.6,25,10,23.015865325927734,4.904910087585449,2,True
514,detail,2,1.0,71,0,30.33462905883789,1.628251075744629,4,False
514,detail,2,0.9,63,0,27.56525230407715,1.7844617366790771,3,False
514,detail,2,0.8,81,6,28.1229305267334,1.7270865440368652,3,False
514,detail,2,0.7,71,4,24.839332580566406,1.8365299701690674,2,False
514,detail,2,0.6,63,8,23.116416931152344,3.3848519325256348,2,False
515,coarse,1,0.3,20,0,19.632783889770508,,,True
515,coarse,2,0.5,0,2,28.259794235229492,,,True
515,coarse,3,0.5,38,0,28.42706871032715,,,True
515,detail,1,1.0,31,0,28.71489143371582,1.6917033195495605,4,False
515,detail,1,0.9,30,6,28.795787811279297,1.572336196899414,3,False
515,detail,1,0.8,45,0,26.258041381835938,1.891125202178955,3,False
515,detail,1,0.7,27,10,25.346572875976562,2.3512306213378906,2,False
515,detail,1,0.6,27,14,24.50592803955078,4.146292686462402,2,False
515,detail,2,1.0,0,0,28.41818618774414,1.7605385780334473,4,False
515,detail,2,0.9,0,6,28.627927780151367,1.5675342082977295,3,False
515,detail,2,0.8,22,3,24.537311553955078,1.9383292198181152,3,False
515,detail,2,0.7,22,8,24.081270217895508,3.4189236164093018,2,False
515,detail,2,0.6,26,10,22.9997615814209,4.5543975830078125,2,True
515,detail,3,1.0,75,0,29.635486602783203,1.8361790180206299,4,False
515,detail,3,0.9,73,0,27.737661361694336,1.6316807270050049,3,False
515,detail,3,0.8,82,0,27.97911834716797,1.7606053352355957,3,False
515,detail,3,0.7,69,2,24.93755340576172,2.518827438354492,2,False
515,detail,3,0.6,69,8,23.54149055480957,3.1677963733673096,2,False
516,coarse,1,0.3,20,0,19.627235412597656,,,True
516,coarse,2,0.5,0,2,28.181102752685547,,,True
516,coarse,3,0.5,38,0,28.372812271118164,,,True
516,detail,1,1.0,43,0,30.3776798248291,1.320040225982666,4,False
516,detail,1,0.9,33,6,28.60118293762207,1.4378674030303955,3,False
516,detail,1,0.8,27,3,24.32236671447754,2.205050468444824,3,False
516,detail,1,0.7,27,10,25.34609603881836,2.41095232963562,2,False
516,detail,1,0.6,27,12,23.496034622192383,4.5978899002075195,2,False
516,detail,2,1.0,0,0,28.300092697143555,1.7496075630187988,4,False
516,detail,2,0.9,0,6,28.546066284179688,1.584446668624878,3,False
516,detail,2,0.8,22,3,24.567584991455078,2.162432909011841,3,False
516,detail,2,0.7,22,8,24.13800811767578,3.550715684890747,2,False
516,detail,2,0.6,26,10,23.122474670410156,4.638817310333252,2,True
516,detail,3,1.0,83,8,30.720592498779297,1.6037437915802002,4,False
516,detail,3,0.9,76,0,27.578876495361328,1.8014202117919922,3,False
516,detail,3,0.8,89,0,28.014339447021484,1.5984625816345215,3,False
516,detail,3,0.7,71,2,24.67313575744629,2.538560152053833,2,False
516,detail,3,0.6,69,8,23.527116775512695,3.1202008724212646,2,False
517,coarse,1,0.3,20,0,20.98827362060547,,,True
517,coarse,2,0.3,40,2,22.215194702148438,,,True
517,coarse,3,0.5,0,2,29.419536590576172,,,True
517,detail,1,1.0,43,0,31.496768951416016,1.4500305652618408,4,False
517,detail,1,0.9,30,6,29.905120849609375,1.4826035499572754,3,False
517,detail,1,0.8,48,0,27.912193298339844,1.6630499362945557,3,False
517,detail,1,0.7,27,10,26.477249145507812,2.503497362136841,2,False
517,detail,1,0.6,27,12,24.6483097076416,4.466396331787109,2,False
517,detail,2,1.0,75,0,30.435251235961914,1.7988309860229492,4,False
517,detail,2,0.9,73,0,28.76604461669922,1.7091546058654785,3,False
517,detail,2,0.8,82,0,29.09602165222168,1.7189757823944092,3,False
517,detail,2,0.7,73,4,25.82640266418457,2.2760252952575684,2,False
517,detail,2,0.6,73,10,25.219022750854492,2.724437952041626,2,False
517,detail,3,1.0,0,0,29.636207580566406,1.7089927196502686,4,False
517,detail,3,0.9,0,6,30.093727111816406,1.8594529628753662,3,False
517,detail,3,0.8,22,3,25.747589111328125,2.1449248790740967,3,False
517,detail,3,0.7,24,6,24.665075302124023,4.1624979972839355,2,False
517,detail,3,0.6,26,10,24.306182861328125,4.473298072814941,2,True
518,coarse,1,0.3,20,0,21.100772857666016,,,True
518,coarse,2,0.3,40,2,22.318849563598633,,,True
518,coarse,3,0.5,0,2,28.980152130126953,,,True
518,detail,1,1.0,27,4,31.441387176513672,1.5833702087402344,4,False
518,detail,1,0.9,27,6,29.926528930664062,1.5912086963653564,3,False
518,detail,1,0.8,49,0,28.038536071777344,1.770371913909912,3,False
518,detail,1,0.7,27,10,26.338850021362305,2.55051589012146,2,False
518,detail,1,0.6,27,12,24.51795768737793,4.53327751159668,2,False
518,detail,2,1.0,85,8,31.726499557495117,1.4983503818511963,4,False
518,detail,2,0.9,73,0,28.88799285888672,1.7371244430541992,3,False
518,detail,2,0.8,82,6,29.138166427612305,1.9329562187194824,3,False
518,detail,2,0.7,73,4,25.97711944580078,2.3474607467651367,2,False
518,detail,2,0.6,71,10,25.744953155517578,2.779597520828247,2,False
518,detail,3,1.0,0,0,29.157499313354492,1.7250754833221436,4,False
518,detail,3,0.9,0,6,29.669527053833008,1.5288703441619873,3,False
518,detail,3,0.8,22,3,25.604694366455078,2.2731590270996094,3,False
518,detail,3,0.7,24,8,24.85641860961914,3.4905574321746826,2,False
518,detail,3,0.6,26,10,24.1341552734375,4.545738220214844,2,True
519,coarse,1,0.3,20,0,21.217945098876953,,,True
519,coarse,2,0.5,0,2,29.284374237060547,,,True
519,coarse,3,0.5,38,0,29.446823120117188,,,True
519,detail,1,1.0,27,0,29.358850479125977,1.7259399890899658,4,False
519,detail,1,0.9,30,6,29.95107650756836,1.5274059772491455,3,False
519,detail,1,0.8,27,3,25.60698890686035,2.355471611022949,3,False
519,detail,1,0.7,27,10,26.604154586791992,2.543210744857788,2,False
519,detail,1,0.6,27,10,24.32002830505371,4.534806251525879,2,False
519,detail,2,1.0,0,0,29.431081771850586,1.657296895980835,4,False
519,detail,2,0.9,0,6,29.957298278808594,1.4320461750030518,3,False
519,detail,2,0.8,22,3,25.96359634399414,2.267103433609009,3,False
519,detail,2,0.7,24,6,24.824663162231445,4.279878616333008,2,False
519,detail,2,0.6,27,10,24.320026397705078,4.534806251525879,2,True
519,detail,3,1.0,67,0,32.481868743896484,1.599722146987915,4,False
519,detail,3,0.9,67,0,29.352807998657227,1.4169621467590332,3,False
519,detail,3,0.8,89,0,29.565826416015625,1.5283875465393066,3,False
519,detail,3,0.7,73,4,26.275657653808594,2.2580816745758057,2,False
519,detail,3,0.6,75,12,27.76321792602539,2.130577325820923,2,False
520,coarse,1,0.3,20,0,21.45710563659668,,,True
520,coarse,2,0.3,40,2,22.843345642089844,,,True
520,coarse,3,0.5,0,2,29.758544921875,,,True
520,detail,1,1.0,27,4,32.046363830566406,1.6934607028961182,4,False
520,detail,1,0.9,27,6,30.731647491455078,1.662029504776001,3,False
520,detail,1,0.8,27,3,26.06934356689453,2.333324432373047,3,False
520,detail,1,0.7,27,10,27.08978843688965,2.4483306407928467,2,False
520,detail,1,0.6,27,12,25.240610122680664,4.338496208190918,2,False
520,detail,2,1.0,67,0,32.91529083251953,1.5538430213928223,4,False
520,detail,2,0.9,67,0,29.881019592285156,1.3778338432312012,3,False
520,detail,2,0.8,73,0,30.81532859802246,1.7696034908294678,3,False
520,detail,2,0.7,73,4,26.840600967407227,2.090076446533203,2,False
520,detail,2,0.6,73,10,26.450288772583008,2.4647722244262695,2,False
520,detail,3,1.0,0,0,29.87671661376953,1.5827951431274414,4,False
520,detail,3,0.9,0,6,30.45626449584961,1.358210563659668,3,False
520,detail,3,0.8,22,3,26.469453811645508,2.211014986038208,3,False
520,detail,3,0.7,24,6,25.32001495361328,4.168349266052246,2,False
520,detail,3,0.6,26,10,25.025310516357422,4.318300247192383,2,True
521,coarse,1,0.3,20,0,21.562837600708008,,,True
521,coarse,2,0.3,40,2,22.91364860534668,,,True
521,coarse,3,0.5,0,2,29.865140914916992,,,True
521,detail,1,1.0,27,4,32.205631256103516,1.6588191986083984,4,False
521,detail,1,0.9,27,6,31.01836585998535,1.6351873874664307,3,False
521,detail,1,0.8,27,3,26.243043899536133,2.3554654121398926,3,False
521,detail,1,0.7,27,10,27.250455856323242,2.5217907428741455,2,False
521,detail,1,0.6,27,12,25.46752166748047,4.430014610290527,2,False
521,detail,2,1.0,85,12,32.79182815551758,1.5348334312438965,4,False
521,detail,2,0.9,76,0,29.25621795654297,1.9051234722137451,3,False
521,detail,2,0.8,89,0,30.286962509155273,1.8355023860931396,3,False
521,detail,2,0.7,73,2,26.718847274780273,2.7709920406341553,2,False
521,detail,2,0.6,71,8,25.75300407409668,3.4318220615386963,2,False
521,detail,3,1.0,0,0,30.081298828125,1.5029103755950928,4,False
521,detail,3,0.9,3,6,30.5661563873291,1.3312599658966064,3,False
521,detail,3,0.8,22,3,26.753156661987305,2.2769596576690674,3,False
521,detail,3,0.7,24,6,25.627887725830078,4.276761054992676,2,False
521,detail,3,0.6,26,10,25.332124710083008,4.382153511047363,2,True
522,coarse,1,0.3,20,0,21.699552536010742,,,True
522,coarse,2,0.5,0,2,30.080101013183594,,,True
522,coarse,3,0.5,38,0,30.231550216674805,,,True
522,detail,1,1.0,27,4,32.40020751953125,1.542602777481079,4,False
522,detail,1,0.9,27,6,31.29036521911621,1.515270709991455,3,False
522,detail,1,0.8,27,6,30.80653190612793,1.625884771347046,3,False
522,detail,1,0.7,29,12,28.611406326293945,2.327613353729248,2,False
522,detail,1,0.6,27,14,26.404823303222656,4.071829795837402,2,False
522,detail,2,1.0,0,0,30.34503936767578,1.275413990020752,4,False
522,detail,2,0.9,3,6,30.65243148803711,1.2895686626434326,3,False
522,detail,2,0.8,22,3,26.918508529663086,2.2433347702026367,3,False
522,detail,2,0.7,20,8,26.32271957397461,3.345729351043701,2,False
522,detail,2,0.6,24,12,25.970895767211914,4.243967056274414,2,False
522,detail,3,1.0,75,0,31.757200241088867,2.0215513706207275,4,False
522,detail,3,0.9,76,0,29.49831199645996,1.9721267223358154,3,False
522,detail,3,0.8,79,6,30.357444763183594,2.0400426387786865,3,False
522,detail,3,0.7,75,2,26.68875503540039,2.9534175395965576,2,False
522,detail,3,0.6,71,8,25.843704223632812,3.7663583755493164,2,True
523,coarse,1,0.3,20,0,22.494070053100586,,,True
523,coarse,2,0.3,40,2,23.768877029418945,,,True
523,coarse,3,0.5,0,2,30.94590950012207,,,True
523,detail,1,1.0,27,0,30.785266876220703,1.654686689376831,4,False
523,detail,1,0.9,27,6,31.92610740661621,1.4627459049224854,3,False
523,detail,1,0.8,27,3,27.091182708740234,2.204366445541382,3,False
523,detail,1,0.7,27,10,28.069652557373047,2.4238011837005615,2,False
523,detail,1,0.6,27,12,26.27593994140625,4.269311904907227,2,False
523,detail,2,1.0,75,0,32.66916275024414,1.934507131576538,4,False
523,detail,2,0.9,76,0,30.396474838256836,1.8938159942626953,3,False
523,detail,2,0.8,85,6,30.790346145629883,2.2137670516967773,3,False
523,detail,2,0.7,73,2,27.720727920532227,2.9750187397003174,2,False
523,detail,2,0.6,67,8,26.561967849731445,3.759958028793335,2,False
523,detail,3,1.0,0,0,31.179466247558594,1.681769847869873,4,False
523,detail,3,0.9,3,6,31.34324073791504,1.511798620223999,3,False
523,detail,3,0.8,22,3,27.80009651184082,2.1117501258850098,3,False
523,detail,3,0.7,10,10,27.90093421936035,2.4731593132019043,2,False
523,detail,3,0.6,26,10,26.226398468017578,4.290473937988281,2,True
524,coarse,1,0.3,20,0,22.411521911621094,,,True
524,coarse,2,0.3,40,2,23.572669982910156,,,True
524,coarse,3,0.5,0,2,30.932266235351562,,,True
524,detail,1,1.0,27,0,30.71440887451172,1.7344520092010498,4,False
524,detail,1,0.9,36,6,31.226160049438477,1.3824131488800049,3,False
524,detail,1,0.8,27,3,26.945716857910156,2.26149845123291,3,False
524,detail,1,0.7,27,10,27.930036544799805,2.3579585552215576,2,False
524,detail,1,0.6,27,14,26.989797592163086,3.885511636734009,2,False
524,detail,2,1.0,75,0,32.63113784790039,1.8580329418182373,4,False
524,detail,2,0.9,76,0,30.306819915771484,1.8011839389801025,3,False
524,detail,2,0.8,79,6,30.854318618774414,1.919607162475586,3,False
524,detail,2,0.7,75,4,27.68569564819336,2.414337158203125,2,False
524,detail,2,0.6,67,8,26.451082229614258,4.084906578063965,2,False
524,detail,3,1.0,4,0,31.221511840820312,1.6512587070465088,4,False
524,detail,3,0.9,3,6,31.291460037231445,1.5119616985321045,3,False
524,detail,3,0.8,22,3,27.73169708251953,2.084967851638794,3,False
524,detail,3,0.7,20,8,27.0087833404541,3.123100757598877,2,False
524,detail,3,0.6,26,12,26.283756256103516,4.195682048797607,2,True
