frame,stage,roi,template_scale,x,y,score,variance_distance,stride,selected
1,coarse,1,0.3,36,24,27.43181800842285,,,True
1,coarse,2,0.3,64,8,31.22870635986328,,,True
1,detail,1,1.0,67,25,33.87748336791992,1.2635855674743652,4,False
1,detail,1,0.9,68,26,31.008586883544922,1.4432799816131592,3,False
1,detail,1,0.8,68,35,29.803735733032227,1.5854129791259766,3,False
1,detail,1,0.7,71,43,28.466285705566406,2.2956607341766357,2,True
1,detail,1,0.6,71,51,29.067705154418945,1.9743218421936035,2,False
1,detail,2,0.9,115,18,42.379615783691406,1.2446389198303223,3,False
1,detail,2,0.8,118,27,40.699180603027344,1.2088088989257812,3,False
1,detail,2,0.7,119,30,37.708168029785156,1.28159761428833,2,False
1,detail,2,0.6,121,38,38.892948150634766,1.3228809833526611,2,False
2,coarse,1,0.3,36,24,27.380645751953125,,,True
2,coarse,2,0.3,64,8,31.22870635986328,,,True
2,detail,1,1.0,67,25,33.890037536621094,1.3180830478668213,4,False
2,detail,1,0.9,68,26,31.0294189453125,1.505652666091919,3,False
2,detail,1,0.8,68,35,29.809219360351562,1.6463055610656738,3,False
2,detail,1,0.7,71,43,28.44474220275879,2.353530168533325,2,True
2,detail,1,0.6,71,51,29.03068733215332,2.041900873184204,2,False
2,detail,2,0.9,115,18,42.374656677246094,1.2435894012451172,3,False
2,detail,2,0.8,118,24,38.32048797607422,1.1270885467529297,3,False
2,detail,2,0.7,119,30,37.71817398071289,1.2864367961883545,2,False
2,detail,2,0.6,121,38,38.88046646118164,1.3300974369049072,2,False
3,coarse,1,0.3,36,24,27.557849884033203,,,True
3,coarse,2,0.3,64,8,31.196725845336914,,,True
3,detail,1,1.0,67,21,33.91350173950195,1.2859034538269043,4,False
3,detail,1,0.9,68,26,31.042245864868164,1.4541075229644775,3,False
3,detail,1,0.8,68,35,29.89217185974121,1.5896937847137451,3,False
3,detail,1,0.7,71,43,28.5902042388916,2.311075448989868,2,True
3,detail,1,0.6,71,51,29.206493377685547,2.0082290172576904,2,False
3,detail,2,0.9,115,18,42.37883758544922,1.2658450603485107,3,False
3,detail,2,0.8,118,24,38.30084991455078,1.1582489013671875,3,False
3,detail,2,0.7,121,30,37.36635208129883,1.0902087688446045,2,False
3,detail,2,0.6,121,38,38.82997131347656,1.3816680908203125,2,False
4,coarse,1,0.3,36,24,27.72394561767578,,,True
4,coarse,2,0.3,64,8,31.18528175354004,,,True
4,detail,1,1.0,67,21,34.01795959472656,1.3024945259094238,4,False
4,detail,1,0.9,68,26,31.129302978515625,1.4798266887664795,3,False
4,detail,1,0.8,68,35,30.033906936645508,1.6098854541778564,3,False
4,detail,1,0.7,71,43,28.734987258911133,2.3443140983581543,2,True
4,detail,1,0.6,71,51,29.36075782775879,2.0173966884613037,2,False
4,detail,2,0.9,115,18,42.56962966918945,1.2644355297088623,3,False
4,detail,2,0.8,118,24,38.51034927368164,1.1384975910186768,3,False
4,detail,2,0.7,121,30,37.4935188293457,1.0855398178100586,2,False
4,detail,2,0.6,121,38,38.99925994873047,1.375950574874878,2,False
5,coarse,1,0.3,36,24,27.776580810546875,,,True
5,coarse,2,0.3,64,8,31.08611488342285,,,True
5,detail,1,1.0,67,21,33.98207473754883,1.317561388015747,4,False
5,detail,1,0.9,68,26,31.08607292175293,1.4743046760559082,3,False
5,detail,1,0.8,68,35,30.06024169921875,1.6045777797698975,3,False
5,detail,1,0.7,71,43,28.798532485961914,2.306381940841675,2,True
5,detail,1,0.6,71,51,29.44455909729004,1.9980056285858154,2,False
5,detail,2,0.9,115,15,40.5087776184082,1.1631789207458496,3,False
5,detail,2,0.8,118,24,38.415592193603516,1.1583926677703857,3,False
5,detail,2,0.7,121,30,37.42909622192383,1.106743335723877,2,False
5,detail,2,0.6,121,38,38.953792572021484,1.3869318962097168,2,False
6,coarse,1,0.3,36,24,27.767107009887695,,,True
6,coarse,2,0.3,64,8,31.08611488342285,,,True
6,detail,1,1.0,67,21,33.948429107666016,1.3234894275665283,4,False
6,detail,1,0.9,68,26,31.056241989135742,1.4796786308288574,3,False
6,detail,1,0.8,68,35,30.06980323791504,1.6090114116668701,3,False
6,detail,1,0.7,71,43,28.81378746032715,2.308744192123413,2,True
6,detail,1,0.6,71,51,29.5228271484375,2.000377893447876,2,False
6,detail,2,0.9,115,15,40.49579620361328,1.171457290649414,3,False
6,detail,2,0.8,118,24,38.46952819824219,1.164947271347046,3,False
6,detail,2,0.7,121,30,37.44650650024414,1.1104316711425781,2,False
6,detail,2,0.6,121,38,39.02579879760742,1.3906950950622559,2,False
7,coarse,1,0.3,36,24,27.568655014038086,,,True
7,coarse,2,0.3,64,8,31.13179588317871,,,True
7,detail,1,1.0,67,21,33.88042449951172,1.3097319602966309,4,False
7,detail,1,0.9,68,26,30.878738403320312,1.4565112590789795,3,False
7,detail,1,0.8,68,35,30.051536560058594,1.6150879859924316,3,False
7,detail,1,0.7,71,43,28.769832611083984,2.277985095977783,2,True
7,detail,1,0.6,71,51,29.542673110961914,2.0759878158569336,2,False
7,detail,2,0.9,115,15,40.62126541137695,1.2047176361083984,3,False
7,detail,2,0.8,118,21,38.05297088623047,1.1361944675445557,3,False
7,detail,2,0.7,121,30,37.5091667175293,1.1620211601257324,2,False
7,detail,2,0.6,121,38,39.16843795776367,1.4294538497924805,2,False
8,coarse,1,0.3,36,24,27.454654693603516,,,True
8,coarse,2,0.3,66,2,31.14535903930664,,,True
8,detail,1,1.0,67,21,33.71328353881836,1.2597498893737793,4,False
8,detail,1,0.9,68,26,30.686721801757812,1.4120900630950928,3,False
8,detail,1,0.8,68,35,29.928651809692383,1.5741698741912842,3,False
8,detail,1,0.7,71,43,28.72308349609375,2.2045013904571533,2,True
8,detail,1,0.6,71,49,29.320392608642578,2.0615251064300537,2,False
8,detail,2,0.8,119,27,40.57189178466797,1.1941990852355957,3,False
8,detail,2,0.7,121,30,37.47840881347656,1.1277029514312744,2,False
8,detail,2,0.6,121,36,39.06389236450195,1.2982468605041504,2,False
9,coarse,1,0.3,36,24,27.155061721801758,,,True
9,coarse,2,0.3,66,2,31.076934814453125,,,True
9,detail,1,1.0,67,21,33.5823974609375,1.3189854621887207,4,False
9,detail,1,0.9,68,26,30.550277709960938,1.487036943435669,3,False
9,detail,1,0.8,68,35,29.892803192138672,1.6957337856292725,3,False
9,detail,1,0.7,71,43,28.720073699951172,2.325471878051758,2,True
9,detail,1,0.6,71,49,29.138986587524414,2.039530038833618,2,False
9,detail,2,0.8,119,27,40.543521881103516,1.221236228942871,3,False
9,detail,2,0.7,121,30,37.355262756347656,1.0762500762939453,2,False
9,detail,2,0.6,121,36,38.790000915527344,1.240065097808838,2,False
10,coarse,1,0.3,36,24,27.433828353881836,,,True
10,coarse,2,0.3,66,2,30.865478515625,,,True
10,detail,1,1.0,67,21,33.877655029296875,1.3648128509521484,4,False
10,detail,1,0.9,68,26,30.89348030090332,1.4654836654663086,3,False
10,detail,1,0.8,68,35,30.175764083862305,1.685614824295044,3,False
10,detail,1,0.7,71,43,29.085857391357422,2.3029651641845703,2,True
10,detail,1,0.6,71,49,29.267305374145508,2.094306468963623,2,False
10,detail,2,0.8,119,21,36.9976921081543,1.1847259998321533,3,False
10,detail,2,0.7,121,30,37.59334945678711,1.3234057426452637,2,False
10,detail,2,0.6,127,44,38.428165435791016,1.286595106124878,2,False
11,coarse,1,0.3,36,24,28.915300369262695,,,True
11,coarse,2,0.4,64,10,35.32065963745117,,,True
11,detail,1,1.0,67,21,35.870845794677734,1.3960292339324951,4,False
11,detail,1,0.9,68,26,32.90976333618164,1.5514588356018066,3,False
11,detail,1,0.8,68,35,32.28840255737305,1.7834606170654297,3,False
11,detail,1,0.7,71,41,30.908605575561523,2.48675799369812,2,False
11,detail,1,0.6,71,49,30.73968505859375,2.1794216632843018,2,True
11,detail,2,0.9,117,18,42.6192512512207,1.2674906253814697,3,False
11,detail,2,0.8,120,24,41.188167572021484,1.1892297267913818,3,False
11,detail,2,0.7,121,29,39.91495132446289,1.2741682529449463,2,False
11,detail,2,0.6,127,43,40.40121078491211,1.2252895832061768,2,False
12,coarse,1,0.3,36,24,29.84806251525879,,,True
12,coarse,2,0.4,64,10,36.65452194213867,,,True
12,detail,1,1.0,67,21,36.81679153442383,1.4204316139221191,4,False
12,detail,1,0.9,68,26,33.76249694824219,1.5464277267456055,3,False
12,detail,1,0.8,68,35,33.119300842285156,1.810927152633667,3,False
12,detail,1,0.7,71,41,31.61404800415039,2.5450615882873535,2,False
12,detail,1,0.6,71,49,31.503799438476562,2.2878501415252686,2,True
12,detail,2,0.8,117,21,43.01131820678711,1.059983491897583,3,False
12,detail,2,0.7,121,29,41.399024963378906,1.074192762374878,2,False
12,detail,2,0.6,127,43,41.796897888183594,1.2077302932739258,2,False
13,coarse,1,0.3,36,24,30.412696838378906,,,True
13,coarse,2,0.4,66,10,36.95639419555664,,,True
13,detail,1,1.0,67,21,37.20104217529297,1.9722073078155518,4,False
13,detail,1,0.9,68,26,34.14347839355469,2.1088597774505615,3,False
13,detail,1,0.8,68,35,33.4351692199707,2.367927074432373,3,False
13,detail,1,0.7,71,41,31.722640991210938,2.999112844467163,2,False
13,detail,1,0.6,71,49,31.706928253173828,2.6867663860321045,2,True
13,detail,2,0.8,120,24,43.216739654541016,1.167917251586914,3,False
13,detail,2,0.7,120,29,41.29457092285156,1.3904120922088623,2,False
13,detail,2,0.6,126,43,43.027034759521484,1.12384033203125,2,False
14,coarse,1,0.3,36,24,30.368486404418945,,,True
14,coarse,2,0.4,64,10,36.91901779174805,,,True
14,detail,1,1.0,67,21,37.254295349121094,1.9372663497924805,4,False
14,detail,1,0.9,68,26,34.304786682128906,2.0633466243743896,3,False
14,detail,1,0.8,68,35,33.55702590942383,2.3219501972198486,3,False
14,detail,1,0.7,71,41,31.675294876098633,2.9925522804260254,2,False
14,detail,1,0.6,71,49,31.545589447021484,2.69579815864563,2,True
14,detail,2,1.0,117,11,44.75535583496094,1.3275837898254395,4,False
14,detail,2,0.9,117,15,42.69213104248047,1.409515619277954,3,False
14,detail,2,0.8,117,21,43.2935676574707,1.5757818222045898,3,False
14,detail,2,0.7,121,29,41.77030944824219,1.1630043983459473,2,False
14,detail,2,0.6,121,35,43.1563720703125,1.4287068843841553,2,False
15,coarse,1,0.3,36,24,30.32611656188965,,,True
15,coarse,2,0.4,66,10,37.2059211730957,,,True
15,detail,1,1.0,67,21,37.120731353759766,1.9095520973205566,4,False
15,detail,1,0.9,68,26,34.23014450073242,2.0396788120269775,3,False
15,detail,1,0.8,68,32,33.10465621948242,2.308152437210083,3,False
15,detail,1,0.7,71,41,31.52053451538086,2.9681968688964844,2,False
15,detail,1,0.6,71,49,31.449678421020508,2.686001777648926,2,True
15,detail,2,0.8,120,21,41.60148620605469,1.1460509300231934,3,False
15,detail,2,0.7,120,29,41.632598876953125,1.4459269046783447,2,False
15,detail,2,0.6,126,47,42.85550308227539,1.1994731426239014,2,False
16,coarse,1,0.3,36,24,30.198211669921875,,,True
16,coarse,2,0.4,66,10,37.327842712402344,,,True
16,detail,1,1.0,67,21,36.88979721069336,2.003443956375122,4,False
16,detail,1,0.9,68,26,33.98147201538086,2.145719289779663,3,False
16,detail,1,0.8,68,32,32.68647766113281,2.4213507175445557,3,False
16,detail,1,0.7,71,41,31.256275177001953,3.02152943611145,2,False
16,detail,1,0.6,71,49,31.233198165893555,2.7596452236175537,2,True
16,detail,2,0.9,120,24,45.33542251586914,1.3046526908874512,3,False
16,detail,2,0.8,120,21,41.7266731262207,1.2276995182037354,3,False
16,detail,2,0.7,120,29,41.77684783935547,1.5240638256072998,2,False
16,detail,2,0.6,136,37,40.24110794067383,1.2393641471862793,2,False
17,coarse,1,0.3,36,24,30.553232192993164,,,True
17,coarse,2,0.4,66,10,37.315799713134766,,,True
17,detail,1,1.0,67,21,37.250099182128906,1.9687860012054443,4,False
17,detail,1,0.9,68,26,34.377166748046875,2.123680830001831,3,False
17,detail,1,0.8,68,32,33.036128997802734,2.406886577606201,3,False
17,detail,1,0.7,71,41,31.64002227783203,3.005169153213501,2,False
17,detail,1,0.6,71,49,31.42970085144043,2.7549588680267334,2,True
17,detail,2,0.9,120,18,44.53065872192383,1.3315260410308838,3,False
17,detail,2,0.8,120,21,41.77557373046875,1.2637836933135986,3,False
17,detail,2,0.7,120,29,41.93294143676758,1.5566346645355225,2,False
17,detail,2,0.6,136,37,40.21393966674805,1.3520832061767578,2,False
18,coarse,1,0.3,36,24,30.204944610595703,,,True
18,coarse,2,0.4,66,10,36.881465911865234,,,True
18,detail,1,1.0,67,21,36.82069778442383,2.0100793838500977,4,False
18,detail,1,0.9,68,26,34.04543685913086,2.1682496070861816,3,False
18,detail,1,0.8,68,32,32.359458923339844,2.456922769546509,3,False
18,detail,1,0.7,71,41,31.274274826049805,3.078132390975952,2,False
18,detail,1,0.6,71,49,30.883808135986328,2.834491729736328,2,True
18,detail,2,0.9,120,18,44.195804595947266,1.3036081790924072,3,False
18,detail,2,0.8,120,21,41.36021423339844,1.2628819942474365,3,False
18,detail,2,0.7,120,29,41.4948844909668,1.5387518405914307,2,False
18,detail,2,0.6,136,37,39.676734924316406,1.3197221755981445,2,False
19,coarse,1,0.4,34,16,30.20402717590332,,,True
19,coarse,2,0.4,66,10,36.33406448364258,,,True
19,detail,1,1.0,65,19,38.11986541748047,2.017317295074463,4,False
19,detail,1,0.9,66,24,35.043663024902344,2.340975284576416,3,False
19,detail,1,0.8,69,33,30.910837173461914,2.571140766143799,3,True
19,detail,1,0.7,71,41,31.262264251708984,3.1068520545959473,2,False
19,detail,1,0.6,71,49,30.958297729492188,2.8600099086761475,2,False
19,detail,2,0.9,120,18,43.545318603515625,1.3280506134033203,3,False
19,detail,2,0.8,120,21,40.718353271484375,1.3012633323669434,3,False
19,detail,2,0.7,120,29,40.7094612121582,1.581477403640747,2,False
19,detail,2,0.6,136,37,39.25333786010742,1.2189357280731201,2,False
20,coarse,1,0.4,34,16,29.70621109008789,,,True
20,coarse,2,0.3,64,6,33.47884750366211,,,True
20,detail,1,1.0,65,19,37.58821105957031,2.0338501930236816,4,False
20,detail,1,0.9,66,24,34.43021011352539,2.342897415161133,3,False
20,detail,1,0.8,69,33,30.687747955322266,2.6032817363739014,3,False
20,detail,1,0.7,69,41,31.08159828186035,2.5458672046661377,2,False
20,detail,1,0.6,71,49,30.631633758544922,2.876145362854004,2,True
20,detail,2,1.0,115,4,42.09098434448242,1.340893030166626,4,False
20,detail,2,0.9,118,12,40.52669906616211,1.410076379776001,3,False
20,detail,2,0.8,118,21,40.079933166503906,1.6039226055145264,3,False
20,detail,2,0.7,119,28,40.213504791259766,1.7376327514648438,2,False
20,detail,2,0.6,135,38,39.93075180053711,1.0932559967041016,2,False
21,coarse,1,0.4,34,16,29.165369033813477,,,True
21,coarse,2,0.3,64,6,32.888458251953125,,,True
21,detail,1,1.0,65,19,36.8858642578125,1.9370396137237549,4,False
21,detail,1,0.9,66,24,33.721778869628906,2.262075424194336,3,False
21,detail,1,0.8,69,33,30.473791122436523,2.56632661819458,3,True
21,detail,1,0.7,69,41,30.685272216796875,2.6705703735351562,2,False
21,detail,1,0.6,71,49,30.592988967895508,2.988236665725708,2,False
21,detail,2,1.0,115,8,42.50705337524414,1.3465509414672852,4,False
21,detail,2,0.9,118,12,39.90772247314453,1.3506782054901123,3,False
21,detail,2,0.8,118,21,39.45880889892578,1.5559422969818115,3,False
21,detail,2,0.7,119,28,39.65608215332031,1.7108733654022217,2,False
21,detail,2,0.6,123,36,40.7818717956543,1.0198283195495605,2,False
22,coarse,1,0.4,34,16,28.57437515258789,,,True
22,coarse,2,0.3,64,6,31.768884658813477,,,True
22,detail,1,1.0,65,19,36.21430969238281,1.9561395645141602,4,False
22,detail,1,0.9,66,24,32.9748420715332,2.269742012023926,3,False
22,detail,1,0.8,69,33,30.239709854125977,2.58034086227417,3,False
22,detail,1,0.7,69,41,30.084915161132812,2.723933696746826,2,True
22,detail,1,0.6,71,49,30.453105926513672,3.000417470932007,2,False
22,detail,2,1.0,115,4,40.43405532836914,1.282339334487915,4,False
22,detail,2,0.9,118,12,38.94673538208008,1.3737435340881348,3,False
22,detail,2,0.8,118,21,38.553436279296875,1.5731546878814697,3,False
22,detail,2,0.7,119,28,38.779052734375,1.7270705699920654,2,False
22,detail,2,0.6,123,36,40.053627014160156,0.9839229583740234,2,False
23,coarse,1,0.4,34,16,28.09429931640625,,,True
23,coarse,2,0.3,64,6,31.395832061767578,,,True
23,detail,1,1.0,65,19,35.578182220458984,1.8699367046356201,4,False
23,detail,1,0.9,66,24,32.30677795410156,2.1814699172973633,3,False
23,detail,1,0.8,69,33,30.03138542175293,2.5319437980651855,3,False
23,detail,1,0.7,69,41,29.635934829711914,2.769282579421997,2,True
23,detail,1,0.6,69,35,30.131755828857422,2.4311678409576416,2,False
23,detail,2,1.0,115,8,41.05095291137695,1.3445744514465332,4,False
23,detail,2,0.9,118,12,38.555240631103516,1.3439791202545166,3,False
23,detail,2,0.8,118,21,38.046539306640625,1.5495688915252686,3,False
23,detail,2,0.7,119,28,38.165557861328125,1.6832160949707031,2,False
23,detail,2,0.6,121,36,39.475677490234375,1.3940622806549072,2,False
24,coarse,1,0.4,34,16,27.846092224121094,,,True
24,coarse,2,0.3,64,6,31.16329574584961,,,True
24,detail,1,1.0,65,19,35.16048049926758,1.8191134929656982,4,False
24,detail,1,0.9,66,24,31.910400390625,2.1240596771240234,3,False
24,detail,1,0.8,69,33,29.887285232543945,2.4678268432617188,3,False
24,detail,1,0.7,69,41,29.448320388793945,2.7387399673461914,2,True
24,detail,1,0.6,69,35,29.62579917907715,2.4819083213806152,2,False
24,detail,2,1.0,115,4,39.70061111450195,1.3401837348937988,4,False
24,detail,2,0.9,118,12,38.318878173828125,1.3714649677276611,3,False
24,detail,2,0.8,118,21,37.81660461425781,1.5553693771362305,3,False
24,detail,2,0.7,119,28,38.01724624633789,1.7041726112365723,2,False
24,detail,2,0.6,121,36,39.60279083251953,1.401632308959961,2,False
25,coarse,1,0.4,34,16,27.297157287597656,,,True
25,coarse,2,0.3,64,6,30.658069610595703,,,True
25,detail,1,1.0,65,19,34.54507064819336,1.2689239978790283,4,False
25,detail,1,0.9,66,24,31.233274459838867,1.5216927528381348,3,False
25,detail,1,0.8,69,33,29.801939010620117,1.941957712173462,3,False
25,detail,1,0.7,69,41,28.75091552734375,2.2729156017303467,2,True
25,detail,1,0.6,69,41,29.400981903076172,2.087249279022217,2,False
25,detail,2,0.8,115,21,40.272090911865234,1.13148832321167,3,False
25,detail,2,0.7,119,28,36.93177032470703,1.139859914779663,2,False
25,detail,2,0.6,119,36,38.524940490722656,1.4292995929718018,2,False
26,coarse,1,0.4,34,16,27.319150924682617,,,True
26,coarse,2,0.3,64,6,30.658069610595703,,,True
26,detail,1,1.0,65,19,34.415626525878906,1.2755849361419678,4,False
26,detail,1,0.9,66,24,31.111202239990234,1.530200481414795,3,False
26,detail,1,0.8,69,33,29.91558265686035,1.9611966609954834,3,False
26,detail,1,0.7,69,41,28.701570510864258,2.305236577987671,2,True
26,detail,1,0.6,69,41,29.445199966430664,2.1095361709594727,2,False
26,detail,2,0.8,115,21,40.19255065917969,1.1446564197540283,3,False
26,detail,2,0.7,119,28,36.9791145324707,1.1531383991241455,2,False
26,detail,2,0.6,119,36,38.51665496826172,1.4450736045837402,2,False
27,coarse,1,0.3,34,20,26.878463745117188,,,True
27,coarse,2,0.3,64,6,30.455970764160156,,,True
27,detail,1,1.0,67,23,34.10578918457031,1.3249571323394775,4,False
27,detail,1,0.9,67,24,30.779809951782227,1.5973646640777588,3,False
27,detail,1,0.8,67,33,28.161745071411133,1.737142562866211,3,True
27,detail,1,0.7,69,41,28.262781143188477,2.332932710647583,2,False
27,detail,1,0.6,69,41,28.77631187438965,2.1615545749664307,2,False
27,detail,2,0.8,115,21,39.259300231933594,1.1588375568389893,3,False
27,detail,2,0.7,119,28,36.368202209472656,1.1671726703643799,2,False
27,detail,2,0.6,119,36,37.8047981262207,1.4550228118896484,2,False
28,coarse,1,0.3,34,20,26.040163040161133,,,True
28,coarse,2,0.3,64,6,29.29242706298828,,,True
28,detail,1,1.0,67,23,33.477699279785156,1.3249461650848389,4,False
28,detail,1,0.9,67,24,30.083160400390625,1.6163454055786133,3,False
28,detail,1,0.8,67,33,27.325721740722656,1.7748785018920898,3,True
28,detail,1,0.7,69,41,27.71381950378418,2.397480010986328,2,False
28,detail,1,0.6,69,41,28.105741500854492,2.262261152267456,2,False
28,detail,2,0.8,115,21,38.54408645629883,1.1750986576080322,3,False
28,detail,2,0.7,119,28,35.65185546875,1.2209718227386475,2,False
28,detail,2,0.6,119,36,37.21458053588867,1.5053184032440186,2,False
29,coarse,1,0.3,34,20,25.59893798828125,,,True
29,coarse,2,0.3,64,6,28.965625762939453,,,True
29,detail,1,1.0,67,23,33.42012023925781,1.2046418190002441,4,False
29,detail,1,0.9,67,24,29.974407196044922,1.4581353664398193,3,False
29,detail,1,0.8,67,33,26.86420249938965,1.6197218894958496,3,True
29,detail,1,0.7,69,41,27.57375144958496,2.2731733322143555,2,False
29,detail,1,0.6,69,41,27.73116111755371,2.208226442337036,2,False
29,detail,2,0.9,115,24,40.028411865234375,1.2789943218231201,3,False
29,detail,2,0.8,118,24,37.93199920654297,1.2245244979858398,3,False
29,detail,2,0.7,119,28,35.48641586303711,1.2869620323181152,2,False
29,detail,2,0.6,119,36,37.32819366455078,1.5913615226745605,2,False
30,coarse,1,0.3,34,20,24.901227951049805,,,True
30,coarse,2,0.3,64,6,28.465377807617188,,,True
30,coarse,3,0.3,6,2,28.927370071411133,,,True
30,detail,1,1.0,67,23,32.94029998779297,1.4425556659698486,4,False
30,detail,1,0.9,67,24,29.458858489990234,1.704667568206787,3,False
30,detail,1,0.8,67,33,26.035987854003906,1.8660993576049805,3,True
30,detail,1,0.7,69,41,26.986207962036133,2.5122642517089844,2,False
30,detail,1,0.6,69,41,27.155515670776367,2.3801162242889404,2,False
30,detail,2,0.8,115,21,37.13176345825195,1.1940534114837646,3,False
30,detail,2,0.7,119,28,34.60093307495117,1.2290599346160889,2,False
30,detail,2,0.6,119,36,36.581275939941406,1.5241997241973877,2,False
30,detail,3,1.0,18,8,42.55740737915039,1.6139369010925293,4,False
30,detail,3,0.9,9,0,38.009620666503906,0.4122035503387451,3,False
30,detail,3,0.8,22,6,36.9279670715332,1.152505874633789,3,False
30,detail,3,0.7,25,12,34.275718688964844,1.392932653427124,2,False
30,detail,3,0.6,27,22,32.7541618347168,1.7199037075042725,2,False
31,coarse,1,0.3,34,20,24.597253799438477,,,True
31,coarse,2,0.3,64,6,28.29969596862793,,,True
31,coarse,3,0.3,6,2,28.862518310546875,,,True
31,detail,1,1.0,67,23,33.0428581237793,1.2586805820465088,4,False
31,detail,1,0.9,67,24,29.385902404785156,1.5200824737548828,3,False
31,detail,1,0.8,67,33,25.686777114868164,1.7375881671905518,3,True
31,detail,1,0.7,69,41,26.945999145507812,2.421755313873291,2,False
31,detail,1,0.6,69,41,26.918134689331055,2.2042133808135986,2,False
31,detail,2,0.7,117,28,34.819149017333984,1.232447862625122,2,False
31,detail,2,0.6,119,36,36.1110954284668,1.3025829792022705,2,False
31,detail,3,1.0,18,8,42.585758209228516,1.699998378753662,4,False
31,detail,3,0.9,9,0,38.037513732910156,0.3534369468688965,3,False
31,detail,3,0.8,22,6,36.59823226928711,1.315964937210083,3,False
31,detail,3,0.7,25,12,34.022613525390625,1.2563433647155762,2,False
31,detail,3,0.6,27,22,32.837547302246094,1.9382057189941406,2,False
32,coarse,1,0.3,34,20,24.378379821777344,,,True
32,coarse,2,0.3,64,6,28.144359588623047,,,True
32,detail,1,1.0,67,23,33.109474182128906,1.1709535121917725,4,False
32,detail,1,0.9,67,24,29.409780502319336,1.3861818313598633,3,False
32,detail,1,0.8,67,33,25.532020568847656,1.6191823482513428,3,True
32,detail,1,0.7,69,41,27.052825927734375,2.302518129348755,2,False
32,detail,1,0.6,69,41,26.708690643310547,2.20770525932312,2,False
32,detail,2,0.8,115,35,39.160789489746094,1.2564449310302734,3,False
32,detail,2,0.7,117,28,34.761444091796875,1.340250015258789,2,False
32,detail,2,0.6,119,34,36.175445556640625,1.3416142463684082,2,False
33,coarse,1,0.3,34,20,24.194847106933594,,,True
33,coarse,2,0.3,64,6,28.385589599609375,,,True
33,coarse,3,0.3,6,2,28.80358123779297,,,True
33,detail,1,1.0,63,15,33.20279312133789,1.2362327575683594,4,False
33,detail,1,0.9,67,24,29.695804595947266,1.4349124431610107,3,False
33,detail,1,0.8,67,33,25.65422248840332,1.6831839084625244,3,True
33,detail,1,0.7,67,39,26.824045181274414,1.669675588607788,2,False
33,detail,1,0.6,69,41,26.597923278808594,2.298398017883301,2,False
33,detail,2,0.7,117,28,34.685306549072266,1.2193670272827148,2,False
33,detail,2,0.6,119,34,36.172706604003906,1.2167701721191406,2,False
33,detail,3,1.0,18,0,42.663700103759766,1.414524793624878,4,False
33,detail,3,0.9,20,0,37.891441345214844,1.4292106628417969,3,False
33,detail,3,0.8,22,6,35.978084564208984,1.336498498916626,3,False
33,detail,3,0.7,25,12,33.567203521728516,1.3161113262176514,2,False
33,detail,3,0.6,27,22,32.61542892456055,2.0315871238708496,2,False
34,coarse,1,0.3,34,20,24.75400733947754,,,True
34,coarse,2,0.3,64,6,28.505897521972656,,,True
34,coarse,3,0.3,6,2,29.15201187133789,,,True
34,detail,1,1.0,63,15,33.60430145263672,1.2312443256378174,4,False
34,detail,1,0.9,64,24,30.130172729492188,1.474992275238037,3,False
34,detail,1,0.8,67,33,26.220014572143555,1.6879456043243408,3,True
34,detail,1,0.7,67,39,27.203096389770508,1.7039754390716553,2,False
34,detail,1,0.6,69,47,27.151826858520508,2.302483081817627,2,False
34,detail,2,0.7,115,28,38.09699249267578,1.309300184249878,2,False
34,detail,2,0.6,117,34,37.343231201171875,1.3053867816925049,2,False
34,detail,3,1.0,16,8,43.14778518676758,1.8916211128234863,4,False
34,detail,3,0.9,20,0,38.325687408447266,1.4024207592010498,3,False
34,detail,3,0.8,22,6,36.38645553588867,1.2551031112670898,3,False
34,detail,3,0.7,25,12,33.848026275634766,1.368718147277832,2,False
34,detail,3,0.6,27,20,32.54657745361328,1.6171772480010986,2,False
35,coarse,1,0.3,34,20,24.802675247192383,,,True
35,coarse,2,0.3,64,6,28.45294761657715,,,True
35,coarse,3,0.3,6,2,29.050630569458008,,,True
35,detail,1,1.0,63,15,33.50666809082031,1.3250792026519775,4,False
35,detail,1,0.9,64,24,30.04286766052246,1.5704662799835205,3,False
35,detail,1,0.8,67,33,26.13016700744629,1.8194842338562012,3,True
35,detail,1,0.7,67,39,27.073883056640625,1.8698172569274902,2,False
35,detail,1,0.6,69,47,27.064756393432617,2.4707555770874023,2,False
35,detail,2,0.7,115,28,37.83531188964844,1.1898212432861328,2,False
35,detail,2,0.6,117,34,37.159637451171875,1.1605985164642334,2,False
35,detail,3,1.0,16,8,43.06930923461914,1.8806381225585938,4,False
35,detail,3,0.9,20,0,38.154571533203125,1.4159367084503174,3,False
35,detail,3,0.8,22,6,36.1834831237793,1.2477340698242188,3,False
35,detail,3,0.7,25,14,33.816959381103516,1.506441593170166,2,False
35,detail,3,0.6,27,20,32.39836120605469,1.5576879978179932,2,False
36,coarse,1,0.3,34,20,24.86056900024414,,,True
36,coarse,2,0.3,64,6,28.498992919921875,,,True
36,detail,1,1.0,63,15,33.4521369934082,1.4213781356811523,4,False
36,detail,1,0.9,64,24,29.98291778564453,1.6769709587097168,3,False
36,detail,1,0.8,67,33,26.370159149169922,1.9116389751434326,3,True
36,detail,1,0.7,67,39,27.196697235107422,1.9604651927947998,2,False
36,detail,1,0.6,69,41,27.362926483154297,2.4659759998321533,2,False
36,detail,2,0.7,115,44,38.07991409301758,1.252079725265503,2,False
36,detail,2,0.6,117,36,37.46135711669922,1.0443439483642578,2,False
37,coarse,1,0.3,34,20,25.413331985473633,,,True
37,coarse,2,0.3,64,6,28.615732192993164,,,True
37,coarse,3,0.3,6,2,29.115720748901367,,,True
37,detail,1,1.0,63,15,33.58027648925781,1.671682357788086,4,False
37,detail,1,0.9,64,24,30.00969886779785,1.9525513648986816,3,False
37,detail,1,0.8,67,33,26.784223556518555,2.2127370834350586,3,True
37,detail,1,0.7,67,39,27.50532341003418,2.4059383869171143,2,False
37,detail,1,0.6,69,47,27.51650619506836,2.7392072677612305,2,False
37,detail,2,0.8,115,21,36.15414047241211,1.2472600936889648,3,False
37,detail,2,0.7,117,28,34.685489654541016,1.342397689819336,2,False
37,detail,2,0.6,117,34,37.12330627441406,1.5723531246185303,2,False
37,detail,3,1.0,16,8,42.653846740722656,1.7480733394622803,4,False
37,detail,3,0.9,20,0,37.758705139160156,1.3028643131256104,3,False
37,detail,3,0.8,22,6,35.83749008178711,1.2258996963500977,3,False
37,detail,3,0.7,25,12,33.36783218383789,1.3553986549377441,2,False
37,detail,3,0.6,27,22,32.2532958984375,2.022860288619995,2,False
38,coarse,1,0.3,34,20,25.42699432373047,,,True
38,coarse,2,0.3,64,6,28.615732192993164,,,True
38,coarse,3,0.3,6,2,29.088504791259766,,,True
38,detail,1,1.0,63,15,33.558509826660156,1.6672859191894531,4,False
38,detail,1,0.9,64,24,29.975481033325195,1.9474353790283203,3,False
38,detail,1,0.8,67,33,26.801429748535156,2.2099828720092773,3,True
38,detail,1,0.7,67,39,27.489086151123047,2.405682325363159,2,False
38,detail,1,0.6,69,47,27.543521881103516,2.742819309234619,2,False
38,detail,2,0.8,115,21,36.0748405456543,1.241602897644043,3,False
38,detail,2,0.7,117,28,34.66360855102539,1.3358526229858398,2,False
38,detail,2,0.6,117,34,37.034847259521484,1.5684936046600342,2,False
38,detail,3,1.0,16,8,42.646934509277344,1.7535603046417236,4,False
38,detail,3,0.9,20,0,37.73208236694336,1.3018791675567627,3,False
38,detail,3,0.8,22,6,35.81611633300781,1.2276253700256348,3,False
38,detail,3,0.7,25,12,33.36560821533203,1.3612971305847168,2,False
38,detail,3,0.6,27,22,32.24435043334961,2.026685953140259,2,False
39,coarse,1,0.3,34,20,25.330543518066406,,,True
39,coarse,2,0.3,64,6,28.65213394165039,,,True
39,coarse,3,0.3,6,2,29.216920852661133,,,True
39,detail,1,1.0,63,19,33.47902297973633,1.6338427066802979,4,False
39,detail,1,0.9,64,24,29.88646697998047,1.9502639770507812,3,False
39,detail,1,0.8,67,33,26.918800354003906,2.2215185165405273,3,True
39,detail,1,0.7,67,39,27.402141571044922,2.4234707355499268,2,False
39,detail,1,0.6,69,47,27.55317497253418,2.765690803527832,2,False
39,detail,2,0.8,115,21,36.02933120727539,1.2471747398376465,3,False
39,detail,2,0.7,117,28,34.72835159301758,1.3431854248046875,2,False
39,detail,2,0.6,117,34,36.98060989379883,1.5834171772003174,2,False
39,detail,3,1.0,16,8,42.60347366333008,1.7412469387054443,4,False
39,detail,3,0.9,20,0,37.722938537597656,1.3176090717315674,3,False
39,detail,3,0.8,22,6,35.76363754272461,1.2461466789245605,3,False
39,detail,3,0.7,25,12,33.4253044128418,1.3879084587097168,2,False
39,detail,3,0.6,27,22,32.173404693603516,2.057506799697876,2,False
40,coarse,1,0.3,34,20,25.25958251953125,,,True
40,coarse,2,0.3,64,6,29.0258846282959,,,True
40,detail,1,1.0,63,19,33.451805114746094,1.5776910781860352,4,False
40,detail,1,0.9,64,24,29.82253074645996,1.8872971534729004,3,False
40,detail,1,0.8,67,33,27.013050079345703,2.168348789215088,3,True
40,detail,1,0.7,67,41,27.288528442382812,2.366773843765259,2,False
40,detail,1,0.6,69,47,27.660358428955078,2.759324550628662,2,False
40,detail,2,0.8,115,21,36.00290298461914,1.2691750526428223,3,False
40,detail,2,0.7,117,28,34.839115142822266,1.35282301902771,2,False
40,detail,2,0.6,117,34,37.150672912597656,1.5938935279846191,2,False
41,coarse,1,0.3,34,20,25.15753173828125,,,True
41,coarse,2,0.3,64,6,29.046903610229492,,,True
41,detail,1,1.0,63,19,33.12983703613281,1.591886281967163,4,False
41,detail,1,0.9,64,24,29.572662353515625,1.8939833641052246,3,False
41,detail,1,0.8,67,33,27.12353515625,2.1830077171325684,3,False
41,detail,1,0.7,67,41,27.078311920166016,2.3939707279205322,2,True
41,detail,1,0.6,69,47,27.617431640625,2.7654871940612793,2,False
41,detail,2,0.8,115,21,35.82966613769531,1.269179344177246,3,False
41,detail,2,0.7,117,28,34.80774688720703,1.350365161895752,2,False
41,detail,2,0.6,117,34,37.114681243896484,1.591421127319336,2,False
42,coarse,1,0.3,34,20,25.228050231933594,,,True
42,coarse,2,0.3,62,6,28.87868309020996,,,True
42,detail,1,1.0,63,19,32.91425704956055,1.58034086227417,4,False
42,detail,1,0.9,64,24,29.284849166870117,1.8713929653167725,3,False
42,detail,1,0.8,67,33,27.3759822845459,2.167513608932495,3,False
42,detail,1,0.7,67,41,26.918806076049805,2.378558397293091,2,True
42,detail,1,0.6,67,39,27.531055450439453,2.418996572494507,2,False
42,detail,2,0.8,114,21,37.26108932495117,1.2993950843811035,3,False
42,detail,2,0.7,117,28,34.72871017456055,1.325751543045044,2,False
42,detail,2,0.6,111,36,37.03164291381836,1.593756914138794,2,False
43,coarse,1,0.3,34,24,25.360641479492188,,,True
43,coarse,2,0.3,62,6,28.90535545349121,,,True
43,coarse,3,0.4,12,2,31.710676193237305,,,True
43,detail,1,1.0,63,21,32.79252624511719,1.5848989486694336,4,False
43,detail,1,0.9,64,23,30.00572967529297,1.8916687965393066,3,False
43,detail,1,0.8,67,32,27.627483367919922,2.1741108894348145,3,False
43,detail,1,0.7,67,41,26.935157775878906,2.3970463275909424,2,True
43,detail,1,0.6,67,39,27.67171287536621,2.4491589069366455,2,False
43,detail,2,0.8,114,21,37.09014129638672,1.3122868537902832,3,False
43,detail,2,0.7,117,28,34.81460189819336,1.3335347175598145,2,False
43,detail,2,0.6,117,34,37.061038970947266,1.587312936782837,2,False
43,detail,3,1.0,25,4,36.208526611328125,1.445652961730957,4,False
43,detail,3,0.9,25,0,34.97149658203125,1.6234374046325684,3,False
43,detail,3,0.8,28,21,34.03083801269531,1.6731278896331787,3,False
43,detail,3,0.7,25,14,33.405887603759766,1.5852479934692383,2,False
43,detail,3,0.6,27,22,31.835317611694336,2.0149269104003906,2,False
44,coarse,1,0.3,34,24,25.346923828125,,,True
44,coarse,2,0.3,62,6,28.848312377929688,,,True
44,detail,1,1.0,63,21,32.751861572265625,1.5780906677246094,4,False
44,detail,1,0.9,64,23,29.99346160888672,1.8881916999816895,3,False
44,detail,1,0.8,67,32,27.754846572875977,2.168753147125244,3,False
44,detail,1,0.7,67,41,26.81141471862793,2.4108288288116455,2,True
44,detail,1,0.6,67,39,27.677038192749023,2.463674306869507,2,False
44,detail,2,0.9,111,27,41.76506042480469,1.2687089443206787,3,False
44,detail,2,0.8,114,21,37.065303802490234,1.340883731842041,3,False
44,detail,2,0.7,117,28,34.773983001708984,1.3922035694122314,2,False
44,detail,2,0.6,117,34,36.955955505371094,1.6649842262268066,2,False
45,coarse,1,0.3,34,24,25.395328521728516,,,True
45,coarse,2,0.3,62,6,28.884069442749023,,,True
45,coarse,3,0.4,12,2,31.913766860961914,,,True
45,detail,1,1.0,63,21,32.77700424194336,1.5922584533691406,4,False
45,detail,1,0.9,64,23,29.986736297607422,1.9000561237335205,3,False
45,detail,1,0.8,67,32,27.962989807128906,2.2191905975341797,3,False
45,detail,1,0.7,67,41,26.871265411376953,2.479310989379883,2,True
45,detail,1,0.6,67,41,27.669708251953125,2.630146026611328,2,False
45,detail,2,0.9,111,27,41.80022430419922,1.2848708629608154,3,False
45,detail,2,0.8,114,21,37.040523529052734,1.3322539329528809,3,False
45,detail,2,0.7,117,28,34.82006072998047,1.3822858333587646,2,False
45,detail,2,0.6,117,34,36.923370361328125,1.6658387184143066,2,False
45,detail,3,1.0,25,4,36.37042236328125,1.541146993637085,4,False
45,detail,3,0.9,25,0,35.132110595703125,1.589237928390503,3,False
45,detail,3,0.8,28,21,34.29247283935547,1.825803518295288,3,False
45,detail,3,0.7,25,14,33.66802215576172,1.5683715343475342,2,False
45,detail,3,0.6,27,22,32.088401794433594,2.0325796604156494,2,False
46,coarse,1,0.3,34,24,25.50255584716797,,,True
46,coarse,2,0.3,62,6,28.813068389892578,,,True
46,coarse,3,0.4,12,2,31.982885360717773,,,True
46,detail,1,1.0,63,21,32.81834030151367,1.706207275390625,4,False
46,detail,1,0.9,64,23,30.06102180480957,2.0266530513763428,3,False
46,detail,1,0.8,67,32,28.160856246948242,2.3275790214538574,3,False
46,detail,1,0.7,67,41,27.003952026367188,2.5640034675598145,2,True
46,detail,1,0.6,67,39,27.805110931396484,2.624145746231079,2,False
46,detail,2,0.9,111,18,41.93206024169922,1.2665748596191406,3,False
46,detail,2,0.8,114,21,37.11800765991211,1.3923685550689697,3,False
46,detail,2,0.7,117,28,34.89374542236328,1.4290831089019775,2,False
46,detail,2,0.6,117,34,37.072086334228516,1.6988441944122314,2,False
46,detail,3,1.0,25,4,36.4248046875,1.6115226745605469,4,False
46,detail,3,0.9,22,0,35.15232467651367,1.6124012470245361,3,False
46,detail,3,0.8,25,6,34.5289192199707,1.6040468215942383,3,False
46,detail,3,0.7,25,14,33.84125518798828,1.6786479949951172,2,False
46,detail,3,0.6,27,22,32.380802154541016,2.181648015975952,2,False
47,coarse,1,0.3,34,24,25.55790138244629,,,True
47,coarse,2,0.3,62,6,28.66558837890625,,,True
47,coarse,3,0.4,12,2,31.89722442626953,,,True
47,detail,1,1.0,63,21,32.721656799316406,1.7248320579528809,4,False
47,detail,1,0.9,64,23,29.998262405395508,2.0412673950195312,3,False
47,detail,1,0.8,67,32,28.272899627685547,2.349785327911377,3,False
47,detail,1,0.7,67,41,26.998035430908203,2.609726667404175,2,True
47,detail,1,0.6,67,39,27.91289710998535,2.706906795501709,2,False
47,detail,2,0.9,111,18,41.924278259277344,1.270702838897705,3,False
47,detail,2,0.8,114,21,37.00675964355469,1.3962023258209229,3,False
47,detail,2,0.7,117,28,34.86045455932617,1.4431557655334473,2,False
47,detail,2,0.6,117,36,37.06076431274414,1.756115198135376,2,False
47,detail,3,1.0,25,4,36.43418884277344,1.6271007061004639,4,False
47,detail,3,0.9,22,0,35.060359954833984,1.6375861167907715,3,False
47,detail,3,0.8,25,6,34.478797912597656,1.6310451030731201,3,False
47,detail,3,0.7,25,12,33.692325592041016,1.3886635303497314,2,False
47,detail,3,0.6,27,22,32.32220458984375,2.225412607192993,2,False
48,coarse,1,0.3,34,24,25.60799789428711,,,True
48,coarse,2,0.3,62,6,28.640216827392578,,,True
48,coarse,3,0.4,12,2,31.909629821777344,,,True
48,detail,1,1.0,63,21,32.6251106262207,1.7247002124786377,4,False
48,detail,1,0.9,64,23,29.971406936645508,2.0444388389587402,3,False
48,detail,1,0.8,67,32,28.348352432250977,2.3483262062072754,3,False
48,detail,1,0.7,67,41,27.01899528503418,2.6106603145599365,2,True
48,detail,1,0.6,67,39,27.954294204711914,2.705427646636963,2,False
48,detail,2,0.9,111,18,41.96621322631836,1.254446268081665,3,False
48,detail,2,0.8,114,21,37.02524948120117,1.3657386302947998,3,False
48,detail,2,0.7,117,28,34.943302154541016,1.4033541679382324,2,False
48,detail,2,0.6,117,34,37.155357360839844,1.6833844184875488,2,False
48,detail,3,1.0,25,4,36.44923400878906,1.6183524131774902,4,False
48,detail,3,0.9,22,0,35.05059051513672,1.609534740447998,3,False
48,detail,3,0.8,28,21,34.497928619384766,1.9823622703552246,3,False
48,detail,3,0.7,25,12,33.69624328613281,1.3833224773406982,2,False
48,detail,3,0.6,27,22,32.294036865234375,2.2150321006774902,2,False
49,coarse,1,0.3,34,20,25.893831253051758,,,True
49,coarse,2,0.3,62,6,28.663997650146484,,,True
49,coarse,3,0.3,6,2,29.59844398498535,,,True
49,detail,1,1.0,63,19,32.78240203857422,1.490046739578247,4,False
49,detail,1,0.9,64,24,29.265960693359375,1.7539682388305664,3,False
49,detail,1,0.8,67,33,28.428787231445312,2.1852686405181885,3,False
49,detail,1,0.7,67,41,27.434728622436523,2.6313695907592773,2,True
49,detail,1,0.6,67,39,28.292757034301758,2.6977012157440186,2,False
49,detail,2,0.8,114,21,36.90155792236328,1.1365690231323242,3,False
49,detail,2,0.7,117,28,35.070533752441406,1.1897437572479248,2,False
49,detail,2,0.6,117,36,37.24484634399414,1.506021499633789,2,False
49,detail,3,1.0,18,0,42.788047790527344,1.7981126308441162,4,False
49,detail,3,0.9,20,0,37.093055725097656,1.706866979598999,3,False
49,detail,3,0.8,22,6,35.310142517089844,1.672302484512329,3,False
49,detail,3,0.7,25,14,34.02484130859375,1.9715585708618164,2,False
49,detail,3,0.6,27,22,32.77998352050781,2.446040153503418,2,False
50,coarse,1,0.3,34,20,25.893831253051758,,,True
50,coarse,2,0.3,62,6,28.64291763305664,,,True
50,coarse,3,0.3,6,2,29.60249900817871,,,True
50,detail,1,1.0,63,19,32.77589797973633,1.4930102825164795,4,False
50,detail,1,0.9,64,24,29.259492874145508,1.7549891471862793,3,False
50,detail,1,0.8,67,33,28.409698486328125,2.187072992324829,3,False
50,detail,1,0.7,67,41,27.415882110595703,2.632401943206787,2,True
50,detail,1,0.6,67,39,28.292757034301758,2.6977012157440186,2,False
50,detail,2,0.8,114,21,36.8565559387207,1.147693395614624,3,False
50,detail,2,0.7,117,28,35.10054016113281,1.2008349895477295,2,False
50,detail,2,0.6,117,36,37.210105895996094,1.5164122581481934,2,False
50,detail,3,1.0,18,0,42.7840461730957,1.8008062839508057,4,False
50,detail,3,0.9,20,0,37.10386276245117,1.7070496082305908,3,False
50,detail,3,0.8,22,6,35.28940963745117,1.672473669052124,3,False
50,detail,3,0.7,25,14,34.0411262512207,1.971604824066162,2,False
50,detail,3,0.6,27,22,32.77998352050781,2.446040153503418,2,False
51,coarse,1,0.3,34,20,26.403301239013672,,,True
51,coarse,2,0.3,62,6,29.13785743713379,,,True
51,coarse,3,0.3,6,2,29.985626220703125,,,True
51,detail,1,1.0,63,19,33.25896072387695,1.4609565734863281,4,False
51,detail,1,0.9,64,24,29.847461700439453,1.7281310558319092,3,False
51,detail,1,0.8,67,33,28.901565551757812,2.164008855819702,3,False
51,detail,1,0.7,67,41,27.878808975219727,2.6091158390045166,2,True
51,detail,1,0.6,67,39,28.87995719909668,2.6662981510162354,2,False
51,detail,2,0.8,114,21,37.364192962646484,1.1514785289764404,3,False
51,detail,2,0.7,117,28,35.63008117675781,1.2036724090576172,2,False
51,detail,2,0.6,117,36,37.72600173950195,1.519674301147461,2,False
51,detail,3,1.0,18,0,43.176937103271484,1.7996728420257568,4,False
51,detail,3,0.9,20,0,37.558162689208984,1.7082812786102295,3,False
51,detail,3,0.8,22,6,35.781768798828125,1.6764085292816162,3,False
51,detail,3,0.7,25,14,34.57297134399414,1.979032039642334,2,False
51,detail,3,0.6,27,22,33.27112579345703,2.455709934234619,2,False
52,coarse,1,0.3,34,20,26.531705856323242,,,True
52,coarse,2,0.3,62,6,29.15899658203125,,,True
52,coarse,3,0.3,6,2,30.132583618164062,,,True
52,detail,1,1.0,63,19,33.299354553222656,1.4363455772399902,4,False
52,detail,1,0.9,64,24,29.91158103942871,1.7024872303009033,3,False
52,detail,1,0.8,67,33,28.95444679260254,2.1288623809814453,3,False
52,detail,1,0.7,67,41,28.033203125,2.577134370803833,2,True
52,detail,1,0.6,67,35,28.911333084106445,2.17877197265625,2,False
52,detail,2,0.9,111,24,42.56187438964844,1.1681904792785645,3,False
52,detail,2,0.8,114,21,37.43461990356445,1.1602435111999512,3,False
52,detail,2,0.7,117,28,35.713321685791016,1.2167596817016602,2,False
52,detail,2,0.6,117,36,37.765621185302734,1.5197203159332275,2,False
52,detail,3,1.0,18,0,43.205322265625,1.7874443531036377,4,False
52,detail,3,0.9,20,0,37.53937530517578,1.6954424381256104,3,False
52,detail,3,0.8,22,6,35.785308837890625,1.667496919631958,3,False
52,detail,3,0.7,25,12,34.5528564453125,1.6208157539367676,2,False
52,detail,3,0.6,27,22,33.368595123291016,2.4517312049865723,2,False
53,coarse,1,0.3,34,24,26.410335540771484,,,True
53,coarse,2,0.3,62,6,29.336030960083008,,,True
53,coarse,3,0.3,6,2,30.104623794555664,,,True
53,detail,1,1.0,63,21,33.339508056640625,1.4353759288787842,4,False
53,detail,1,0.9,64,26,30.61783790588379,1.655160903930664,3,False
53,detail,1,0.8,67,32,29.151973724365234,2.123124837875366,3,False
53,detail,1,0.7,67,41,27.991762161254883,2.567686080932617,2,True
53,detail,1,0.6,67,35,28.99740219116211,2.21039080619812,2,False
53,detail,2,0.9,111,15,41.01504135131836,1.1414458751678467,3,False
53,detail,2,0.8,114,21,37.68265914916992,1.1992065906524658,3,False
53,detail,2,0.7,117,28,35.972938537597656,1.2358791828155518,2,False
53,detail,2,0.6,117,36,37.98433303833008,1.543032169342041,2,False
53,detail,3,1.0,18,0,43.45595169067383,1.804941177368164,4,False
53,detail,3,0.9,20,0,37.81834411621094,1.7075841426849365,3,False
53,detail,3,0.8,22,6,36.04896926879883,1.6837568283081055,3,False
53,detail,3,0.7,25,14,34.788597106933594,1.9820287227630615,2,False
53,detail,3,0.6,27,22,33.44538879394531,2.4610040187835693,2,False
54,coarse,1,0.3,34,24,26.395671844482422,,,True
54,coarse,2,0.3,62,6,29.445337295532227,,,True
54,coarse,3,0.3,6,2,30.249277114868164,,,True
54,detail,1,1.0,63,21,33.41908264160156,1.4151277542114258,4,False
54,detail,1,0.9,64,26,30.571182250976562,1.6458022594451904,3,False
54,detail,1,0.8,67,32,29.07733917236328,2.1093218326568604,3,False
54,detail,1,0.7,67,41,28.023061752319336,2.5330352783203125,2,True
54,detail,1,0.6,67,41,28.946353912353516,2.6332406997680664,2,False
54,detail,2,0.9,111,15,41.06026077270508,1.1363215446472168,3,False
54,detail,2,0.8,114,21,37.7846565246582,1.1898095607757568,3,False
54,detail,2,0.7,117,28,35.93608856201172,1.232377290725708,2,False
54,detail,2,0.6,119,36,37.86682891845703,1.1825335025787354,2,False
54,detail,3,1.0,18,0,43.631473541259766,1.7809743881225586,4,False
54,detail,3,0.9,20,0,37.98116683959961,1.6894092559814453,3,False
54,detail,3,0.8,22,3,35.27064895629883,1.6082518100738525,3,False
54,detail,3,0.7,25,12,34.66815948486328,1.657837152481079,2,False
54,detail,3,0.6,27,22,33.11885070800781,2.42130970954895,2,False
55,coarse,1,0.3,34,24,26.45142364501953,,,True
55,coarse,2,0.3,62,6,29.71500587463379,,,True
55,coarse,3,0.3,6,2,30.529569625854492,,,True
55,detail,1,1.0,63,21,33.813255310058594,1.395700216293335,4,False
55,detail,1,0.9,64,26,30.91547966003418,1.626905918121338,3,False
55,detail,1,0.8,67,32,29.271669387817383,2.0848662853240967,3,False
55,detail,1,0.7,67,41,28.149459838867188,2.4250259399414062,2,True
55,detail,1,0.6,67,39,29.037099838256836,2.606793165206909,2,False
55,detail,2,0.9,111,15,41.445594787597656,1.144843339920044,3,False
55,detail,2,0.8,114,21,38.2971305847168,1.2157115936279297,3,False
55,detail,2,0.7,117,28,36.28718948364258,1.2789335250854492,2,False
55,detail,2,0.6,117,36,38.08888244628906,1.5953550338745117,2,False
55,detail,3,1.0,18,0,44.10274887084961,1.7761080265045166,4,False
55,detail,3,0.9,20,0,38.54116439819336,1.690718650817871,3,False
55,detail,3,0.8,22,3,35.91117477416992,1.5834665298461914,3,False
55,detail,3,0.7,25,12,35.16621780395508,1.6386501789093018,2,False
55,detail,3,0.6,27,22,33.64451217651367,2.43880558013916,2,False
56,coarse,1,0.3,34,24,26.03298568725586,,,True
56,coarse,2,0.3,62,6,29.85809326171875,,,True
56,detail,1,1.0,63,21,33.370609283447266,1.411820888519287,4,False
56,detail,1,0.9,64,26,30.47017478942871,1.6596436500549316,3,False
56,detail,1,0.8,67,32,28.933258056640625,2.0890610218048096,3,False
56,detail,1,0.7,67,41,27.833887100219727,2.419245719909668,2,True
56,detail,1,0.6,67,35,28.850990295410156,1.9575755596160889,2,False
56,detail,2,0.9,111,12,39.69361114501953,1.0923659801483154,3,False
56,detail,2,0.8,114,21,37.83140563964844,1.2332513332366943,3,False
56,detail,2,0.7,117,28,35.8721923828125,1.3546721935272217,2,False
56,detail,2,0.6,121,36,37.37446212768555,1.0308678150177002,2,False
57,coarse,1,0.3,34,24,25.912071228027344,,,True
57,coarse,2,0.3,64,2,30.284637451171875,,,True
57,detail,1,1.0,63,21,33.49095916748047,1.3632030487060547,4,False
57,detail,1,0.9,64,26,30.41883659362793,1.6021132469177246,3,False
57,detail,1,0.8,67,32,28.96259117126465,2.037416458129883,3,False
57,detail,1,0.7,67,41,27.82992172241211,2.3434345722198486,2,True
57,detail,1,0.6,67,35,28.628938674926758,1.7631535530090332,2,False
57,detail,2,0.8,115,21,36.64832305908203,1.2267436981201172,3,False
57,detail,2,0.7,117,28,36.292579650878906,1.3939790725708008,2,False
57,detail,2,0.6,121,36,37.645511627197266,1.1987431049346924,2,False
58,coarse,1,0.3,34,24,26.091012954711914,,,True
58,coarse,2,0.3,64,2,30.61685562133789,,,True
58,detail,1,1.0,63,21,34.01496887207031,1.252812385559082,4,False
58,detail,1,0.9,64,26,30.855131149291992,1.5062892436981201,3,False
58,detail,1,0.8,67,35,29.09259605407715,1.9462411403656006,3,False
58,detail,1,0.7,67,41,27.99216651916504,2.23067045211792,2,True
58,detail,1,0.6,69,49,28.65684700012207,2.660670757293701,2,False
58,detail,2,0.8,115,21,37.23302459716797,1.2153527736663818,3,False
58,detail,2,0.7,117,28,37.03473663330078,1.3886024951934814,2,False
58,detail,2,0.6,119,36,38.18489456176758,1.3993124961853027,2,False
59,coarse,1,0.3,34,24,26.66170310974121,,,True
59,coarse,2,0.4,62,10,33.65196990966797,,,True
59,detail,1,1.0,63,21,35.449790954589844,1.0762817859649658,4,False
59,detail,1,0.9,64,26,32.19123458862305,1.304640769958496,3,False
59,detail,1,0.8,67,35,29.672197341918945,1.6488230228424072,3,False
59,detail,1,0.7,67,41,29.022192001342773,1.844435453414917,2,True
59,detail,1,0.6,69,49,29.089799880981445,2.196945905685425,2,False
59,detail,2,0.9,113,18,43.295833587646484,1.228576898574829,3,False
59,detail,2,0.8,116,21,38.24775695800781,1.197770595550537,3,False
59,detail,2,0.7,117,29,38.46328353881836,1.474982500076294,2,False
59,detail,2,0.6,121,37,40.37590026855469,1.085740327835083,2,False
60,coarse,1,0.3,34,24,28.16229248046875,,,True
60,coarse,2,0.4,62,10,35.5584831237793,,,True
60,detail,1,1.0,63,21,37.25662612915039,1.2990403175354004,4,False
60,detail,1,0.9,64,26,33.93448257446289,1.558870553970337,3,False
60,detail,1,0.8,67,35,30.90812110900879,1.9051668643951416,3,False
60,detail,1,0.7,67,41,30.52313995361328,2.056750774383545,2,False
60,detail,1,0.6,69,49,30.288066864013672,2.3973388671875,2,True
60,detail,2,0.9,113,30,45.11885070800781,1.216660976409912,3,False
60,detail,2,0.8,116,21,39.99874496459961,1.145026445388794,3,False
60,detail,2,0.7,117,29,40.14848327636719,1.4062855243682861,2,False
60,detail,2,0.6,119,37,41.993125915527344,1.368314504623413,2,False
61,coarse,1,0.3,34,24,30.066253662109375,,,True
61,coarse,2,0.4,62,10,37.337928771972656,,,True
61,detail,1,1.0,63,21,39.17677307128906,2.040181875228882,4,False
61,detail,1,0.9,64,26,35.88836669921875,2.314223289489746,3,False
61,detail,1,0.8,67,35,32.237037658691406,2.623114585876465,3,False
61,detail,1,0.7,67,41,32.55060577392578,2.619123935699463,2,False
61,detail,1,0.6,69,49,31.932605743408203,3.0380759239196777,2,True
61,detail,2,0.9,116,15,41.98270797729492,1.2729039192199707,3,False
61,detail,2,0.8,116,21,41.8592414855957,1.3985533714294434,3,False
61,detail,2,0.7,117,29,42.181243896484375,1.691589117050171,2,False
61,detail,2,0.6,123,35,41.91712951660156,1.2699954509735107,2,False
62,coarse,1,0.3,34,24,29.703460693359375,,,True
62,coarse,2,0.4,66,10,36.814510345458984,,,True
62,detail,1,1.0,63,21,38.5217170715332,2.0741915702819824,4,False
62,detail,1,0.9,64,26,35.15944290161133,2.3358540534973145,3,False
62,detail,1,0.8,67,35,31.687118530273438,2.6396560668945312,3,False
62,detail,1,0.7,67,41,32.109893798828125,2.6312026977539062,2,False
62,detail,1,0.6,69,49,31.611352920532227,3.052860736846924,2,True
62,detail,2,0.7,120,29,42.174293518066406,1.1174595355987549,2,False
62,detail,2,0.6,124,37,39.8466796875,1.1904211044311523,2,False
63,coarse,1,0.3,34,24,29.029375076293945,,,True
63,coarse,2,0.4,62,10,35.39942169189453,,,True
63,detail,1,1.0,63,21,37.441932678222656,2.068120241165161,4,False
63,detail,1,0.9,64,26,34.07358932495117,2.326748847961426,3,False
63,detail,1,0.8,67,35,30.86075210571289,2.6273841857910156,3,True
63,detail,1,0.7,67,41,31.265972137451172,2.6328485012054443,2,False
63,detail,1,0.6,69,49,31.05074691772461,3.0536274909973145,2,False
63,detail,2,0.9,116,18,41.79494857788086,1.3280668258666992,3,False
63,detail,2,0.8,116,21,39.93729782104492,1.375908374786377,3,False
63,detail,2,0.7,121,29,40.44868469238281,1.1488885879516602,2,False
63,detail,2,0.6,123,37,39.98331832885742,1.3430852890014648,2,False
64,coarse,1,0.3,34,20,28.675039291381836,,,True
64,coarse,2,0.3,64,8,33.03919982910156,,,True
64,detail,1,1.0,63,23,36.517913818359375,2.0674891471862793,4,False
64,detail,1,0.9,64,27,33.78836441040039,2.353337049484253,3,False
64,detail,1,0.8,67,33,31.167503356933594,2.670919418334961,3,False
64,detail,1,0.7,67,41,30.87487030029297,2.6619250774383545,2,False
64,detail,1,0.6,69,49,30.693939208984375,3.1126208305358887,2,True
64,detail,2,0.9,115,15,39.32587432861328,1.3057496547698975,3,False
64,detail,2,0.8,118,21,38.97047424316406,1.3659186363220215,3,False
64,detail,2,0.7,117,30,39.12062072753906,1.7560696601867676,2,False
64,detail,2,0.6,123,36,39.10192108154297,1.3975720405578613,2,False
65,coarse,1,0.3,34,20,27.798006057739258,,,True
65,coarse,2,0.3,64,8,31.861961364746094,,,True
65,detail,1,1.0,63,23,35.622711181640625,1.9946949481964111,4,False
65,detail,1,0.9,64,27,32.90605545043945,2.278223752975464,3,False
65,detail,1,0.8,67,36,30.323509216308594,2.61897611618042,3,False
65,detail,1,0.7,67,43,30.23537826538086,2.601255178451538,2,False
65,detail,1,0.6,69,49,30.217378616333008,3.0701091289520264,2,True
65,detail,2,0.9,115,15,38.258602142333984,1.2659318447113037,3,False
65,detail,2,0.8,118,21,38.08559799194336,1.336653709411621,3,False
65,detail,2,0.7,117,30,38.10129928588867,1.7325999736785889,2,False
65,detail,2,0.6,123,36,38.24287796020508,1.3452200889587402,2,False
66,coarse,1,0.3,34,20,27.982555389404297,,,True
66,coarse,2,0.3,64,8,31.524513244628906,,,True
66,detail,1,1.0,63,23,35.4133186340332,1.9850845336914062,4,False
66,detail,1,0.9,64,27,32.64091873168945,2.2675673961639404,3,False
66,detail,1,0.8,67,36,30.277006149291992,2.594655990600586,3,False
66,detail,1,0.7,67,43,30.160110473632812,2.581817150115967,2,False
66,detail,1,0.6,67,37,30.099714279174805,2.4943559169769287,2,True
66,detail,2,0.9,115,15,37.89744567871094,1.2841908931732178,3,False
66,detail,2,0.8,118,21,37.85426712036133,1.3245320320129395,3,False
66,detail,2,0.7,117,30,37.825016021728516,1.7240209579467773,2,False
66,detail,2,0.6,123,36,37.90403366088867,1.2775781154632568,2,False
67,coarse,1,0.3,34,20,27.062103271484375,,,True
67,coarse,2,0.3,64,8,30.245403289794922,,,True
67,detail,1,1.0,63,23,34.49379348754883,1.9870948791503906,4,False
67,detail,1,0.9,64,27,31.6770076751709,2.2675344944000244,3,False
67,detail,1,0.8,67,36,29.493865966796875,2.5999984741210938,3,False
67,detail,1,0.7,67,37,29.39844512939453,2.7427334785461426,2,False
67,detail,1,0.6,67,37,29.127500534057617,2.5130226612091064,2,True
67,detail,2,0.9,115,15,36.743011474609375,1.2972371578216553,3,False
67,detail,2,0.8,118,21,36.75458908081055,1.3349342346191406,3,False
67,detail,2,0.7,117,30,36.620384216308594,1.7366573810577393,2,False
67,detail,2,0.6,123,36,36.85608673095703,1.2922112941741943,2,False
68,coarse,1,0.3,34,20,26.621206283569336,,,True
68,coarse,2,0.3,64,8,30.009695053100586,,,True
68,detail,1,1.0,63,23,34.063621520996094,2.017159938812256,4,False
68,detail,1,0.9,64,27,31.22708511352539,2.3004376888275146,3,False
68,detail,1,0.8,67,36,29.146284103393555,2.6186978816986084,3,False
68,detail,1,0.7,67,37,28.97489356994629,2.748990774154663,2,False
68,detail,1,0.6,67,37,28.653657913208008,2.5446691513061523,2,True
68,detail,2,0.9,115,15,36.11990737915039,1.2777979373931885,3,False
68,detail,2,0.8,118,21,36.2076301574707,1.2963950634002686,3,False
68,detail,2,0.7,117,30,35.93879699707031,1.6919434070587158,2,False
68,detail,2,0.6,123,36,36.337066650390625,1.2871053218841553,2,False
69,coarse,1,0.3,34,20,26.54366111755371,,,True
69,coarse,2,0.3,64,8,30.009815216064453,,,True
69,detail,1,1.0,63,23,34.07221221923828,2.0231761932373047,4,False
69,detail,1,0.9,64,27,31.245101928710938,2.3071157932281494,3,False
69,detail,1,0.8,67,36,29.162330627441406,2.62935471534729,3,False
69,detail,1,0.7,67,37,28.898197174072266,2.765324354171753,2,False
69,detail,1,0.6,67,37,28.697349548339844,2.555715560913086,2,True
69,detail,2,0.9,115,15,36.172401428222656,1.2736575603485107,3,False
69,detail,2,0.8,118,21,36.21586608886719,1.2904345989227295,3,False
69,detail,2,0.7,117,30,35.983253479003906,1.6890408992767334,2,False
69,detail,2,0.6,123,36,36.24468231201172,1.2791306972503662,2,False
70,coarse,1,0.3,34,20,26.330787658691406,,,True
70,coarse,2,0.3,64,8,29.897165298461914,,,True
70,detail,1,1.0,63,23,33.88557434082031,2.032233715057373,4,False
70,detail,1,0.9,64,27,31.100421905517578,2.332643747329712,3,False
70,detail,1,0.8,67,36,29.00514793395996,2.661794662475586,3,False
70,detail,1,0.7,67,37,28.733154296875,2.8016910552978516,2,False
70,detail,1,0.6,67,37,28.555706024169922,2.6145105361938477,2,True
70,detail,2,0.9,115,15,36.12492370605469,1.287214994430542,3,False
70,detail,2,0.8,118,21,36.12847137451172,1.3000171184539795,3,False
70,detail,2,0.7,117,30,35.85680389404297,1.7020394802093506,2,False
70,detail,2,0.6,123,36,36.133453369140625,1.2780859470367432,2,False
71,coarse,1,0.3,34,20,26.097646713256836,,,True
71,coarse,2,0.3,64,8,29.81793785095215,,,True
71,coarse,3,0.3,6,2,30.178585052490234,,,True
71,detail,1,1.0,63,23,33.63957977294922,2.090733289718628,4,False
71,detail,1,0.9,64,27,30.810951232910156,2.375534772872925,3,False
71,detail,1,0.8,67,33,28.8776798248291,2.6750826835632324,3,False
71,detail,1,0.7,67,37,28.402873992919922,2.850590467453003,2,False
71,detail,1,0.6,67,37,28.341211318969727,2.593634605407715,2,True
71,detail,2,0.9,115,15,36.129852294921875,1.4146106243133545,3,False
71,detail,2,0.8,118,21,35.93959045410156,1.427706003189087,3,False
71,detail,2,0.7,123,30,34.05884552001953,1.1918118000030518,2,False
71,detail,2,0.6,133,38,34.67726516723633,1.118147850036621,2,False
71,detail,3,1.0,18,0,43.185203552246094,2.1022942066192627,4,False
71,detail,3,0.9,20,0,37.42494583129883,1.7094264030456543,3,False
71,detail,3,0.8,9,6,35.81588363647461,0.3952219486236572,3,False
71,detail,3,0.7,25,14,34.7353401184082,1.7742948532104492,2,False
71,detail,3,0.6,27,24,33.48743438720703,2.616344451904297,2,False
72,coarse,1,0.3,34,20,26.140451431274414,,,True
72,coarse,2,0.3,64,8,30.080263137817383,,,True
72,detail,1,1.0,63,23,34.0331916809082,2.0711584091186523,4,False
72,detail,1,0.9,64,27,31.291147232055664,2.3611972332000732,3,False
72,detail,1,0.8,67,33,28.746646881103516,2.6794662475585938,3,False
72,detail,1,0.7,67,37,28.568607330322266,2.845778226852417,2,True
72,detail,1,0.6,67,37,28.665950775146484,2.612508535385132,2,False
72,detail,2,0.9,115,15,36.508514404296875,1.391432285308838,3,False
72,detail,2,0.8,118,21,36.19859313964844,1.4059746265411377,3,False
72,detail,2,0.7,123,30,34.41664505004883,1.1706194877624512,2,False
72,detail,2,0.6,123,36,35.954410552978516,1.451859951019287,2,False
73,coarse,1,0.3,34,24,26.63778305053711,,,True
73,coarse,2,0.3,64,2,31.372432708740234,,,True
73,detail,1,1.0,63,21,35.25135040283203,2.0591156482696533,4,False
73,detail,1,0.9,64,26,31.855924606323242,2.319415330886841,3,False
73,detail,1,0.8,67,35,28.504793167114258,2.6069769859313965,3,True
73,detail,1,0.7,67,41,29.06736183166504,2.547701835632324,2,False
73,detail,1,0.6,69,49,28.54132080078125,2.8876750469207764,2,False
73,detail,2,0.9,115,15,37.69664764404297,1.3064649105072021,3,False
73,detail,2,0.8,118,21,37.32337951660156,1.3600783348083496,3,False
73,detail,2,0.7,123,30,35.96671676635742,1.1152265071868896,2,False
73,detail,2,0.6,123,36,37.229129791259766,1.4394705295562744,2,False
74,coarse,1,0.3,34,24,26.670148849487305,,,True
74,coarse,2,0.4,62,10,32.59070587158203,,,True
74,detail,1,1.0,63,21,35.36407470703125,2.0545547008514404,4,False
74,detail,1,0.9,64,26,31.997081756591797,2.3147943019866943,3,False
74,detail,1,0.8,67,35,28.446884155273438,2.6055245399475098,3,True
74,detail,1,0.7,67,41,29.162885665893555,2.5412497520446777,2,False
74,detail,1,0.6,69,49,28.48877716064453,2.8899343013763428,2,False
74,detail,2,0.9,116,15,37.417442321777344,1.3001327514648438,3,False
74,detail,2,0.8,116,21,37.01081085205078,1.4123690128326416,3,False
74,detail,2,0.7,123,29,35.138824462890625,1.1251475811004639,2,False
74,detail,2,0.6,123,37,37.6850700378418,1.4608500003814697,2,False
75,coarse,1,0.3,34,20,26.775035858154297,,,True
75,coarse,2,0.3,64,8,31.164146423339844,,,True
75,detail,1,1.0,63,23,35.47225570678711,1.988708257675171,4,False
75,detail,1,0.9,67,27,32.639888763427734,2.248255968093872,3,False
75,detail,1,0.8,67,33,28.613292694091797,2.551856756210327,3,False
75,detail,1,0.7,69,41,29.135202407836914,3.1456756591796875,2,False
75,detail,1,0.6,69,49,28.57453155517578,2.8698129653930664,2,True
75,detail,2,0.9,115,15,37.90558624267578,1.3459396362304688,3,False
75,detail,2,0.8,118,21,37.27433395385742,1.3958280086517334,3,False
75,detail,2,0.7,123,30,36.228607177734375,1.1540491580963135,2,False
75,detail,2,0.6,125,40,37.264705657958984,1.0060975551605225,2,False
76,coarse,1,0.3,34,20,26.38753318786621,,,True
76,coarse,2,0.4,62,10,32.61361312866211,,,True
76,detail,1,1.0,67,23,35.20283126831055,1.8844354152679443,4,False
76,detail,1,0.9,67,27,31.957178115844727,2.104959011077881,3,False
76,detail,1,0.8,67,33,28.130935668945312,2.4019763469696045,3,False
76,detail,1,0.7,69,41,28.68363380432129,3.0474693775177,2,False
76,detail,1,0.6,69,49,28.02358055114746,2.679677724838257,2,True
76,detail,2,0.9,116,15,37.324337005615234,1.274139642715454,3,False
76,detail,2,0.8,116,21,37.15741729736328,1.4211318492889404,3,False
76,detail,2,0.7,119,29,37.292236328125,1.4656367301940918,2,False
76,detail,2,0.6,123,37,37.96529769897461,1.3666419982910156,2,False
77,coarse,1,0.3,34,20,26.17711067199707,,,True
77,coarse,2,0.3,64,2,30.684850692749023,,,True
77,detail,1,1.0,67,23,34.60292434692383,1.8195595741271973,4,False
77,detail,1,0.9,67,27,31.392414093017578,2.0323245525360107,3,False
77,detail,1,0.8,67,33,27.930234909057617,2.3141634464263916,3,True
77,detail,1,0.7,69,41,28.412410736083984,2.980215311050415,2,False
77,detail,1,0.6,69,49,28.198392868041992,2.5433437824249268,2,False
77,detail,2,0.8,115,24,40.237281799316406,1.1589407920837402,3,False
77,detail,2,0.7,119,30,37.208953857421875,1.2258365154266357,2,False
77,detail,2,0.6,123,36,37.55074691772461,1.1221859455108643,2,False
78,coarse,1,0.3,34,20,25.29524040222168,,,True
78,coarse,2,0.4,66,10,31.49460792541504,,,True
78,detail,1,1.0,67,23,33.367149353027344,1.541928768157959,4,False
78,detail,1,0.9,67,27,30.27361488342285,1.7398860454559326,3,False
78,detail,1,0.8,67,33,27.161462783813477,2.018545150756836,3,True
78,detail,1,0.7,69,41,27.46480369567871,2.7320942878723145,2,False
78,detail,1,0.6,69,49,27.464948654174805,2.252835988998413,2,False
78,detail,2,0.7,120,29,36.29567337036133,1.245168924331665,2,False
78,detail,2,0.6,124,37,36.005313873291016,1.2535631656646729,2,False
79,coarse,1,0.3,34,20,25.3479061126709,,,True
79,coarse,2,0.3,64,8,29.57525062561035,,,True
79,detail,1,1.0,67,23,32.875274658203125,1.586092472076416,4,False
79,detail,1,0.9,67,27,29.8847713470459,1.7879159450531006,3,False
79,detail,1,0.8,67,33,27.18492317199707,2.065495252609253,3,True
79,detail,1,0.7,69,41,27.32032585144043,2.819284439086914,2,False
79,detail,1,0.6,69,41,27.459070205688477,2.293195962905884,2,False
79,detail,2,0.8,115,24,39.60955810546875,1.1624243259429932,3,False
79,detail,2,0.7,119,30,35.871826171875,1.2560200691223145,2,False
79,detail,2,0.6,125,38,35.53913497924805,1.0657787322998047,2,False
80,coarse,1,0.3,34,20,25.32134437561035,,,True
80,coarse,2,0.3,64,8,29.442190170288086,,,True
80,detail,1,1.0,67,23,32.42559051513672,1.417687177658081,4,False
80,detail,1,0.9,67,27,29.480091094970703,1.5918331146240234,3,False
80,detail,1,0.8,67,33,26.998023986816406,1.8515229225158691,3,True
80,detail,1,0.7,69,41,26.998302459716797,2.5769269466400146,2,False
80,detail,1,0.6,69,41,27.23481559753418,2.212554454803467,2,False
80,detail,2,0.8,115,24,39.79150390625,1.1750733852386475,3,False
80,detail,2,0.7,119,30,35.7343864440918,1.297426700592041,2,False
80,detail,2,0.6,125,38,35.27613830566406,1.1198980808258057,2,False
81,coarse,1,0.3,34,20,25.275602340698242,,,True
81,coarse,2,0.3,64,8,29.135845184326172,,,True
81,detail,1,1.0,67,23,32.14020919799805,1.3720407485961914,4,False
81,detail,1,0.9,67,27,29.263534545898438,1.5293245315551758,3,False
81,detail,1,0.8,67,33,26.99901008605957,1.7603044509887695,3,False
81,detail,1,0.7,69,41,26.888330459594727,2.433326005935669,2,True
81,detail,1,0.6,69,41,27.126781463623047,2.058720827102661,2,False
81,detail,2,0.8,115,24,39.6159782409668,1.183272123336792,3,False
81,detail,2,0.7,119,30,35.35285949707031,1.249241828918457,2,False
81,detail,2,0.6,125,38,35.22038269042969,1.0496065616607666,2,False
82,coarse,1,0.3,34,20,25.445161819458008,,,True
82,coarse,2,0.3,64,8,29.021041870117188,,,True
82,detail,1,1.0,67,23,32.04229736328125,1.3834624290466309,4,False
82,detail,1,0.9,67,27,29.207378387451172,1.3523790836334229,3,False
82,detail,1,0.8,67,33,27.25921630859375,1.5868802070617676,3,False
82,detail,1,0.7,69,41,26.973247528076172,2.2459752559661865,2,True
82,detail,1,0.6,69,41,27.06171226501465,1.9136877059936523,2,False
82,detail,2,0.8,115,35,40.928096771240234,1.1775569915771484,3,False
82,detail,2,0.7,119,30,35.49773025512695,1.2057161331176758,2,False
82,detail,2,0.6,125,38,35.48420715332031,1.0972449779510498,2,False
83,coarse,1,0.3,34,20,25.701309204101562,,,True
83,coarse,2,0.3,64,8,29.32155418395996,,,True
83,detail,1,1.0,67,23,31.83421516418457,1.4138095378875732,4,False
83,detail,1,0.9,67,27,29.124650955200195,1.1961982250213623,3,False
83,detail,1,0.8,67,33,27.458768844604492,1.2009882926940918,3,False
83,detail,1,0.7,69,41,26.959054946899414,1.8571288585662842,2,True
83,detail,1,0.6,69,41,27.14059829711914,1.8186957836151123,2,False
83,detail,2,0.8,115,35,40.99604415893555,1.1758904457092285,3,False
83,detail,2,0.7,119,30,35.480743408203125,1.2060866355895996,2,False
83,detail,2,0.6,125,38,35.59032440185547,1.094158411026001,2,False
84,coarse,1,0.3,34,20,26.017623901367188,,,True
84,coarse,2,0.4,64,0,31.5181827545166,,,True
84,detail,1,1.0,67,27,33.513282775878906,1.3544752597808838,4,False
84,detail,1,0.9,67,27,29.091163635253906,1.1588680744171143,3,False
84,detail,1,0.8,67,33,27.65388298034668,1.1516823768615723,3,False
84,detail,1,0.7,69,41,27.069202423095703,1.7612378597259521,2,True
84,detail,1,0.6,71,49,27.345352172851562,2.2017152309417725,2,False
84,detail,2,0.7,119,30,35.88357162475586,1.2682085037231445,2,False
84,detail,2,0.6,125,38,36.10690689086914,1.1103253364562988,2,False
85,coarse,1,0.4,34,18,26.465801239013672,,,True
85,coarse,2,0.3,64,8,29.09011459350586,,,True
85,detail,1,1.0,65,21,33.11270523071289,1.316366195678711,4,False
85,detail,1,0.9,66,26,29.825117111206055,1.5440645217895508,3,False
85,detail,1,0.8,69,35,27.518152236938477,1.826777696609497,3,True
85,detail,1,0.7,69,41,27.69527816772461,2.021859884262085,2,False
85,detail,1,0.6,71,49,27.65632438659668,2.3858401775360107,2,False
85,detail,2,0.8,115,24,40.46672439575195,1.2050848007202148,3,False
85,detail,2,0.7,119,32,37.121726989746094,1.2487168312072754,2,False
85,detail,2,0.6,119,36,37.447059631347656,1.2999238967895508,2,False
86,coarse,1,0.4,34,18,26.424196243286133,,,True
86,coarse,2,0.3,64,8,29.09011459350586,,,True
86,detail,1,1.0,65,21,33.12648010253906,1.3171539306640625,4,False
86,detail,1,0.9,66,26,29.822389602661133,1.542090892791748,3,False
86,detail,1,0.8,69,35,27.355266571044922,1.8183844089508057,3,True
86,detail,1,0.7,69,41,27.694921493530273,1.9988763332366943,2,False
86,detail,1,0.6,71,49,27.66693878173828,2.358093500137329,2,False
86,detail,2,0.8,115,24,40.368408203125,1.208085536956787,3,False
86,detail,2,0.7,119,32,36.92882537841797,1.2544875144958496,2,False
86,detail,2,0.6,119,36,37.3864631652832,1.3067502975463867,2,False
87,coarse,1,0.4,34,18,26.268592834472656,,,True
87,coarse,2,0.3,64,8,29.071199417114258,,,True
87,detail,1,1.0,65,21,33.12092208862305,1.3227496147155762,4,False
87,detail,1,0.9,66,26,29.782386779785156,1.5470075607299805,3,False
87,detail,1,0.8,69,35,26.95573616027832,1.823784589767456,3,True
87,detail,1,0.7,69,41,27.72894287109375,1.9893782138824463,2,False
87,detail,1,0.6,71,49,27.662643432617188,2.342972993850708,2,False
87,detail,2,0.8,115,21,38.2824821472168,1.1667265892028809,3,False
87,detail,2,0.7,119,30,34.70692443847656,1.2392144203186035,2,False
87,detail,2,0.6,121,36,36.45323181152344,1.1416351795196533,2,False
88,coarse,1,0.3,36,18,26.26967430114746,,,True
88,coarse,2,0.3,64,8,28.776296615600586,,,True
88,detail,1,1.0,67,23,31.352989196777344,1.3276548385620117,4,False
88,detail,1,0.9,68,26,29.033586502075195,1.4945077896118164,3,False
88,detail,1,0.8,68,35,26.950225830078125,1.773925542831421,3,True
88,detail,1,0.7,69,41,27.80300521850586,1.9699199199676514,2,False
88,detail,1,0.6,71,49,27.533464431762695,2.3184516429901123,2,False
88,detail,2,0.8,115,21,38.41032409667969,1.1852431297302246,3,False
88,detail,2,0.7,119,30,34.83137512207031,1.2225584983825684,2,False
88,detail,2,0.6,121,38,37.13840866088867,1.1844723224639893,2,False
89,coarse,1,0.3,36,18,26.18772315979004,,,True
89,coarse,2,0.3,64,8,28.584896087646484,,,True
89,detail,1,1.0,67,23,31.334911346435547,1.318303108215332,4,False
89,detail,1,0.9,68,26,28.950735092163086,1.4894580841064453,3,False
89,detail,1,0.8,68,35,26.834970474243164,1.7676212787628174,3,True
89,detail,1,0.7,69,41,27.7523250579834,1.9621384143829346,2,False
89,detail,1,0.6,71,49,27.423816680908203,2.3111231327056885,2,False
89,detail,2,0.8,115,21,38.5670051574707,1.1640100479125977,3,False
89,detail,2,0.7,119,30,34.75001907348633,1.2029128074645996,2,False
89,detail,2,0.6,121,38,37.15398406982422,1.1666796207427979,2,False
90,coarse,1,0.4,34,18,26.46906089782715,,,True
90,coarse,2,0.3,64,8,28.738176345825195,,,True
90,detail,1,1.0,65,21,33.39771270751953,1.3758020401000977,4,False
90,detail,1,0.9,66,26,29.97838020324707,1.6075568199157715,3,False
90,detail,1,0.8,69,35,27.006763458251953,1.8377211093902588,3,True
90,detail,1,0.7,69,37,28.02914810180664,2.10225510597229,2,False
90,detail,1,0.6,71,49,27.755260467529297,2.403938055038452,2,False
90,detail,2,0.8,115,21,38.665626525878906,1.1755614280700684,3,False
90,detail,2,0.7,119,30,34.909549713134766,1.2175946235656738,2,False
90,detail,2,0.6,121,38,37.18312072753906,1.1844651699066162,2,False
91,coarse,1,0.4,34,18,26.50161361694336,,,True
91,coarse,2,0.3,64,8,28.856468200683594,,,True
91,detail,1,1.0,65,21,33.485591888427734,1.3651037216186523,4,False
91,detail,1,0.9,66,26,30.080629348754883,1.597705364227295,3,False
91,detail,1,0.8,69,35,26.984859466552734,1.8246304988861084,3,True
91,detail,1,0.7,69,41,28.103744506835938,2.0237514972686768,2,False
91,detail,1,0.6,71,49,27.78789520263672,2.400073289871216,2,False
91,detail,2,0.8,115,21,38.73377227783203,1.1655056476593018,3,False
91,detail,2,0.7,119,30,34.983642578125,1.1817092895507812,2,False
91,detail,2,0.6,121,36,36.711483001708984,1.1189796924591064,2,False
92,coarse,1,0.3,36,20,27.206445693969727,,,True
92,coarse,2,0.3,64,18,29.543380737304688,,,True
92,detail,1,1.0,67,23,32.22312545776367,1.3569591045379639,4,False
92,detail,1,0.9,68,27,29.996028900146484,1.5112078189849854,3,False
92,detail,1,0.8,68,33,28.183481216430664,1.774986982345581,3,True
92,detail,1,0.7,69,41,28.761451721191406,2.024430513381958,2,False
92,detail,1,0.6,71,49,28.3211727142334,2.4037139415740967,2,False
92,detail,2,0.8,115,20,39.65049743652344,1.1770665645599365,3,False
92,detail,2,0.7,119,29,35.83419418334961,1.216444730758667,2,False
92,detail,2,0.6,121,37,36.87815856933594,1.1991381645202637,2,False
93,coarse,1,0.3,36,24,27.29922103881836,,,True
93,coarse,2,0.3,64,18,30.012298583984375,,,True
93,detail,1,1.0,67,21,32.95804977416992,1.3532021045684814,4,False
93,detail,1,0.9,68,26,30.10641860961914,1.5008776187896729,3,False
93,detail,1,0.8,68,35,28.100065231323242,1.7818033695220947,3,True
93,detail,1,0.7,69,41,28.89240074157715,2.008746385574341,2,False
93,detail,1,0.6,71,49,28.291418075561523,2.3916869163513184,2,False
93,detail,2,0.8,115,23,40.78076171875,1.174626350402832,3,False
93,detail,2,0.7,119,29,36.07914352416992,1.2098181247711182,2,False
93,detail,2,0.6,121,37,37.246395111083984,1.1559572219848633,2,False
94,coarse,1,0.3,36,24,27.28862190246582,,,True
94,coarse,2,0.3,64,18,30.081405639648438,,,True
94,detail,1,1.0,67,21,32.964698791503906,1.3924131393432617,4,False
94,detail,1,0.9,68,26,30.133405685424805,1.5482115745544434,3,False
94,detail,1,0.8,68,35,28.13953399658203,1.8302249908447266,3,True
94,detail,1,0.7,69,41,28.902095794677734,2.0699212551116943,2,False
94,detail,1,0.6,71,49,28.28101921081543,2.4335989952087402,2,False
94,detail,2,0.8,115,23,40.87176513671875,1.177065372467041,3,False
94,detail,2,0.7,119,29,36.148651123046875,1.2157542705535889,2,False
94,detail,2,0.6,121,37,37.2820930480957,1.1645283699035645,2,False
95,coarse,1,0.3,36,20,27.25847816467285,,,True
95,coarse,2,0.3,64,18,30.050254821777344,,,True
95,detail,1,1.0,67,23,32.43925857543945,1.4102058410644531,4,False
95,detail,1,0.9,68,27,30.263290405273438,1.555474042892456,3,False
95,detail,1,0.8,68,33,28.377323150634766,1.8221235275268555,3,False
95,detail,1,0.7,69,41,28.918228149414062,2.094602346420288,2,False
95,detail,1,0.6,71,49,28.281543731689453,2.4450323581695557,2,True
95,detail,2,0.8,115,23,40.82453155517578,1.1572363376617432,3,False
95,detail,2,0.7,119,29,36.14046859741211,1.2104182243347168,2,False
95,detail,2,0.6,121,37,37.308834075927734,1.1594228744506836,2,False
96,coarse,1,0.3,36,20,27.240459442138672,,,True
96,coarse,2,0.3,64,18,29.97646713256836,,,True
96,detail,1,1.0,67,23,32.43849182128906,1.4163503646850586,4,False
96,detail,1,0.9,68,27,30.28277587890625,1.5780487060546875,3,False
96,detail,1,0.8,68,33,28.379268646240234,1.824709177017212,3,False
96,detail,1,0.7,69,41,28.87557601928711,2.027383327484131,2,False
96,detail,1,0.6,71,49,28.250938415527344,2.359218120574951,2,True
96,detail,2,0.8,115,23,40.80381774902344,1.161400556564331,3,False
96,detail,2,0.7,119,29,36.12788391113281,1.21351957321167,2,False
96,detail,2,0.6,121,37,37.35681915283203,1.1577372550964355,2,False
97,coarse,1,0.3,36,20,27.469724655151367,,,True
97,coarse,2,0.3,64,18,30.33706283569336,,,True
97,detail,1,1.0,67,23,32.67471694946289,1.7173259258270264,4,False
97,detail,1,0.9,68,27,30.509428024291992,1.9405133724212646,3,False
97,detail,1,0.8,68,33,28.702545166015625,2.249788761138916,3,False
97,detail,1,0.7,71,43,29.13568115234375,2.737333297729492,2,False
97,detail,1,0.6,71,49,28.601354598999023,2.643792152404785,2,True
97,detail,2,0.8,118,26,38.7880859375,1.2755084037780762,3,False
97,detail,2,0.7,119,29,36.318382263183594,1.3071238994598389,2,False
97,detail,2,0.6,121,37,37.428871154785156,1.227790117263794,2,False
98,coarse,1,0.3,36,20,27.577129364013672,,,True
98,coarse,2,0.3,64,18,30.404781341552734,,,True
98,detail,1,1.0,67,23,32.75764465332031,1.7173478603363037,4,False
98,detail,1,0.9,68,27,30.533578872680664,1.9393126964569092,3,False
98,detail,1,0.8,68,33,28.808544158935547,2.2472596168518066,3,False
98,detail,1,0.7,71,43,29.231435775756836,2.737868309020996,2,False
98,detail,1,0.6,71,49,28.683021545410156,2.6432747840881348,2,True
98,detail,2,0.8,118,26,38.763187408447266,1.2729601860046387,3,False
98,detail,2,0.7,119,29,36.345008850097656,1.3047893047332764,2,False
98,detail,2,0.6,121,37,37.4351806640625,1.2293097972869873,2,False
99,coarse,1,0.4,34,18,27.808815002441406,,,True
99,coarse,2,0.3,64,18,30.781150817871094,,,True
99,detail,1,1.0,65,21,34.83218002319336,1.7057814598083496,4,False
99,detail,1,0.9,66,26,31.655733108520508,1.9979164600372314,3,False
99,detail,1,0.8,69,35,28.46118927001953,2.2960703372955322,3,True
99,detail,1,0.7,71,43,29.46940040588379,2.753303050994873,2,False
99,detail,1,0.6,71,49,29.09642219543457,2.666585922241211,2,False
99,detail,2,0.8,118,26,39.24202346801758,1.2722620964050293,3,False
99,detail,2,0.7,119,29,37.07121658325195,1.306917428970337,2,False
99,detail,2,0.6,121,37,38.062652587890625,1.2261202335357666,2,False
100,coarse,1,0.4,34,18,27.93874168395996,,,True
100,coarse,2,0.3,64,8,31.089656829833984,,,True
100,detail,1,1.0,65,21,35.105159759521484,1.7598867416381836,4,False
100,detail,1,0.9,66,26,31.818893432617188,2.035940647125244,3,False
100,detail,1,0.8,69,35,28.710371017456055,2.3584091663360596,3,True
100,detail,1,0.7,71,43,29.625349044799805,2.796638011932373,2,False
100,detail,1,0.6,71,51,29.22109031677246,2.585235357284546,2,False
100,detail,2,0.8,118,24,37.9236946105957,1.1997003555297852,3,False
100,detail,2,0.7,119,30,36.913970947265625,1.3112540245056152,2,False
100,detail,2,0.6,121,36,39.02323913574219,1.1345832347869873,2,False
101,coarse,1,0.4,34,18,27.73044776916504,,,True
101,coarse,2,0.3,64,18,31.186115264892578,,,True
101,detail,1,1.0,65,21,35.045413970947266,1.6954689025878906,4,False
101,detail,1,0.9,66,26,31.82213592529297,1.9729604721069336,3,False
101,detail,1,0.8,69,35,28.563108444213867,2.2778899669647217,3,True
101,detail,1,0.7,71,43,29.508527755737305,2.717327356338501,2,False
101,detail,1,0.6,71,51,29.06995391845703,2.5651345252990723,2,False
101,detail,2,0.8,115,20,41.72905731201172,1.1520216464996338,3,False
101,detail,2,0.7,119,31,37.577598571777344,1.2068233489990234,2,False
101,detail,2,0.6,121,61,38.68010711669922,1.248718023300171,2,False
102,coarse,1,0.4,34,18,27.80348014831543,,,True
102,coarse,2,0.3,64,8,31.2557373046875,,,True
102,detail,1,1.0,65,21,35.265655517578125,1.7057926654815674,4,False
102,detail,1,0.9,66,26,31.983745574951172,1.969275951385498,3,False
102,detail,1,0.8,69,35,28.811655044555664,2.236048460006714,3,True
102,detail,1,0.7,71,43,29.674161911010742,2.6814627647399902,2,False
102,detail,1,0.6,71,51,29.152170181274414,2.5143861770629883,2,False
102,detail,2,0.8,118,27,40.64045715332031,1.1496541500091553,3,False
102,detail,2,0.7,119,30,37.18342971801758,1.1575124263763428,2,False
102,detail,2,0.6,121,38,39.3488655090332,0.9893825054168701,2,False
103,coarse,1,0.4,34,18,27.81390953063965,,,True
103,coarse,2,0.4,64,8,34.05237579345703,,,True
103,detail,1,1.0,65,21,35.338722229003906,1.7391278743743896,4,False
103,detail,1,0.9,66,26,32.08967208862305,2.0015175342559814,3,False
103,detail,1,0.8,69,35,28.856224060058594,2.265509605407715,3,True
103,detail,1,0.7,71,43,29.639745712280273,2.7064015865325928,2,False
103,detail,1,0.6,71,51,29.12103271484375,2.5060465335845947,2,False
103,detail,2,0.8,117,24,39.645511627197266,1.1282010078430176,3,False
103,detail,2,0.7,119,30,37.81354522705078,1.15962815284729,2,False
103,detail,2,0.6,121,38,39.925479888916016,1.0148200988769531,2,False
104,coarse,1,0.4,34,18,27.563478469848633,,,True
104,coarse,2,0.3,64,18,31.498144149780273,,,True
104,detail,1,1.0,65,21,35.217132568359375,1.7077243328094482,4,False
104,detail,1,0.9,66,26,32.055419921875,1.9645166397094727,3,False
104,detail,1,0.8,69,35,28.64199447631836,2.2155187129974365,3,True
104,detail,1,0.7,71,43,29.456098556518555,2.657932996749878,2,False
104,detail,1,0.6,71,51,29.13262367248535,2.475128173828125,2,False
104,detail,2,0.9,115,32,42.65104293823242,1.2166125774383545,3,False
104,detail,2,0.8,118,26,40.05292892456055,1.205038070678711,3,False
104,detail,2,0.7,119,31,37.84217071533203,1.2267327308654785,2,False
104,detail,2,0.6,121,37,39.17452621459961,1.1015613079071045,2,False
105,coarse,1,0.4,34,18,27.413097381591797,,,True
105,coarse,2,0.3,64,8,31.087385177612305,,,True
105,detail,1,1.0,65,21,35.015350341796875,1.7205665111541748,4,False
105,detail,1,0.9,66,26,31.880414962768555,1.9762039184570312,3,False
105,detail,1,0.8,69,35,28.4119873046875,2.2677083015441895,3,True
105,detail,1,0.7,71,43,29.297557830810547,2.6996214389801025,2,False
105,detail,1,0.6,71,51,29.03374481201172,2.542069435119629,2,False
105,detail,2,0.9,115,18,41.49126052856445,1.1863796710968018,3,False
105,detail,2,0.8,118,24,37.735755920410156,1.116713047027588,3,False
105,detail,2,0.7,119,30,36.98057556152344,1.2469217777252197,2,False
105,detail,2,0.6,121,38,38.70512008666992,1.114464521408081,2,False
106,coarse,1,0.4,34,18,27.205280303955078,,,True
106,coarse,2,0.3,64,8,30.57349967956543,,,True
106,detail,1,1.0,65,21,34.80277633666992,1.6734893321990967,4,False
106,detail,1,0.9,66,26,31.692363739013672,1.9347145557403564,3,False
106,detail,1,0.8,69,35,28.158191680908203,2.270224094390869,3,True
106,detail,1,0.7,71,43,29.000267028808594,2.7279961109161377,2,False
106,detail,1,0.6,71,51,28.74858283996582,2.568542718887329,2,False
106,detail,2,0.9,115,18,41.279930114746094,1.1961157321929932,3,False
106,detail,2,0.8,118,24,37.3895263671875,1.1120951175689697,3,False
106,detail,2,0.7,119,30,36.83433151245117,1.2413067817687988,2,False
106,detail,2,0.6,121,38,38.30739212036133,1.1107409000396729,2,False
107,coarse,1,0.4,34,18,26.56855583190918,,,True
107,coarse,2,0.3,64,8,29.67253303527832,,,True
107,detail,1,1.0,65,21,34.01214599609375,1.6691632270812988,4,False
107,detail,1,0.9,66,26,30.91912269592285,1.9362049102783203,3,False
107,detail,1,0.8,69,35,27.454517364501953,2.2755720615386963,3,True
107,detail,1,0.7,71,43,28.3555908203125,2.7432861328125,2,False
107,detail,1,0.6,71,51,28.39214515686035,2.5848798751831055,2,False
107,detail,2,0.9,115,18,40.28776550292969,1.2732117176055908,3,False
107,detail,2,0.8,118,24,36.42302322387695,1.1844055652618408,3,False
107,detail,2,0.7,119,30,35.932456970214844,1.2860682010650635,2,False
107,detail,2,0.6,121,38,37.32141876220703,1.1769371032714844,2,False
108,coarse,1,0.4,34,18,26.811538696289062,,,True
108,coarse,2,0.3,64,8,29.599863052368164,,,True
108,detail,1,1.0,65,21,34.245262145996094,1.6858692169189453,4,False
108,detail,1,0.9,66,26,31.160381317138672,1.9513583183288574,3,False
108,detail,1,0.8,69,35,27.580991744995117,2.2775943279266357,3,True
108,detail,1,0.7,71,43,28.45259666442871,2.747077465057373,2,False
108,detail,1,0.6,71,51,28.39020538330078,2.5729308128356934,2,False
108,detail,2,0.9,115,18,40.35009765625,1.298450231552124,3,False
108,detail,2,0.8,118,24,36.42289733886719,1.2161073684692383,3,False
108,detail,2,0.7,119,30,36.08198547363281,1.3356378078460693,2,False
108,detail,2,0.6,121,38,37.3459587097168,1.2622132301330566,2,False
109,coarse,1,0.4,34,18,26.921146392822266,,,True
109,coarse,2,0.3,64,8,29.484209060668945,,,True
109,detail,1,1.0,65,21,34.6087532043457,1.425365686416626,4,False
109,detail,1,0.9,66,26,31.58310890197754,1.6822848320007324,3,False
109,detail,1,0.8,69,35,27.693159103393555,1.9995548725128174,3,True
109,detail,1,0.7,71,43,28.39693832397461,2.475257158279419,2,False
109,detail,1,0.6,71,51,28.167922973632812,2.100588321685791,2,False
109,detail,2,0.9,118,18,37.25578689575195,1.2992439270019531,3,False
109,detail,2,0.8,118,24,36.76066207885742,1.3861799240112305,3,False
109,detail,2,0.7,121,30,36.40409851074219,1.2347440719604492,2,False
109,detail,2,0.6,121,38,37.46451187133789,1.5233681201934814,2,False
110,coarse,1,0.4,34,18,27.01800537109375,,,True
110,coarse,2,0.3,64,8,29.54884910583496,,,True
110,detail,1,1.0,65,21,34.6904296875,1.4230806827545166,4,False
110,detail,1,0.9,66,26,31.662872314453125,1.6806669235229492,3,False
110,detail,1,0.8,69,35,27.746084213256836,1.9958608150482178,3,True
110,detail,1,0.7,71,43,28.474767684936523,2.4726717472076416,2,False
110,detail,1,0.6,71,51,28.330516815185547,2.0953845977783203,2,False
110,detail,2,0.9,118,18,37.264774322509766,1.2968063354492188,3,False
110,detail,2,0.8,118,24,36.78990173339844,1.3835744857788086,3,False
110,detail,2,0.7,121,30,36.428836822509766,1.2315587997436523,2,False
110,detail,2,0.6,121,38,37.503787994384766,1.5201146602630615,2,False
111,coarse,1,0.3,36,20,27.557666778564453,,,True
111,coarse,2,0.3,64,8,30.494043350219727,,,True
111,detail,1,1.0,67,23,33.047672271728516,1.3790886402130127,4,False
111,detail,1,0.9,68,27,30.431764602661133,1.56443452835083,3,False
111,detail,1,0.8,68,36,29.096168518066406,1.8262221813201904,3,False
111,detail,1,0.7,71,43,28.5757999420166,2.3588030338287354,2,True
111,detail,1,0.6,71,51,28.709623336791992,2.039198875427246,2,False
111,detail,2,0.9,118,18,38.03781509399414,1.2812328338623047,3,False
111,detail,2,0.8,118,24,37.690574645996094,1.365891456604004,3,False
111,detail,2,0.7,121,30,37.32152557373047,1.222428321838379,2,False
111,detail,2,0.6,121,38,38.38894271850586,1.512808084487915,2,False
112,coarse,1,0.3,36,20,27.84557342529297,,,True
112,coarse,2,0.3,64,8,30.88589859008789,,,True
112,detail,1,1.0,67,23,33.49279022216797,1.412491798400879,4,False
112,detail,1,0.9,68,27,30.86800765991211,1.5957438945770264,3,False
112,detail,1,0.8,68,36,29.600032806396484,1.8666789531707764,3,False
112,detail,1,0.7,71,43,28.869211196899414,2.3979454040527344,2,True
112,detail,1,0.6,71,51,28.93202781677246,2.060882329940796,2,False
112,detail,2,0.9,118,18,38.338401794433594,1.2623424530029297,3,False
112,detail,2,0.8,118,24,37.92649459838867,1.3391525745391846,3,False
112,detail,2,0.7,121,30,37.49723434448242,1.2017276287078857,2,False
112,detail,2,0.6,121,38,38.579036712646484,1.5001864433288574,2,False
113,coarse,1,0.3,36,20,28.21832847595215,,,True
113,coarse,2,0.3,64,8,31.057781219482422,,,True
113,detail,1,1.0,67,23,33.688289642333984,1.4127678871154785,4,False
113,detail,1,0.9,68,27,31.10436248779297,1.5984177589416504,3,False
113,detail,1,0.8,68,36,29.88665008544922,1.8692982196807861,3,False
113,detail,1,0.7,71,43,29.103763580322266,2.4016923904418945,2,True
113,detail,1,0.6,71,51,29.20321273803711,2.061633348464966,2,False
113,detail,2,0.9,118,18,38.72955322265625,1.2565913200378418,3,False
113,detail,2,0.8,118,24,38.39846420288086,1.3329718112945557,3,False
113,detail,2,0.7,121,30,37.953067779541016,1.2017796039581299,2,False
113,detail,2,0.6,121,38,38.972869873046875,1.4995875358581543,2,False
114,coarse,1,0.3,36,20,28.263259887695312,,,True
114,coarse,2,0.3,64,8,31.000211715698242,,,True
114,detail,1,1.0,67,23,33.695098876953125,1.4077978134155273,4,False
114,detail,1,0.9,68,27,31.11568832397461,1.593472957611084,3,False
114,detail,1,0.8,68,36,29.87466049194336,1.864410638809204,3,False
114,detail,1,0.7,71,43,29.1697998046875,2.3970394134521484,2,True
114,detail,1,0.6,71,51,29.272125244140625,2.0571296215057373,2,False
114,detail,2,0.9,118,18,38.73421859741211,1.250023365020752,3,False
114,detail,2,0.8,118,24,38.4237174987793,1.326242208480835,3,False
114,detail,2,0.7,121,30,37.993141174316406,1.191657304763794,2,False
114,detail,2,0.6,121,38,38.9944953918457,1.4886584281921387,2,False
115,coarse,1,0.3,36,20,28.207027435302734,,,True
115,coarse,2,0.3,64,8,31.207719802856445,,,True
115,detail,1,1.0,67,23,33.68144226074219,1.412705898284912,4,False
115,detail,1,0.9,68,27,31.13642120361328,1.5978422164916992,3,False
115,detail,1,0.8,68,36,29.924823760986328,1.8665788173675537,3,False
115,detail,1,0.7,71,43,29.192237854003906,2.4113454818725586,2,True
115,detail,1,0.6,71,51,29.246166229248047,2.068504571914673,2,False
115,detail,2,0.9,118,18,38.738929748535156,1.2963683605194092,3,False
115,detail,2,0.8,118,24,38.42618942260742,1.367231845855713,3,False
115,detail,2,0.7,121,30,38.079593658447266,1.2501087188720703,2,False
115,detail,2,0.6,127,46,38.80391311645508,1.0306117534637451,2,False
116,coarse,1,0.3,36,20,28.297494888305664,,,True
116,coarse,2,0.3,64,8,31.425535202026367,,,True
116,detail,1,1.0,67,23,33.8713493347168,1.4246928691864014,4,False
116,detail,1,0.9,68,27,31.22838592529297,1.6098368167877197,3,False
116,detail,1,0.8,68,36,30.019779205322266,1.8774011135101318,3,False
116,detail,1,0.7,71,43,29.19832992553711,2.4229562282562256,2,True
116,detail,1,0.6,71,51,29.273834228515625,2.073474407196045,2,False
116,detail,2,0.9,118,18,38.70438003540039,1.304774284362793,3,False
116,detail,2,0.8,118,24,38.44643020629883,1.3791484832763672,3,False
116,detail,2,0.7,121,30,38.0897102355957,1.2847976684570312,2,False
116,detail,2,0.6,127,46,38.6500129699707,1.0726838111877441,2,False
117,coarse,1,0.3,36,20,28.084871292114258,,,True
117,coarse,2,0.3,64,8,31.240026473999023,,,True
117,detail,1,1.0,67,23,33.76483917236328,1.4737484455108643,4,False
117,detail,1,0.9,68,27,31.113759994506836,1.6405587196350098,3,False
117,detail,1,0.8,68,36,29.88547134399414,1.9008619785308838,3,False
117,detail,1,0.7,71,43,29.05557632446289,2.4411065578460693,2,True
117,detail,1,0.6,71,51,29.175445556640625,2.078296661376953,2,False
117,detail,2,0.9,118,18,38.57843780517578,1.360469102859497,3,False
117,detail,2,0.8,118,24,38.30230712890625,1.4340176582336426,3,False
117,detail,2,0.7,121,30,38.14820098876953,1.3323771953582764,2,False
117,detail,2,0.6,125,38,38.077816009521484,1.2014272212982178,2,False
118,coarse,1,0.3,36,20,27.902667999267578,,,True
118,coarse,2,0.3,64,8,30.96428108215332,,,True
118,detail,1,1.0,67,23,33.457035064697266,1.5443854331970215,4,False
118,detail,1,0.9,68,27,30.869415283203125,1.727675199508667,3,False
118,detail,1,0.8,68,36,29.53056526184082,1.9767072200775146,3,False
118,detail,1,0.7,71,43,28.748659133911133,2.533074140548706,2,True
118,detail,1,0.6,71,51,28.78470802307129,2.1885108947753906,2,False
118,detail,2,1.0,115,12,41.676876068115234,1.3283417224884033,4,False
118,detail,2,0.9,118,15,37.33835220336914,1.298266887664795,3,False
118,detail,2,0.8,118,24,37.82908248901367,1.490774154663086,3,False
118,detail,2,0.7,121,30,37.928810119628906,1.3916597366333008,2,False
118,detail,2,0.6,125,38,37.69297790527344,1.1043879985809326,2,False
119,coarse,1,0.3,36,20,27.006866455078125,,,True
119,coarse,2,0.3,64,8,29.345808029174805,,,True
119,detail,1,1.0,67,23,32.59785079956055,1.5934579372406006,4,False
119,detail,1,0.9,68,27,29.93243408203125,1.7660818099975586,3,False
119,detail,1,0.8,68,36,28.686386108398438,2.0082132816314697,3,False
119,detail,1,0.7,71,43,28.163400650024414,2.5413644313812256,2,True
119,detail,1,0.6,71,51,28.190553665161133,2.1878020763397217,2,False
119,detail,2,1.0,115,12,40.782806396484375,1.3811256885528564,4,False
119,detail,2,0.9,118,15,36.462135314941406,1.3333141803741455,3,False
119,detail,2,0.8,118,24,36.88633728027344,1.5084865093231201,3,False
119,detail,2,0.7,121,30,37.03934097290039,1.4171926975250244,2,False
119,detail,2,0.6,125,38,36.72848129272461,1.2034969329833984,2,False
120,coarse,1,0.3,36,20,25.7742919921875,,,True
120,coarse,2,0.3,64,8,28.37630271911621,,,True
120,coarse,3,0.4,14,2,31.66337776184082,,,True
120,detail,1,1.0,67,23,31.4290771484375,1.5720598697662354,4,False
120,detail,1,0.9,68,27,28.8101806640625,1.7287044525146484,3,False
120,detail,1,0.8,68,36,27.486055374145508,1.963139533996582,3,False
120,detail,1,0.7,71,43,27.26827621459961,2.4794445037841797,2,True
120,detail,1,0.6,71,51,27.36482810974121,2.1163511276245117,2,False
120,detail,2,1.0,115,12,39.28861999511719,1.3243839740753174,4,False
120,detail,2,0.9,118,18,35.630489349365234,1.357844591140747,3,False
120,detail,2,0.8,118,24,35.27738952636719,1.418839931488037,3,False
120,detail,2,0.7,119,32,35.58403396606445,1.6011474132537842,2,False
120,detail,2,0.6,125,38,35.496097564697266,1.1773927211761475,2,False
120,detail,3,1.0,29,8,35.88029098510742,1.6111221313476562,4,False
120,detail,3,0.9,26,0,33.338645935058594,1.820711374282837,3,False
120,detail,3,0.8,26,9,34.22685623168945,1.5866992473602295,3,False
120,detail,3,0.7,29,16,33.458980560302734,1.77604079246521,2,False
120,detail,3,0.6,31,24,31.97848892211914,1.9997766017913818,2,False
121,coarse,1,0.3,36,20,25.528295516967773,,,True
121,coarse,2,0.3,64,8,28.63697624206543,,,True
121,detail,1,1.0,67,23,31.395111083984375,1.4526300430297852,4,False
121,detail,1,0.9,68,27,28.73112678527832,1.5933287143707275,3,False
121,detail,1,0.8,68,36,27.4055118560791,1.854306936264038,3,False
121,detail,1,0.7,71,43,27.205455780029297,2.3928656578063965,2,False
121,detail,1,0.6,71,51,27.188419342041016,2.1927733421325684,2,True
121,detail,2,0.9,115,15,37.9012336730957,1.2334012985229492,3,False
121,detail,2,0.8,118,24,35.50438690185547,1.2411601543426514,3,False
121,detail,2,0.7,119,32,35.74686050415039,1.3952646255493164,2,False
121,detail,2,0.6,121,38,36.732757568359375,1.2998735904693604,2,False
122,coarse,1,0.3,36,20,25.74970054626465,,,True
122,coarse,2,0.3,64,8,28.982585906982422,,,True
122,detail,1,1.0,67,23,31.824331283569336,1.3574333190917969,4,False
122,detail,1,0.9,68,27,29.1524658203125,1.502479076385498,3,False
122,detail,1,0.8,68,36,27.69599723815918,1.7710597515106201,3,False
122,detail,1,0.7,71,43,27.469499588012695,2.307821273803711,2,True
122,detail,1,0.6,71,51,27.47029685974121,2.1161510944366455,2,False
122,detail,2,0.9,115,18,39.635433197021484,1.2539405822753906,3,False
122,detail,2,0.8,118,24,35.83053970336914,1.1412205696105957,3,False
122,detail,2,0.7,119,32,36.052616119384766,1.2913987636566162,2,False
122,detail,2,0.6,121,38,37.01403045654297,1.2185931205749512,2,False
123,coarse,1,0.3,36,20,27.0432186126709,,,True
123,coarse,2,0.3,64,8,30.465335845947266,,,True
123,detail,1,1.0,67,23,33.05765151977539,1.3891863822937012,4,False
123,detail,1,0.9,68,27,30.446632385253906,1.5512902736663818,3,False
123,detail,1,0.8,68,36,28.908580780029297,1.8144841194152832,3,False
123,detail,1,0.7,71,43,28.7725887298584,2.3547685146331787,2,False
123,detail,1,0.6,71,51,28.376846313476562,2.1291799545288086,2,True
123,detail,2,0.9,115,15,39.78672409057617,1.2291538715362549,3,False
123,detail,2,0.8,118,24,37.22996520996094,1.2333269119262695,3,False
123,detail,2,0.7,119,32,37.41743850708008,1.3985347747802734,2,False
123,detail,2,0.6,121,38,38.532039642333984,1.2966399192810059,2,False
124,coarse,1,0.3,36,20,27.60930061340332,,,True
124,coarse,2,0.3,64,8,31.299699783325195,,,True
124,detail,1,1.0,67,23,33.74894332885742,1.3063087463378906,4,False
124,detail,1,0.9,68,27,31.25139808654785,1.4574472904205322,3,False
124,detail,1,0.8,68,36,29.613475799560547,1.7267098426818848,3,False
124,detail,1,0.7,71,43,29.435428619384766,2.270556926727295,2,False
124,detail,1,0.6,71,51,29.070817947387695,2.0444767475128174,2,True
124,detail,2,0.9,115,15,40.88521194458008,1.2004420757293701,3,False
124,detail,2,0.8,118,24,38.16103744506836,1.2074694633483887,3,False
124,detail,2,0.7,119,32,38.374637603759766,1.365694284439087,2,False
124,detail,2,0.6,121,38,39.56632614135742,1.270538330078125,2,False
125,coarse,1,0.3,36,20,27.850994110107422,,,True
125,coarse,2,0.3,64,8,31.15256118774414,,,True
125,detail,1,1.0,67,23,33.996673583984375,1.4854445457458496,4,False
125,detail,1,0.9,68,30,31.488651275634766,1.6535625457763672,3,False
125,detail,1,0.8,68,36,29.397994995117188,1.9130077362060547,3,False
125,detail,1,0.7,71,45,29.796405792236328,2.4384965896606445,2,False
125,detail,1,0.6,71,51,29.145830154418945,2.305035352706909,2,True
125,detail,2,0.9,115,18,41.806663513183594,1.2330198287963867,3,False
125,detail,2,0.8,118,24,38.10318374633789,1.1556487083435059,3,False
125,detail,2,0.7,119,32,38.385040283203125,1.3499298095703125,2,False
125,detail,2,0.6,121,38,39.82179260253906,1.3080260753631592,2,False
126,coarse,1,0.4,34,18,27.5876522064209,,,True
126,coarse,2,0.3,64,8,30.964035034179688,,,True
126,detail,1,1.0,65,25,35.54727554321289,1.5410375595092773,4,False
126,detail,1,0.9,69,29,32.64129638671875,1.856006145477295,3,False
126,detail,1,0.8,69,38,29.355283737182617,2.1582138538360596,3,False
126,detail,1,0.7,71,45,29.682735443115234,2.5943825244903564,2,False
126,detail,1,0.6,71,51,29.008148193359375,2.574639081954956,2,True
126,detail,2,0.9,115,15,40.747928619384766,1.162966251373291,3,False
126,detail,2,0.8,118,24,37.74351501464844,1.1783952713012695,3,False
126,detail,2,0.7,119,32,38.0084114074707,1.3810298442840576,2,False
126,detail,2,0.6,121,38,39.748016357421875,1.347029685974121,2,False
127,coarse,1,0.4,34,18,27.0018310546875,,,True
127,coarse,2,0.3,64,8,30.589216232299805,,,True
127,detail,1,1.0,65,25,34.879878997802734,1.6371378898620605,4,False
127,detail,1,0.9,66,29,32.26765441894531,1.9290482997894287,3,False
127,detail,1,0.8,69,38,28.97092056274414,2.255470037460327,3,False
127,detail,1,0.7,71,45,29.33527374267578,2.675739288330078,2,False
127,detail,1,0.6,71,51,28.548826217651367,2.658015012741089,2,True
127,detail,2,0.9,118,21,39.956443786621094,1.2601494789123535,3,False
127,detail,2,0.8,118,24,37.473304748535156,1.2958297729492188,3,False
127,detail,2,0.7,119,32,37.736724853515625,1.506373643875122,2,False
127,detail,2,0.6,121,38,39.5545539855957,1.432020664215088,2,False
128,coarse,1,0.4,34,18,26.895784378051758,,,True
128,coarse,2,0.3,64,8,30.61824607849121,,,True
128,detail,1,1.0,65,25,34.72183609008789,1.652604103088379,4,False
128,detail,1,0.9,66,29,32.17038345336914,1.9424259662628174,3,False
128,detail,1,0.8,69,38,28.984886169433594,2.275731325149536,3,False
128,detail,1,0.7,71,45,29.340190887451172,2.677292823791504,2,False
128,detail,1,0.6,71,51,28.487768173217773,2.6821486949920654,2,True
128,detail,2,0.9,118,21,39.85235595703125,1.2855432033538818,3,False
128,detail,2,0.8,118,24,37.3533935546875,1.3206748962402344,3,False
128,detail,2,0.7,119,32,37.63396453857422,1.52897047996521,2,False
128,detail,2,0.6,121,38,39.61420822143555,1.451643705368042,2,False
129,coarse,1,0.4,34,18,26.736217498779297,,,True
129,coarse,2,0.3,64,8,30.60858154296875,,,True
129,detail,1,1.0,65,25,34.46284103393555,1.6145546436309814,4,False
129,detail,1,0.9,66,29,31.908498764038086,1.9177241325378418,3,False
129,detail,1,0.8,69,38,29.078125,2.257434129714966,3,False
129,detail,1,0.7,69,45,29.22650909423828,2.311323642730713,2,False
129,detail,1,0.6,71,51,28.59524917602539,2.6327567100524902,2,True
129,detail,2,1.0,115,12,40.724185943603516,1.339686393737793,4,False
129,detail,2,0.9,118,18,37.347503662109375,1.3398008346557617,3,False
129,detail,2,0.8,118,24,36.99922561645508,1.4392859935760498,3,False
129,detail,2,0.7,119,32,37.211769104003906,1.687847375869751,2,False
129,detail,2,0.6,123,38,39.07871627807617,1.190600872039795,2,False
130,coarse,1,0.4,34,18,26.645578384399414,,,True
130,coarse,2,0.3,64,8,30.51397705078125,,,True
130,detail,1,1.0,65,25,34.25810241699219,1.631474256515503,4,False
130,detail,1,0.9,66,29,31.72157859802246,1.9371469020843506,3,False
130,detail,1,0.8,69,38,29.228424072265625,2.265925168991089,3,False
130,detail,1,0.7,69,45,29.069869995117188,2.365668773651123,2,False
130,detail,1,0.6,71,51,28.61836814880371,2.660339593887329,2,True
130,detail,2,1.0,115,12,40.620182037353516,1.3756484985351562,4,False
130,detail,2,0.9,118,18,37.42634963989258,1.3654067516326904,3,False
130,detail,2,0.8,118,24,36.995914459228516,1.4740803241729736,3,False
130,detail,2,0.7,119,32,37.21083068847656,1.712486982345581,2,False
130,detail,2,0.6,123,38,39.236080169677734,1.1884808540344238,2,False
131,coarse,1,0.4,34,18,26.528366088867188,,,True
131,coarse,2,0.3,64,8,30.357580184936523,,,True
131,detail,1,1.0,65,25,34.067039489746094,1.6584844589233398,4,False
131,detail,1,0.9,66,29,31.454004287719727,1.9559109210968018,3,False
131,detail,1,0.8,69,38,29.38184356689453,2.2735519409179688,3,False
131,detail,1,0.7,69,45,28.863985061645508,2.397484302520752,2,False
131,detail,1,0.6,71,51,28.681243896484375,2.6730828285217285,2,True
131,detail,2,1.0,115,12,40.354530334472656,1.4065747261047363,4,False
131,detail,2,0.9,118,18,37.36751937866211,1.402695894241333,3,False
131,detail,2,0.8,118,24,36.86843490600586,1.485429286956787,3,False
131,detail,2,0.7,119,32,37.088340759277344,1.7303528785705566,2,False
131,detail,2,0.6,123,38,38.89849853515625,1.2837309837341309,2,False
132,coarse,1,0.4,34,18,26.45856285095215,,,True
132,coarse,2,0.3,64,8,30.043413162231445,,,True
132,detail,1,1.0,65,25,33.68686294555664,1.5978829860687256,4,False
132,detail,1,0.9,66,29,31.088064193725586,1.902433156967163,3,False
132,detail,1,0.8,69,38,29.582626342773438,2.2342326641082764,3,False
132,detail,1,0.7,69,45,28.72186279296875,2.453057050704956,2,True
132,detail,1,0.6,71,51,28.806129455566406,2.700608015060425,2,False
132,detail,2,1.0,115,12,40.08445358276367,1.3367030620574951,4,False
132,detail,2,0.9,118,18,37.267822265625,1.3626110553741455,3,False
132,detail,2,0.8,118,24,36.674312591552734,1.4909029006958008,3,False
132,detail,2,0.7,119,32,36.95403289794922,1.7300605773925781,2,False
132,detail,2,0.6,123,38,38.782814025878906,1.220961093902588,2,False
133,coarse,1,0.4,34,18,26.82554054260254,,,True
133,coarse,2,0.3,64,8,30.280101776123047,,,True
133,detail,1,1.0,65,25,33.85932540893555,1.170220136642456,4,False
133,detail,1,0.9,66,29,31.2373104095459,1.3568363189697266,3,False
133,detail,1,0.8,69,38,30.558692932128906,1.6768848896026611,3,False
133,detail,1,0.7,69,45,29.06715202331543,1.9387412071228027,2,True
133,detail,1,0.6,69,39,29.357158660888672,1.7879619598388672,2,False
133,detail,2,0.8,115,24,40.42273712158203,1.1175987720489502,3,False
133,detail,2,0.7,119,32,36.97861862182617,1.1370108127593994,2,False
133,detail,2,0.6,119,38,39.132972717285156,1.3483786582946777,2,False
134,coarse,1,0.4,34,18,26.462982177734375,,,True
134,coarse,2,0.3,64,8,29.671985626220703,,,True
134,detail,1,1.0,65,25,33.194374084472656,1.2092640399932861,4,False
134,detail,1,0.9,66,29,30.52935791015625,1.402289867401123,3,False
134,detail,1,0.8,69,38,30.45491600036621,1.7147693634033203,3,False
134,detail,1,0.7,69,45,28.80010223388672,1.9930546283721924,2,False
134,detail,1,0.6,69,43,28.795377731323242,2.0923640727996826,2,True
134,detail,2,0.8,115,24,39.82099151611328,1.1327674388885498,3,False
134,detail,2,0.7,119,32,36.461463928222656,1.1439523696899414,2,False
134,detail,2,0.6,119,38,38.67543029785156,1.3427839279174805,2,False
135,coarse,1,0.4,34,18,26.308685302734375,,,True
135,coarse,2,0.3,64,8,29.37736701965332,,,True
135,detail,1,1.0,65,25,32.84183883666992,1.1827561855316162,4,False
135,detail,1,0.9,66,29,30.175872802734375,1.3535611629486084,3,False
135,detail,1,0.8,66,35,30.406768798828125,1.4643607139587402,3,False
135,detail,1,0.7,69,43,28.642751693725586,2.0982871055603027,2,False
135,detail,1,0.6,69,39,28.554052352905273,1.8451504707336426,2,True
135,detail,2,0.8,115,24,39.50051498413086,1.1268341541290283,3,False
135,detail,2,0.7,119,32,36.38032150268555,1.145662784576416,2,False
135,detail,2,0.6,119,38,38.14892578125,1.2893860340118408,2,False
136,coarse,1,0.4,34,18,25.909746170043945,,,True
136,coarse,2,0.3,64,8,28.975502014160156,,,True
136,detail,1,1.0,65,25,32.344417572021484,1.267347812652588,4,False
136,detail,1,0.9,66,29,29.640174865722656,1.4761250019073486,3,False
136,detail,1,0.8,66,35,29.719717025756836,1.5428426265716553,3,False
136,detail,1,0.7,69,43,27.986385345458984,2.195920467376709,2,True
136,detail,1,0.6,69,43,28.059494018554688,2.035609245300293,2,False
136,detail,2,0.9,115,21,40.109039306640625,1.3132357597351074,3,False
136,detail,2,0.8,118,27,38.117149353027344,1.2948834896087646,3,False
136,detail,2,0.7,119,32,36.04346466064453,1.315859079360962,2,False
136,detail,2,0.6,119,38,37.54634094238281,1.4687104225158691,2,False
137,coarse,1,0.4,34,18,26.129770278930664,,,True
137,coarse,2,0.3,64,8,29.351598739624023,,,True
137,detail,1,1.0,65,25,32.56489944458008,1.2768521308898926,4,False
137,detail,1,0.9,66,29,29.96541404724121,1.4350309371948242,3,False
137,detail,1,0.8,66,35,29.787076950073242,1.5067880153656006,3,False
137,detail,1,0.7,69,43,28.0462703704834,2.132511615753174,2,True
137,detail,1,0.6,69,51,28.401121139526367,1.907458782196045,2,False
137,detail,2,0.8,115,24,39.60737609863281,1.1981425285339355,3,False
137,detail,2,0.7,119,32,36.805763244628906,1.2727851867675781,2,False
137,detail,2,0.6,119,38,38.11909866333008,1.489185094833374,2,False
138,coarse,1,0.4,34,18,26.223337173461914,,,True
138,coarse,2,0.3,64,8,29.76848602294922,,,True
138,detail,1,1.0,65,25,32.535362243652344,1.2794649600982666,4,False
138,detail,1,0.9,66,29,29.96573829650879,1.4821500778198242,3,False
138,detail,1,0.8,66,35,29.66629981994629,1.591219425201416,3,False
138,detail,1,0.7,69,43,27.92348861694336,2.2864856719970703,2,True
138,detail,1,0.6,69,51,28.194011688232422,1.997225284576416,2,False
138,detail,2,0.8,115,24,39.54940414428711,1.1924817562103271,3,False
138,detail,2,0.7,119,32,36.78746032714844,1.2903447151184082,2,False
138,detail,2,0.6,119,38,37.91736602783203,1.498415470123291,2,False
139,coarse,1,0.4,34,18,26.13981819152832,,,True
139,coarse,2,0.3,64,8,29.801605224609375,,,True
139,detail,1,1.0,65,25,32.453208923339844,1.2589151859283447,4,False
139,detail,1,0.9,66,29,29.849422454833984,1.451495885848999,3,False
139,detail,1,0.8,66,35,29.59064483642578,1.5435705184936523,3,False
139,detail,1,0.7,69,43,27.796186447143555,2.2073216438293457,2,True
139,detail,1,0.6,69,51,28.185047149658203,1.8604192733764648,2,False
139,detail,2,0.8,118,27,38.89275360107422,1.202894926071167,3,False
139,detail,2,0.7,119,32,36.81085205078125,1.3319377899169922,2,False
139,detail,2,0.6,119,38,37.8436164855957,1.5267114639282227,2,False
140,coarse,1,0.4,34,18,26.037490844726562,,,True
140,coarse,2,0.3,64,8,29.832414627075195,,,True
140,detail,1,1.0,65,25,32.30214309692383,1.3041598796844482,4,False
140,detail,1,0.9,66,29,29.720861434936523,1.4924421310424805,3,False
140,detail,1,0.8,66,35,29.37303352355957,1.5782854557037354,3,False
140,detail,1,0.7,69,43,27.743438720703125,2.228466749191284,2,True
140,detail,1,0.6,69,51,28.074159622192383,1.8780364990234375,2,False
140,detail,2,0.8,118,27,38.66659164428711,1.2249352931976318,3,False
140,detail,2,0.7,119,32,36.632930755615234,1.3500900268554688,2,False
140,detail,2,0.6,119,38,37.592376708984375,1.5426487922668457,2,False
141,coarse,1,0.4,34,18,25.975055694580078,,,True
141,coarse,2,0.3,64,8,29.26000213623047,,,True
141,detail,1,1.0,65,25,32.15391159057617,1.2980523109436035,4,False
141,detail,1,0.9,66,29,29.554683685302734,1.4879131317138672,3,False
141,detail,1,0.8,66,35,29.160869598388672,1.5736167430877686,3,False
141,detail,1,0.7,69,43,27.639230728149414,2.2227389812469482,2,True
141,detail,1,0.6,69,51,28.01044464111328,1.8741116523742676,2,False
141,detail,2,0.8,118,27,38.304412841796875,1.2173998355865479,3,False
141,detail,2,0.7,119,32,36.20124053955078,1.3434572219848633,2,False
141,detail,2,0.6,119,38,37.2919921875,1.5280804634094238,2,False
142,coarse,1,0.4,34,18,25.696949005126953,,,True
142,coarse,2,0.3,64,8,29.00368309020996,,,True
142,detail,1,1.0,65,25,31.738079071044922,1.2942006587982178,4,False
142,detail,1,0.9,66,29,29.203908920288086,1.4709782600402832,3,False
142,detail,1,0.8,66,35,28.747753143310547,1.5539116859436035,3,False
142,detail,1,0.7,69,43,27.41670799255371,2.2041804790496826,2,True
142,detail,1,0.6,69,51,27.80817413330078,1.8432915210723877,2,False
142,detail,2,0.8,118,27,38.06420135498047,1.2231433391571045,3,False
142,detail,2,0.7,119,32,35.91618728637695,1.3561434745788574,2,False
142,detail,2,0.6,119,38,36.98488235473633,1.5467720031738281,2,False
143,coarse,1,0.3,34,20,25.44212532043457,,,True
143,coarse,2,0.3,64,8,28.538951873779297,,,True
143,detail,1,1.0,67,23,33.47578811645508,1.2702622413635254,4,False
143,detail,1,0.9,67,27,29.41907501220703,1.332688331604004,3,False
143,detail,1,0.8,67,36,26.532596588134766,1.5112740993499756,3,True
143,detail,1,0.7,69,43,27.193239212036133,2.042590379714966,2,False
143,detail,1,0.6,69,51,27.627946853637695,1.6022984981536865,2,False
143,detail,2,0.8,118,27,37.81028366088867,1.2144553661346436,3,False
143,detail,2,0.7,119,32,35.66226577758789,1.3426141738891602,2,False
143,detail,2,0.6,119,38,36.86581039428711,1.5301918983459473,2,False
144,coarse,1,0.3,34,20,25.328887939453125,,,True
144,coarse,2,0.3,64,8,28.551671981811523,,,True
144,detail,1,1.0,67,23,33.57581329345703,1.283094882965088,4,False
144,detail,1,0.9,67,27,29.567108154296875,1.3014123439788818,3,False
144,detail,1,0.8,67,36,26.666078567504883,1.4965085983276367,3,True
144,detail,1,0.7,69,43,27.466747283935547,1.9695067405700684,2,False
144,detail,1,0.6,69,51,27.7788028717041,1.5550382137298584,2,False
144,detail,2,0.8,118,27,37.68305969238281,1.2244806289672852,3,False
144,detail,2,0.7,119,32,35.55191421508789,1.364776372909546,2,False
144,detail,2,0.6,119,38,36.86177444458008,1.5441184043884277,2,False
145,coarse,1,0.3,34,20,26.06613540649414,,,True
145,coarse,2,0.3,64,8,28.791736602783203,,,True
145,coarse,3,0.3,6,4,29.687402725219727,,,True
145,detail,1,1.0,67,23,34.18482208251953,1.1883275508880615,4,False
145,detail,1,0.9,67,27,30.165382385253906,1.3617324829101562,3,False
145,detail,1,0.8,67,36,27.116098403930664,1.5600955486297607,3,True
145,detail,1,0.7,69,43,28.141183853149414,2.0955302715301514,2,False
145,detail,1,0.6,69,51,28.400955200195312,1.9720101356506348,2,False
145,detail,2,0.7,115,32,39.780479431152344,1.069199562072754,2,False
145,detail,2,0.6,117,50,37.72065734863281,1.3646578788757324,2,False
145,detail,3,1.0,18,0,42.84668731689453,1.4560251235961914,4,False
145,detail,3,0.9,12,0,36.687767028808594,0.9143900871276855,3,False
145,detail,3,0.8,22,9,37.840606689453125,1.3642728328704834,3,False
145,detail,3,0.7,25,14,35.00884246826172,1.4104034900665283,2,False
145,detail,3,0.6,27,24,33.23612976074219,2.0198259353637695,2,False
146,coarse,1,0.3,34,20,26.820697784423828,,,True
146,coarse,2,0.3,64,8,29.59603500366211,,,True
146,coarse,3,0.3,6,4,30.587060928344727,,,True
146,detail,1,1.0,67,23,34.885684967041016,1.3134913444519043,4,False
146,detail,1,0.9,67,27,30.92051887512207,1.509855031967163,3,False
146,detail,1,0.8,67,36,27.857486724853516,1.7165088653564453,3,True
146,detail,1,0.7,69,43,28.884021759033203,2.267838478088379,2,False
146,detail,1,0.6,69,51,28.972015380859375,2.0454609394073486,2,False
146,detail,2,0.7,115,44,40.488033294677734,1.1166760921478271,2,False
146,detail,2,0.6,117,50,38.40903854370117,1.2697012424468994,2,False
146,detail,3,1.0,18,0,43.27716064453125,1.5006415843963623,4,False
146,detail,3,0.9,12,0,37.348548889160156,0.798302412033081,3,False
146,detail,3,0.8,9,6,36.482540130615234,1.0107653141021729,3,False
146,detail,3,0.7,25,14,35.61131286621094,1.345350980758667,2,False
146,detail,3,0.6,27,24,33.931217193603516,2.079331159591675,2,False
147,coarse,1,0.3,34,20,27.69059181213379,,,True
147,coarse,2,0.3,64,8,31.1363582611084,,,True
147,detail,1,1.0,67,23,35.74366760253906,1.2702698707580566,4,False
147,detail,1,0.9,67,27,31.774173736572266,1.4633848667144775,3,False
147,detail,1,0.8,67,36,28.651342391967773,1.6666231155395508,3,True
147,detail,1,0.7,69,43,29.6203556060791,2.2263662815093994,2,False
147,detail,1,0.6,69,51,29.69365692138672,2.0159857273101807,2,False
147,detail,2,0.7,115,44,42.00547409057617,1.0645811557769775,2,False
147,detail,2,0.6,117,50,39.79536819458008,1.2180001735687256,2,False
148,coarse,1,0.4,34,18,28.519575119018555,,,True
148,coarse,2,0.3,64,8,32.36732864379883,,,True
148,coarse,3,0.4,14,12,35.36894607543945,,,True
148,detail,1,1.0,65,25,34.42003631591797,1.2744605541229248,4,False
148,detail,1,0.9,66,29,31.921995162963867,1.358630895614624,3,False
148,detail,1,0.8,66,35,31.827350616455078,1.5236761569976807,3,False
148,detail,1,0.7,69,45,30.00189781188965,2.138461112976074,2,True
148,detail,1,0.6,69,51,30.264698028564453,1.9676759243011475,2,False
148,detail,2,0.7,117,44,43.329261779785156,1.0027351379394531,2,False
148,detail,2,0.6,117,50,41.18235778808594,1.2582828998565674,2,False
148,detail,3,1.0,29,11,39.67481994628906,1.7081029415130615,4,False
148,detail,3,0.9,29,19,39.0308723449707,1.7985482215881348,3,False
148,detail,3,0.8,26,7,37.54747772216797,1.634117603302002,3,False
148,detail,3,0.7,29,33,37.485267639160156,2.3846750259399414,2,False
148,detail,3,0.6,29,25,35.95783996582031,2.203641176223755,2,False
149,coarse,1,0.4,34,18,28.168317794799805,,,True
149,coarse,2,0.3,64,8,32.28424835205078,,,True
149,coarse,3,0.4,14,12,35.264381408691406,,,True
149,detail,1,1.0,65,25,34.14041519165039,1.319373607635498,4,False
149,detail,1,0.9,66,29,31.5421199798584,1.4257488250732422,3,False
149,detail,1,0.8,66,35,31.71147346496582,1.5635085105895996,3,False
149,detail,1,0.7,69,45,29.46255111694336,2.159867286682129,2,True
149,detail,1,0.6,69,51,29.970800399780273,1.9151465892791748,2,False
149,detail,2,0.7,117,34,41.25022506713867,1.0077877044677734,2,False
149,detail,2,0.6,119,38,40.498680114746094,1.01423978805542,2,False
149,detail,3,1.0,29,11,39.45319747924805,1.753680944442749,4,False
149,detail,3,0.9,29,19,38.82636260986328,1.8505630493164062,3,False
149,detail,3,0.8,26,7,37.30648422241211,1.6631200313568115,3,False
149,detail,3,0.7,29,33,37.32602310180664,2.440690755844116,2,False
149,detail,3,0.6,29,25,35.650535583496094,2.3104662895202637,2,False
150,coarse,1,0.4,34,18,28.053380966186523,,,True
150,coarse,2,0.4,66,12,34.46852493286133,,,True
150,detail,1,1.0,65,25,34.05387496948242,1.330211877822876,4,False
150,detail,1,0.9,66,29,31.317089080810547,1.4392380714416504,3,False
150,detail,1,0.8,66,38,31.812318801879883,1.6372361183166504,3,False
150,detail,1,0.7,69,45,29.229610443115234,2.2069456577301025,2,True
150,detail,1,0.6,69,51,29.944883346557617,2.0403778553009033,2,False
150,detail,2,0.7,120,33,40.137115478515625,1.1144874095916748,2,False
150,detail,2,0.6,122,39,40.3380126953125,1.0612871646881104,2,False
151,coarse,1,0.4,34,18,28.21637535095215,,,True
151,coarse,2,0.4,66,12,34.609214782714844,,,True
151,detail,1,1.0,65,25,34.3863639831543,1.2863712310791016,4,False
151,detail,1,0.9,66,29,31.601612091064453,1.3896818161010742,3,False
151,detail,1,0.8,69,38,31.922725677490234,1.696521282196045,3,False
151,detail,1,0.7,69,45,29.30093002319336,2.1393802165985107,2,True
151,detail,1,0.6,69,45,30.34720802307129,2.276618719100952,2,False
151,detail,2,0.7,120,33,40.23810958862305,1.2158644199371338,2,False
151,detail,2,0.6,120,39,40.66720962524414,1.2954888343811035,2,False
152,coarse,1,0.4,34,18,29.030786514282227,,,True
152,coarse,2,0.4,66,12,35.56666564941406,,,True
152,detail,1,1.0,65,25,35.24968338012695,1.2729575634002686,4,False
152,detail,1,0.9,66,29,32.423973083496094,1.3719618320465088,3,False
152,detail,1,0.8,69,38,32.348880767822266,1.6559910774230957,3,False
152,detail,1,0.7,69,45,29.99363136291504,2.0458710193634033,2,True
152,detail,1,0.6,69,39,30.999168395996094,2.071087598800659,2,False
152,detail,2,0.7,120,33,41.218597412109375,1.091642141342163,2,False
152,detail,2,0.6,122,39,41.779815673828125,1.0122663974761963,2,False
153,coarse,1,0.4,34,18,29.003870010375977,,,True
153,coarse,2,0.4,66,12,35.47749710083008,,,True
153,detail,1,1.0,65,25,35.22218322753906,1.3206114768981934,4,False
153,detail,1,0.9,66,29,32.392765045166016,1.4073753356933594,3,False
153,detail,1,0.8,69,38,32.177040100097656,1.7102596759796143,3,False
153,detail,1,0.7,69,45,29.927104949951172,2.0964934825897217,2,True
153,detail,1,0.6,69,45,30.991384506225586,2.228037118911743,2,False
153,detail,2,0.7,120,33,41.08480453491211,1.147778034210205,2,False
153,detail,2,0.6,122,39,41.815818786621094,1.0426528453826904,2,False
154,coarse,1,0.3,34,22,28.238767623901367,,,True
154,coarse,2,0.4,66,12,34.3897705078125,,,True
154,detail,1,1.0,67,25,35.92543411254883,1.2844972610473633,4,False
154,detail,1,0.9,67,29,31.81825065612793,1.4515385627746582,3,False
154,detail,1,0.8,67,38,29.613677978515625,1.68284273147583,3,False
154,detail,1,0.7,69,45,29.405513763427734,2.1223397254943848,2,True
154,detail,1,0.6,69,45,30.41518211364746,2.282890558242798,2,False
154,detail,2,0.7,120,33,39.983734130859375,1.066584825515747,2,False
154,detail,2,0.6,120,39,40.9540901184082,1.3225805759429932,2,False
155,coarse,1,0.3,34,20,28.27301025390625,,,True
155,coarse,2,0.4,66,12,33.954078674316406,,,True
155,detail,1,1.0,67,27,35.84709930419922,1.2650206089019775,4,False
155,detail,1,0.9,67,30,31.819149017333984,1.4335696697235107,3,False
155,detail,1,0.8,67,36,29.96564483642578,1.592287540435791,3,False
155,detail,1,0.7,69,45,29.48093605041504,2.0863585472106934,2,True
155,detail,1,0.6,69,39,30.264659881591797,2.017608642578125,2,False
155,detail,2,0.7,120,33,39.376766204833984,1.0567569732666016,2,False
155,detail,2,0.6,120,39,40.309608459472656,1.318373680114746,2,False
156,coarse,1,0.3,34,22,27.841575622558594,,,True
156,coarse,2,0.4,66,12,33.80223083496094,,,True
156,detail,1,1.0,67,25,35.49140548706055,1.2792460918426514,4,False
156,detail,1,0.9,67,29,31.470050811767578,1.4413800239562988,3,False
156,detail,1,0.8,67,38,29.262954711914062,1.6734590530395508,3,False
156,detail,1,0.7,69,45,29.189823150634766,2.1098430156707764,2,True
156,detail,1,0.6,69,39,29.947973251342773,2.0297231674194336,2,False
156,detail,2,0.7,120,33,39.12105178833008,1.066046953201294,2,False
156,detail,2,0.6,120,39,40.09001541137695,1.3297371864318848,2,False
157,coarse,1,0.3,34,20,27.65125274658203,,,True
157,coarse,2,0.3,64,8,31.221023559570312,,,True
157,detail,1,1.0,67,27,35.01112365722656,1.4158484935760498,4,False
157,detail,1,0.9,67,30,31.174516677856445,1.5907440185546875,3,False
157,detail,1,0.8,67,36,29.257261276245117,1.6859970092773438,3,False
157,detail,1,0.7,69,45,28.918256759643555,2.1631550788879395,2,True
157,detail,1,0.6,69,39,29.691205978393555,1.981823205947876,2,False
157,detail,2,0.9,115,18,38.85635757446289,1.203826665878296,3,False
157,detail,2,0.8,118,27,38.84602737426758,1.2347075939178467,3,False
157,detail,2,0.7,119,32,37.41885757446289,1.2731010913848877,2,False
157,detail,2,0.6,119,40,39.10709762573242,1.555065631866455,2,False
158,coarse,1,0.3,34,20,27.57415771484375,,,True
158,coarse,2,0.3,64,8,31.001888275146484,,,True
158,detail,1,1.0,67,27,35.000816345214844,1.4679734706878662,4,False
158,detail,1,0.9,67,30,31.1484432220459,1.6559066772460938,3,False
158,detail,1,0.8,67,36,29.207969665527344,1.7754368782043457,3,False
158,detail,1,0.7,69,45,28.846712112426758,2.24161958694458,2,True
158,detail,1,0.6,69,39,29.662494659423828,2.0042483806610107,2,False
158,detail,2,0.9,115,18,38.706085205078125,1.2330341339111328,3,False
158,detail,2,0.8,118,24,36.97187042236328,1.168407917022705,3,False
158,detail,2,0.7,119,32,37.287845611572266,1.2845113277435303,2,False
158,detail,2,0.6,119,40,39.018680572509766,1.5518436431884766,2,False
159,coarse,1,0.3,34,20,27.027212142944336,,,True
159,coarse,2,0.3,64,8,30.520212173461914,,,True
159,detail,1,1.0,67,27,34.57535171508789,1.4938273429870605,4,False
159,detail,1,0.9,67,30,30.705873489379883,1.6752510070800781,3,False
159,detail,1,0.8,67,36,28.73691749572754,1.7740657329559326,3,False
159,detail,1,0.7,69,45,28.528358459472656,2.247347831726074,2,True
159,detail,1,0.6,69,39,29.197738647460938,1.9474778175354004,2,False
159,detail,2,0.9,115,18,38.22319030761719,1.2571477890014648,3,False
159,detail,2,0.8,118,24,36.52842712402344,1.18831205368042,3,False
159,detail,2,0.7,119,32,36.78186798095703,1.301820993423462,2,False
159,detail,2,0.6,119,40,38.603633880615234,1.5712637901306152,2,False
160,coarse,1,0.3,34,20,26.98344612121582,,,True
160,coarse,2,0.3,64,8,30.465316772460938,,,True
160,detail,1,1.0,67,27,34.5078125,1.5037333965301514,4,False
160,detail,1,0.9,67,30,30.689918518066406,1.687854528427124,3,False
160,detail,1,0.8,67,36,28.683353424072266,1.7894833087921143,3,False
160,detail,1,0.7,69,45,28.531137466430664,2.263747453689575,2,True
160,detail,1,0.6,69,39,29.148147583007812,1.9577975273132324,2,False
160,detail,2,0.9,115,18,38.15692138671875,1.2858178615570068,3,False
160,detail,2,0.8,118,24,36.46487808227539,1.2142155170440674,3,False
160,detail,2,0.7,119,32,36.705806732177734,1.329209327697754,2,False
160,detail,2,0.6,119,40,38.604583740234375,1.6041672229766846,2,False
161,coarse,1,0.3,34,22,26.662633895874023,,,True
161,coarse,2,0.3,64,8,30.015703201293945,,,True
161,detail,1,1.0,67,25,34.109310150146484,1.5363237857818604,4,False
161,detail,1,0.9,67,29,30.233457565307617,1.7142322063446045,3,False
161,detail,1,0.8,67,38,28.253398895263672,1.8974757194519043,3,False
161,detail,1,0.7,69,45,28.131601333618164,2.2789106369018555,2,True
161,detail,1,0.6,69,39,28.770687103271484,2.0071699619293213,2,False
161,detail,2,0.9,115,18,38.15196990966797,1.3388609886169434,3,False
161,detail,2,0.8,118,24,36.34170913696289,1.270578384399414,3,False
161,detail,2,0.7,119,32,36.58910369873047,1.3807651996612549,2,False
161,detail,2,0.6,123,40,37.801605224609375,1.0674026012420654,2,False
162,coarse,1,0.3,34,20,26.600379943847656,,,True
162,coarse,2,0.3,64,8,29.999515533447266,,,True
162,detail,1,1.0,67,27,34.230079650878906,1.583545446395874,4,False
162,detail,1,0.9,67,30,30.314268112182617,1.7638742923736572,3,False
162,detail,1,0.8,67,36,28.234601974487305,1.8498973846435547,3,False
162,detail,1,0.7,69,45,28.041017532348633,2.3088157176971436,2,True
162,detail,1,0.6,69,39,28.602882385253906,2.0278921127319336,2,False
162,detail,2,0.9,115,18,37.940242767333984,1.3759348392486572,3,False
162,detail,2,0.8,118,24,36.129356384277344,1.3121955394744873,3,False
162,detail,2,0.7,119,32,36.32688903808594,1.426405668258667,2,False
162,detail,2,0.6,125,46,37.680667877197266,1.0371665954589844,2,False
163,coarse,1,0.4,34,18,27.315149307250977,,,True
163,coarse,2,0.3,64,8,31.016399383544922,,,True
163,detail,1,1.0,65,25,33.128868103027344,1.562222957611084,4,False
163,detail,1,0.9,66,29,30.661935806274414,1.7141973972320557,3,False
163,detail,1,0.8,69,38,30.829631805419922,2.0496835708618164,3,False
163,detail,1,0.7,69,45,28.5932559967041,2.310786485671997,2,True
163,detail,1,0.6,69,51,29.325284957885742,2.109508991241455,2,False
163,detail,2,0.9,115,18,39.0140380859375,1.3829410076141357,3,False
163,detail,2,0.8,118,24,37.20219802856445,1.315408706665039,3,False
163,detail,2,0.7,119,32,37.34893798828125,1.4241867065429688,2,False
163,detail,2,0.6,125,46,38.26819610595703,1.029719352722168,2,False
164,coarse,1,0.4,34,18,28.321998596191406,,,True
164,coarse,2,0.3,64,8,32.333641052246094,,,True
164,coarse,3,0.4,14,12,35.310218811035156,,,True
164,detail,1,1.0,65,25,34.56839370727539,1.5482442378997803,4,False
164,detail,1,0.9,66,29,31.942522048950195,1.6899709701538086,3,False
164,detail,1,0.8,69,38,31.972320556640625,2.0104875564575195,3,False
164,detail,1,0.7,69,45,29.689252853393555,2.270073652267456,2,True
164,detail,1,0.6,69,51,30.433406829833984,2.0701723098754883,2,False
164,detail,2,0.9,115,18,40.64840316772461,1.3923397064208984,3,False
164,detail,2,0.8,118,24,38.71067428588867,1.3057587146759033,3,False
164,detail,2,0.7,119,32,38.925472259521484,1.4436242580413818,2,False
164,detail,2,0.6,125,46,39.821563720703125,1.0375168323516846,2,False
164,detail,3,1.0,29,11,39.655250549316406,1.992943525314331,4,False
164,detail,3,0.9,29,19,38.94432830810547,2.0290911197662354,3,False
164,detail,3,0.8,26,7,37.04873275756836,1.5596890449523926,3,False
164,detail,3,0.7,27,17,37.213523864746094,1.8698740005493164,2,False
164,detail,3,0.6,29,25,35.52395248413086,2.3057079315185547,2,False
165,coarse,1,0.4,34,18,28.976762771606445,,,True
165,coarse,2,0.4,66,12,35.81760787963867,,,True
165,detail,1,1.0,65,25,35.62724685668945,1.5217807292938232,4,False
165,detail,1,0.9,66,29,32.96379470825195,1.6672978401184082,3,False
165,detail,1,0.8,69,38,32.747535705566406,1.9869728088378906,3,False
165,detail,1,0.7,69,45,30.370698928833008,2.2451274394989014,2,True
165,detail,1,0.6,69,51,30.89850616455078,2.0477495193481445,2,False
165,detail,2,0.7,120,31,40.778968811035156,1.161102056503296,2,False
165,detail,2,0.6,124,39,39.77565383911133,1.0417568683624268,2,False
166,coarse,1,0.4,34,18,29.104597091674805,,,True
166,coarse,2,0.3,64,8,33.56821060180664,,,True
166,coarse,3,0.4,14,12,36.458274841308594,,,True
166,detail,1,1.0,65,25,35.78098678588867,1.5074958801269531,4,False
166,detail,1,0.9,66,29,33.15426254272461,1.656646728515625,3,False
166,detail,1,0.8,69,38,32.9763069152832,1.9791624546051025,3,False
166,detail,1,0.7,69,45,30.630048751831055,2.2365059852600098,2,True
166,detail,1,0.6,71,51,31.135971069335938,2.400634288787842,2,False
166,detail,2,0.9,115,15,42.19789505004883,1.2648913860321045,3,False
166,detail,2,0.8,118,24,40.129554748535156,1.2577381134033203,3,False
166,detail,2,0.7,119,32,40.39970016479492,1.388643503189087,2,False
166,detail,2,0.6,123,40,41.797786712646484,1.078256607055664,2,False
166,detail,3,1.0,29,11,40.98847198486328,2.0570273399353027,4,False
166,detail,3,0.9,29,16,40.20722198486328,2.0501880645751953,3,False
166,detail,3,0.8,26,7,38.62881088256836,1.5504727363586426,3,False
166,detail,3,0.7,27,17,38.68217086791992,1.9662096500396729,2,False
166,detail,3,0.6,29,25,36.93377685546875,2.430107831954956,2,False
167,coarse,1,0.4,34,18,29.0726375579834,,,True
167,coarse,2,0.3,64,8,33.56468200683594,,,True
167,coarse,3,0.4,14,12,36.34593963623047,,,True
167,detail,1,1.0,65,25,35.73198699951172,1.5423943996429443,4,False
167,detail,1,0.9,66,29,33.16530227661133,1.6980280876159668,3,False
167,detail,1,0.8,69,38,33.04603958129883,2.0148332118988037,3,False
167,detail,1,0.7,69,45,30.575748443603516,2.2773752212524414,2,True
167,detail,1,0.6,69,51,31.182022094726562,2.063918113708496,2,False
167,detail,2,0.9,115,15,42.20376205444336,1.2638416290283203,3,False
167,detail,2,0.8,118,24,40.09741973876953,1.2382748126983643,3,False
167,detail,2,0.7,119,32,40.36659622192383,1.3624293804168701,2,False
167,detail,2,0.6,125,46,41.1174201965332,1.0038137435913086,2,False
167,detail,3,1.0,29,11,40.8239631652832,2.0689897537231445,4,False
167,detail,3,0.9,29,16,40.10117721557617,2.0726609230041504,3,False
167,detail,3,0.8,26,7,38.5579833984375,1.5241413116455078,3,False
167,detail,3,0.7,29,33,38.622901916503906,2.7142159938812256,2,False
167,detail,3,0.6,29,25,36.94307327270508,2.408210277557373,2,False
168,coarse,1,0.4,34,18,29.030960083007812,,,True
168,coarse,2,0.3,64,8,33.428794860839844,,,True
168,coarse,3,0.4,14,12,36.21161651611328,,,True
168,detail,1,1.0,65,25,35.83896255493164,1.4624464511871338,4,False
168,detail,1,0.9,66,29,33.25802993774414,1.6196939945220947,3,False
168,detail,1,0.8,69,38,32.96788787841797,1.920555830001831,3,False
168,detail,1,0.7,69,45,30.77043342590332,2.2027783393859863,2,True
168,detail,1,0.6,71,51,31.317869186401367,2.429868698120117,2,False
168,detail,2,0.9,115,18,41.73086929321289,1.3192839622497559,3,False
168,detail,2,0.8,118,24,39.697566986083984,1.249107837677002,3,False
168,detail,2,0.7,119,32,39.868408203125,1.3468518257141113,2,False
168,detail,2,0.6,119,38,41.81980514526367,1.5203194618225098,2,False
168,detail,3,1.0,29,11,40.71617126464844,2.0635993480682373,4,False
168,detail,3,0.9,29,16,39.980987548828125,2.060690402984619,3,False
168,detail,3,0.8,26,7,38.45720291137695,1.5680887699127197,3,False
168,detail,3,0.7,27,17,38.40639114379883,1.9282958507537842,2,False
168,detail,3,0.6,29,25,36.6679801940918,2.361060619354248,2,False
169,coarse,1,0.4,34,18,28.29360008239746,,,True
169,coarse,2,0.3,64,8,32.79283142089844,,,True
169,coarse,3,0.4,14,12,35.7608757019043,,,True
169,detail,1,1.0,65,25,35.05274963378906,1.4931156635284424,4,False
169,detail,1,0.9,66,29,32.56614685058594,1.7102816104888916,3,False
169,detail,1,0.8,69,38,32.0210075378418,2.075112819671631,3,False
169,detail,1,0.7,69,45,30.126598358154297,2.3913650512695312,2,True
169,detail,1,0.6,71,51,30.523914337158203,2.6277637481689453,2,False
169,detail,2,0.9,115,18,41.04020309448242,1.3144731521606445,3,False
169,detail,2,0.8,118,24,38.957550048828125,1.274308204650879,3,False
169,detail,2,0.7,119,32,39.15155792236328,1.4022810459136963,2,False
169,detail,2,0.6,119,38,41.12021255493164,1.6591081619262695,2,False
169,detail,3,1.0,29,11,39.88791275024414,1.8185341358184814,4,False
169,detail,3,0.9,29,19,39.2164306640625,1.8172907829284668,3,False
169,detail,3,0.8,26,7,37.607879638671875,2.1374714374542236,3,False
169,detail,3,0.7,27,17,37.61956024169922,1.9050121307373047,2,False
169,detail,3,0.6,29,25,36.05873107910156,2.021528482437134,2,False
170,coarse,1,0.4,34,18,27.826934814453125,,,True
170,coarse,2,0.3,64,8,32.03902053833008,,,True
170,detail,1,1.0,65,25,34.67500305175781,1.473604440689087,4,False
170,detail,1,0.9,66,29,32.11780548095703,1.6932079792022705,3,False
170,detail,1,0.8,69,38,31.4960994720459,2.0628910064697266,3,False
170,detail,1,0.7,69,45,29.81844711303711,2.3593454360961914,2,True
170,detail,1,0.6,71,51,30.231630325317383,2.6114959716796875,2,False
170,detail,2,0.9,115,18,40.78095245361328,1.3138985633850098,3,False
170,detail,2,0.8,118,24,38.6193962097168,1.276993989944458,3,False
170,detail,2,0.7,119,32,38.86415100097656,1.4007775783538818,2,False
170,detail,2,0.6,119,40,40.77804946899414,1.6953389644622803,2,False
171,coarse,1,0.4,34,18,26.87508201599121,,,True
171,coarse,2,0.3,64,8,31.25776481628418,,,True
171,detail,1,1.0,65,25,33.94879913330078,1.5154154300689697,4,False
171,detail,1,0.9,66,29,31.345224380493164,1.7409985065460205,3,False
171,detail,1,0.8,69,38,30.102365493774414,2.092561721801758,3,False
171,detail,1,0.7,69,45,28.99852180480957,2.369309663772583,2,True
171,detail,1,0.6,71,51,29.322368621826172,2.647353172302246,2,False
171,detail,2,0.9,115,18,39.8012809753418,1.3779008388519287,3,False
171,detail,2,0.8,118,24,37.53964614868164,1.3611679077148438,3,False
171,detail,2,0.7,119,32,37.85328674316406,1.4939651489257812,2,False
171,detail,2,0.6,119,40,39.66487503051758,1.783611536026001,2,False
172,coarse,1,0.4,34,18,26.687604904174805,,,True
172,coarse,2,0.3,64,8,30.98720932006836,,,True
172,detail,1,1.0,65,25,33.900543212890625,1.5370845794677734,4,False
172,detail,1,0.9,66,29,31.13977813720703,1.753720760345459,3,False
172,detail,1,0.8,69,38,29.46180534362793,2.0815927982330322,3,False
172,detail,1,0.7,69,45,28.727691650390625,2.3308310508728027,2,True
172,detail,1,0.6,71,53,28.87531280517578,2.5913381576538086,2,False
172,detail,2,0.9,115,18,39.72942352294922,1.3295977115631104,3,False
172,detail,2,0.8,118,24,37.380126953125,1.313812255859375,3,False
172,detail,2,0.7,119,32,37.707298278808594,1.4331061840057373,2,False
172,detail,2,0.6,119,40,39.48099136352539,1.72044038772583,2,False
173,coarse,1,0.4,34,18,26.021005630493164,,,True
173,coarse,2,0.3,64,8,30.185997009277344,,,True
173,detail,1,1.0,65,25,33.188758850097656,1.5510857105255127,4,False
173,detail,1,0.9,66,29,30.500751495361328,1.7739946842193604,3,False
173,detail,1,0.8,69,38,28.561532974243164,2.0991451740264893,3,False
173,detail,1,0.7,69,45,28.302494049072266,2.292043924331665,2,False
173,detail,1,0.6,71,53,28.2032470703125,2.5764286518096924,2,True
173,detail,2,0.9,115,18,38.7993278503418,1.3695404529571533,3,False
173,detail,2,0.8,118,24,36.40671920776367,1.3567774295806885,3,False
173,detail,2,0.7,119,32,36.701839447021484,1.48585844039917,2,False
173,detail,2,0.6,119,40,38.4393310546875,1.757739782333374,2,False
174,coarse,1,0.4,34,18,26.12722396850586,,,True
174,coarse,2,0.3,64,8,30.226926803588867,,,True
174,detail,1,1.0,65,25,33.377037048339844,1.440812587738037,4,False
174,detail,1,0.9,66,29,30.67386245727539,1.6697113513946533,3,False
174,detail,1,0.8,69,38,28.164283752441406,1.9836409091949463,3,False
174,detail,1,0.7,69,45,28.306804656982422,2.1361358165740967,2,False
174,detail,1,0.6,71,53,27.998905181884766,2.486729383468628,2,True
174,detail,2,0.9,118,21,38.53583526611328,1.327742338180542,3,False
174,detail,2,0.8,118,24,36.293006896972656,1.300048589706421,3,False
174,detail,2,0.7,119,32,36.60651397705078,1.417623519897461,2,False
174,detail,2,0.6,119,40,38.22044372558594,1.6842660903930664,2,False
175,coarse,1,0.4,34,18,26.0911865234375,,,True
175,coarse,2,0.3,64,8,30.265024185180664,,,True
175,detail,1,1.0,65,25,33.31480407714844,1.381584644317627,4,False
175,detail,1,0.9,66,29,30.60382652282715,1.5832278728485107,3,False
175,detail,1,0.8,69,38,28.004047393798828,1.8911700248718262,3,True
175,detail,1,0.7,69,45,28.329124450683594,2.0456361770629883,2,False
175,detail,1,0.6,71,53,28.03162956237793,2.3725056648254395,2,False
175,detail,2,0.9,118,21,38.40359115600586,1.315551519393921,3,False
175,detail,2,0.8,118,24,36.28049850463867,1.4006047248840332,3,False
175,detail,2,0.7,119,32,36.669315338134766,1.5308022499084473,2,False
175,detail,2,0.6,121,40,38.285369873046875,1.2423396110534668,2,False
176,coarse,1,0.4,34,18,25.78520393371582,,,True
176,coarse,2,0.3,64,8,29.270587921142578,,,True
176,detail,1,1.0,65,25,33.091670989990234,1.3135058879852295,4,False
176,detail,1,0.9,66,29,30.32402801513672,1.512467384338379,3,False
176,detail,1,0.8,69,38,27.642641067504883,1.8165106773376465,3,False
176,detail,1,0.7,69,45,28.086458206176758,1.9213204383850098,2,False
176,detail,1,0.6,71,53,27.58832550048828,2.2610037326812744,2,True
176,detail,2,1.0,115,12,38.829689025878906,1.3040506839752197,4,False
176,detail,2,0.9,118,18,35.89939498901367,1.2375171184539795,3,False
176,detail,2,0.8,118,24,35.89436340332031,1.4397974014282227,3,False
176,detail,2,0.7,119,32,36.30494689941406,1.6029777526855469,2,False
176,detail,2,0.6,121,40,37.93893051147461,1.3315403461456299,2,False
177,coarse,1,0.4,34,18,25.919580459594727,,,True
177,coarse,2,0.3,64,8,29.303543090820312,,,True
177,detail,1,1.0,65,25,33.14202117919922,1.3930175304412842,4,False
177,detail,1,0.9,66,29,30.439308166503906,1.6031453609466553,3,False
177,detail,1,0.8,69,38,27.695148468017578,1.9137647151947021,3,False
177,detail,1,0.7,69,45,28.239599227905273,1.9822375774383545,2,False
177,detail,1,0.6,71,53,27.604097366333008,2.336366891860962,2,True
177,detail,2,0.9,118,21,37.898963928222656,1.2957854270935059,3,False
177,detail,2,0.8,118,24,35.87014389038086,1.3993821144104004,3,False
177,detail,2,0.7,119,32,36.352046966552734,1.5638394355773926,2,False
177,detail,2,0.6,121,40,37.804691314697266,1.2805874347686768,2,False
178,coarse,1,0.4,34,18,25.67141342163086,,,True
178,coarse,2,0.3,64,8,29.109514236450195,,,True
178,detail,1,1.0,65,25,32.93954086303711,1.346052885055542,4,False
178,detail,1,0.9,66,29,30.247243881225586,1.5559418201446533,3,False
178,detail,1,0.8,69,38,27.335044860839844,1.8842272758483887,3,True
178,detail,1,0.7,71,45,27.945781707763672,2.291473388671875,2,False
178,detail,1,0.6,71,53,27.48729705810547,2.283721685409546,2,False
178,detail,2,0.9,118,21,37.56031036376953,1.2878732681274414,3,False
178,detail,2,0.8,118,24,35.53581237792969,1.3912386894226074,3,False
178,detail,2,0.7,119,32,36.08327102661133,1.5588626861572266,2,False
178,detail,2,0.6,121,40,37.5499382019043,1.2776625156402588,2,False
179,coarse,1,0.4,34,18,25.730953216552734,,,True
179,coarse,2,0.3,64,8,29.077016830444336,,,True
179,detail,1,1.0,65,25,32.97682571411133,1.2955505847930908,4,False
179,detail,1,0.9,66,29,30.316076278686523,1.520512580871582,3,False
179,detail,1,0.8,69,38,27.359251022338867,1.8593294620513916,3,True
179,detail,1,0.7,71,45,27.985881805419922,2.287595510482788,2,False
179,detail,1,0.6,71,53,27.537002563476562,2.2852983474731445,2,False
179,detail,2,1.0,115,16,40.2884407043457,1.3096973896026611,4,False
179,detail,2,0.9,118,21,37.606842041015625,1.2865161895751953,3,False
179,detail,2,0.8,118,24,35.54537582397461,1.3786370754241943,3,False
179,detail,2,0.7,119,32,36.111976623535156,1.5461230278015137,2,False
179,detail,2,0.6,121,40,37.63108825683594,1.3053617477416992,2,False
180,coarse,1,0.4,34,18,26.009687423706055,,,True
180,coarse,2,0.3,64,8,29.296838760375977,,,True
180,detail,1,1.0,65,25,33.266319274902344,1.2907662391662598,4,False
180,detail,1,0.9,66,29,30.65846061706543,1.4906525611877441,3,False
180,detail,1,0.8,69,38,27.479150772094727,1.7955880165100098,3,True
180,detail,1,0.7,71,45,28.085058212280273,2.236725091934204,2,False
180,detail,1,0.6,71,53,27.67723846435547,2.235926628112793,2,False
180,detail,2,1.0,115,12,38.65090560913086,1.3719780445098877,4,False
180,detail,2,0.9,118,18,35.629878997802734,1.275526762008667,3,False
180,detail,2,0.8,118,24,35.66933822631836,1.4027762413024902,3,False
180,detail,2,0.7,119,32,36.18320846557617,1.5661356449127197,2,False
180,detail,2,0.6,121,40,37.628211975097656,1.3098509311676025,2,False
181,coarse,1,0.4,34,18,26.754871368408203,,,True
181,coarse,2,0.3,64,8,29.82213592529297,,,True
181,detail,1,1.0,65,25,34.001869201660156,1.231515645980835,4,False
181,detail,1,0.9,69,29,31.16072654724121,1.2955186367034912,3,False
181,detail,1,0.8,69,38,27.749074935913086,1.5647995471954346,3,True
181,detail,1,0.7,71,45,28.32040786743164,2.012730836868286,2,False
181,detail,1,0.6,71,53,28.084253311157227,2.0726096630096436,2,False
181,detail,2,1.0,115,12,39.37395477294922,1.454225778579712,4,False
181,detail,2,0.9,118,18,36.21516418457031,1.4379684925079346,3,False
181,detail,2,0.8,118,24,36.31930923461914,1.5601677894592285,3,False
181,detail,2,0.7,125,34,35.82460021972656,1.1318013668060303,2,False
181,detail,2,0.6,127,42,35.028175354003906,1.018932819366455,2,False
182,coarse,1,0.4,34,18,26.765758514404297,,,True
182,coarse,2,0.3,64,8,29.82213592529297,,,True
182,detail,1,1.0,65,25,34.01799011230469,1.2299950122833252,4,False
182,detail,1,0.9,69,29,31.167325973510742,1.2925188541412354,3,False
182,detail,1,0.8,69,38,27.753509521484375,1.5601956844329834,3,True
182,detail,1,0.7,71,45,28.324018478393555,2.009671449661255,2,False
182,detail,1,0.6,71,53,28.085609436035156,2.068723440170288,2,False
182,detail,2,1.0,115,12,39.363590240478516,1.4581129550933838,4,False
182,detail,2,0.9,118,18,36.20858383178711,1.4425947666168213,3,False
182,detail,2,0.8,118,24,36.34353256225586,1.5655241012573242,3,False
182,detail,2,0.7,125,34,35.787254333496094,1.136897325515747,2,False
182,detail,2,0.6,127,42,34.98760986328125,1.0249814987182617,2,False
183,coarse,1,0.4,34,18,26.83098793029785,,,True
183,coarse,2,0.3,64,8,29.959774017333984,,,True
183,detail,1,1.0,65,25,34.06583786010742,1.23042893409729,4,False
183,detail,1,0.9,69,29,31.086284637451172,1.2956593036651611,3,False
183,detail,1,0.8,69,38,27.706390380859375,1.5597765445709229,3,True
183,detail,1,0.7,71,45,28.270957946777344,2.009732961654663,2,False
183,detail,1,0.6,71,53,28.045024871826172,2.0660316944122314,2,False
183,detail,2,1.0,115,12,39.38786697387695,1.4370558261871338,4,False
183,detail,2,0.9,118,18,36.251197814941406,1.5063610076904297,3,False
183,detail,2,0.8,118,24,36.421443939208984,1.6333906650543213,3,False
183,detail,2,0.7,125,34,35.8354606628418,1.1762230396270752,2,False
183,detail,2,0.6,127,42,34.95841979980469,1.055483341217041,2,False
184,coarse,1,0.4,34,18,26.853933334350586,,,True
184,coarse,2,0.3,64,8,29.97934341430664,,,True
184,detail,1,1.0,65,25,34.04048156738281,1.2359192371368408,4,False
184,detail,1,0.9,69,29,31.07670021057129,1.2967407703399658,3,False
184,detail,1,0.8,69,38,27.635318756103516,1.562333345413208,3,True
184,detail,1,0.7,71,45,28.218639373779297,2.0168659687042236,2,False
184,detail,1,0.6,71,53,28.04470443725586,2.0719807147979736,2,False
184,detail,2,1.0,115,12,39.449684143066406,1.4381639957427979,4,False
184,detail,2,0.9,118,18,36.23811721801758,1.5080060958862305,3,False
184,detail,2,0.8,118,24,36.50398254394531,1.6333510875701904,3,False
184,detail,2,0.7,125,34,35.89771270751953,1.1780674457550049,2,False
184,detail,2,0.6,127,42,35.03230667114258,1.0615806579589844,2,False
185,coarse,1,0.3,36,20,27.010854721069336,,,True
185,coarse,2,0.3,64,8,30.260761260986328,,,True
185,detail,1,1.0,67,23,32.76630783081055,1.295990228652954,4,False
185,detail,1,0.9,68,30,29.948453903198242,1.2299857139587402,3,False
185,detail,1,0.8,68,36,28.674781799316406,1.3997879028320312,3,False
185,detail,1,0.7,71,45,28.332836151123047,2.019573926925659,2,False
185,detail,1,0.6,71,53,28.159337997436523,2.0728108882904053,2,True
185,detail,2,1.0,115,12,39.6049690246582,1.4425146579742432,4,False
185,detail,2,0.9,118,18,36.35655975341797,1.5089116096496582,3,False
185,detail,2,0.8,118,24,36.66413116455078,1.6338269710540771,3,False
185,detail,2,0.7,125,34,36.044437408447266,1.1803536415100098,2,False
185,detail,2,0.6,127,42,35.251625061035156,1.0638163089752197,2,False
186,coarse,1,0.4,34,18,27.03054428100586,,,True
186,coarse,2,0.3,64,8,30.43442726135254,,,True
186,detail,1,1.0,65,25,34.18701171875,1.2461779117584229,4,False
186,detail,1,0.9,69,29,31.343738555908203,1.3089640140533447,3,False
186,detail,1,0.8,69,38,27.873855590820312,1.5774219036102295,3,True
186,detail,1,0.7,71,45,28.35590934753418,2.031076669692993,2,False
186,detail,1,0.6,71,53,28.114198684692383,2.0866363048553467,2,False
186,detail,2,1.0,115,12,39.68229293823242,1.4453012943267822,4,False
186,detail,2,0.9,118,18,36.46536636352539,1.511672019958496,3,False
186,detail,2,0.8,118,24,36.83527374267578,1.6348755359649658,3,False
186,detail,2,0.7,125,34,36.19769287109375,1.1814618110656738,2,False
186,detail,2,0.6,127,42,35.3529167175293,1.0646469593048096,2,False
187,coarse,1,0.4,34,18,26.94768714904785,,,True
187,coarse,2,0.3,64,8,30.462209701538086,,,True
187,detail,1,1.0,65,25,34.072235107421875,1.2505247592926025,4,False
187,detail,1,0.9,69,29,31.364383697509766,1.3211729526519775,3,False
187,detail,1,0.8,69,38,27.890336990356445,1.5887539386749268,3,True
187,detail,1,0.7,71,45,28.431602478027344,2.0422098636627197,2,False
187,detail,1,0.6,71,53,28.13422966003418,2.1077516078948975,2,False
187,detail,2,1.0,115,12,39.602684020996094,1.4430286884307861,4,False
187,detail,2,0.9,118,18,36.572242736816406,1.51304292678833,3,False
187,detail,2,0.8,118,24,36.89595413208008,1.6363754272460938,3,False
187,detail,2,0.7,125,34,36.27931594848633,1.1834750175476074,2,False
187,detail,2,0.6,127,42,35.37418746948242,1.0637526512145996,2,False
188,coarse,1,0.4,34,18,26.793212890625,,,True
188,coarse,2,0.3,64,8,30.39613914489746,,,True
188,detail,1,1.0,65,25,33.88604736328125,1.254668951034546,4,False
188,detail,1,0.9,66,29,31.29862403869629,1.2827532291412354,3,False
188,detail,1,0.8,69,38,27.99675941467285,1.5943009853363037,3,True
188,detail,1,0.7,71,45,28.532323837280273,2.0418994426727295,2,False
188,detail,1,0.6,71,53,28.139026641845703,2.1168053150177,2,False
188,detail,2,1.0,115,12,39.48130416870117,1.4602549076080322,4,False
188,detail,2,0.9,118,18,36.51743698120117,1.5480754375457764,3,False
188,detail,2,0.8,118,24,36.80378341674805,1.664872407913208,3,False
188,detail,2,0.7,125,34,36.03489303588867,1.2196297645568848,2,False
188,detail,2,0.6,127,42,35.10858154296875,1.0779809951782227,2,False
189,coarse,1,0.4,34,18,26.748821258544922,,,True
189,coarse,2,0.3,64,8,30.312509536743164,,,True
189,detail,1,1.0,65,25,33.66045379638672,1.2745354175567627,4,False
189,detail,1,0.9,66,29,31.08871841430664,1.3039829730987549,3,False
189,detail,1,0.8,69,38,28.014745712280273,1.6218650341033936,3,True
189,detail,1,0.7,69,45,28.544471740722656,1.7318334579467773,2,False
189,detail,1,0.6,71,53,28.01634407043457,2.1624667644500732,2,False
189,detail,2,1.0,115,12,39.447696685791016,1.438690423965454,4,False
189,detail,2,0.9,118,18,36.49070739746094,1.5236241817474365,3,False
189,detail,2,0.8,118,24,36.801578521728516,1.6358928680419922,3,False
189,detail,2,0.7,125,34,35.8716926574707,1.2199530601501465,2,False
189,detail,2,0.6,127,42,34.99543762207031,1.0864741802215576,2,False
190,coarse,1,0.4,34,18,26.625932693481445,,,True
190,coarse,2,0.3,64,8,30.148916244506836,,,True
190,detail,1,1.0,65,25,33.456398010253906,1.2463433742523193,4,False
190,detail,1,0.9,66,29,30.885826110839844,1.3702068328857422,3,False
190,detail,1,0.8,69,38,28.049922943115234,1.7007083892822266,3,False
190,detail,1,0.7,69,45,28.380958557128906,1.8155369758605957,2,False
190,detail,1,0.6,71,53,28.035030364990234,2.21895694732666,2,True
190,detail,2,1.0,115,12,38.8933219909668,1.4155099391937256,4,False
190,detail,2,0.9,118,18,35.97822189331055,1.4960029125213623,3,False
190,detail,2,0.8,118,24,36.27599334716797,1.607619285583496,3,False
190,detail,2,0.7,125,34,35.20819091796875,1.2052242755889893,2,False
190,detail,2,0.6,127,42,34.4209098815918,1.075995922088623,2,False
191,coarse,1,0.4,34,18,26.703197479248047,,,True
191,coarse,2,0.3,64,8,29.814327239990234,,,True
191,detail,1,1.0,65,25,33.30143737792969,1.2077782154083252,4,False
191,detail,1,0.9,66,29,30.804370880126953,1.4147417545318604,3,False
191,detail,1,0.8,69,38,28.36716079711914,1.7920036315917969,3,False
191,detail,1,0.7,69,45,28.325960159301758,1.91005277633667,2,False
191,detail,1,0.6,71,53,28.04185676574707,2.2342417240142822,2,True
191,detail,2,1.0,115,12,38.78722381591797,1.4400770664215088,4,False
191,detail,2,0.9,118,18,35.95091247558594,1.5222139358520508,3,False
191,detail,2,0.8,118,24,36.29454040527344,1.6521875858306885,3,False
191,detail,2,0.7,125,34,35.00242233276367,1.2356951236724854,2,False
191,detail,2,0.6,127,42,34.23466491699219,1.09727144241333,2,False
192,coarse,1,0.4,34,18,26.20823097229004,,,True
192,coarse,2,0.3,64,8,29.64097785949707,,,True
192,detail,1,1.0,65,25,32.843017578125,1.2574505805969238,4,False
192,detail,1,0.9,66,29,30.226776123046875,1.2647972106933594,3,False
192,detail,1,0.8,69,38,27.99496841430664,1.6389362812042236,3,False
192,detail,1,0.7,69,45,27.753110885620117,1.796154260635376,2,False
192,detail,1,0.6,71,53,27.680147171020508,2.1475839614868164,2,True
192,detail,2,1.0,115,12,38.483890533447266,1.4544479846954346,4,False
192,detail,2,0.9,118,18,35.7714958190918,1.5316712856292725,3,False
192,detail,2,0.8,118,24,35.94502639770508,1.6532492637634277,3,False
192,detail,2,0.7,125,34,34.4929084777832,1.171868085861206,2,False
192,detail,2,0.6,125,40,35.13052749633789,1.356663465499878,2,False
193,coarse,1,0.4,34,18,26.06491470336914,,,True
193,coarse,2,0.3,64,8,29.372343063354492,,,True
193,detail,1,1.0,65,25,32.31773376464844,1.2101988792419434,4,False
193,detail,1,0.9,66,29,29.632421493530273,1.443084955215454,3,False
193,detail,1,0.8,69,38,27.97278594970703,1.8111464977264404,3,False
193,detail,1,0.7,69,45,27.366592407226562,2.07706880569458,2,True
193,detail,1,0.6,71,53,27.465608596801758,2.4208245277404785,2,False
193,detail,2,0.9,115,18,37.15570068359375,1.3786349296569824,3,False
193,detail,2,0.8,118,24,35.356327056884766,1.4551615715026855,3,False
193,detail,2,0.7,119,32,35.85805892944336,1.5660531520843506,2,False
193,detail,2,0.6,123,40,36.773468017578125,1.1465580463409424,2,False
194,coarse,1,0.4,34,18,26.071386337280273,,,True
194,coarse,2,0.3,64,8,29.477977752685547,,,True
194,detail,1,1.0,65,25,32.28630065917969,1.1856930255889893,4,False
194,detail,1,0.9,66,29,29.545108795166016,1.3746914863586426,3,False
194,detail,1,0.8,69,38,28.154781341552734,1.694535255432129,3,False
194,detail,1,0.7,69,45,27.40154457092285,2.012953042984009,2,True
194,detail,1,0.6,71,53,27.65889549255371,2.3819308280944824,2,False
194,detail,2,0.9,115,18,37.170440673828125,1.3220772743225098,3,False
194,detail,2,0.8,118,24,35.441062927246094,1.371422529220581,3,False
194,detail,2,0.7,119,32,35.967185974121094,1.4836275577545166,2,False
194,detail,2,0.6,123,40,36.85539627075195,1.0683069229125977,2,False
195,coarse,1,0.4,34,18,25.987367630004883,,,True
195,coarse,2,0.3,64,8,29.423038482666016,,,True
195,detail,1,1.0,65,25,31.97734832763672,1.2031152248382568,4,False
195,detail,1,0.9,66,29,29.23011589050293,1.3859591484069824,3,False
195,detail,1,0.8,69,38,28.22844696044922,1.7218499183654785,3,False
195,detail,1,0.7,69,45,27.334308624267578,2.04691481590271,2,True
195,detail,1,0.6,69,39,27.700437545776367,2.0387589931488037,2,False
195,detail,2,0.9,115,18,36.928611755371094,1.3148918151855469,3,False
195,detail,2,0.8,118,24,35.25871276855469,1.3711917400360107,3,False
195,detail,2,0.7,119,32,35.729766845703125,1.4873745441436768,2,False
195,detail,2,0.6,123,40,36.61736297607422,1.0672783851623535,2,False
196,coarse,1,0.4,34,18,26.07685089111328,,,True
196,coarse,2,0.3,64,8,29.390262603759766,,,True
196,detail,1,1.0,65,25,31.914470672607422,1.2395241260528564,4,False
196,detail,1,0.9,66,29,29.102394104003906,1.459132432937622,3,False
196,detail,1,0.8,69,38,28.512937545776367,1.774738073348999,3,False
196,detail,1,0.7,69,45,27.424463272094727,2.1329753398895264,2,True
196,detail,1,0.6,69,39,27.7029972076416,2.1585259437561035,2,False
196,detail,2,0.9,115,18,36.814064025878906,1.3308110237121582,3,False
196,detail,2,0.8,118,24,34.95013427734375,1.3779633045196533,3,False
196,detail,2,0.7,119,32,35.458534240722656,1.491924524307251,2,False
196,detail,2,0.6,123,40,36.19683074951172,1.0385055541992188,2,False
197,coarse,1,0.3,34,22,25.862077713012695,,,True
197,coarse,2,0.3,64,8,29.398666381835938,,,True
197,detail,1,1.0,67,25,32.463619232177734,1.3924212455749512,4,False
197,detail,1,0.9,67,29,28.76590919494629,1.6064176559448242,3,False
197,detail,1,0.8,67,38,27.415573120117188,1.8289806842803955,3,False
197,detail,1,0.7,69,45,27.12885093688965,2.3391830921173096,2,True
197,detail,1,0.6,69,39,27.663188934326172,2.32999849319458,2,False
197,detail,2,0.9,115,18,36.63649368286133,1.3981659412384033,3,False
197,detail,2,0.8,118,24,34.98125076293945,1.4594309329986572,3,False
197,detail,2,0.7,119,32,35.455299377441406,1.571439266204834,2,False
197,detail,2,0.6,123,40,36.02449035644531,1.1336722373962402,2,False
198,coarse,1,0.3,34,22,25.779335021972656,,,True
198,coarse,2,0.3,64,8,29.32854461669922,,,True
198,detail,1,1.0,67,25,32.57804489135742,1.3099961280822754,4,False
198,detail,1,0.9,67,29,28.801761627197266,1.509187936782837,3,False
198,detail,1,0.8,67,38,27.357168197631836,1.7221653461456299,3,False
198,detail,1,0.7,69,45,27.150463104248047,2.2209513187408447,2,True
198,detail,1,0.6,69,39,27.676252365112305,2.2849583625793457,2,False
198,detail,2,0.9,115,18,36.64167404174805,1.3973150253295898,3,False
198,detail,2,0.8,118,24,34.99619674682617,1.449112892150879,3,False
198,detail,2,0.7,119,32,35.493370056152344,1.5591530799865723,2,False
198,detail,2,0.6,123,40,36.12915802001953,1.1169886589050293,2,False
199,coarse,1,0.3,34,22,25.73305320739746,,,True
199,coarse,2,0.3,64,8,29.321578979492188,,,True
199,detail,1,1.0,67,25,32.60927963256836,1.268125295639038,4,False
199,detail,1,0.9,67,29,28.775781631469727,1.4664294719696045,3,False
199,detail,1,0.8,67,38,27.317188262939453,1.679868221282959,3,False
199,detail,1,0.7,69,45,27.113256454467773,2.1492865085601807,2,True
199,detail,1,0.6,69,39,27.61444664001465,2.166214942932129,2,False
199,detail,2,0.9,118,18,35.426517486572266,1.3311767578125,3,False
199,detail,2,0.8,118,24,35.079803466796875,1.4573652744293213,3,False
199,detail,2,0.7,119,32,35.590206146240234,1.5743098258972168,2,False
199,detail,2,0.6,125,42,35.521324157714844,1.077500581741333,2,False
200,coarse,1,0.3,34,22,25.682662963867188,,,True
200,coarse,2,0.3,64,8,29.354801177978516,,,True
200,detail,1,1.0,67,25,32.67624282836914,1.2386388778686523,4,False
200,detail,1,0.9,67,29,28.858203887939453,1.4355597496032715,3,False
200,detail,1,0.8,67,38,27.31535530090332,1.6439719200134277,3,False
200,detail,1,0.7,69,45,27.13536262512207,2.1112494468688965,2,True
200,detail,1,0.6,69,39,27.54337501525879,2.118159055709839,2,False
200,detail,2,0.9,118,18,35.48405838012695,1.3329758644104004,3,False
200,detail,2,0.8,118,24,35.189430236816406,1.4600803852081299,3,False
200,detail,2,0.7,119,32,35.755577087402344,1.578355312347412,2,False
200,detail,2,0.6,125,42,35.58140182495117,1.0733726024627686,2,False
201,coarse,1,0.3,34,22,26.14716911315918,,,True
201,coarse,2,0.3,64,8,29.972749710083008,,,True
201,detail,1,1.0,67,25,33.06925582885742,1.244877815246582,4,False
201,detail,1,0.9,67,29,29.245615005493164,1.444749355316162,3,False
201,detail,1,0.8,67,38,27.67494010925293,1.6510820388793945,3,False
201,detail,1,0.7,69,45,27.495080947875977,2.1149778366088867,2,True
201,detail,1,0.6,69,39,28.007972717285156,2.133249044418335,2,False
201,detail,2,0.9,118,18,35.893218994140625,1.3270924091339111,3,False
201,detail,2,0.8,118,24,35.67278289794922,1.4589824676513672,3,False
201,detail,2,0.7,119,32,36.22942352294922,1.5768203735351562,2,False
201,detail,2,0.6,125,42,36.0960693359375,1.062852144241333,2,False
202,coarse,1,0.3,34,22,26.488765716552734,,,True
202,coarse,2,0.4,66,12,31.933565139770508,,,True
202,detail,1,1.0,67,25,33.150474548339844,1.156092882156372,4,False
202,detail,1,0.9,67,29,29.490278244018555,1.3407201766967773,3,False
202,detail,1,0.8,67,38,27.909255981445312,1.5671906471252441,3,False
202,detail,1,0.7,69,45,27.67022705078125,2.039247751235962,2,True
202,detail,1,0.6,69,39,28.21152687072754,2.0846147537231445,2,False
202,detail,2,0.8,120,28,38.94676971435547,1.186927080154419,3,False
202,detail,2,0.7,120,33,36.85343551635742,1.3471031188964844,2,False
202,detail,2,0.6,124,41,36.95013427734375,1.0865099430084229,2,False
203,coarse,1,0.3,34,22,27.55005645751953,,,True
203,coarse,2,0.4,66,12,32.76439666748047,,,True
203,detail,1,1.0,67,25,34.16157531738281,1.1565608978271484,4,False
203,detail,1,0.9,67,29,30.52079963684082,1.3288133144378662,3,False
203,detail,1,0.8,67,38,28.99012565612793,1.5592105388641357,3,False
203,detail,1,0.7,69,45,28.469165802001953,2.02114200592041,2,True
203,detail,1,0.6,71,53,29.04256248474121,2.1473610401153564,2,False
203,detail,2,0.8,120,28,39.83477783203125,1.2150700092315674,3,False
203,detail,2,0.7,120,33,37.853797912597656,1.3550429344177246,2,False
203,detail,2,0.6,124,41,37.959110260009766,1.13181734085083,2,False
204,coarse,1,0.4,34,18,28.525440216064453,,,True
204,coarse,2,0.4,66,12,33.9069709777832,,,True
204,detail,1,1.0,65,25,34.34807205200195,1.1722347736358643,4,False
204,detail,1,0.9,66,29,31.78769302368164,1.361079216003418,3,False
204,detail,1,0.8,69,38,30.481853485107422,1.7180843353271484,3,False
204,detail,1,0.7,69,45,29.266559600830078,2.0645911693573,2,True
204,detail,1,0.6,71,53,29.36983871459961,2.269437789916992,2,False
204,detail,2,0.8,120,28,40.75004196166992,1.1693570613861084,3,False
204,detail,2,0.7,120,33,38.88130187988281,1.3257701396942139,2,False
204,detail,2,0.6,124,41,39.078407287597656,1.0726046562194824,2,False
205,coarse,1,0.4,34,18,28.367572784423828,,,True
205,coarse,2,0.3,64,20,31.837730407714844,,,True
205,detail,1,1.0,65,25,34.14830780029297,1.3315849304199219,4,False
205,detail,1,0.9,66,29,31.566442489624023,1.530921220779419,3,False
205,detail,1,0.8,69,38,29.881258010864258,1.9026014804840088,3,False
205,detail,1,0.7,69,45,28.9807071685791,2.1014771461486816,2,False
205,detail,1,0.6,71,53,28.78647232055664,2.4195148944854736,2,True
205,detail,2,0.9,118,21,39.81241989135742,1.3065505027770996,3,False
205,detail,2,0.8,118,24,38.50286865234375,1.3962535858154297,3,False
205,detail,2,0.7,119,33,38.166297912597656,1.5679283142089844,2,False
205,detail,2,0.6,121,65,39.751922607421875,1.463582992553711,2,False
206,coarse,1,0.4,34,18,28.373348236083984,,,True
206,coarse,2,0.3,64,20,31.726961135864258,,,True
206,detail,1,1.0,65,25,34.118995666503906,1.1973090171813965,4,False
206,detail,1,0.9,66,29,31.603317260742188,1.401939868927002,3,False
206,detail,1,0.8,69,38,29.772974014282227,1.7700936794281006,3,False
206,detail,1,0.7,69,45,28.986637115478516,1.9988911151885986,2,False
206,detail,1,0.6,71,53,28.694698333740234,2.339979648590088,2,True
206,detail,2,0.9,118,21,39.65727996826172,1.2950770854949951,3,False
206,detail,2,0.8,118,24,38.41361618041992,1.3771722316741943,3,False
206,detail,2,0.7,119,33,37.9443359375,1.5483269691467285,2,False
206,detail,2,0.6,121,65,39.690853118896484,1.4359846115112305,2,False
207,coarse,1,0.4,34,18,27.749868392944336,,,True
207,coarse,2,0.4,66,12,33.10505676269531,,,True
207,detail,1,1.0,65,25,33.733863830566406,1.20723295211792,4,False
207,detail,1,0.9,66,29,31.10365104675293,1.402658224105835,3,False
207,detail,1,0.8,69,38,29.053449630737305,1.7619106769561768,3,False
207,detail,1,0.7,69,45,28.5217227935791,1.9836907386779785,2,False
207,detail,1,0.6,71,53,28.164045333862305,2.357726812362671,2,True
207,detail,2,0.7,120,33,37.864112854003906,1.173804759979248,2,False
207,detail,2,0.6,120,41,39.362396240234375,1.5028343200683594,2,False
208,coarse,1,0.4,34,18,27.76612663269043,,,True
208,coarse,2,0.3,64,20,30.86263656616211,,,True
208,detail,1,1.0,65,25,33.55353546142578,1.2739217281341553,4,False
208,detail,1,0.9,66,29,30.913846969604492,1.4781177043914795,3,False
208,detail,1,0.8,69,38,28.886152267456055,1.8760204315185547,3,False
208,detail,1,0.7,69,45,28.55436897277832,2.128063678741455,2,False
208,detail,1,0.6,71,53,28.08938217163086,2.469208002090454,2,True
208,detail,2,0.9,118,21,38.79844665527344,1.2352666854858398,3,False
208,detail,2,0.8,118,24,37.653289794921875,1.3006970882415771,3,False
208,detail,2,0.7,119,33,37.09449768066406,1.4641013145446777,2,False
208,detail,2,0.6,121,65,38.9523811340332,1.3881452083587646,2,False
209,coarse,1,0.3,36,20,27.672687530517578,,,True
209,coarse,2,0.3,64,20,30.476200103759766,,,True
209,detail,1,1.0,67,27,33.56462097167969,1.3421587944030762,4,False
209,detail,1,0.9,68,30,31.154891967773438,1.476407766342163,3,False
209,detail,1,0.8,68,39,28.582765579223633,1.805342197418213,3,False
209,detail,1,0.7,69,45,28.608097076416016,2.1079649925231934,2,False
209,detail,1,0.6,71,53,27.942481994628906,2.4599039554595947,2,True
209,detail,2,0.9,118,21,38.746620178222656,1.2373809814453125,3,False
209,detail,2,0.8,118,24,37.75601577758789,1.3012974262237549,3,False
209,detail,2,0.7,119,33,37.23016357421875,1.4706549644470215,2,False
209,detail,2,0.6,121,65,38.925437927246094,1.4011189937591553,2,False
210,coarse,1,0.3,36,20,27.33010482788086,,,True
210,coarse,2,0.3,64,20,30.13151741027832,,,True
210,detail,1,1.0,67,27,33.13825988769531,1.3349180221557617,4,False
210,detail,1,0.9,68,30,30.654098510742188,1.4658176898956299,3,False
210,detail,1,0.8,68,39,28.191425323486328,1.7892684936523438,3,False
210,detail,1,0.7,69,45,28.3746337890625,2.078835964202881,2,False
210,detail,1,0.6,71,53,27.68505859375,2.4298388957977295,2,True
210,detail,2,0.9,118,21,38.144378662109375,1.2386445999145508,3,False
210,detail,2,0.8,118,24,37.20738983154297,1.3014070987701416,3,False
210,detail,2,0.7,119,33,36.681724548339844,1.4724788665771484,2,False
210,detail,2,0.6,121,65,38.29669189453125,1.411867380142212,2,False
211,coarse,1,0.3,36,20,26.945085525512695,,,True
211,coarse,2,0.3,64,20,29.96978759765625,,,True
211,detail,1,1.0,67,27,32.858131408691406,1.3604226112365723,4,False
211,detail,1,0.9,68,30,30.31245994567871,1.4940450191497803,3,False
211,detail,1,0.8,68,39,27.975011825561523,1.8140432834625244,3,False
211,detail,1,0.7,69,45,28.250507354736328,2.0721449851989746,2,False
211,detail,1,0.6,71,53,27.36965560913086,2.4361062049865723,2,True
211,detail,2,0.9,118,21,38.08660125732422,1.223283290863037,3,False
211,detail,2,0.8,118,24,37.1043701171875,1.2867882251739502,3,False
211,detail,2,0.7,119,33,36.557491302490234,1.4542279243469238,2,False
211,detail,2,0.6,121,65,38.14645767211914,1.3896901607513428,2,False
212,coarse,1,0.3,36,20,26.936189651489258,,,True
212,coarse,2,0.3,64,20,29.900131225585938,,,True
212,detail,1,1.0,67,27,32.8017578125,1.362142562866211,4,False
212,detail,1,0.9,68,30,30.251859664916992,1.4911940097808838,3,False
212,detail,1,0.8,68,39,27.94402313232422,1.8173468112945557,3,False
212,detail,1,0.7,69,45,28.235551834106445,2.0697579383850098,2,False
212,detail,1,0.6,71,53,27.314844131469727,2.4352540969848633,2,True
212,detail,2,0.9,118,21,37.983150482177734,1.261697769165039,3,False
212,detail,2,0.8,118,24,36.95188903808594,1.3295698165893555,3,False
212,detail,2,0.7,119,33,36.437870025634766,1.5149447917938232,2,False
212,detail,2,0.6,121,65,38.078704833984375,1.449632167816162,2,False
213,coarse,1,0.3,36,20,26.686864852905273,,,True
213,coarse,2,0.3,64,20,29.767980575561523,,,True
213,detail,1,1.0,67,27,32.59909439086914,1.2744529247283936,4,False
213,detail,1,0.9,68,30,30.020097732543945,1.3687877655029297,3,False
213,detail,1,0.8,68,39,27.80784034729004,1.6908023357391357,3,False
213,detail,1,0.7,69,45,28.167570114135742,1.8808088302612305,2,False
213,detail,1,0.6,71,53,27.248836517333984,2.292066812515259,2,True
213,detail,2,0.9,118,21,37.81437683105469,1.2715201377868652,3,False
213,detail,2,0.8,118,24,36.80587387084961,1.3420844078063965,3,False
213,detail,2,0.7,119,33,36.21072006225586,1.5314390659332275,2,False
213,detail,2,0.6,121,65,37.87470626831055,1.4671897888183594,2,False
214,coarse,1,0.3,36,20,26.652040481567383,,,True
214,coarse,2,0.3,64,20,29.772197723388672,,,True
214,detail,1,1.0,67,27,32.61309051513672,1.2704713344573975,4,False
214,detail,1,0.9,68,30,30.037399291992188,1.3660836219787598,3,False
214,detail,1,0.8,68,39,27.82180404663086,1.6880195140838623,3,False
214,detail,1,0.7,69,45,28.19660758972168,1.8797297477722168,2,False
214,detail,1,0.6,71,53,27.2430477142334,2.2899587154388428,2,True
214,detail,2,0.9,118,21,37.78129577636719,1.3153555393218994,3,False
214,detail,2,0.8,118,24,36.739463806152344,1.385873556137085,3,False
214,detail,2,0.7,119,33,36.148948669433594,1.5877132415771484,2,False
214,detail,2,0.6,121,65,37.944671630859375,1.573814868927002,2,False
215,coarse,1,0.3,36,20,26.658157348632812,,,True
215,coarse,2,0.3,64,20,29.880231857299805,,,True
215,detail,1,1.0,67,27,32.611305236816406,1.2699902057647705,4,False
215,detail,1,0.9,68,30,30.04967498779297,1.3655734062194824,3,False
215,detail,1,0.8,68,39,27.83420181274414,1.687438726425171,3,False
215,detail,1,0.7,69,45,28.196765899658203,1.879446029663086,2,False
215,detail,1,0.6,71,53,27.23250961303711,2.288914918899536,2,True
215,detail,2,0.9,118,21,37.80050277709961,1.330353021621704,3,False
215,detail,2,0.8,118,24,36.72575378417969,1.4131250381469727,3,False
215,detail,2,0.7,119,33,36.14746856689453,1.6142911911010742,2,False
215,detail,2,0.6,121,65,37.85028076171875,1.5991885662078857,2,False
216,coarse,1,0.3,36,20,26.56756591796875,,,True
216,coarse,2,0.3,64,20,30.128700256347656,,,True
216,detail,1,1.0,67,27,32.52202224731445,1.2636618614196777,4,False
216,detail,1,0.9,68,30,30.005264282226562,1.3697984218597412,3,False
216,detail,1,0.8,68,39,27.858198165893555,1.6952850818634033,3,False
216,detail,1,0.7,69,45,28.237003326416016,1.885709524154663,2,False
216,detail,1,0.6,71,53,27.24296760559082,2.322213888168335,2,True
216,detail,2,0.9,118,21,37.89998245239258,1.3245162963867188,3,False
216,detail,2,0.8,118,24,36.65769958496094,1.413104772567749,3,False
216,detail,2,0.7,119,33,36.159080505371094,1.6214008331298828,2,False
216,detail,2,0.6,121,65,38.041500091552734,1.6218392848968506,2,False
217,coarse,1,0.3,36,26,27.321706771850586,,,True
217,coarse,2,0.3,64,20,30.69906234741211,,,True
217,detail,1,1.0,67,25,33.107322692871094,1.3793919086456299,4,False
217,detail,1,0.9,68,29,30.730236053466797,1.4648921489715576,3,False
217,detail,1,0.8,68,38,27.885190963745117,1.741358757019043,3,False
217,detail,1,0.7,69,45,28.699399948120117,1.9066755771636963,2,False
217,detail,1,0.6,71,53,27.826425552368164,2.283386468887329,2,True
217,detail,2,0.9,115,18,39.069419860839844,1.2232398986816406,3,False
217,detail,2,0.8,118,24,37.199729919433594,1.3703594207763672,3,False
217,detail,2,0.7,119,33,36.807498931884766,1.4803102016448975,2,False
217,detail,2,0.6,121,65,38.48469161987305,1.2527337074279785,2,False
218,coarse,1,0.3,36,26,27.35942840576172,,,True
218,coarse,2,0.3,64,20,30.788082122802734,,,True
218,detail,1,1.0,67,25,33.12990188598633,1.3519766330718994,4,False
218,detail,1,0.9,68,29,30.784536361694336,1.4540343284606934,3,False
218,detail,1,0.8,68,38,27.935964584350586,1.7303729057312012,3,False
218,detail,1,0.7,69,45,28.76993179321289,1.9084718227386475,2,False
218,detail,1,0.6,71,53,27.902612686157227,2.301147699356079,2,True
218,detail,2,0.9,115,18,39.1011848449707,1.2245769500732422,3,False
218,detail,2,0.8,118,24,37.164756774902344,1.374053955078125,3,False
218,detail,2,0.7,119,33,36.82166290283203,1.4823482036590576,2,False
218,detail,2,0.6,121,65,38.640567779541016,1.2458698749542236,2,False
219,coarse,1,0.3,36,26,27.535757064819336,,,True
219,coarse,2,0.4,66,12,33.294185638427734,,,True
219,detail,1,1.0,67,25,33.33143615722656,1.4125564098358154,4,False
219,detail,1,0.9,68,29,30.966501235961914,1.3572866916656494,3,False
219,detail,1,0.8,68,38,28.22488021850586,1.6432502269744873,3,False
219,detail,1,0.7,69,45,29.018325805664062,1.8626630306243896,2,False
219,detail,1,0.6,71,53,28.08295249938965,2.250415802001953,2,True
219,detail,2,0.7,120,33,37.688934326171875,1.1927430629730225,2,False
219,detail,2,0.6,120,41,39.495147705078125,1.4634780883789062,2,False
220,coarse,1,0.3,36,26,27.486236572265625,,,True
220,coarse,2,0.4,66,12,33.283267974853516,,,True
220,detail,1,1.0,67,25,33.34510040283203,1.4109156131744385,4,False
220,detail,1,0.9,68,29,30.981595993041992,1.3548600673675537,3,False
220,detail,1,0.8,68,38,28.207189559936523,1.641390085220337,3,False
220,detail,1,0.7,69,45,28.96016502380371,1.8608920574188232,2,False
220,detail,1,0.6,71,53,28.062955856323242,2.249204635620117,2,True
220,detail,2,0.7,120,33,37.6888313293457,1.2077593803405762,2,False
220,detail,2,0.6,120,41,39.55427932739258,1.4735455513000488,2,False
221,coarse,1,0.3,36,26,27.526182174682617,,,True
221,coarse,2,0.4,66,12,33.307186126708984,,,True
221,detail,1,1.0,67,25,33.4176139831543,1.411144495010376,4,False
221,detail,1,0.9,68,29,31.034114837646484,1.3549044132232666,3,False
221,detail,1,0.8,68,38,28.28300666809082,1.643444299697876,3,False
221,detail,1,0.7,69,45,29.074840545654297,1.8610761165618896,2,False
221,detail,1,0.6,71,53,28.18865203857422,2.249561309814453,2,True
221,detail,2,0.7,120,33,37.71961975097656,1.2052016258239746,2,False
221,detail,2,0.6,120,39,39.577796936035156,1.3918709754943848,2,False
222,coarse,1,0.3,36,26,27.407455444335938,,,True
222,coarse,2,0.4,66,12,33.261512756347656,,,True
222,detail,1,1.0,67,25,33.3503532409668,1.4222099781036377,4,False
222,detail,1,0.9,68,29,30.985166549682617,1.3676435947418213,3,False
222,detail,1,0.8,68,38,28.28736114501953,1.6565263271331787,3,False
222,detail,1,0.7,71,45,29.067655563354492,2.221320390701294,2,False
222,detail,1,0.6,71,53,28.123275756835938,2.263197898864746,2,True
222,detail,2,0.7,120,33,37.63405990600586,1.2170014381408691,2,False
222,detail,2,0.6,120,39,39.46617126464844,1.4012365341186523,2,False
223,coarse,1,0.3,36,26,27.289798736572266,,,True
223,coarse,2,0.4,66,12,32.83805847167969,,,True
223,detail,1,1.0,67,25,33.176021575927734,1.4460489749908447,4,False
223,detail,1,0.9,68,29,30.880111694335938,1.3618977069854736,3,False
223,detail,1,0.8,68,38,28.19337272644043,1.6591522693634033,3,False
223,detail,1,0.7,71,45,28.9930362701416,2.2286252975463867,2,False
223,detail,1,0.6,71,53,27.970579147338867,2.2349207401275635,2,True
223,detail,2,0.7,120,33,37.40447235107422,1.229722023010254,2,False
223,detail,2,0.6,120,41,39.242950439453125,1.4971415996551514,2,False
224,coarse,1,0.3,36,26,26.766002655029297,,,True
224,coarse,2,0.4,66,12,32.178077697753906,,,True
224,detail,1,1.0,67,25,32.55445098876953,1.3580214977264404,4,False
224,detail,1,0.9,68,29,30.192174911499023,1.3506710529327393,3,False
224,detail,1,0.8,68,38,27.548830032348633,1.6365077495574951,3,True
224,detail,1,0.7,71,45,28.45008659362793,2.2105765342712402,2,False
224,detail,1,0.6,71,53,27.577716827392578,2.192636251449585,2,False
224,detail,2,0.7,120,35,38.112091064453125,1.1089963912963867,2,False
224,detail,2,0.6,120,41,38.37660598754883,1.3126718997955322,2,False
225,coarse,1,0.3,36,26,26.0997371673584,,,True
225,coarse,2,0.4,66,12,31.883882522583008,,,True
225,detail,1,1.0,67,25,31.87444496154785,1.3377125263214111,4,False
225,detail,1,0.9,68,29,29.53177261352539,1.3554120063781738,3,False
225,detail,1,0.8,68,38,27.090585708618164,1.6374664306640625,3,False
225,detail,1,0.7,71,45,27.790992736816406,2.2205514907836914,2,False
225,detail,1,0.6,71,53,27.00814437866211,2.1906578540802,2,True
225,detail,2,0.7,120,33,35.78909683227539,1.1100616455078125,2,False
225,detail,2,0.6,120,41,37.624900817871094,1.403580904006958,2,False
226,coarse,1,0.3,36,26,25.647809982299805,,,True
226,coarse,2,0.3,64,20,29.224864959716797,,,True
226,detail,1,1.0,67,25,31.37682342529297,1.3210482597351074,4,False
226,detail,1,0.9,68,29,28.98944664001465,1.3334660530090332,3,False
226,detail,1,0.8,68,38,26.64324378967285,1.6049177646636963,3,False
226,detail,1,0.7,71,45,27.275815963745117,2.1966488361358643,2,False
226,detail,1,0.6,71,53,26.596864700317383,2.143653154373169,2,True
226,detail,2,0.9,115,18,37.43087387084961,1.2103865146636963,3,False
226,detail,2,0.8,118,24,35.44913101196289,1.3148307800292969,3,False
226,detail,2,0.7,119,33,34.917633056640625,1.4517338275909424,2,False
226,detail,2,0.6,121,65,37.035919189453125,1.3929784297943115,2,False
227,coarse,1,0.3,36,20,25.761581420898438,,,True
227,coarse,2,0.4,66,12,31.333436965942383,,,True
227,detail,1,1.0,67,27,31.265140533447266,1.30916428565979,4,False
227,detail,1,0.9,68,30,28.603294372558594,1.3392970561981201,3,False
227,detail,1,0.8,68,39,27.074630737304688,1.6310515403747559,3,False
227,detail,1,0.7,71,45,27.318195343017578,2.1750967502593994,2,False
227,detail,1,0.6,71,53,26.752910614013672,2.1240742206573486,2,True
227,detail,2,0.7,120,33,35.08402633666992,1.2069272994995117,2,False
227,detail,2,0.6,120,41,36.831642150878906,1.5072896480560303,2,False
228,coarse,1,0.3,36,26,25.8392276763916,,,True
228,coarse,2,0.3,64,20,29.244239807128906,,,True
228,detail,1,1.0,67,25,31.268516540527344,1.3370659351348877,4,False
228,detail,1,0.9,68,29,28.909936904907227,1.352083683013916,3,False
228,detail,1,0.8,68,38,26.848031997680664,1.6106815338134766,3,True
228,detail,1,0.7,71,45,27.467769622802734,2.16348934173584,2,False
228,detail,1,0.6,71,53,27.07127571105957,2.094388723373413,2,False
228,detail,2,0.9,118,21,36.57184600830078,1.2531251907348633,3,False
228,detail,2,0.8,118,24,35.52912139892578,1.3362650871276855,3,False
228,detail,2,0.7,119,33,35.013633728027344,1.4571070671081543,2,False
228,detail,2,0.6,121,65,36.878074645996094,1.3767099380493164,2,False
229,coarse,1,0.3,36,26,25.694683074951172,,,True
229,coarse,2,0.3,64,20,28.90291404724121,,,True
229,detail,1,1.0,67,25,31.170440673828125,1.2008721828460693,4,False
229,detail,1,0.9,68,29,28.752363204956055,1.3635339736938477,3,False
229,detail,1,0.8,68,38,27.29141616821289,1.5819816589355469,3,False
229,detail,1,0.7,71,45,27.460617065429688,2.1124227046966553,2,False
229,detail,1,0.6,71,53,26.9969539642334,1.9871506690979004,2,True
229,detail,2,0.8,118,27,35.56666946411133,1.1701550483703613,3,False
229,detail,2,0.7,119,33,35.066871643066406,1.324404001235962,2,False
229,detail,2,0.6,121,41,36.50121307373047,1.3916873931884766,2,False
230,coarse,1,0.3,36,26,25.692039489746094,,,True
230,coarse,2,0.3,64,20,29.078548431396484,,,True
230,detail,1,1.0,67,25,31.26191520690918,1.2088878154754639,4,False
230,detail,1,0.9,68,29,28.844989776611328,1.3591482639312744,3,False
230,detail,1,0.8,68,38,27.475248336791992,1.5770435333251953,3,False
230,detail,1,0.7,71,45,27.530868530273438,2.103980302810669,2,False
230,detail,1,0.6,71,53,27.116989135742188,1.987980604171753,2,True
230,detail,2,0.8,118,27,35.731754302978516,1.1609234809875488,3,False
230,detail,2,0.7,119,33,35.191734313964844,1.3178565502166748,2,False
230,detail,2,0.6,121,41,36.66682815551758,1.3848538398742676,2,False
231,coarse,1,0.3,36,26,26.13772964477539,,,True
231,coarse,2,0.3,64,20,29.400646209716797,,,True
231,detail,1,1.0,67,25,31.668710708618164,1.270508050918579,4,False
231,detail,1,0.9,68,29,29.242097854614258,1.443554162979126,3,False
231,detail,1,0.8,68,38,27.999826431274414,1.6399714946746826,3,False
231,detail,1,0.7,71,45,28.074167251586914,2.1635024547576904,2,False
231,detail,1,0.6,71,53,27.779695510864258,2.0544304847717285,2,True
231,detail,2,0.9,115,21,39.8658332824707,1.2491493225097656,3,False
231,detail,2,0.8,118,24,35.97472381591797,1.1815977096557617,3,False
231,detail,2,0.7,119,33,35.51982879638672,1.4356868267059326,2,False
231,detail,2,0.6,121,41,36.86567687988281,1.5219576358795166,2,False
232,coarse,1,0.3,36,26,26.095874786376953,,,True
232,coarse,2,0.3,64,20,29.4558162689209,,,True
232,detail,1,1.0,67,25,31.832551956176758,1.2947947978973389,4,False
232,detail,1,0.9,68,29,29.361032485961914,1.4689695835113525,3,False
232,detail,1,0.8,68,38,28.221277236938477,1.6627380847930908,3,False
232,detail,1,0.7,71,45,27.9589786529541,2.1829779148101807,2,False
232,detail,1,0.6,71,53,27.80939483642578,2.066009521484375,2,True
232,detail,2,0.9,115,21,40.14999771118164,1.254181146621704,3,False
232,detail,2,0.8,118,27,36.18541717529297,1.2667131423950195,3,False
232,detail,2,0.7,121,33,35.71270751953125,1.2234058380126953,2,False
232,detail,2,0.6,121,41,36.87415313720703,1.5369255542755127,2,False
233,coarse,1,0.3,36,26,26.055940628051758,,,True
233,coarse,2,0.3,64,8,29.405914306640625,,,True
233,detail,1,1.0,67,25,31.878299713134766,1.2760603427886963,4,False
233,detail,1,0.9,68,29,29.43608856201172,1.446887731552124,3,False
233,detail,1,0.8,68,38,28.414276123046875,1.6344149112701416,3,False
233,detail,1,0.7,71,45,28.08539390563965,2.1465017795562744,2,False
233,detail,1,0.6,71,53,27.990324020385742,2.0202383995056152,2,True
233,detail,2,0.9,115,21,40.32111358642578,1.251495122909546,3,False
233,detail,2,0.8,118,27,36.284393310546875,1.2751805782318115,3,False
233,detail,2,0.7,121,34,35.715267181396484,1.2586462497711182,2,False
233,detail,2,0.6,121,40,37.032711029052734,1.520993947982788,2,False
234,coarse,1,0.3,36,26,26.030170440673828,,,True
234,coarse,2,0.3,64,20,29.382797241210938,,,True
234,detail,1,1.0,67,25,31.844362258911133,1.205803632736206,4,False
234,detail,1,0.9,68,29,29.436845779418945,1.3603239059448242,3,False
234,detail,1,0.8,68,38,28.472848892211914,1.5609869956970215,3,False
234,detail,1,0.7,71,45,28.036006927490234,2.0654213428497314,2,False
234,detail,1,0.6,71,53,27.868024826049805,1.9308860301971436,2,True
234,detail,2,0.9,115,21,40.27806854248047,1.220731258392334,3,False
234,detail,2,0.8,118,27,36.25606918334961,1.2175111770629883,3,False
234,detail,2,0.7,121,33,35.59651565551758,1.161806583404541,2,False
234,detail,2,0.6,123,65,36.7772102355957,1.346574306488037,2,False
235,coarse,1,0.3,36,26,25.941417694091797,,,True
235,coarse,2,0.3,66,4,29.905467987060547,,,True
235,detail,1,1.0,67,25,32.05815124511719,1.1563475131988525,4,False
235,detail,1,0.9,68,29,29.538053512573242,1.3024036884307861,3,False
235,detail,1,0.8,68,38,28.76160430908203,1.494527816772461,3,False
235,detail,1,0.7,71,45,28.00749969482422,1.9998741149902344,2,False
235,detail,1,0.6,71,53,27.94788932800293,1.8493421077728271,2,True
235,detail,2,0.8,119,27,36.11175537109375,1.2267773151397705,3,False
235,detail,2,0.7,121,34,36.12690353393555,1.2577731609344482,2,False
235,detail,2,0.6,121,40,37.3682746887207,1.5318200588226318,2,False
236,coarse,1,0.3,36,26,25.9969482421875,,,True
236,coarse,2,0.3,64,20,30.211353302001953,,,True
236,detail,1,1.0,67,25,32.489479064941406,1.1333527565002441,4,False
236,detail,1,0.9,68,29,29.959028244018555,1.2585952281951904,3,False
236,detail,1,0.8,68,38,29.23522186279297,1.4400341510772705,3,False
236,detail,1,0.7,71,45,28.17523956298828,1.9700441360473633,2,True
236,detail,1,0.6,71,53,28.282033920288086,1.8597776889801025,2,False
236,detail,2,0.9,115,18,38.80009460449219,1.2760133743286133,3,False
236,detail,2,0.8,118,24,36.78317642211914,1.4092297554016113,3,False
236,detail,2,0.7,121,33,36.04328918457031,1.451603651046753,2,False
236,detail,2,0.6,123,65,37.2993049621582,1.4775786399841309,2,False
237,coarse,1,0.3,36,26,25.112977981567383,,,True
237,coarse,2,0.4,64,12,32.01651382446289,,,True
237,detail,1,1.0,67,25,31.81314468383789,1.241642713546753,4,False
237,detail,1,0.9,68,29,29.289077758789062,1.4003925323486328,3,False
237,detail,1,0.8,68,38,28.67457389831543,1.5859289169311523,3,False
237,detail,1,0.7,71,45,27.178895950317383,2.10162615776062,2,True
237,detail,1,0.6,71,53,27.333528518676758,1.9533977508544922,2,False
237,detail,2,0.9,117,22,39.0820198059082,1.2917160987854004,3,False
237,detail,2,0.8,120,28,37.73208999633789,1.2502188682556152,3,False
237,detail,2,0.7,121,33,36.28357696533203,1.402116298675537,2,False
237,detail,2,0.6,121,41,37.8870964050293,1.7348353862762451,2,False
238,coarse,1,0.3,36,26,25.369464874267578,,,True
238,coarse,2,0.4,64,12,32.488277435302734,,,True
238,detail,1,1.0,67,25,32.52542495727539,1.2668211460113525,4,False
238,detail,1,0.9,68,29,29.85985565185547,1.3964452743530273,3,False
238,detail,1,0.8,68,38,29.531221389770508,1.5681021213531494,3,False
238,detail,1,0.7,71,45,27.554431915283203,2.094257354736328,2,True
238,detail,1,0.6,71,53,27.908203125,1.8924970626831055,2,False
238,detail,2,0.9,117,19,38.01114273071289,1.2793574333190918,3,False
238,detail,2,0.8,120,25,36.719234466552734,1.1684832572937012,3,False
238,detail,2,0.7,121,33,36.98277282714844,1.4508914947509766,2,False
238,detail,2,0.6,121,41,38.68645477294922,1.789581537246704,2,False
239,coarse,1,0.3,36,26,25.70918846130371,,,True
239,coarse,2,0.4,64,12,33.207061767578125,,,True
239,detail,1,1.0,67,25,33.126380920410156,1.2331361770629883,4,False
239,detail,1,0.9,68,29,30.4984073638916,1.3880236148834229,3,False
239,detail,1,0.8,68,38,30.210451126098633,1.5683481693267822,3,False
239,detail,1,0.7,71,45,27.907381057739258,2.1032919883728027,2,True
239,detail,1,0.6,71,53,28.37842559814453,1.8852300643920898,2,False
239,detail,2,0.9,117,19,38.73973846435547,1.25343918800354,3,False
239,detail,2,0.8,120,28,39.10690689086914,1.2834386825561523,3,False
239,detail,2,0.7,121,33,37.5164794921875,1.4219722747802734,2,False
239,detail,2,0.6,121,39,39.36359405517578,1.5952386856079102,2,False
240,coarse,1,0.3,36,26,26.040390014648438,,,True
240,coarse,2,0.4,64,12,34.07488250732422,,,True
240,detail,1,1.0,67,25,33.75580596923828,1.2289018630981445,4,False
240,detail,1,0.9,68,29,31.094844818115234,1.3816421031951904,3,False
240,detail,1,0.8,68,38,30.81235122680664,1.5574254989624023,3,False
240,detail,1,0.7,71,45,28.227853775024414,2.0834414958953857,2,True
240,detail,1,0.6,71,53,28.766904830932617,1.8693046569824219,2,False
240,detail,2,0.9,117,19,39.72425842285156,1.265923261642456,3,False
240,detail,2,0.8,120,28,40.160926818847656,1.3033390045166016,3,False
240,detail,2,0.7,121,33,38.53297805786133,1.4297142028808594,2,False
240,detail,2,0.6,121,39,40.196537017822266,1.6048181056976318,2,False
241,coarse,1,0.3,36,26,26.831632614135742,,,True
241,coarse,2,0.4,64,12,34.81937026977539,,,True
241,detail,1,1.0,67,25,34.327796936035156,1.1791651248931885,4,False
241,detail,1,0.9,68,29,31.64748191833496,1.0288846492767334,3,False
241,detail,1,0.8,68,38,31.490400314331055,1.1509051322937012,3,False
241,detail,1,0.7,71,45,28.901519775390625,1.7623240947723389,2,True
241,detail,1,0.6,71,53,29.522445678710938,1.710829496383667,2,False
241,detail,2,0.9,117,19,40.53190231323242,1.2825167179107666,3,False
241,detail,2,0.8,120,25,39.04082107543945,1.1470181941986084,3,False
241,detail,2,0.7,121,33,39.334476470947266,1.393683910369873,2,False
241,detail,2,0.6,121,39,40.84059524536133,1.6343181133270264,2,False
242,coarse,1,0.3,36,26,27.468843460083008,,,True
242,coarse,2,0.3,64,8,32.82890701293945,,,True
242,detail,1,1.0,67,25,34.58062744140625,1.1749942302703857,4,False
242,detail,1,0.9,68,29,31.796855926513672,1.0318067073822021,3,False
242,detail,1,0.8,68,38,31.62920379638672,1.162564754486084,3,False
242,detail,1,0.7,71,45,29.27665138244629,1.70989990234375,2,True
242,detail,1,0.6,71,53,29.743566513061523,1.6313748359680176,2,False
242,detail,2,0.9,118,21,41.09696578979492,1.32899808883667,3,False
242,detail,2,0.8,118,24,39.90015411376953,1.315202236175537,3,False
242,detail,2,0.7,121,32,39.71108627319336,1.3533613681793213,2,False
242,detail,2,0.6,121,40,40.649925231933594,1.6963250637054443,2,False
243,coarse,1,0.3,36,26,27.77108383178711,,,True
243,coarse,2,0.3,64,8,32.23182678222656,,,True
243,detail,1,1.0,67,25,34.271793365478516,1.1351368427276611,4,False
243,detail,1,0.9,68,29,31.513938903808594,1.1152675151824951,3,False
243,detail,1,0.8,68,38,31.17791175842285,1.3170843124389648,3,False
243,detail,1,0.7,71,45,29.284271240234375,1.9118916988372803,2,True
243,detail,1,0.6,71,53,29.6228084564209,1.7791049480438232,2,False
243,detail,2,0.9,118,21,40.67139434814453,1.364198923110962,3,False
243,detail,2,0.8,118,24,39.20932388305664,1.3804583549499512,3,False
243,detail,2,0.7,121,32,39.019474029541016,1.4298534393310547,2,False
243,detail,2,0.6,121,40,40.17060089111328,1.7556378841400146,2,False
244,coarse,1,0.3,36,26,27.067522048950195,,,True
244,coarse,2,0.3,64,8,31.412885665893555,,,True
244,detail,1,1.0,67,25,33.26865005493164,1.1487512588500977,4,False
244,detail,1,0.9,68,29,30.549718856811523,1.1360976696014404,3,False
244,detail,1,0.8,68,38,30.095359802246094,1.33748459815979,3,False
244,detail,1,0.7,71,45,28.548595428466797,1.9521138668060303,2,True
244,detail,1,0.6,71,53,28.804759979248047,1.8607783317565918,2,False
244,detail,2,0.9,118,21,39.73262023925781,1.361440896987915,3,False
244,detail,2,0.8,118,24,38.0081901550293,1.3448891639709473,3,False
244,detail,2,0.7,121,32,38.06897735595703,1.3523600101470947,2,False
244,detail,2,0.6,121,40,39.14118576049805,1.675961971282959,2,False
245,coarse,1,0.3,36,26,27.37805938720703,,,True
245,coarse,2,0.3,64,8,30.973342895507812,,,True
245,detail,1,1.0,67,25,33.2071418762207,1.153754472732544,4,False
245,detail,1,0.9,68,29,30.5406551361084,1.1932294368743896,3,False
245,detail,1,0.8,68,38,29.78017234802246,1.3975751399993896,3,False
245,detail,1,0.7,71,45,28.743940353393555,2.0140960216522217,2,True
245,detail,1,0.6,71,53,28.79848289489746,1.9083912372589111,2,False
245,detail,2,0.9,118,21,39.33408737182617,1.3515288829803467,3,False
245,detail,2,0.8,118,24,37.48870086669922,1.3621726036071777,3,False
245,detail,2,0.7,121,32,37.67254638671875,1.4199192523956299,2,False
245,detail,2,0.6,121,40,38.8956413269043,1.7302398681640625,2,False
246,coarse,1,0.3,36,26,27.43639373779297,,,True
246,coarse,2,0.3,64,8,30.567598342895508,,,True
246,detail,1,1.0,67,25,32.73625946044922,1.1610331535339355,4,False
246,detail,1,0.9,68,29,30.032672882080078,1.3008220195770264,3,False
246,detail,1,0.8,68,38,29.24228858947754,1.5286362171173096,3,False
246,detail,1,0.7,71,45,28.667638778686523,2.0976510047912598,2,True
246,detail,1,0.6,71,53,28.7479190826416,2.01204252243042,2,False
246,detail,2,0.9,118,21,39.08329391479492,1.391974925994873,3,False
246,detail,2,0.8,118,24,37.077186584472656,1.4037096500396729,3,False
246,detail,2,0.7,121,32,37.487552642822266,1.4652206897735596,2,False
246,detail,2,0.6,125,40,37.469635009765625,1.0743920803070068,2,False
247,coarse,1,0.3,36,20,27.029361724853516,,,True
247,coarse,2,0.3,64,8,30.185022354125977,,,True
247,detail,1,1.0,67,23,32.87184143066406,1.1581413745880127,4,False
247,detail,1,0.9,68,30,29.88097381591797,1.3091506958007812,3,False
247,detail,1,0.8,68,36,28.846567153930664,1.4780066013336182,3,False
247,detail,1,0.7,71,45,28.43146514892578,2.107421875,2,False
247,detail,1,0.6,71,53,28.257335662841797,2.026930093765259,2,True
247,detail,2,0.9,118,21,38.37596893310547,1.3872358798980713,3,False
247,detail,2,0.8,118,24,36.211673736572266,1.3858706951141357,3,False
247,detail,2,0.7,119,32,36.57966613769531,1.6105201244354248,2,False
247,detail,2,0.6,125,40,36.647804260253906,1.0868544578552246,2,False
248,coarse,1,0.3,36,20,27.032840728759766,,,True
248,coarse,2,0.3,64,8,29.93700408935547,,,True
248,detail,1,1.0,67,27,32.938720703125,1.2321221828460693,4,False
248,detail,1,0.9,68,30,29.988323211669922,1.3452484607696533,3,False
248,detail,1,0.8,68,36,28.665159225463867,1.518721580505371,3,False
248,detail,1,0.7,71,45,28.3542537689209,2.132490873336792,2,False
248,detail,1,0.6,71,53,28.080711364746094,2.06626296043396,2,True
248,detail,2,0.9,118,21,38.447975158691406,1.3777360916137695,3,False
248,detail,2,0.8,118,24,36.17986297607422,1.3810594081878662,3,False
248,detail,2,0.7,119,32,36.54664611816406,1.6068544387817383,2,False
248,detail,2,0.6,125,40,36.63923645019531,1.0746982097625732,2,False
249,coarse,1,0.4,34,18,27.47498893737793,,,True
249,coarse,2,0.3,64,8,30.57392120361328,,,True
249,detail,1,1.0,65,25,34.92387008666992,1.2007415294647217,4,False
249,detail,1,0.9,69,29,31.922340393066406,1.406294584274292,3,False
249,detail,1,0.8,69,38,28.427305221557617,1.6972346305847168,3,True
249,detail,1,0.7,71,45,28.936155319213867,2.1261990070343018,2,False
249,detail,1,0.6,71,53,28.45509147644043,2.08186411857605,2,False
249,detail,2,0.9,118,18,37.09565734863281,1.2871227264404297,3,False
249,detail,2,0.8,118,24,36.83672332763672,1.4404981136322021,3,False
249,detail,2,0.7,119,32,37.21984100341797,1.6385185718536377,2,False
249,detail,2,0.6,125,40,37.31258773803711,1.1039981842041016,2,False
250,coarse,1,0.3,36,26,28.056135177612305,,,True
250,coarse,2,0.3,64,8,31.457406997680664,,,True
250,detail,1,1.0,67,25,33.82960891723633,1.346250295639038,4,False
250,detail,1,0.9,68,29,31.27496910095215,1.5185377597808838,3,False
250,detail,1,0.8,68,38,29.506563186645508,1.793278694152832,3,False
250,detail,1,0.7,71,45,29.5585994720459,2.291590452194214,2,False
250,detail,1,0.6,71,53,29.062292098999023,2.2966554164886475,2,True
250,detail,2,1.0,115,12,41.32829666137695,1.4087235927581787,4,False
250,detail,2,0.9,118,18,38.18429946899414,1.4078385829925537,3,False
250,detail,2,0.8,118,24,38.040889739990234,1.5821270942687988,3,False
250,detail,2,0.7,119,32,38.42654037475586,1.7504286766052246,2,False
250,detail,2,0.6,125,40,38.139896392822266,1.0725257396697998,2,False
251,coarse,1,0.3,36,26,27.909042358398438,,,True
251,coarse,2,0.3,64,8,31.45561408996582,,,True
251,detail,1,1.0,67,25,33.844608306884766,1.2701866626739502,4,False
251,detail,1,0.9,68,29,31.295299530029297,1.4167542457580566,3,False
251,detail,1,0.8,68,38,29.179943084716797,1.6935410499572754,3,False
251,detail,1,0.7,71,45,29.530925750732422,2.146395683288574,2,False
251,detail,1,0.6,71,53,28.849193572998047,2.1683645248413086,2,True
251,detail,2,1.0,115,8,40.02385330200195,1.3452141284942627,4,False
251,detail,2,0.9,118,18,38.011436462402344,1.5420918464660645,3,False
251,detail,2,0.8,118,24,37.99368667602539,1.738429307937622,3,False
251,detail,2,0.7,123,32,38.320884704589844,1.242903709411621,2,False
251,detail,2,0.6,125,40,37.9715461730957,1.2291133403778076,2,False
252,coarse,1,0.3,36,26,27.833402633666992,,,True
252,coarse,2,0.3,64,8,31.33993148803711,,,True
252,detail,1,1.0,67,25,33.79448699951172,1.3332746028900146,4,False
252,detail,1,0.9,68,29,31.29108428955078,1.4874029159545898,3,False
252,detail,1,0.8,68,38,28.911298751831055,1.757826805114746,3,False
252,detail,1,0.7,71,45,29.582229614257812,2.267896890640259,2,False
252,detail,1,0.6,71,53,28.678422927856445,2.310394525527954,2,True
252,detail,2,1.0,115,8,39.89158248901367,1.354421615600586,4,False
252,detail,2,0.9,118,18,37.796531677246094,1.5265753269195557,3,False
252,detail,2,0.8,118,24,37.77736282348633,1.7221953868865967,3,False
252,detail,2,0.7,119,32,38.119014739990234,1.878596305847168,2,False
252,detail,2,0.6,125,40,37.61598205566406,1.2006242275238037,2,False
253,coarse,1,0.3,36,20,27.83089256286621,,,True
253,coarse,2,0.3,64,8,31.20775604248047,,,True
253,detail,1,1.0,67,27,33.720088958740234,1.582909345626831,4,False
253,detail,1,0.9,68,30,31.091472625732422,1.8381714820861816,3,False
253,detail,1,0.8,68,39,29.165061950683594,2.13495135307312,3,False
253,detail,1,0.7,69,45,29.11137580871582,2.3225717544555664,2,False
253,detail,1,0.6,71,53,28.46894073486328,2.7063305377960205,2,True
253,detail,2,0.9,118,18,36.849918365478516,1.3748102188110352,3,False
253,detail,2,0.8,118,24,36.80455017089844,1.5149028301239014,3,False
253,detail,2,0.7,119,32,37.11417770385742,1.661895990371704,2,False
253,detail,2,0.6,127,46,37.39678955078125,1.053823471069336,2,False
254,coarse,1,0.4,34,18,27.857378005981445,,,True
254,coarse,2,0.3,64,8,31.20775604248047,,,True
254,detail,1,1.0,65,25,34.16830062866211,1.5409462451934814,4,False
254,detail,1,0.9,66,29,31.4675350189209,1.8020613193511963,3,False
254,detail,1,0.8,69,38,28.978429794311523,2.2104220390319824,3,False
254,detail,1,0.7,69,45,29.084293365478516,2.3354129791259766,2,False
254,detail,1,0.6,71,53,28.531105041503906,2.712505578994751,2,True
254,detail,2,0.9,118,18,36.96575927734375,1.3755450248718262,3,False
254,detail,2,0.8,118,24,36.97090530395508,1.5151164531707764,3,False
254,detail,2,0.7,119,32,37.279502868652344,1.664421796798706,2,False
254,detail,2,0.6,127,46,37.365386962890625,1.0583667755126953,2,False
255,coarse,1,0.4,34,18,27.822391510009766,,,True
255,coarse,2,0.3,64,8,31.238189697265625,,,True
255,detail,1,1.0,65,25,34.07612991333008,1.5420277118682861,4,False
255,detail,1,0.9,66,29,31.381925582885742,1.7997949123382568,3,False
255,detail,1,0.8,69,38,29.1109676361084,2.214573860168457,3,False
255,detail,1,0.7,69,45,28.99896240234375,2.3412718772888184,2,False
255,detail,1,0.6,71,53,28.589542388916016,2.709174871444702,2,True
255,detail,2,0.9,118,18,37.014095306396484,1.37736177444458,3,False
255,detail,2,0.8,118,24,37.02592849731445,1.517094373703003,3,False
255,detail,2,0.7,119,32,37.35344696044922,1.6653382778167725,2,False
255,detail,2,0.6,127,46,37.33409881591797,1.05739164352417,2,False
256,coarse,1,0.4,34,18,27.778779983520508,,,True
256,coarse,2,0.3,64,8,31.254188537597656,,,True
256,detail,1,1.0,65,25,33.935176849365234,1.5186195373535156,4,False
256,detail,1,0.9,66,29,31.24416732788086,1.7849767208099365,3,False
256,detail,1,0.8,69,38,29.19380760192871,2.209475517272949,3,False
256,detail,1,0.7,69,45,28.903270721435547,2.3514046669006348,2,False
256,detail,1,0.6,71,53,28.62429428100586,2.713639974594116,2,True
256,detail,2,0.9,118,18,37.047245025634766,1.3781147003173828,3,False
256,detail,2,0.8,118,24,37.04124069213867,1.5211169719696045,3,False
256,detail,2,0.7,119,32,37.39483642578125,1.668980360031128,2,False
256,detail,2,0.6,127,46,37.3972053527832,1.052032470703125,2,False
257,coarse,1,0.4,34,18,27.787504196166992,,,True
257,coarse,2,0.3,64,8,31.15231704711914,,,True
257,detail,1,1.0,65,25,33.967281341552734,1.499790906906128,4,False
257,detail,1,0.9,66,29,31.16534423828125,1.7777113914489746,3,False
257,detail,1,0.8,69,38,29.392498016357422,2.2102999687194824,3,False
257,detail,1,0.7,69,45,29.00802993774414,2.3516287803649902,2,False
257,detail,1,0.6,71,53,28.733793258666992,2.7159180641174316,2,True
257,detail,2,0.9,118,18,37.06529235839844,1.3174359798431396,3,False
257,detail,2,0.8,118,24,36.93153762817383,1.455500602722168,3,False
257,detail,2,0.7,119,32,37.230350494384766,1.6265842914581299,2,False
257,detail,2,0.6,125,42,38.2296028137207,1.0965867042541504,2,False
258,coarse,1,0.4,34,18,28.049617767333984,,,True
258,coarse,2,0.3,64,8,31.592002868652344,,,True
258,detail,1,1.0,65,25,34.192867279052734,1.4697377681732178,4,False
258,detail,1,0.9,66,29,31.501001358032227,1.7417292594909668,3,False
258,detail,1,0.8,69,38,29.709735870361328,2.212594509124756,3,False
258,detail,1,0.7,69,45,29.260522842407227,2.3697268962860107,2,False
258,detail,1,0.6,71,53,29.180931091308594,2.664293050765991,2,True
258,detail,2,0.9,118,18,37.600128173828125,1.3291566371917725,3,False
258,detail,2,0.8,118,24,37.37594985961914,1.462799072265625,3,False
258,detail,2,0.7,119,32,37.66604232788086,1.608649730682373,2,False
258,detail,2,0.6,125,42,38.8522834777832,1.088219165802002,2,False
259,coarse,1,0.4,34,18,27.98476791381836,,,True
259,coarse,2,0.3,64,8,31.482988357543945,,,True
259,detail,1,1.0,65,25,34.20966339111328,1.4604277610778809,4,False
259,detail,1,0.9,66,29,31.381853103637695,1.7206792831420898,3,False
259,detail,1,0.8,69,38,29.932029724121094,2.154933452606201,3,False
259,detail,1,0.7,69,45,29.127012252807617,2.3387246131896973,2,True
259,detail,1,0.6,71,53,29.3515625,2.6477246284484863,2,False
259,detail,2,1.0,115,12,40.15827560424805,1.3205392360687256,4,False
259,detail,2,0.9,118,18,37.42820739746094,1.3583691120147705,3,False
259,detail,2,0.8,118,24,37.045169830322266,1.4793391227722168,3,False
259,detail,2,0.7,119,32,37.305091857910156,1.5937583446502686,2,False
259,detail,2,0.6,125,40,36.55002975463867,1.0775279998779297,2,False
260,coarse,1,0.4,34,18,27.51523208618164,,,True
260,coarse,2,0.3,64,8,30.82195472717285,,,True
260,detail,1,1.0,65,25,33.721214294433594,1.5094094276428223,4,False
260,detail,1,0.9,66,29,30.961071014404297,1.7581188678741455,3,False
260,detail,1,0.8,69,38,29.86762237548828,2.186436176300049,3,False
260,detail,1,0.7,69,45,29.06293487548828,2.3678879737854004,2,True
260,detail,1,0.6,71,53,29.431055068969727,2.6839962005615234,2,False
260,detail,2,1.0,115,12,39.827449798583984,1.350628137588501,4,False
260,detail,2,0.9,118,18,37.17523193359375,1.3815538883209229,3,False
260,detail,2,0.8,118,24,36.68673324584961,1.522303819656372,3,False
260,detail,2,0.7,119,32,36.93110656738281,1.6585979461669922,2,False
260,detail,2,0.6,125,40,36.376182556152344,1.220898151397705,2,False
261,coarse,1,0.4,34,18,27.509246826171875,,,True
261,coarse,2,0.3,64,8,30.647504806518555,,,True
261,detail,1,1.0,65,25,33.66850280761719,1.456855058670044,4,False
261,detail,1,0.9,66,29,30.84141731262207,1.706660270690918,3,False
261,detail,1,0.8,69,38,29.964725494384766,2.148052453994751,3,False
261,detail,1,0.7,69,45,29.0225772857666,2.3299293518066406,2,True
261,detail,1,0.6,69,39,29.401626586914062,2.3554847240448,2,False
261,detail,2,1.0,115,12,39.67039489746094,1.348116159439087,4,False
261,detail,2,0.9,118,18,37.094688415527344,1.3859665393829346,3,False
261,detail,2,0.8,118,24,36.5327262878418,1.5321612358093262,3,False
261,detail,2,0.7,119,32,36.761383056640625,1.6661972999572754,2,False
261,detail,2,0.6,125,40,36.1340217590332,1.2346487045288086,2,False
262,coarse,1,0.4,34,18,27.4097843170166,,,True
262,coarse,2,0.3,64,8,30.60905647277832,,,True
262,detail,1,1.0,65,25,33.518157958984375,1.4949135780334473,4,False
262,detail,1,0.9,66,29,30.669540405273438,1.756608009338379,3,False
262,detail,1,0.8,69,38,29.816577911376953,2.164921283721924,3,False
262,detail,1,0.7,69,45,28.779111862182617,2.3578810691833496,2,True
262,detail,1,0.6,71,53,29.303701400756836,2.591477155685425,2,False
262,detail,2,1.0,115,12,39.50022888183594,1.3603835105895996,4,False
262,detail,2,0.9,118,18,37.0129280090332,1.3931081295013428,3,False
262,detail,2,0.8,118,24,36.38320541381836,1.5416944026947021,3,False
262,detail,2,0.7,119,32,36.570640563964844,1.6737539768218994,2,False
262,detail,2,0.6,125,40,35.97056579589844,1.253117322921753,2,False
263,coarse,1,0.4,34,18,27.713134765625,,,True
263,coarse,2,0.3,64,8,30.80194091796875,,,True
263,detail,1,1.0,65,25,33.589012145996094,1.501929521560669,4,False
263,detail,1,0.9,66,29,30.898862838745117,1.7564997673034668,3,False
263,detail,1,0.8,69,38,30.215068817138672,2.1690735816955566,3,False
263,detail,1,0.7,69,45,29.146564483642578,2.3779687881469727,2,True
263,detail,1,0.6,71,53,29.759336471557617,2.579972267150879,2,False
263,detail,2,1.0,115,12,39.69545364379883,1.3586750030517578,4,False
263,detail,2,0.9,118,18,37.28289794921875,1.3869590759277344,3,False
263,detail,2,0.8,118,24,36.65361022949219,1.5414068698883057,3,False
263,detail,2,0.7,123,32,36.87959671020508,1.1325571537017822,2,False
263,detail,2,0.6,125,40,36.09719467163086,1.2553060054779053,2,False
264,coarse,1,0.4,34,18,27.65125274658203,,,True
264,coarse,2,0.3,64,8,30.759294509887695,,,True
264,detail,1,1.0,65,25,33.563968658447266,1.5094521045684814,4,False
264,detail,1,0.9,66,29,30.869108200073242,1.7627205848693848,3,False
264,detail,1,0.8,69,38,30.18400764465332,2.1761035919189453,3,False
264,detail,1,0.7,69,45,29.101909637451172,2.386801242828369,2,True
264,detail,1,0.6,71,53,29.763029098510742,2.587437152862549,2,False
264,detail,2,1.0,115,12,39.56346130371094,1.3765029907226562,4,False
264,detail,2,0.9,118,18,37.18793487548828,1.4129753112792969,3,False
264,detail,2,0.8,118,24,36.51369857788086,1.56734037399292,3,False
264,detail,2,0.7,119,32,36.76680374145508,1.7010877132415771,2,False
264,detail,2,0.6,125,40,35.89553451538086,1.2466034889221191,2,False
265,coarse,1,0.4,34,18,27.059547424316406,,,True
265,coarse,2,0.3,64,8,30.474035263061523,,,True
265,detail,1,1.0,65,25,32.9990119934082,1.238044023513794,4,False
265,detail,1,0.9,66,29,30.270736694335938,1.447716474533081,3,False
265,detail,1,0.8,69,38,30.01763153076172,1.7683401107788086,3,False
265,detail,1,0.7,69,45,28.736745834350586,2.0838935375213623,2,True
265,detail,1,0.6,69,39,29.342710494995117,2.2201879024505615,2,False
265,detail,2,0.9,115,21,40.19234085083008,1.3211541175842285,3,False
265,detail,2,0.8,118,27,37.94762420654297,1.315812110900879,3,False
265,detail,2,0.7,119,32,36.50373840332031,1.290085792541504,2,False
265,detail,2,0.6,119,40,38.43729019165039,1.5578317642211914,2,False
266,coarse,1,0.4,34,18,27.12543487548828,,,True
266,coarse,2,0.3,64,8,30.474035263061523,,,True
266,detail,1,1.0,65,25,33.042449951171875,1.253589153289795,4,False
266,detail,1,0.9,66,29,30.315040588378906,1.4711248874664307,3,False
266,detail,1,0.8,69,38,30.08559226989746,1.7870850563049316,3,False
266,detail,1,0.7,69,45,28.792724609375,2.1039505004882812,2,True
266,detail,1,0.6,69,39,29.34577178955078,2.2280561923980713,2,False
266,detail,2,0.9,115,21,40.20448303222656,1.3217740058898926,3,False
266,detail,2,0.8,118,27,37.943180084228516,1.3163623809814453,3,False
266,detail,2,0.7,119,32,36.5013427734375,1.2904915809631348,2,False
266,detail,2,0.6,119,40,38.43439483642578,1.5582761764526367,2,False
267,coarse,1,0.4,34,18,27.132888793945312,,,True
267,coarse,2,0.3,64,8,30.421146392822266,,,True
267,detail,1,1.0,65,25,33.042049407958984,1.253464698791504,4,False
267,detail,1,0.9,66,29,30.291471481323242,1.47066330909729,3,False
267,detail,1,0.8,69,38,30.082395553588867,1.7871274948120117,3,False
267,detail,1,0.7,69,45,28.805871963500977,2.0976343154907227,2,True
267,detail,1,0.6,69,39,29.342628479003906,2.229060411453247,2,False
267,detail,2,0.9,115,21,40.20771408081055,1.3189468383789062,3,False
267,detail,2,0.8,118,27,37.94198226928711,1.3172001838684082,3,False
267,detail,2,0.7,119,32,36.49874496459961,1.2914409637451172,2,False
267,detail,2,0.6,119,40,38.43185806274414,1.559351921081543,2,False
268,coarse,1,0.4,34,18,27.262060165405273,,,True
268,coarse,2,0.3,64,8,30.2552490234375,,,True
268,detail,1,1.0,65,25,33.1547966003418,1.2262985706329346,4,False
268,detail,1,0.9,66,29,30.467552185058594,1.4620451927185059,3,False
268,detail,1,0.8,69,38,30.0739688873291,1.7827703952789307,3,False
268,detail,1,0.7,69,45,29.00760841369629,2.1044273376464844,2,True
268,detail,1,0.6,69,39,29.546070098876953,2.1948564052581787,2,False
268,detail,2,0.9,115,21,40.063865661621094,1.2933590412139893,3,False
268,detail,2,0.8,118,27,37.89668655395508,1.2956616878509521,3,False
268,detail,2,0.7,119,32,36.46635818481445,1.2827262878417969,2,False
268,detail,2,0.6,119,40,38.35227584838867,1.561812400817871,2,False
269,coarse,1,0.4,34,18,27.335189819335938,,,True
269,coarse,2,0.3,64,8,30.658859252929688,,,True
269,detail,1,1.0,65,25,33.2366828918457,1.2080590724945068,4,False
269,detail,1,0.9,66,29,30.516752243041992,1.4432706832885742,3,False
269,detail,1,0.8,69,38,30.045591354370117,1.762817144393921,3,False
269,detail,1,0.7,69,45,29.00974464416504,2.0809030532836914,2,True
269,detail,1,0.6,71,53,29.593538284301758,2.2977564334869385,2,False
269,detail,2,0.9,115,21,40.244964599609375,1.2845401763916016,3,False
269,detail,2,0.8,118,27,38.015380859375,1.2719557285308838,3,False
269,detail,2,0.7,119,32,36.599971771240234,1.2644867897033691,2,False
269,detail,2,0.6,119,40,38.355159759521484,1.5452470779418945,2,False
270,coarse,1,0.4,34,18,28.377222061157227,,,True
270,coarse,2,0.3,64,8,31.963924407958984,,,True
270,detail,1,1.0,65,25,34.36148452758789,1.2225096225738525,4,False
270,detail,1,0.9,66,29,31.573293685913086,1.4591219425201416,3,False
270,detail,1,0.8,69,38,30.89961814880371,1.7851030826568604,3,False
270,detail,1,0.7,69,45,29.792434692382812,2.088833808898926,2,True
270,detail,1,0.6,69,39,30.377941131591797,2.1080610752105713,2,False
270,detail,2,0.9,115,21,41.47892379760742,1.2829406261444092,3,False
270,detail,2,0.8,118,24,37.621551513671875,1.199286699295044,3,False
270,detail,2,0.7,119,32,37.949188232421875,1.3396573066711426,2,False
270,detail,2,0.6,119,40,39.54540252685547,1.643991470336914,2,False
271,coarse,1,0.4,34,18,28.385038375854492,,,True
271,coarse,2,0.3,64,8,32.20539474487305,,,True
271,detail,1,1.0,65,25,34.36040115356445,1.2724874019622803,4,False
271,detail,1,0.9,66,29,31.502216339111328,1.5027949810028076,3,False
271,detail,1,0.8,69,38,30.830257415771484,1.8464620113372803,3,False
271,detail,1,0.7,69,45,29.67215919494629,2.1394379138946533,2,True
271,detail,1,0.6,71,53,30.246007919311523,2.3963191509246826,2,False
271,detail,2,0.9,115,18,39.73318862915039,1.2846589088439941,3,False
271,detail,2,0.8,118,24,37.87997055053711,1.3178095817565918,3,False
271,detail,2,0.7,119,32,38.18861770629883,1.4157698154449463,2,False
271,detail,2,0.6,125,46,39.54704666137695,1.440429449081421,2,False
272,coarse,1,0.4,34,18,28.102846145629883,,,True
272,coarse,2,0.3,64,8,32.080562591552734,,,True
272,detail,1,1.0,65,25,33.94902038574219,1.2096102237701416,4,False
272,detail,1,0.9,66,29,31.148466110229492,1.4539246559143066,3,False
272,detail,1,0.8,69,38,30.45090675354004,1.8051912784576416,3,False
272,detail,1,0.7,69,45,29.419822692871094,2.115464925765991,2,True
272,detail,1,0.6,71,53,29.84581184387207,2.367610216140747,2,False
272,detail,2,0.9,115,18,39.40132522583008,1.3609461784362793,3,False
272,detail,2,0.8,118,24,37.60728073120117,1.4158964157104492,3,False
272,detail,2,0.7,119,32,37.896480560302734,1.535977840423584,2,False
272,detail,2,0.6,119,40,38.96773910522461,1.8099143505096436,2,False
273,coarse,1,0.4,34,18,28.060565948486328,,,True
273,coarse,2,0.3,64,8,32.09601974487305,,,True
273,detail,1,1.0,65,25,33.98455047607422,1.2477705478668213,4,False
273,detail,1,0.9,66,29,31.176244735717773,1.4449756145477295,3,False
273,detail,1,0.8,69,38,30.390113830566406,1.8027267456054688,3,False
273,detail,1,0.7,69,45,29.34622573852539,2.087855815887451,2,True
273,detail,1,0.6,71,53,29.702890396118164,2.3476765155792236,2,False
273,detail,2,0.9,115,18,39.44377899169922,1.3429465293884277,3,False
273,detail,2,0.8,118,24,37.62218475341797,1.391831398010254,3,False
273,detail,2,0.7,119,32,37.99453353881836,1.5104866027832031,2,False
273,detail,2,0.6,119,40,39.11005401611328,1.783661127090454,2,False
274,coarse,1,0.4,34,18,28.10430335998535,,,True
274,coarse,2,0.3,64,8,31.654430389404297,,,True
274,detail,1,1.0,65,25,33.97906494140625,1.2698018550872803,4,False
274,detail,1,0.9,66,29,31.22091293334961,1.4591593742370605,3,False
274,detail,1,0.8,69,38,30.365957260131836,1.7969293594360352,3,False
274,detail,1,0.7,69,45,29.336776733398438,2.073380470275879,2,True
274,detail,1,0.6,71,53,29.62666893005371,2.343261480331421,2,False
274,detail,2,0.9,115,18,39.371177673339844,1.3571956157684326,3,False
274,detail,2,0.8,118,24,37.51264190673828,1.382798433303833,3,False
274,detail,2,0.7,119,32,37.93776321411133,1.5125765800476074,2,False
274,detail,2,0.6,119,40,39.0947151184082,1.8024072647094727,2,False
275,coarse,1,0.4,34,18,28.187191009521484,,,True
275,coarse,2,0.3,64,8,31.703535079956055,,,True
275,detail,1,1.0,65,25,34.10319519042969,1.2699334621429443,4,False
275,detail,1,0.9,66,29,31.339275360107422,1.459676742553711,3,False
275,detail,1,0.8,69,38,30.467988967895508,1.7945194244384766,3,False
275,detail,1,0.7,69,45,29.41071891784668,2.0677032470703125,2,True
275,detail,1,0.6,71,53,29.636545181274414,2.3375203609466553,2,False
275,detail,2,0.9,115,18,39.44257736206055,1.3854219913482666,3,False
275,detail,2,0.8,118,24,37.566139221191406,1.4084515571594238,3,False
275,detail,2,0.7,119,32,38.007484436035156,1.5473625659942627,2,False
275,detail,2,0.6,123,40,38.9581413269043,1.0504374504089355,2,False
276,coarse,1,0.4,34,18,28.398624420166016,,,True
276,coarse,2,0.3,64,8,31.700592041015625,,,True
276,detail,1,1.0,65,25,34.418460845947266,1.3077151775360107,4,False
276,detail,1,0.9,66,29,31.637624740600586,1.491919755935669,3,False
276,detail,1,0.8,69,38,30.689697265625,1.8225629329681396,3,False
276,detail,1,0.7,69,45,29.706872940063477,2.075087785720825,2,True
276,detail,1,0.6,71,53,29.971012115478516,2.3428385257720947,2,False
276,detail,2,0.9,115,18,39.776039123535156,1.3875110149383545,3,False
276,detail,2,0.8,118,24,37.8071403503418,1.4178369045257568,3,False
276,detail,2,0.7,119,32,38.249671936035156,1.5399980545043945,2,False
276,detail,2,0.6,123,40,39.31049346923828,1.1689703464508057,2,False
277,coarse,1,0.4,34,18,28.822471618652344,,,True
277,coarse,2,0.3,64,8,32.057334899902344,,,True
277,detail,1,1.0,65,25,34.82878875732422,1.3876397609710693,4,False
277,detail,1,0.9,66,29,32.011844635009766,1.6085214614868164,3,False
277,detail,1,0.8,69,38,31.11571502685547,2.0382940769195557,3,False
277,detail,1,0.7,69,45,30.296005249023438,2.3002841472625732,2,True
277,detail,1,0.6,71,53,30.633575439453125,2.5017313957214355,2,False
277,detail,2,1.0,115,8,40.07156753540039,1.4373736381530762,4,False
277,detail,2,0.9,118,18,38.34886169433594,1.5897979736328125,3,False
277,detail,2,0.8,118,24,38.02801513671875,1.732391119003296,3,False
277,detail,2,0.7,119,32,38.44338607788086,1.7983767986297607,2,False
277,detail,2,0.6,125,42,39.01056671142578,1.0645508766174316,2,False
278,coarse,1,0.4,34,18,28.671457290649414,,,True
278,coarse,2,0.3,64,8,32.057334899902344,,,True
278,detail,1,1.0,65,25,34.685386657714844,1.3318092823028564,4,False
278,detail,1,0.9,66,29,31.859745025634766,1.5405998229980469,3,False
278,detail,1,0.8,69,38,30.98072052001953,1.956331491470337,3,False
278,detail,1,0.7,69,45,30.22688102722168,2.243232011795044,2,True
278,detail,1,0.6,71,53,30.542566299438477,2.445998430252075,2,False
278,detail,2,1.0,115,8,39.84273147583008,1.350548267364502,4,False
278,detail,2,0.9,118,18,38.247467041015625,1.5013012886047363,3,False
278,detail,2,0.8,118,24,37.855106353759766,1.6470444202423096,3,False
278,detail,2,0.7,119,32,38.29373550415039,1.7076172828674316,2,False
278,detail,2,0.6,125,42,38.979576110839844,1.0780186653137207,2,False
279,coarse,1,0.4,34,18,28.49034881591797,,,True
279,coarse,2,0.3,64,8,31.684141159057617,,,True
279,detail,1,1.0,65,25,34.47897720336914,1.425053596496582,4,False
279,detail,1,0.9,66,29,31.65408706665039,1.6542108058929443,3,False
279,detail,1,0.8,69,38,30.870771408081055,2.0724215507507324,3,False
279,detail,1,0.7,69,45,30.021400451660156,2.3257365226745605,2,True
279,detail,1,0.6,71,53,30.386119842529297,2.521695375442505,2,False
279,detail,2,1.0,115,8,39.62795639038086,1.3915176391601562,4,False
279,detail,2,0.9,118,18,37.99629592895508,1.5471515655517578,3,False
279,detail,2,0.8,118,24,37.58008575439453,1.698986291885376,3,False
279,detail,2,0.7,119,32,38.01791763305664,1.7684667110443115,2,False
279,detail,2,0.6,125,42,38.7386589050293,1.0509247779846191,2,False
280,coarse,1,0.4,34,18,28.419240951538086,,,True
280,coarse,2,0.3,64,8,31.612436294555664,,,True
280,detail,1,1.0,65,25,34.407745361328125,1.335336685180664,4,False
280,detail,1,0.9,66,29,31.576416015625,1.5540003776550293,3,False
280,detail,1,0.8,69,38,30.77214813232422,1.9580421447753906,3,False
280,detail,1,0.7,69,45,29.978151321411133,2.2610814571380615,2,True
280,detail,1,0.6,71,53,30.35133171081543,2.4420578479766846,2,False
280,detail,2,1.0,115,8,39.516292572021484,1.4080424308776855,4,False
280,detail,2,0.9,118,18,37.8895149230957,1.5651025772094727,3,False
280,detail,2,0.8,118,24,37.46458053588867,1.7159693241119385,3,False
280,detail,2,0.7,119,32,37.854095458984375,1.7844245433807373,2,False
280,detail,2,0.6,125,42,38.49586868286133,1.0695576667785645,2,False
281,coarse,1,0.4,34,18,28.188018798828125,,,True
281,coarse,2,0.3,64,8,31.414871215820312,,,True
281,detail,1,1.0,65,25,34.18125534057617,1.326453685760498,4,False
281,detail,1,0.9,66,29,31.313739776611328,1.5262913703918457,3,False
281,detail,1,0.8,69,38,30.56670379638672,1.9466533660888672,3,False
281,detail,1,0.7,69,45,29.84383201599121,2.235543966293335,2,True
281,detail,1,0.6,71,53,30.196514129638672,2.4096968173980713,2,False
281,detail,2,1.0,115,8,39.358577728271484,1.4295709133148193,4,False
281,detail,2,0.9,118,18,37.776912689208984,1.5842866897583008,3,False
281,detail,2,0.8,118,24,37.358577728271484,1.7379086017608643,3,False
281,detail,2,0.7,119,32,37.780696868896484,1.8130605220794678,2,False
281,detail,2,0.6,125,42,38.39215850830078,1.1113457679748535,2,False
282,coarse,1,0.4,34,18,27.972763061523438,,,True
282,coarse,2,0.3,64,8,31.166837692260742,,,True
282,detail,1,1.0,65,25,33.9657096862793,1.313159704208374,4,False
282,detail,1,0.9,66,29,31.13151741027832,1.5337603092193604,3,False
282,detail,1,0.8,69,38,30.37404441833496,1.9590210914611816,3,False
282,detail,1,0.7,69,45,29.64578628540039,2.250271797180176,2,True
282,detail,1,0.6,71,53,30.012834548950195,2.4317209720611572,2,False
282,detail,2,1.0,115,8,39.098453521728516,1.4137344360351562,4,False
282,detail,2,0.9,118,18,37.52679443359375,1.5621519088745117,3,False
282,detail,2,0.8,118,24,37.10247802734375,1.7108583450317383,3,False
282,detail,2,0.7,119,32,37.522979736328125,1.7794315814971924,2,False
282,detail,2,0.6,125,42,38.34735107421875,1.0938854217529297,2,False
283,coarse,1,0.4,34,18,27.791648864746094,,,True
283,coarse,2,0.3,64,8,30.802703857421875,,,True
283,detail,1,1.0,65,25,33.61477279663086,1.3210270404815674,4,False
283,detail,1,0.9,66,29,30.850805282592773,1.5408670902252197,3,False
283,detail,1,0.8,69,38,30.267826080322266,1.9741225242614746,3,False
283,detail,1,0.7,69,45,29.4146785736084,2.2698564529418945,2,True
283,detail,1,0.6,71,53,29.862035751342773,2.447744131088257,2,False
283,detail,2,1.0,115,8,38.747432708740234,1.4158692359924316,4,False
283,detail,2,0.9,118,18,37.16141128540039,1.5653843879699707,3,False
283,detail,2,0.8,118,24,36.76491928100586,1.713925838470459,3,False
283,detail,2,0.7,119,32,37.18916320800781,1.7810919284820557,2,False
283,detail,2,0.6,125,42,37.97279739379883,1.102858543395996,2,False
284,coarse,1,0.4,34,18,27.701452255249023,,,True
284,coarse,2,0.3,64,8,30.758230209350586,,,True
284,detail,1,1.0,65,25,33.64125061035156,1.330688238143921,4,False
284,detail,1,0.9,66,29,30.82861328125,1.548496961593628,3,False
284,detail,1,0.8,69,38,30.22454071044922,1.9894380569458008,3,False
284,detail,1,0.7,69,45,29.424373626708984,2.2803707122802734,2,True
284,detail,1,0.6,71,53,29.866548538208008,2.454618215560913,2,False
284,detail,2,1.0,115,8,38.63656234741211,1.4200987815856934,4,False
284,detail,2,0.9,118,18,37.04030227661133,1.5687804222106934,3,False
284,detail,2,0.8,118,24,36.59341049194336,1.7172842025756836,3,False
284,detail,2,0.7,119,32,36.98287582397461,1.7843101024627686,2,False
284,detail,2,0.6,125,42,37.853939056396484,1.1041455268859863,2,False
285,coarse,1,0.4,34,18,27.538524627685547,,,True
285,coarse,2,0.3,64,8,30.676223754882812,,,True
285,coarse,3,0.4,14,0,33.682762145996094,,,True
285,detail,1,1.0,65,25,33.50555419921875,1.3947923183441162,4,False
285,detail,1,0.9,66,29,30.651302337646484,1.6034255027770996,3,False
285,detail,1,0.8,69,38,30.187227249145508,2.0278396606445312,3,False
285,detail,1,0.7,69,45,29.232364654541016,2.3087737560272217,2,True
285,detail,1,0.6,69,39,29.627479553222656,2.370797634124756,2,False
285,detail,2,1.0,115,8,38.364540100097656,1.423520565032959,4,False
285,detail,2,0.9,118,18,36.92082595825195,1.574988603591919,3,False
285,detail,2,0.8,118,24,36.339229583740234,1.7159085273742676,3,False
285,detail,2,0.7,119,32,36.669124603271484,1.783020257949829,2,False
285,detail,2,0.6,125,42,37.89813995361328,1.136899709701538,2,False
285,detail,3,1.0,29,12,38.10181427001953,1.8232777118682861,4,False
285,detail,3,0.9,26,3,35.987152099609375,1.6539618968963623,3,False
285,detail,3,0.8,26,9,35.56977844238281,1.677860975265503,3,False
285,detail,3,0.7,27,18,35.27617645263672,1.5585272312164307,2,False
285,detail,3,0.6,29,26,33.87348175048828,1.881493330001831,2,False
286,coarse,1,0.4,34,18,27.069631576538086,,,True
286,coarse,2,0.3,64,8,30.274688720703125,,,True
286,detail,1,1.0,65,25,32.969093322753906,1.470001220703125,4,False
286,detail,1,0.9,66,29,30.227386474609375,1.706296443939209,3,False
286,detail,1,0.8,69,38,29.961023330688477,2.1406729221343994,3,False
286,detail,1,0.7,69,45,28.825048446655273,2.4400501251220703,2,True
286,detail,1,0.6,69,39,29.389829635620117,2.458784818649292,2,False
286,detail,2,1.0,115,8,38.1274299621582,1.4645051956176758,4,False
286,detail,2,0.9,118,18,36.66684341430664,1.6055481433868408,3,False
286,detail,2,0.8,118,24,36.13124465942383,1.7570080757141113,3,False
286,detail,2,0.7,119,32,36.41950225830078,1.8183281421661377,2,False
286,detail,2,0.6,125,40,35.73262023925781,1.1166865825653076,2,False
287,coarse,1,0.4,34,18,26.49905776977539,,,True
287,coarse,2,0.3,64,8,29.789094924926758,,,True
287,detail,1,1.0,65,25,32.68480682373047,1.5606720447540283,4,False
287,detail,1,0.9,66,29,30.000051498413086,1.7770390510559082,3,False
287,detail,1,0.8,69,38,29.6236629486084,2.189762830734253,3,False
287,detail,1,0.7,69,45,28.304471969604492,2.476801872253418,2,True
287,detail,1,0.6,71,53,29.006616592407227,2.6529297828674316,2,False
287,detail,2,1.0,115,8,38.00897979736328,1.5209338665008545,4,False
287,detail,2,0.9,118,18,36.621646881103516,1.6546995639801025,3,False
287,detail,2,0.8,118,24,36.161197662353516,1.7989718914031982,3,False
287,detail,2,0.7,119,32,36.441551208496094,1.8778076171875,2,False
287,detail,2,0.6,125,40,35.604122161865234,1.1900455951690674,2,False
288,coarse,1,0.4,34,18,26.48579216003418,,,True
288,coarse,2,0.3,64,8,29.99407386779785,,,True
288,coarse,3,0.4,14,0,33.38573455810547,,,True
288,detail,1,1.0,65,25,32.85406494140625,1.5303397178649902,4,False
288,detail,1,0.9,66,29,30.089893341064453,1.7498891353607178,3,False
288,detail,1,0.8,69,38,29.781593322753906,2.169358491897583,3,False
288,detail,1,0.7,69,45,28.418725967407227,2.4694101810455322,2,True
288,detail,1,0.6,71,51,29.008058547973633,2.682413101196289,2,False
288,detail,2,1.0,115,8,38.33689498901367,1.5329370498657227,4,False
288,detail,2,0.9,118,18,36.92414474487305,1.678434133529663,3,False
288,detail,2,0.8,118,24,36.480430603027344,1.8317923545837402,3,False
288,detail,2,0.7,119,32,36.663211822509766,1.8972241878509521,2,False
288,detail,2,0.6,125,40,35.939842224121094,1.1796810626983643,2,False
288,detail,3,1.0,29,8,37.75598907470703,1.8649325370788574,4,False
288,detail,3,0.9,26,3,35.77288055419922,1.6113340854644775,3,False
288,detail,3,0.8,26,9,35.30683135986328,1.6381900310516357,3,False
288,detail,3,0.7,27,18,34.954105377197266,1.5558750629425049,2,False
288,detail,3,0.6,29,26,33.62109375,1.9613637924194336,2,False
289,coarse,1,0.4,34,18,26.084766387939453,,,True
289,coarse,2,0.3,64,8,30.183746337890625,,,True
289,detail,1,1.0,65,25,32.55841064453125,1.26408052444458,4,False
289,detail,1,0.9,66,29,29.806093215942383,1.3038806915283203,3,False
289,detail,1,0.8,69,38,29.61282730102539,1.5716266632080078,3,False
289,detail,1,0.7,69,45,27.823942184448242,1.8280372619628906,2,True
289,detail,1,0.6,69,51,28.663667678833008,1.8032591342926025,2,False
289,detail,2,0.9,118,18,36.92478561401367,1.3439762592315674,3,False
289,detail,2,0.8,118,24,36.36031723022461,1.5110585689544678,3,False
289,detail,2,0.7,119,32,36.56819152832031,1.6388263702392578,2,False
289,detail,2,0.6,123,40,38.139774322509766,1.0845410823822021,2,False
290,coarse,1,0.4,34,18,26.014036178588867,,,True
290,coarse,2,0.3,64,8,30.033748626708984,,,True
290,detail,1,1.0,65,25,32.48818588256836,1.2638063430786133,4,False
290,detail,1,0.9,66,29,29.712087631225586,1.3049521446228027,3,False
290,detail,1,0.8,69,38,29.53311538696289,1.571882724761963,3,False
290,detail,1,0.7,69,45,27.717077255249023,1.8279705047607422,2,True
290,detail,1,0.6,69,51,28.609041213989258,1.802872896194458,2,False
290,detail,2,0.9,118,18,36.74259567260742,1.3321897983551025,3,False
290,detail,2,0.8,118,24,36.164005279541016,1.4980137348175049,3,False
290,detail,2,0.7,119,32,36.336326599121094,1.6263985633850098,2,False
290,detail,2,0.6,123,40,37.81658935546875,1.0685179233551025,2,False
291,coarse,1,0.4,34,18,25.92603874206543,,,True
291,coarse,2,0.3,64,8,30.013656616210938,,,True
291,detail,1,1.0,65,25,32.229034423828125,1.2579100131988525,4,False
291,detail,1,0.9,66,29,29.462493896484375,1.2873802185058594,3,False
291,detail,1,0.8,69,38,29.472686767578125,1.5188961029052734,3,False
291,detail,1,0.7,69,45,27.65755844116211,1.7893519401550293,2,True
291,detail,1,0.6,69,51,28.601451873779297,1.7804932594299316,2,False
291,detail,2,0.9,115,18,38.042381286621094,1.4512290954589844,3,False
291,detail,2,0.8,118,24,35.949764251708984,1.466839075088501,3,False
291,detail,2,0.7,119,32,36.133201599121094,1.5999910831451416,2,False
291,detail,2,0.6,119,40,38.038963317871094,1.8965132236480713,2,False
292,coarse,1,0.4,34,18,25.681947708129883,,,True
292,coarse,2,0.3,64,8,29.442890167236328,,,True
292,detail,1,1.0,65,25,31.822269439697266,1.2602837085723877,4,False
292,detail,1,0.9,66,29,29.031675338745117,1.298039197921753,3,False
292,detail,1,0.8,69,38,29.091814041137695,1.5667917728424072,3,False
292,detail,1,0.7,69,45,27.28734588623047,1.8227519989013672,2,True
292,detail,1,0.6,69,51,28.288000106811523,1.7848131656646729,2,False
292,detail,2,0.9,118,18,36.15171813964844,1.36039137840271,3,False
292,detail,2,0.8,118,24,35.499855041503906,1.4992046356201172,3,False
292,detail,2,0.7,119,32,35.78620910644531,1.6354858875274658,2,False
292,detail,2,0.6,123,40,37.20185852050781,1.0653507709503174,2,False
293,coarse,1,0.4,34,18,25.774635314941406,,,True
293,coarse,2,0.3,64,8,29.471309661865234,,,True
293,detail,1,1.0,65,25,31.797195434570312,1.2456202507019043,4,False
293,detail,1,0.9,66,29,28.99321937561035,1.2748260498046875,3,False
293,detail,1,0.8,69,38,29.174468994140625,1.5297961235046387,3,False
293,detail,1,0.7,69,45,27.355979919433594,1.8092172145843506,2,True
293,detail,1,0.6,69,43,28.194313049316406,1.8583977222442627,2,False
293,detail,2,0.9,115,18,37.48234176635742,1.4155499935150146,3,False
293,detail,2,0.8,118,24,35.318824768066406,1.40277099609375,3,False
293,detail,2,0.7,119,32,35.72637939453125,1.5295796394348145,2,False
293,detail,2,0.6,121,40,37.66619873046875,1.2644667625427246,2,False
294,coarse,1,0.3,34,22,26.48988914489746,,,True
294,coarse,2,0.3,64,8,30.055931091308594,,,True
294,detail,1,1.0,67,25,33.613197326660156,1.1860804557800293,4,False
294,detail,1,0.9,67,29,29.773990631103516,1.1765825748443604,3,False
294,detail,1,0.8,67,38,28.171886444091797,1.3961389064788818,3,False
294,detail,1,0.7,69,45,27.952726364135742,1.752936601638794,2,True
294,detail,1,0.6,69,45,28.865070343017578,1.9350800514221191,2,False
294,detail,2,0.9,115,18,37.58118438720703,1.4253334999084473,3,False
294,detail,2,0.8,118,24,35.605552673339844,1.4241364002227783,3,False
294,detail,2,0.7,119,32,36.034141540527344,1.5609445571899414,2,False
294,detail,2,0.6,119,40,37.837581634521484,1.8557519912719727,2,False
295,coarse,1,0.3,34,22,26.953699111938477,,,True
295,coarse,2,0.3,64,8,30.778779983520508,,,True
295,detail,1,1.0,67,25,33.8968620300293,1.1077826023101807,4,False
295,detail,1,0.9,67,29,30.018766403198242,1.2302320003509521,3,False
295,detail,1,0.8,67,38,28.477373123168945,1.4380359649658203,3,False
295,detail,1,0.7,69,45,28.27783203125,1.7773489952087402,2,True
295,detail,1,0.6,69,45,29.234411239624023,1.9329023361206055,2,False
295,detail,2,0.9,118,18,36.762996673583984,1.295442819595337,3,False
295,detail,2,0.8,118,24,36.18534469604492,1.4321773052215576,3,False
295,detail,2,0.7,119,32,36.5701789855957,1.5817954540252686,2,False
295,detail,2,0.6,119,40,38.127811431884766,1.8775830268859863,2,False
296,coarse,1,0.4,34,18,27.878738403320312,,,True
296,coarse,2,0.4,66,12,33.6363525390625,,,True
296,detail,1,1.0,65,25,34.07044982910156,1.1507880687713623,4,False
296,detail,1,0.9,66,29,31.232770919799805,1.3211047649383545,3,False
296,detail,1,0.8,69,38,30.335037231445312,1.5981342792510986,3,False
296,detail,1,0.7,69,45,29.104522705078125,1.8039700984954834,2,True
296,detail,1,0.6,71,53,29.629518508911133,1.9348392486572266,2,False
296,detail,2,0.8,120,28,40.565826416015625,1.1829750537872314,3,False
296,detail,2,0.7,120,33,38.49177551269531,1.4237239360809326,2,False
296,detail,2,0.6,120,39,39.78834533691406,1.7352328300476074,2,False
297,coarse,1,0.4,34,18,28.289403915405273,,,True
297,coarse,2,0.3,64,8,32.273902893066406,,,True
297,detail,1,1.0,65,25,34.58774948120117,1.1048064231872559,4,False
297,detail,1,0.9,66,29,31.787376403808594,1.279392957687378,3,False
297,detail,1,0.8,69,38,30.339811325073242,1.4991581439971924,3,False
297,detail,1,0.7,69,45,29.305898666381836,1.7172610759735107,2,True
297,detail,1,0.6,71,53,29.648693084716797,1.849897861480713,2,False
297,detail,2,1.0,115,8,40.35989761352539,1.3098928928375244,4,False
297,detail,2,0.9,118,18,38.52981185913086,1.4086403846740723,3,False
297,detail,2,0.8,118,24,38.42784881591797,1.5779802799224854,3,False
297,detail,2,0.7,119,32,38.95417404174805,1.7179830074310303,2,False
297,detail,2,0.6,125,42,39.18114471435547,1.2521781921386719,2,False
298,coarse,1,0.4,34,18,27.691410064697266,,,True
298,coarse,2,0.3,64,8,31.849695205688477,,,True
298,detail,1,1.0,65,25,34.046234130859375,1.1246483325958252,4,False
298,detail,1,0.9,66,29,31.285659790039062,1.3125154972076416,3,False
298,detail,1,0.8,69,38,29.44645118713379,1.5617077350616455,3,False
298,detail,1,0.7,69,45,28.750158309936523,1.7511177062988281,2,True
298,detail,1,0.6,71,53,28.78887176513672,1.9184510707855225,2,False
298,detail,2,1.0,115,12,40.460174560546875,1.3749125003814697,4,False
298,detail,2,0.9,118,18,37.761722564697266,1.3903982639312744,3,False
298,detail,2,0.8,118,24,37.85292053222656,1.5361347198486328,3,False
298,detail,2,0.7,119,32,38.399322509765625,1.6824595928192139,2,False
298,detail,2,0.6,125,42,38.701805114746094,1.1190028190612793,2,False
299,coarse,1,0.4,34,18,27.856386184692383,,,True
299,coarse,2,0.4,66,12,33.29825973510742,,,True
299,detail,1,1.0,65,25,34.132080078125,1.214350700378418,4,False
299,detail,1,0.9,66,29,31.315841674804688,1.4085614681243896,3,False
299,detail,1,0.8,69,38,29.120986938476562,1.7139601707458496,3,False
299,detail,1,0.7,69,45,29.10610580444336,1.9111430644989014,2,False
299,detail,1,0.6,71,53,28.499792098999023,2.132734537124634,2,True
299,detail,2,0.8,120,25,37.67173767089844,1.1970405578613281,3,False
299,detail,2,0.7,120,33,38.004852294921875,1.4827280044555664,2,False
299,detail,2,0.6,124,39,38.63694763183594,1.2518818378448486,2,False
300,coarse,1,0.4,34,18,27.00094985961914,,,True
300,coarse,2,0.4,66,12,32.352195739746094,,,True
300,detail,1,1.0,65,25,33.24249267578125,1.234194278717041,4,False
300,detail,1,0.9,66,29,30.465755462646484,1.4316561222076416,3,False
300,detail,1,0.8,69,38,27.9597110748291,1.733442783355713,3,False
300,detail,1,0.7,69,45,28.28101921081543,1.8789522647857666,2,False
300,detail,1,0.6,71,53,27.724437713623047,2.1071741580963135,2,True
300,detail,2,0.8,120,25,36.99494934082031,1.2122063636779785,3,False
300,detail,2,0.7,120,33,37.153602600097656,1.5188188552856445,2,False
300,detail,2,0.6,124,41,37.99021911621094,1.2625751495361328,2,False
301,coarse,1,0.3,36,20,26.95652961730957,,,True
301,coarse,2,0.3,64,8,30.16026496887207,,,True
301,detail,1,1.0,67,27,32.49200439453125,1.379248857498169,4,False
301,detail,1,0.9,68,30,29.811063766479492,1.4912359714508057,3,False
301,detail,1,0.8,68,39,27.61610221862793,1.8003814220428467,3,False
301,detail,1,0.7,69,45,28.32465171813965,1.9249064922332764,2,False
301,detail,1,0.6,71,53,27.34205436706543,2.25626802444458,2,True
301,detail,2,0.9,115,18,38.608055114746094,1.3332366943359375,3,False
301,detail,2,0.8,118,24,36.813079833984375,1.3267202377319336,3,False
301,detail,2,0.7,119,34,36.66156768798828,1.5031447410583496,2,False
301,detail,2,0.6,125,42,37.30964279174805,1.238145112991333,2,False
302,coarse,1,0.3,36,26,26.953998565673828,,,True
302,coarse,2,0.3,64,8,30.1810359954834,,,True
302,detail,1,1.0,67,25,32.520816802978516,1.3738431930541992,4,False
302,detail,1,0.9,68,29,30.15617561340332,1.4822113513946533,3,False
302,detail,1,0.8,68,38,27.243589401245117,1.7737281322479248,3,True
302,detail,1,0.7,69,45,28.41505241394043,1.9177520275115967,2,False
302,detail,1,0.6,71,53,27.35218048095703,2.2495670318603516,2,False
302,detail,2,0.9,115,18,38.64706802368164,1.3345465660095215,3,False
302,detail,2,0.8,118,24,36.89824676513672,1.3313202857971191,3,False
302,detail,2,0.7,119,34,36.58464050292969,1.5129613876342773,2,False
302,detail,2,0.6,125,42,37.23038101196289,1.2359626293182373,2,False
303,coarse,1,0.3,36,26,26.60317611694336,,,True
303,coarse,2,0.3,64,20,29.7147274017334,,,True
303,detail,1,1.0,67,25,32.130393981933594,1.4013543128967285,4,False
303,detail,1,0.9,68,29,29.786832809448242,1.522245168685913,3,False
303,detail,1,0.8,68,38,26.97311782836914,1.8121638298034668,3,True
303,detail,1,0.7,69,45,28.236351013183594,1.9365558624267578,2,False
303,detail,1,0.6,71,53,27.264205932617188,2.291489362716675,2,False
303,detail,2,0.9,115,18,38.019432067871094,1.3230412006378174,3,False
303,detail,2,0.8,118,24,36.22213363647461,1.316833257675171,3,False
303,detail,2,0.7,119,33,35.79359436035156,1.4923722743988037,2,False
303,detail,2,0.6,123,67,37.33667755126953,1.3738656044006348,2,False
304,coarse,1,0.3,36,26,26.520404815673828,,,True
304,coarse,2,0.3,64,20,29.486095428466797,,,True
304,detail,1,1.0,67,25,32.090755462646484,1.4113578796386719,4,False
304,detail,1,0.9,68,29,29.692413330078125,1.5258653163909912,3,False
304,detail,1,0.8,68,38,27.083711624145508,1.8111639022827148,3,True
304,detail,1,0.7,71,47,28.268001556396484,2.3739240169525146,2,False
304,detail,1,0.6,71,53,27.306819915771484,2.288224935531616,2,False
304,detail,2,0.9,115,18,38.07421875,1.3278110027313232,3,False
304,detail,2,0.8,118,27,36.301395416259766,1.3893299102783203,3,False
304,detail,2,0.7,119,33,35.860572814941406,1.4899961948394775,2,False
304,detail,2,0.6,127,47,36.457645416259766,1.5218119621276855,2,False
305,coarse,1,0.3,36,20,26.08661651611328,,,True
305,coarse,2,0.3,64,10,28.921367645263672,,,True
305,detail,1,1.0,67,27,31.446571350097656,1.4004557132720947,4,False
305,detail,1,0.9,68,30,28.59325408935547,1.5230495929718018,3,False
305,detail,1,0.8,68,39,26.988279342651367,1.8254804611206055,3,True
305,detail,1,0.7,71,47,27.888086318969727,2.3553988933563232,2,False
305,detail,1,0.6,71,53,27.105947494506836,2.2654826641082764,2,False
305,detail,2,0.9,115,18,37.39297103881836,1.304323434829712,3,False
305,detail,2,0.8,118,24,35.74468994140625,1.2959468364715576,3,False
305,detail,2,0.7,119,34,35.24805450439453,1.4648411273956299,2,False
305,detail,2,0.6,125,42,36.0926513671875,1.1366593837738037,2,False
306,coarse,1,0.3,36,20,25.778459548950195,,,True
306,coarse,2,0.3,64,10,28.608734130859375,,,True
306,detail,1,1.0,67,27,31.227046966552734,1.3856048583984375,4,False
306,detail,1,0.9,68,30,28.36246681213379,1.5064034461975098,3,False
306,detail,1,0.8,68,39,26.729808807373047,1.8064844608306885,3,True
306,detail,1,0.7,71,47,27.567312240600586,2.3533620834350586,2,False
306,detail,1,0.6,71,53,26.832502365112305,2.252521514892578,2,False
306,detail,2,0.9,118,21,35.90468215942383,1.3291645050048828,3,False
306,detail,2,0.8,118,27,35.33782958984375,1.4483740329742432,3,False
306,detail,2,0.7,119,34,34.7266960144043,1.5714058876037598,2,False
306,detail,2,0.6,125,42,35.77545166015625,1.1444485187530518,2,False
307,coarse,1,0.3,36,26,25.534526824951172,,,True
307,coarse,2,0.3,64,10,28.368324279785156,,,True
307,detail,1,1.0,67,25,31.025142669677734,1.3779792785644531,4,False
307,detail,1,0.9,68,29,28.41561508178711,1.4922192096710205,3,False
307,detail,1,0.8,68,38,26.278823852539062,1.7704813480377197,3,True
307,detail,1,0.7,71,47,27.383628845214844,2.3428215980529785,2,False
307,detail,1,0.6,71,53,26.54790496826172,2.239683151245117,2,False
307,detail,2,0.9,118,21,35.730648040771484,1.3208861351013184,3,False
307,detail,2,0.8,118,24,35.183441162109375,1.3621814250946045,3,False
307,detail,2,0.7,119,34,34.749813079833984,1.5578947067260742,2,False
307,detail,2,0.6,125,42,35.641754150390625,1.147850751876831,2,False
308,coarse,1,0.3,36,26,25.47124671936035,,,True
308,coarse,2,0.3,66,4,28.41025161743164,,,True
308,detail,1,1.0,67,25,31.091583251953125,1.3619723320007324,4,False
308,detail,1,0.9,68,29,28.49209976196289,1.479151725769043,3,False
308,detail,1,0.8,68,38,26.469667434692383,1.7480137348175049,3,True
308,detail,1,0.7,71,47,27.349849700927734,2.309891939163208,2,False
308,detail,1,0.6,71,53,26.658811569213867,2.2065160274505615,2,False
308,detail,2,0.8,119,27,35.082611083984375,1.3725857734680176,3,False
308,detail,2,0.7,119,34,34.895137786865234,1.6074771881103516,2,False
308,detail,2,0.6,125,42,35.98356628417969,1.305361032485962,2,False
309,coarse,1,0.3,36,26,25.52471351623535,,,True
309,coarse,2,0.3,64,8,28.583532333374023,,,True
309,coarse,3,0.4,14,0,31.28061866760254,,,True
309,detail,1,1.0,67,25,31.104082107543945,1.4397916793823242,4,False
309,detail,1,0.9,68,29,28.4778995513916,1.552150011062622,3,False
309,detail,1,0.8,68,38,26.504270553588867,1.816298484802246,3,True
309,detail,1,0.7,71,45,27.318408966064453,2.3850510120391846,2,False
309,detail,1,0.6,71,53,26.559110641479492,2.2673239707946777,2,False
309,detail,2,1.0,115,12,37.66773986816406,1.5093026161193848,4,False
309,detail,2,0.9,118,18,34.43996047973633,1.3118171691894531,3,False
309,detail,2,0.8,118,24,35.28548049926758,1.4922304153442383,3,False
309,detail,2,0.7,119,34,34.84925079345703,1.716670274734497,2,False
309,detail,2,0.6,125,42,36.0601921081543,1.2376415729522705,2,False
309,detail,3,1.0,29,12,35.82959747314453,1.6606111526489258,4,False
309,detail,3,0.9,26,3,33.25141525268555,1.549055576324463,3,False
309,detail,3,0.8,26,12,34.24876022338867,1.4970266819000244,3,False
309,detail,3,0.7,29,20,33.03648376464844,1.663259506225586,2,False
309,detail,3,0.6,29,26,31.781455993652344,1.5376026630401611,2,False
310,coarse,1,0.3,36,26,25.845304489135742,,,True
310,coarse,2,0.3,64,8,29.306949615478516,,,True
310,coarse,3,0.4,14,4,31.67099380493164,,,True
310,detail,1,1.0,67,25,31.458951950073242,1.4287683963775635,4,False
310,detail,1,0.9,68,29,28.841630935668945,1.5684130191802979,3,False
310,detail,1,0.8,68,38,27.018526077270508,1.8295109272003174,3,False
310,detail,1,0.7,71,45,27.68848991394043,2.401343822479248,2,False
310,detail,1,0.6,71,53,26.91702651977539,2.286133289337158,2,True
310,detail,2,1.0,115,12,38.18035125732422,1.4809370040893555,4,False
310,detail,2,0.9,118,18,34.92053985595703,1.368490219116211,3,False
310,detail,2,0.8,118,24,35.767120361328125,1.5491454601287842,3,False
310,detail,2,0.7,119,34,35.40943908691406,1.7848355770111084,2,False
310,detail,2,0.6,125,40,35.73698806762695,1.2155282497406006,2,False
310,detail,3,1.0,29,12,36.18153762817383,1.7015955448150635,4,False
310,detail,3,0.9,26,3,33.60007095336914,1.6459171772003174,3,False
310,detail,3,0.8,26,12,34.53608322143555,1.4632277488708496,3,False
310,detail,3,0.7,29,20,33.20994186401367,1.6252858638763428,2,False
310,detail,3,0.6,29,26,31.92279815673828,1.5735852718353271,2,False
311,coarse,1,0.3,36,26,26.295032501220703,,,True
311,coarse,2,0.3,64,8,29.514883041381836,,,True
311,coarse,3,0.4,14,4,32.222713470458984,,,True
311,detail,1,1.0,67,25,31.985790252685547,1.4558227062225342,4,False
311,detail,1,0.9,68,29,29.394311904907227,1.5973947048187256,3,False
311,detail,1,0.8,68,38,27.55996322631836,1.8562350273132324,3,False
311,detail,1,0.7,71,45,28.043670654296875,2.417654275894165,2,False
311,detail,1,0.6,71,53,27.342578887939453,2.3083300590515137,2,True
311,detail,2,1.0,115,12,38.700355529785156,1.4824507236480713,4,False
311,detail,2,0.9,118,18,35.41212463378906,1.3681583404541016,3,False
311,detail,2,0.8,118,24,36.26694869995117,1.5480225086212158,3,False
311,detail,2,0.7,119,34,35.920310974121094,1.7819797992706299,2,False
311,detail,2,0.6,125,40,36.014461517333984,1.2196028232574463,2,False
311,detail,3,1.0,29,12,36.674339294433594,1.7079453468322754,4,False
311,detail,3,0.9,26,3,34.185951232910156,1.6477100849151611,3,False
311,detail,3,0.8,26,12,35.133121490478516,1.4605371952056885,3,False
311,detail,3,0.7,29,20,33.738651275634766,1.6540303230285645,2,False
311,detail,3,0.6,29,26,32.545310974121094,1.6160078048706055,2,False
312,coarse,1,0.3,36,26,26.307130813598633,,,True
312,coarse,2,0.3,64,20,29.53232765197754,,,True
312,coarse,3,0.4,14,4,32.251827239990234,,,True
312,detail,1,1.0,67,25,31.949357986450195,1.4570050239562988,4,False
312,detail,1,0.9,68,29,29.4039306640625,1.5932371616363525,3,False
312,detail,1,0.8,68,38,27.569589614868164,1.8530082702636719,3,False
312,detail,1,0.7,71,45,28.056995391845703,2.4156081676483154,2,False
312,detail,1,0.6,71,53,27.323986053466797,2.305752754211426,2,True
312,detail,2,1.0,115,15,40.245731353759766,1.4869627952575684,4,False
312,detail,2,0.9,118,18,35.332279205322266,1.370919942855835,3,False
312,detail,2,0.8,118,24,36.23606872558594,1.548696756362915,3,False
312,detail,2,0.7,119,33,35.720176696777344,1.7802846431732178,2,False
312,detail,2,0.6,125,41,36.05646514892578,1.2974512577056885,2,False
312,detail,3,1.0,29,12,36.674407958984375,1.7108147144317627,4,False
312,detail,3,0.9,26,3,34.19618225097656,1.6472508907318115,3,False
312,detail,3,0.8,26,12,35.1129150390625,1.4602243900299072,3,False
312,detail,3,0.7,29,20,33.74227523803711,1.6522307395935059,2,False
312,detail,3,0.6,29,26,32.55375671386719,1.6140594482421875,2,False
313,coarse,1,0.3,36,26,26.09357261657715,,,True
313,coarse,2,0.3,64,8,29.358606338500977,,,True
313,coarse,3,0.4,14,4,32.05400466918945,,,True
313,detail,1,1.0,67,25,31.850830078125,1.3588154315948486,4,False
313,detail,1,0.9,68,29,29.237634658813477,1.5365855693817139,3,False
313,detail,1,0.8,68,38,27.767118453979492,1.7330753803253174,3,False
313,detail,1,0.7,71,45,27.94126319885254,2.228322744369507,2,False
313,detail,1,0.6,71,53,27.274351119995117,2.0787436962127686,2,True
313,detail,2,0.9,118,21,36.740013122558594,1.2862918376922607,3,False
313,detail,2,0.8,121,24,35.877376556396484,1.2319481372833252,3,False
313,detail,2,0.7,119,34,35.989444732666016,1.600092887878418,2,False
313,detail,2,0.6,125,40,36.05266189575195,1.1246116161346436,2,False
313,detail,3,1.0,29,12,36.53734588623047,1.7174885272979736,4,False
313,detail,3,0.9,26,3,34.10795211791992,1.959045171737671,3,False
313,detail,3,0.8,26,12,35.08943176269531,1.7531561851501465,3,False
313,detail,3,0.7,29,20,33.86159133911133,1.8563942909240723,2,False
313,detail,3,0.6,29,26,32.591590881347656,1.8000483512878418,2,False
314,coarse,1,0.3,36,26,25.946447372436523,,,True
314,coarse,2,0.3,64,8,29.358606338500977,,,True
314,coarse,3,0.4,14,4,32.0633659362793,,,True
314,detail,1,1.0,67,25,31.739768981933594,1.3606541156768799,4,False
314,detail,1,0.9,68,29,29.09798240661621,1.538332223892212,3,False
314,detail,1,0.8,68,38,27.621313095092773,1.737182378768921,3,False
314,detail,1,0.7,71,45,27.807933807373047,2.2333571910858154,2,False
314,detail,1,0.6,71,53,27.123302459716797,2.0846612453460693,2,True
314,detail,2,0.9,118,21,36.642642974853516,1.2866547107696533,3,False
314,detail,2,0.8,118,24,35.79344940185547,1.3461990356445312,3,False
314,detail,2,0.7,119,34,35.758567810058594,1.6018600463867188,2,False
314,detail,2,0.6,125,40,36.01078414916992,1.122072458267212,2,False
314,detail,3,1.0,29,12,36.5507698059082,1.7093112468719482,4,False
314,detail,3,0.9,26,3,34.10280990600586,1.9557421207427979,3,False
314,detail,3,0.8,26,12,35.09606170654297,1.7499923706054688,3,False
314,detail,3,0.7,29,20,33.8715934753418,1.8551478385925293,2,False
314,detail,3,0.6,29,26,32.59823226928711,1.7984485626220703,2,False
315,coarse,1,0.3,36,26,26.34439468383789,,,True
315,coarse,2,0.3,64,20,29.524553298950195,,,True
315,detail,1,1.0,67,25,31.971149444580078,1.3291757106781006,4,False
315,detail,1,0.9,68,29,29.363439559936523,1.5149028301239014,3,False
315,detail,1,0.8,68,38,27.944692611694336,1.7139649391174316,3,False
315,detail,1,0.7,71,45,28.156375885009766,2.190208911895752,2,False
315,detail,1,0.6,71,53,27.523038864135742,2.030986785888672,2,True
315,detail,2,0.9,115,18,38.12070083618164,1.2044892311096191,3,False
315,detail,2,0.8,118,24,36.032470703125,1.3218519687652588,3,False
315,detail,2,0.7,121,33,35.776954650878906,1.5179738998413086,2,False
315,detail,2,0.6,125,41,36.180667877197266,1.2811188697814941,2,False
316,coarse,1,0.3,36,26,26.315025329589844,,,True
316,coarse,2,0.3,64,20,29.689905166625977,,,True
316,detail,1,1.0,67,25,32.22938919067383,1.192420244216919,4,False
316,detail,1,0.9,68,29,29.643495559692383,1.3831205368041992,3,False
316,detail,1,0.8,68,38,28.276952743530273,1.6038172245025635,3,False
316,detail,1,0.7,71,45,28.304014205932617,2.0746123790740967,2,False
316,detail,1,0.6,71,53,27.6691951751709,1.955378770828247,2,True
316,detail,2,0.9,115,21,40.18910598754883,1.2178428173065186,3,False
316,detail,2,0.8,118,24,36.15043640136719,1.2348840236663818,3,False
316,detail,2,0.7,121,33,35.739501953125,1.4388911724090576,2,False
316,detail,2,0.6,125,41,36.22415542602539,1.2150442600250244,2,False
317,coarse,1,0.3,36,26,26.74842071533203,,,True
317,coarse,2,0.3,64,20,30.431684494018555,,,True
317,detail,1,1.0,67,25,32.888214111328125,1.2234182357788086,4,False
317,detail,1,0.9,68,29,30.305238723754883,1.4197654724121094,3,False
317,detail,1,0.8,68,38,29.03898811340332,1.6345176696777344,3,False
317,detail,1,0.7,71,47,28.71188735961914,2.1330225467681885,2,False
317,detail,1,0.6,71,53,28.340097427368164,1.9940729141235352,2,True
317,detail,2,0.9,115,21,41.27497100830078,1.270711898803711,3,False
317,detail,2,0.8,118,24,37.32280731201172,1.2400004863739014,3,False
317,detail,2,0.7,121,33,36.77406692504883,1.446580171585083,2,False
317,detail,2,0.6,125,41,37.121761322021484,1.318716049194336,2,False
318,coarse,1,0.3,36,26,27.21440315246582,,,True
318,coarse,2,0.3,64,20,31.205326080322266,,,True
318,detail,1,1.0,67,25,33.40446472167969,1.2445259094238281,4,False
318,detail,1,0.9,68,29,30.963212966918945,1.4420387744903564,3,False
318,detail,1,0.8,68,38,29.698686599731445,1.6408970355987549,3,False
318,detail,1,0.7,71,47,29.074993133544922,2.1271042823791504,2,False
318,detail,1,0.6,71,53,28.906982421875,1.986180305480957,2,True
318,detail,2,0.9,118,21,38.072994232177734,1.2832319736480713,3,False
318,detail,2,0.8,121,27,37.87465286254883,1.2527978420257568,3,False
318,detail,2,0.7,121,33,37.18122100830078,1.494762659072876,2,False
318,detail,2,0.6,125,41,37.7283935546875,1.3309378623962402,2,False
319,coarse,1,0.3,36,26,27.202003479003906,,,True
319,coarse,2,0.3,64,20,31.39146614074707,,,True
319,detail,1,1.0,67,25,33.706783294677734,1.1754508018493652,4,False
319,detail,1,0.9,68,32,31.15489959716797,1.390338659286499,3,False
319,detail,1,0.8,68,38,30.0502872467041,1.5471093654632568,3,False
319,detail,1,0.7,71,47,29.159852981567383,2.005591869354248,2,False
319,detail,1,0.6,71,53,29.126211166381836,1.8610727787017822,2,True
319,detail,2,0.9,118,21,38.369972229003906,1.2755115032196045,3,False
319,detail,2,0.8,121,27,38.164432525634766,1.2607934474945068,3,False
319,detail,2,0.7,121,33,37.500244140625,1.5178139209747314,2,False
319,detail,2,0.6,125,41,37.89702606201172,1.2920324802398682,2,False
320,coarse,1,0.3,36,26,26.772180557250977,,,True
320,coarse,2,0.3,64,20,31.567100524902344,,,True
320,detail,1,1.0,67,25,33.78670883178711,1.1546928882598877,4,False
320,detail,1,0.9,68,32,31.1278133392334,1.3641421794891357,3,False
320,detail,1,0.8,68,38,30.193281173706055,1.5216569900512695,3,False
320,detail,1,0.7,71,47,28.814226150512695,1.9756557941436768,2,False
320,detail,1,0.6,71,53,28.68967056274414,1.8363142013549805,2,True
320,detail,2,0.9,115,21,42.08939743041992,1.2855784893035889,3,False
320,detail,2,0.8,121,27,38.362449645996094,1.194774866104126,3,False
320,detail,2,0.7,121,33,37.83535385131836,1.4644899368286133,2,False
320,detail,2,0.6,125,41,38.244346618652344,1.1903445720672607,2,False
321,coarse,1,0.3,36,26,26.958450317382812,,,True
321,coarse,2,0.3,64,20,31.907588958740234,,,True
321,detail,1,1.0,67,25,33.983402252197266,1.2012720108032227,4,False
321,detail,1,0.9,68,32,31.269332885742188,1.396960735321045,3,False
321,detail,1,0.8,68,38,30.514440536499023,1.5373780727386475,3,False
321,detail,1,0.7,71,47,28.934846878051758,1.9758706092834473,2,False
321,detail,1,0.6,71,53,28.916568756103516,1.7986698150634766,2,True
321,detail,2,0.9,115,21,42.39243698120117,1.252852201461792,3,False
321,detail,2,0.8,118,27,38.674930572509766,1.2906272411346436,3,False
321,detail,2,0.7,121,33,38.103878021240234,1.414855718612671,2,False
321,detail,2,0.6,125,41,38.530330657958984,1.1226887702941895,2,False
322,coarse,1,0.3,36,26,26.781715393066406,,,True
322,coarse,2,0.3,64,20,31.78852653503418,,,True
322,detail,1,1.0,67,25,33.944122314453125,1.298421859741211,4,False
322,detail,1,0.9,68,32,31.19632911682129,1.494842290878296,3,False
322,detail,1,0.8,68,38,30.484844207763672,1.6129157543182373,3,False
322,detail,1,0.7,71,47,28.809465408325195,2.0633928775787354,2,False
322,detail,1,0.6,71,53,28.789220809936523,1.8589165210723877,2,True
322,detail,2,0.9,118,21,38.92757797241211,1.2951438426971436,3,False
322,detail,2,0.8,121,27,38.54207992553711,1.2324433326721191,3,False
322,detail,2,0.7,121,33,38.19384002685547,1.50612211227417,2,False
322,detail,2,0.6,125,41,38.546390533447266,1.1893362998962402,2,False
323,coarse,1,0.3,36,26,26.84175682067871,,,True
323,coarse,2,0.3,64,20,32.274574279785156,,,True
323,detail,1,1.0,67,25,34.13798522949219,1.213785171508789,4,False
323,detail,1,0.9,68,32,31.333646774291992,1.381697177886963,3,False
323,detail,1,0.8,68,38,30.683570861816406,1.50229811668396,3,False
323,detail,1,0.7,71,47,28.83530044555664,1.969252586364746,2,True
323,detail,1,0.6,71,53,28.968603134155273,1.7854130268096924,2,False
323,detail,2,0.9,118,21,39.12246322631836,1.3053982257843018,3,False
323,detail,2,0.8,121,27,38.83336639404297,1.2496709823608398,3,False
323,detail,2,0.7,121,33,38.546749114990234,1.518892765045166,2,False
323,detail,2,0.6,125,41,39.049644470214844,1.194286823272705,2,False
324,coarse,1,0.3,36,26,27.14228630065918,,,True
324,coarse,2,0.4,64,12,35.16069030761719,,,True
324,detail,1,1.0,67,25,34.74858093261719,1.3198304176330566,4,False
324,detail,1,0.9,68,32,31.93977928161621,1.4801907539367676,3,False
324,detail,1,0.8,68,38,31.5076847076416,1.576220989227295,3,False
324,detail,1,0.7,71,47,29.135822296142578,2.0571794509887695,2,True
324,detail,1,0.6,71,53,29.443851470947266,1.8188483715057373,2,False
324,detail,2,0.9,117,19,39.933597564697266,1.3605246543884277,3,False
324,detail,2,0.8,120,25,39.05733871459961,1.334547996520996,3,False
324,detail,2,0.7,121,33,39.60186004638672,1.659472942352295,2,False
324,detail,2,0.6,125,41,39.87417984008789,1.2447388172149658,2,False
325,coarse,1,0.3,36,26,26.72406768798828,,,True
325,coarse,2,0.4,64,6,34.17277908325195,,,True
325,detail,1,1.0,67,25,33.969722747802734,1.319169521331787,4,False
325,detail,1,0.9,68,32,31.189762115478516,1.4815995693206787,3,False
325,detail,1,0.8,71,38,31.160308837890625,1.668510913848877,3,False
325,detail,1,0.7,71,47,28.441390991210938,2.057832956314087,2,True
325,detail,1,0.6,71,53,29.386707305908203,1.9424383640289307,2,False
325,detail,2,0.9,117,18,39.45498275756836,1.2202839851379395,3,False
325,detail,2,0.8,120,27,38.48893356323242,1.1995561122894287,3,False
325,detail,2,0.7,121,34,38.37675857543945,1.4531354904174805,2,False
325,detail,2,0.6,121,42,40.233821868896484,1.790989875793457,2,False
326,coarse,1,0.3,36,26,26.018068313598633,,,True
326,coarse,2,0.4,64,6,33.320430755615234,,,True
326,detail,1,1.0,67,25,33.158870697021484,1.3034794330596924,4,False
326,detail,1,0.9,68,32,30.362808227539062,1.457559585571289,3,False
326,detail,1,0.8,71,38,30.38176155090332,1.6397418975830078,3,False
326,detail,1,0.7,71,47,27.752674102783203,2.0156123638153076,2,True
326,detail,1,0.6,71,53,28.74855613708496,1.9438297748565674,2,False
326,detail,2,0.9,117,18,38.59182357788086,1.2484931945800781,3,False
326,detail,2,0.8,120,27,37.62201690673828,1.2438263893127441,3,False
326,detail,2,0.7,121,34,37.56086730957031,1.4768314361572266,2,False
326,detail,2,0.6,121,42,39.477230072021484,1.8068444728851318,2,False
327,coarse,1,0.3,36,26,25.653968811035156,,,True
327,coarse,2,0.4,64,6,32.86399841308594,,,True
327,detail,1,1.0,67,25,32.752349853515625,1.3017101287841797,4,False
327,detail,1,0.9,68,32,29.781803131103516,1.4582369327545166,3,False
327,detail,1,0.8,71,38,29.86040687561035,1.6191480159759521,3,False
327,detail,1,0.7,71,47,27.317899703979492,1.9713478088378906,2,True
327,detail,1,0.6,71,53,28.506834030151367,1.880610704421997,2,False
327,detail,2,0.9,117,18,38.20597457885742,1.326204538345337,3,False
327,detail,2,0.8,120,27,37.09929275512695,1.3304345607757568,3,False
327,detail,2,0.7,121,34,37.08262634277344,1.5473661422729492,2,False
327,detail,2,0.6,121,42,38.93239212036133,1.8459038734436035,2,False
328,coarse,1,0.3,36,26,25.40163230895996,,,True
328,coarse,2,0.4,66,2,32.4819221496582,,,True
328,detail,1,1.0,67,25,32.41395950317383,1.3397443294525146,4,False
328,detail,1,0.9,68,32,29.368209838867188,1.4784488677978516,3,False
328,detail,1,0.8,71,38,29.336345672607422,1.6417303085327148,3,False
328,detail,1,0.7,71,47,27.013105392456055,2.048494338989258,2,True
328,detail,1,0.6,73,53,28.45401954650879,2.1368348598480225,2,False
328,detail,2,0.8,120,27,36.88191223144531,1.3468482494354248,3,False
328,detail,2,0.7,120,34,36.68470001220703,1.621854543685913,2,False
328,detail,2,0.6,122,42,38.764122009277344,1.7782478332519531,2,False
329,coarse,1,0.3,36,26,25.267362594604492,,,True
329,coarse,2,0.4,64,6,32.64419937133789,,,True
329,detail,1,1.0,67,25,32.44352722167969,1.4275705814361572,4,False
329,detail,1,0.9,68,32,29.29286766052246,1.5738933086395264,3,False
329,detail,1,0.8,71,38,29.303375244140625,1.7642576694488525,3,False
329,detail,1,0.7,71,47,26.986082077026367,2.1394505500793457,2,True
329,detail,1,0.6,71,53,28.259174346923828,2.025761365890503,2,False
329,detail,2,0.9,117,18,37.96843719482422,1.3163483142852783,3,False
329,detail,2,0.8,120,27,36.507869720458984,1.341069221496582,3,False
329,detail,2,0.7,121,34,36.676605224609375,1.5888617038726807,2,False
329,detail,2,0.6,121,42,38.282474517822266,1.9101245403289795,2,False
330,coarse,1,0.3,36,26,26.05222511291504,,,True
330,coarse,2,0.3,66,10,30.338090896606445,,,True
330,detail,1,1.0,67,25,32.910682678222656,1.3689234256744385,4,False
330,detail,1,0.9,68,32,29.77164649963379,1.5144855976104736,3,False
330,detail,1,0.8,71,38,29.86769676208496,1.6973998546600342,3,False
330,detail,1,0.7,71,47,27.646333694458008,2.0903570652008057,2,True
330,detail,1,0.6,71,55,28.942729949951172,1.9761943817138672,2,False
330,detail,2,0.9,119,21,37.190879821777344,1.3130054473876953,3,False
330,detail,2,0.8,119,27,36.65852355957031,1.4602165222167969,3,False
330,detail,2,0.7,121,34,36.83396530151367,1.5955495834350586,2,False
330,detail,2,0.6,121,42,38.50959014892578,1.9083003997802734,2,False
331,coarse,1,0.3,36,26,26.5421085357666,,,True
331,coarse,2,0.3,66,10,30.942895889282227,,,True
331,detail,1,1.0,67,25,33.489925384521484,1.4157936573028564,4,False
331,detail,1,0.9,68,32,30.364370346069336,1.5383849143981934,3,False
331,detail,1,0.8,71,38,30.44350814819336,1.7199358940124512,3,False
331,detail,1,0.7,71,47,28.18643569946289,2.125790596008301,2,True
331,detail,1,0.6,73,55,29.387956619262695,2.2693965435028076,2,False
331,detail,2,0.9,119,21,37.428070068359375,1.415369987487793,3,False
331,detail,2,0.8,119,27,36.97618103027344,1.5911991596221924,3,False
331,detail,2,0.7,121,34,37.19486618041992,1.7478339672088623,2,False
331,detail,2,0.6,125,42,38.379737854003906,1.1766834259033203,2,False
332,coarse,1,0.3,36,26,26.34885597229004,,,True
332,coarse,2,0.3,66,10,30.97176742553711,,,True
332,detail,1,1.0,67,25,33.52678680419922,1.4044239521026611,4,False
332,detail,1,0.9,68,32,30.31810760498047,1.5244154930114746,3,False
332,detail,1,0.8,71,41,30.256011962890625,1.83420729637146,3,False
332,detail,1,0.7,71,47,28.124231338500977,2.1068930625915527,2,True
332,detail,1,0.6,73,55,29.16531753540039,2.2543556690216064,2,False
332,detail,2,0.9,119,21,37.460594177246094,1.4582226276397705,3,False
332,detail,2,0.8,119,27,37.014793395996094,1.6309585571289062,3,False
332,detail,2,0.7,121,34,37.382423400878906,1.7869093418121338,2,False
332,detail,2,0.6,125,42,38.351078033447266,1.2413339614868164,2,False
333,coarse,1,0.3,36,26,26.974449157714844,,,True
333,coarse,2,0.3,66,10,31.545427322387695,,,True
333,detail,1,1.0,67,25,34.356353759765625,1.436995029449463,4,False
333,detail,1,0.9,68,32,31.166614532470703,1.579603910446167,3,False
333,detail,1,0.8,71,41,30.82014274597168,1.8458218574523926,3,False
333,detail,1,0.7,71,47,28.66277503967285,2.115173816680908,2,True
333,detail,1,0.6,73,55,29.551225662231445,2.2948288917541504,2,False
333,detail,2,0.9,119,21,38.301483154296875,1.450620412826538,3,False
333,detail,2,0.8,119,27,37.98329544067383,1.6175885200500488,3,False
333,detail,2,0.7,121,34,38.446537017822266,1.7534332275390625,2,False
333,detail,2,0.6,125,42,39.21488952636719,1.2343251705169678,2,False
334,coarse,1,0.3,36,26,27.059722900390625,,,True
334,coarse,2,0.3,66,10,31.90015411376953,,,True
334,detail,1,1.0,67,25,34.64072036743164,1.5087676048278809,4,False
334,detail,1,0.9,68,32,31.396764755249023,1.6815407276153564,3,False
334,detail,1,0.8,71,41,30.95552635192871,1.9220061302185059,3,False
334,detail,1,0.7,71,47,28.755855560302734,2.213904619216919,2,True
334,detail,1,0.6,73,55,29.551889419555664,2.361495018005371,2,False
334,detail,2,0.9,119,21,38.74394607543945,1.4885704517364502,3,False
334,detail,2,0.8,119,27,38.39267349243164,1.6556029319763184,3,False
334,detail,2,0.7,121,34,38.96979904174805,1.771174669265747,2,False
334,detail,2,0.6,125,42,39.738182067871094,1.2160019874572754,2,False
335,coarse,1,0.3,36,26,27.226613998413086,,,True
335,coarse,2,0.3,66,10,32.184696197509766,,,True
335,detail,1,1.0,67,25,34.88088607788086,1.5773468017578125,4,False
335,detail,1,0.9,68,32,31.721641540527344,1.759458065032959,3,False
335,detail,1,0.8,71,41,31.086763381958008,1.9978547096252441,3,False
335,detail,1,0.7,71,47,28.971433639526367,2.2845077514648438,2,True
335,detail,1,0.6,73,55,29.616554260253906,2.421386241912842,2,False
335,detail,2,0.9,119,21,38.75095748901367,1.516941785812378,3,False
335,detail,2,0.8,119,27,38.46474075317383,1.6925227642059326,3,False
335,detail,2,0.7,125,36,39.05397033691406,1.0758488178253174,2,False
335,detail,2,0.6,125,42,39.59044647216797,1.3214097023010254,2,False
336,coarse,1,0.3,36,26,27.209455490112305,,,True
336,coarse,2,0.3,66,10,32.24281311035156,,,True
336,detail,1,1.0,67,25,34.82725143432617,1.5870258808135986,4,False
336,detail,1,0.9,68,32,31.659555435180664,1.7599520683288574,3,False
336,detail,1,0.8,71,41,30.983793258666992,1.9928703308105469,3,False
336,detail,1,0.7,71,47,28.852067947387695,2.273974895477295,2,True
336,detail,1,0.6,73,55,29.520267486572266,2.431208610534668,2,False
336,detail,2,0.9,119,21,38.74939727783203,1.529526948928833,3,False
336,detail,2,0.8,119,27,38.46310806274414,1.707883596420288,3,False
336,detail,2,0.7,121,34,39.14037322998047,1.8514187335968018,2,False
336,detail,2,0.6,125,42,39.76374435424805,1.2173640727996826,2,False
337,coarse,1,0.3,36,26,28.04329490661621,,,True
337,coarse,2,0.4,64,2,35.467864990234375,,,True
337,detail,1,1.0,67,25,35.67249298095703,1.3581080436706543,4,False
337,detail,1,0.9,68,32,32.656829833984375,1.5823853015899658,3,False
337,detail,1,0.8,71,41,31.59889793395996,1.8489000797271729,3,False
337,detail,1,0.7,71,47,29.64934539794922,2.1660473346710205,2,True
337,detail,1,0.6,73,55,29.898212432861328,2.33681583404541,2,False
337,detail,2,1.0,117,12,40.86510467529297,1.5013728141784668,4,False
337,detail,2,0.9,120,21,39.79740905761719,1.536834478378296,3,False
337,detail,2,0.8,126,30,38.9617919921875,1.2360634803771973,3,False
337,detail,2,0.7,125,34,39.460575103759766,1.1730003356933594,2,False
337,detail,2,0.6,131,44,36.26632308959961,1.0918333530426025,2,False
338,coarse,1,0.3,36,26,28.03459930419922,,,True
338,coarse,2,0.3,66,10,33.2686653137207,,,True
338,detail,1,1.0,67,25,35.59077072143555,1.356353759765625,4,False
338,detail,1,0.9,68,32,32.5906982421875,1.5812489986419678,3,False
338,detail,1,0.8,71,41,31.540563583374023,1.8489058017730713,3,False
338,detail,1,0.7,71,47,29.617586135864258,2.163139581680298,2,True
338,detail,1,0.6,73,55,29.88664436340332,2.331695556640625,2,False
338,detail,2,1.0,119,12,39.88712692260742,1.3855180740356445,4,False
338,detail,2,0.9,119,21,39.47926712036133,1.5902411937713623,3,False
338,detail,2,0.8,119,27,39.27896499633789,1.7094519138336182,3,False
338,detail,2,0.7,127,38,39.16080856323242,1.1647427082061768,2,False
338,detail,2,0.6,131,44,35.934478759765625,1.093914270401001,2,False
339,coarse,1,0.3,36,26,27.691953659057617,,,True
339,coarse,2,0.4,64,2,35.0424919128418,,,True
339,detail,1,1.0,67,25,35.32091522216797,1.4131507873535156,4,False
339,detail,1,0.9,68,32,32.2740478515625,1.6363246440887451,3,False
339,detail,1,0.8,71,41,31.003353118896484,1.8592188358306885,3,False
339,detail,1,0.7,71,47,29.366350173950195,2.167811870574951,2,True
339,detail,1,0.6,73,55,29.465810775756836,2.3095006942749023,2,False
339,detail,2,1.0,117,12,40.45872497558594,1.449547290802002,4,False
339,detail,2,0.9,120,21,39.372615814208984,1.532029151916504,3,False
339,detail,2,0.8,126,30,38.40483856201172,1.2780961990356445,3,False
339,detail,2,0.7,127,36,36.812217712402344,1.177952766418457,2,False
339,detail,2,0.6,131,44,35.70616149902344,1.1764357089996338,2,False
340,coarse,1,0.3,36,26,26.606630325317383,,,True
340,coarse,2,0.3,64,10,31.003448486328125,,,True
340,coarse,3,0.4,16,0,33.37812042236328,,,True
340,detail,1,1.0,67,25,33.916534423828125,1.4424688816070557,4,False
340,detail,1,0.9,68,32,30.830595016479492,1.6636481285095215,3,False
340,detail,1,0.8,71,41,29.82480812072754,1.8902671337127686,3,False
340,detail,1,0.7,71,47,28.322385787963867,2.184326171875,2,True
340,detail,1,0.6,73,55,28.67469596862793,2.3537979125976562,2,False
340,detail,2,1.0,119,12,37.975440979003906,1.47015380859375,4,False
340,detail,2,0.9,121,21,37.89767837524414,1.5534729957580566,3,False
340,detail,2,0.8,124,27,36.88654708862305,1.16451096534729,3,False
340,detail,2,0.7,127,34,34.36244201660156,1.1858618259429932,2,False
340,detail,2,0.6,131,42,32.895606994628906,1.1901402473449707,2,False
340,detail,3,1.0,29,12,38.06988525390625,1.6942095756530762,4,False
340,detail,3,0.9,27,3,35.700347900390625,1.8060555458068848,3,False
340,detail,3,0.8,27,12,36.12492752075195,1.5558679103851318,3,False
340,detail,3,0.7,29,18,35.60834503173828,1.8104310035705566,2,False
340,detail,3,0.6,31,28,34.04365539550781,2.0962440967559814,2,False
341,coarse,1,0.3,36,26,25.719661712646484,,,True
341,coarse,2,0.3,64,10,29.713756561279297,,,True
341,coarse,3,0.4,16,0,32.2979850769043,,,True
341,detail,1,1.0,67,25,32.768611907958984,1.3364861011505127,4,False
341,detail,1,0.9,68,32,29.528392791748047,1.5368521213531494,3,False
341,detail,1,0.8,71,41,28.528888702392578,1.7815654277801514,3,False
341,detail,1,0.7,71,47,27.365726470947266,2.0902040004730225,2,True
341,detail,1,0.6,73,55,27.717533111572266,2.2634079456329346,2,False
341,detail,2,1.0,119,12,36.69771194458008,1.4507901668548584,4,False
341,detail,2,0.9,121,21,36.70767593383789,1.5166945457458496,3,False
341,detail,2,0.8,121,27,36.17521286010742,1.6478536128997803,3,False
341,detail,2,0.7,127,36,33.92658233642578,1.1970398426055908,2,False
341,detail,2,0.6,131,44,32.82583999633789,1.1967206001281738,2,False
341,detail,3,1.0,33,12,37.00736618041992,1.8787662982940674,4,False
341,detail,3,0.9,27,3,34.515201568603516,1.773571252822876,3,False
341,detail,3,0.8,27,12,34.930946350097656,1.573012113571167,3,False
341,detail,3,0.7,29,20,34.54275894165039,1.8055267333984375,2,False
341,detail,3,0.6,31,28,32.80477523803711,2.195749044418335,2,False
342,coarse,1,0.3,36,26,26.124313354492188,,,True
342,coarse,2,0.3,64,10,30.189720153808594,,,True
342,coarse,3,0.4,16,0,32.53117752075195,,,True
342,detail,1,1.0,67,25,33.174991607666016,1.2846086025238037,4,False
342,detail,1,0.9,68,32,29.949581146240234,1.4990875720977783,3,False
342,detail,1,0.8,71,41,28.713857650756836,1.7650682926177979,3,False
342,detail,1,0.7,71,47,27.905542373657227,2.0742809772491455,2,True
342,detail,1,0.6,73,55,28.04717254638672,2.2255728244781494,2,False
342,detail,2,1.0,119,12,36.990806579589844,1.3950731754302979,4,False
342,detail,2,0.9,118,21,36.92832565307617,1.6275699138641357,3,False
342,detail,2,0.8,121,27,36.54571533203125,1.6467208862304688,3,False
342,detail,2,0.7,127,36,33.80779266357422,1.1235244274139404,2,False
342,detail,2,0.6,131,44,32.82859802246094,1.1084790229797363,2,False
342,detail,3,1.0,33,12,37.233543395996094,1.860457420349121,4,False
342,detail,3,0.9,27,3,34.761871337890625,1.7757811546325684,3,False
342,detail,3,0.8,27,12,35.12104034423828,1.539262294769287,3,False
342,detail,3,0.7,29,20,34.69342803955078,1.7370836734771729,2,False
342,detail,3,0.6,31,28,33.041717529296875,2.13466215133667,2,False
343,coarse,1,0.3,36,26,26.389062881469727,,,True
343,coarse,2,0.3,64,10,30.212360382080078,,,True
343,coarse,3,0.4,16,0,32.71887969970703,,,True
343,detail,1,1.0,67,25,33.580589294433594,1.300156593322754,4,False
343,detail,1,0.9,68,32,30.377622604370117,1.4875576496124268,3,False
343,detail,1,0.8,71,41,28.931110382080078,1.7828075885772705,3,False
343,detail,1,0.7,71,47,28.267236709594727,2.0431630611419678,2,True
343,detail,1,0.6,73,55,28.396242141723633,2.219822883605957,2,False
343,detail,2,1.0,119,12,37.120792388916016,1.3375942707061768,4,False
343,detail,2,0.9,121,21,36.99626541137695,1.4250524044036865,3,False
343,detail,2,0.8,121,27,36.50750732421875,1.591170072555542,3,False
343,detail,2,0.7,121,36,36.66981887817383,1.9024107456207275,2,False
343,detail,2,0.6,127,44,36.27497863769531,1.1768910884857178,2,False
343,detail,3,1.0,33,12,37.452239990234375,1.9521942138671875,4,False
343,detail,3,0.9,27,3,35.21047592163086,1.8113398551940918,3,False
343,detail,3,0.8,27,12,35.52914810180664,1.5771276950836182,3,False
343,detail,3,0.7,29,20,35.06718063354492,1.7344238758087158,2,False
343,detail,3,0.6,31,28,33.446067810058594,2.137529134750366,2,False
344,coarse,1,0.3,36,24,26.92200469970703,,,True
344,coarse,2,0.3,64,10,31.303264617919922,,,True
344,coarse,3,0.4,16,0,33.36328125,,,True
344,detail,1,1.0,67,25,34.46027755737305,1.3622660636901855,4,False
344,detail,1,0.9,68,32,31.202213287353516,1.5649278163909912,3,False
344,detail,1,0.8,71,41,29.0809326171875,1.8333814144134521,3,False
344,detail,1,0.7,71,47,28.939476013183594,2.1005022525787354,2,False
344,detail,1,0.6,73,55,28.800155639648438,2.316906213760376,2,True
344,detail,2,1.0,119,12,37.98981475830078,1.4336998462677002,4,False
344,detail,2,0.9,121,21,37.82029724121094,1.5524218082427979,3,False
344,detail,2,0.8,124,27,37.03144073486328,1.4797108173370361,3,False
344,detail,2,0.7,127,36,34.8254280090332,1.5057456493377686,2,False
344,detail,2,0.6,131,44,33.20097351074219,1.521791934967041,2,False
344,detail,3,1.0,33,12,38.16294860839844,2.0065391063690186,4,False
344,detail,3,0.9,27,3,36.025997161865234,1.8133518695831299,3,False
344,detail,3,0.8,27,12,36.334346771240234,1.590728759765625,3,False
344,detail,3,0.7,29,18,35.867496490478516,1.7520077228546143,2,False
344,detail,3,0.6,31,28,34.31902313232422,2.125331163406372,2,False
345,coarse,1,0.3,36,28,27.794099807739258,,,True
345,coarse,2,0.3,66,10,33.003273010253906,,,True
345,coarse,3,0.4,16,0,34.939491271972656,,,True
345,detail,1,1.0,67,25,35.76591491699219,1.4188120365142822,4,False
345,detail,1,0.9,68,32,32.573692321777344,1.6262388229370117,3,False
345,detail,1,0.8,71,41,29.992847442626953,1.8830482959747314,3,False
345,detail,1,0.7,71,49,29.87432861328125,2.1505703926086426,2,False
345,detail,1,0.6,73,55,29.384862899780273,2.3701088428497314,2,True
345,detail,2,1.0,119,12,39.43639373779297,1.459061861038208,4,False
345,detail,2,0.9,119,21,38.89125442504883,1.6516892910003662,3,False
345,detail,2,0.8,125,27,37.7044792175293,1.5463387966156006,3,False
345,detail,2,0.7,129,36,34.644248962402344,1.6395394802093506,2,False
345,detail,2,0.6,131,44,34.45380401611328,1.5700323581695557,2,False
345,detail,3,1.0,29,12,39.421653747558594,1.7087726593017578,4,False
345,detail,3,0.9,27,6,37.77722930908203,1.641526222229004,3,False
345,detail,3,0.8,27,12,37.623992919921875,1.5382585525512695,3,False
345,detail,3,0.7,29,18,37.12867736816406,1.6487243175506592,2,False
345,detail,3,0.6,31,28,35.53328323364258,1.958907127380371,2,False
346,coarse,1,0.3,36,28,28.152448654174805,,,True
346,coarse,2,0.4,64,14,35.7343635559082,,,True
346,coarse,3,0.4,16,0,35.82107162475586,,,True
346,detail,1,1.0,67,25,36.39399337768555,1.3997292518615723,4,False
346,detail,1,0.9,68,32,33.23454666137695,1.599259376525879,3,False
346,detail,1,0.8,71,41,30.25120735168457,1.9105186462402344,3,False
346,detail,1,0.7,71,49,30.286197662353516,2.1560986042022705,2,False
346,detail,1,0.6,73,55,29.85492515563965,2.398120164871216,2,True
346,detail,2,1.0,117,11,41.69559097290039,1.3567461967468262,4,False
346,detail,2,0.9,120,20,39.69673156738281,1.3953559398651123,3,False
346,detail,2,0.8,120,29,40.16640853881836,1.5682594776153564,3,False
346,detail,2,0.7,125,35,40.19467544555664,1.2437684535980225,2,False
346,detail,2,0.6,131,47,38.603755950927734,1.285141944885254,2,False
346,detail,3,1.0,29,12,40.37523651123047,1.7101635932922363,4,False
346,detail,3,0.9,27,6,38.66016387939453,1.6826963424682617,3,False
346,detail,3,0.8,30,12,38.44835662841797,1.9405438899993896,3,False
346,detail,3,0.7,31,22,38.10908889770508,2.0501058101654053,2,False
346,detail,3,0.6,31,28,36.612945556640625,1.9303827285766602,2,False
347,coarse,1,0.3,36,28,27.749378204345703,,,True
347,coarse,2,0.4,64,14,35.030662536621094,,,True
347,coarse,3,0.4,16,0,35.36215591430664,,,True
347,detail,1,1.0,67,25,36.110084533691406,1.5367631912231445,4,False
347,detail,1,0.9,68,32,32.90676498413086,1.756115436553955,3,False
347,detail,1,0.8,71,41,29.769699096679688,2.0631909370422363,3,False
347,detail,1,0.7,71,49,29.985809326171875,2.3281116485595703,2,False
347,detail,1,0.6,73,55,29.416893005371094,2.610452890396118,2,True
347,detail,2,1.0,117,11,41.26032638549805,1.3830444812774658,4,False
347,detail,2,0.9,120,20,39.179264068603516,1.3961195945739746,3,False
347,detail,2,0.8,120,29,39.56002426147461,1.5784521102905273,3,False
347,detail,2,0.7,125,35,39.71000671386719,1.129002332687378,2,False
347,detail,2,0.6,127,43,38.28603744506836,1.1379508972167969,2,False
347,detail,3,1.0,29,12,40.098350524902344,1.918564796447754,4,False
347,detail,3,0.9,27,6,38.22990798950195,1.67818021774292,3,False
347,detail,3,0.8,30,12,37.99388122558594,1.9783401489257812,3,False
347,detail,3,0.7,31,22,37.74775314331055,2.1535532474517822,2,False
347,detail,3,0.6,31,28,36.332218170166016,1.9759604930877686,2,False
348,coarse,1,0.3,36,28,27.336238861083984,,,True
348,coarse,2,0.4,64,14,34.44309616088867,,,True
348,coarse,3,0.5,34,0,37.349159240722656,,,True
348,detail,1,1.0,67,25,35.9102783203125,1.6237974166870117,4,False
348,detail,1,0.9,68,32,32.69392395019531,1.8444795608520508,3,False
348,detail,1,0.8,71,41,29.42856788635254,2.1201698780059814,3,False
348,detail,1,0.7,71,49,29.640127182006836,2.3623738288879395,2,False
348,detail,1,0.6,73,55,29.061025619506836,2.664703130722046,2,True
348,detail,2,1.0,117,11,40.87976837158203,1.404599666595459,4,False
348,detail,2,0.9,120,20,38.68990707397461,1.4178955554962158,3,False
348,detail,2,0.8,120,29,38.875911712646484,1.6002302169799805,3,False
348,detail,2,0.7,121,37,39.230899810791016,1.8311235904693604,2,False
348,detail,2,0.6,127,43,38.22612380981445,1.1756806373596191,2,False
348,detail,3,1.0,67,18,36.6570930480957,1.6227777004241943,4,False
348,detail,3,0.9,68,27,35.27427673339844,1.8601953983306885,3,False
348,detail,3,0.8,71,33,33.11313247680664,2.113067865371704,3,False
348,detail,3,0.7,71,44,30.41506004333496,2.442084550857544,2,False
348,detail,3,0.6,73,50,30.4838809967041,2.8736932277679443,2,False
349,coarse,1,0.3,36,26,26.86366844177246,,,True
349,coarse,2,0.4,64,14,33.22369384765625,,,True
349,detail,1,1.0,67,29,35.23891830444336,1.6924810409545898,4,False
349,detail,1,0.9,68,32,32.161006927490234,1.911005973815918,3,False
349,detail,1,0.8,71,41,28.5656681060791,2.220686912536621,3,False
349,detail,1,0.7,71,49,29.171276092529297,2.33485746383667,2,False
349,detail,1,0.6,73,55,28.353858947753906,2.645425796508789,2,True
349,detail,2,1.0,117,19,42.20350646972656,1.249819040298462,4,False
349,detail,2,0.9,120,20,38.0483283996582,1.266247272491455,3,False
349,detail,2,0.8,120,29,37.8317756652832,1.4578406810760498,3,False
349,detail,2,0.7,121,37,38.21709060668945,1.6488041877746582,2,False
349,detail,2,0.6,125,43,39.624732971191406,1.0639784336090088,2,False
350,coarse,1,0.3,36,28,26.642934799194336,,,True
350,coarse,2,0.4,64,14,32.988189697265625,,,True
350,coarse,3,0.4,16,0,33.505733489990234,,,True
350,detail,1,1.0,67,29,34.93800735473633,1.6926732063293457,4,False
350,detail,1,0.9,68,32,31.852285385131836,1.9114084243774414,3,False
350,detail,1,0.8,71,41,28.17203712463379,2.21846866607666,3,False
350,detail,1,0.7,73,49,28.910640716552734,2.5427637100219727,2,False
350,detail,1,0.6,73,55,28.17024040222168,2.6329212188720703,2,True
350,detail,2,1.0,117,19,41.772621154785156,1.2652595043182373,4,False
350,detail,2,0.9,120,20,37.67631530761719,1.282393455505371,3,False
350,detail,2,0.8,120,29,37.39549255371094,1.473909616470337,3,False
350,detail,2,0.7,121,37,37.75098419189453,1.665928840637207,2,False
350,detail,2,0.6,125,43,39.209693908691406,1.0792529582977295,2,False
350,detail,3,1.0,29,0,38.40594482421875,1.7854578495025635,4,False
350,detail,3,0.9,27,6,36.213401794433594,1.5016448497772217,3,False
350,detail,3,0.8,30,12,36.030025482177734,1.816084623336792,3,False
350,detail,3,0.7,29,20,35.743438720703125,1.6477055549621582,2,False
350,detail,3,0.6,31,30,34.4467887878418,1.9780592918395996,2,False
351,coarse,1,0.3,36,28,26.47559356689453,,,True
351,coarse,2,0.4,64,14,32.92807388305664,,,True
351,coarse,3,0.4,16,0,33.49871826171875,,,True
351,detail,1,1.0,67,25,34.92156982421875,1.647167682647705,4,False
351,detail,1,0.9,68,32,31.820274353027344,1.8537859916687012,3,False
351,detail,1,0.8,71,41,28.004539489746094,2.178116798400879,3,False
351,detail,1,0.7,73,49,28.686813354492188,2.503943681716919,2,False
351,detail,1,0.6,73,55,27.951364517211914,2.5946831703186035,2,True
351,detail,2,1.0,117,19,41.64322280883789,1.2823190689086914,4,False
351,detail,2,0.9,120,20,37.5519905090332,1.2852318286895752,3,False
351,detail,2,0.8,120,29,37.27898406982422,1.4774024486541748,3,False
351,detail,2,0.7,121,37,37.64912796020508,1.6399483680725098,2,False
351,detail,2,0.6,131,49,37.3132438659668,1.1466221809387207,2,False
351,detail,3,1.0,29,0,38.389923095703125,1.7838599681854248,4,False
351,detail,3,0.9,27,6,36.21647262573242,1.5568161010742188,3,False
351,detail,3,0.8,30,12,36.02312088012695,1.7705576419830322,3,False
351,detail,3,0.7,29,20,35.76195526123047,1.5263891220092773,2,False
351,detail,3,0.6,31,30,34.41701889038086,2.0969226360321045,2,False
352,coarse,1,0.3,36,28,26.38360595703125,,,True
352,coarse,2,0.4,64,14,32.885074615478516,,,True
352,coarse,3,0.4,16,0,33.3154296875,,,True
352,detail,1,1.0,67,25,34.72806167602539,1.6622214317321777,4,False
352,detail,1,0.9,68,32,31.656776428222656,1.8648960590362549,3,False
352,detail,1,0.8,71,41,27.885738372802734,2.1499745845794678,3,False
352,detail,1,0.7,73,49,28.523441314697266,2.4658801555633545,2,False
352,detail,1,0.6,73,55,27.811891555786133,2.539761543273926,2,True
352,detail,2,1.0,117,19,41.560821533203125,1.2682647705078125,4,False
352,detail,2,0.9,120,20,37.467281341552734,1.253779411315918,3,False
352,detail,2,0.8,120,29,37.216552734375,1.4670310020446777,3,False
352,detail,2,0.7,121,37,37.59754180908203,1.6312572956085205,2,False
352,detail,2,0.6,131,49,37.35227584838867,1.1360969543457031,2,False
352,detail,3,1.0,29,0,38.29420471191406,1.8008036613464355,4,False
352,detail,3,0.9,27,6,36.130531311035156,1.538773775100708,3,False
352,detail,3,0.8,30,12,35.93037414550781,1.8004157543182373,3,False
352,detail,3,0.7,31,22,35.69804763793945,1.922757625579834,2,False
352,detail,3,0.6,31,30,34.38349533081055,2.0381112098693848,2,False
353,coarse,1,0.3,36,26,26.8042049407959,,,True
353,coarse,2,0.4,64,14,33.21612548828125,,,True
353,coarse,3,0.4,16,0,33.68592834472656,,,True
353,detail,1,1.0,67,25,35.222103118896484,1.64969801902771,4,False
353,detail,1,0.9,68,32,32.10013198852539,1.8582813739776611,3,False
353,detail,1,0.8,71,41,28.22817039489746,2.1491949558258057,3,False
353,detail,1,0.7,73,49,28.82022476196289,2.4558145999908447,2,False
353,detail,1,0.6,73,55,28.070064544677734,2.516314744949341,2,True
353,detail,2,1.0,117,23,42.073394775390625,1.263655662536621,4,False
353,detail,2,0.9,120,20,37.83783721923828,1.2380073070526123,3,False
353,detail,2,0.8,120,29,37.771728515625,1.4507598876953125,3,False
353,detail,2,0.7,121,37,38.17531204223633,1.611426591873169,2,False
353,detail,2,0.6,131,49,37.777122497558594,1.139150619506836,2,False
353,detail,3,1.0,33,12,38.638999938964844,2.110738515853882,4,False
353,detail,3,0.9,27,6,36.62883758544922,1.549346923828125,3,False
353,detail,3,0.8,30,12,36.300941467285156,1.8181126117706299,3,False
353,detail,3,0.7,31,22,36.10308837890625,1.938572645187378,2,False
353,detail,3,0.6,31,28,34.81925964355469,1.7667579650878906,2,False
354,coarse,1,0.3,36,28,27.741609573364258,,,True
354,coarse,2,0.4,64,14,34.906639099121094,,,True
354,detail,1,1.0,67,25,36.5472412109375,1.6326744556427002,4,False
354,detail,1,0.9,68,32,33.48894500732422,1.840500831604004,3,False
354,detail,1,0.8,71,41,29.416719436645508,2.1584794521331787,3,False
354,detail,1,0.7,73,49,29.80113983154297,2.458725690841675,2,False
354,detail,1,0.6,73,55,29.034852981567383,2.5225486755371094,2,True
354,detail,2,1.0,117,15,41.93033981323242,1.2943320274353027,4,False
354,detail,2,0.9,120,20,39.32619857788086,1.279383659362793,3,False
354,detail,2,0.8,120,29,39.38475036621094,1.509049654006958,3,False
354,detail,2,0.7,121,37,39.72213363647461,1.6686067581176758,2,False
354,detail,2,0.6,131,49,38.91463088989258,1.1292738914489746,2,False
355,coarse,1,0.3,36,28,28.127138137817383,,,True
355,coarse,2,0.4,64,14,35.23810958862305,,,True
355,detail,1,1.0,67,25,36.893733978271484,1.6494295597076416,4,False
355,detail,1,0.9,68,32,33.8671760559082,1.8520550727844238,3,False
355,detail,1,0.8,71,41,29.61098289489746,2.173410415649414,3,False
355,detail,1,0.7,73,49,30.042102813720703,2.4836905002593994,2,False
355,detail,1,0.6,73,55,29.390056610107422,2.4840376377105713,2,True
355,detail,2,1.0,117,15,42.278804779052734,1.278181552886963,4,False
355,detail,2,0.9,120,20,39.6493034362793,1.2685058116912842,3,False
355,detail,2,0.8,120,29,39.768375396728516,1.4825804233551025,3,False
355,detail,2,0.7,121,37,40.064422607421875,1.6244499683380127,2,False
355,detail,2,0.6,131,47,37.77540969848633,1.0295047760009766,2,False
356,coarse,1,0.3,36,28,28.116182327270508,,,True
356,coarse,2,0.4,64,14,35.234710693359375,,,True
356,detail,1,1.0,67,25,36.997745513916016,1.736302137374878,4,False
356,detail,1,0.9,68,32,34.003238677978516,1.9341802597045898,3,False
356,detail,1,0.8,71,41,29.589054107666016,2.3084025382995605,3,False
356,detail,1,0.7,73,49,29.976707458496094,2.6289145946502686,2,False
356,detail,1,0.6,73,55,29.19559669494629,2.671868085861206,2,True
356,detail,2,1.0,117,15,42.29325866699219,1.288205623626709,4,False
356,detail,2,0.9,120,20,39.577606201171875,1.3131303787231445,3,False
356,detail,2,0.8,120,29,39.775699615478516,1.5394792556762695,3,False
356,detail,2,0.7,121,37,40.08355712890625,1.712385892868042,2,False
356,detail,2,0.6,131,49,39.06277084350586,0.9822354316711426,2,False
357,coarse,1,0.3,36,28,28.422027587890625,,,True
357,coarse,2,0.4,64,14,35.59037780761719,,,True
357,coarse,3,0.4,16,0,35.862770080566406,,,True
357,detail,1,1.0,67,25,37.12224197387695,1.7436811923980713,4,False
357,detail,1,0.9,68,32,34.152339935302734,1.9432806968688965,3,False
357,detail,1,0.8,71,41,29.680734634399414,2.3161420822143555,3,False
357,detail,1,0.7,73,49,30.121234893798828,2.6455485820770264,2,False
357,detail,1,0.6,73,55,29.43459129333496,2.6811821460723877,2,True
357,detail,2,1.0,117,15,42.52094650268555,1.2567322254180908,4,False
357,detail,2,0.9,120,20,39.708946228027344,1.3062450885772705,3,False
357,detail,2,0.8,120,29,40.04591751098633,1.5183444023132324,3,False
357,detail,2,0.7,121,35,40.23530960083008,1.6341502666473389,2,False
357,detail,2,0.6,127,43,39.31161117553711,1.032961368560791,2,False
357,detail,3,1.0,29,12,40.41390609741211,2.0166873931884766,4,False
357,detail,3,0.9,27,6,38.8593864440918,1.57895827293396,3,False
357,detail,3,0.8,30,12,38.48405456542969,1.9464163780212402,3,False
357,detail,3,0.7,31,22,37.95185852050781,1.9728238582611084,2,False
357,detail,3,0.6,31,28,36.676979064941406,1.8863990306854248,2,False
358,coarse,1,0.3,36,28,28.68844985961914,,,True
358,coarse,2,0.3,66,10,33.31391525268555,,,True
358,coarse,3,0.4,16,0,35.4323616027832,,,True
358,detail,1,1.0,67,25,37.221588134765625,1.8214101791381836,4,False
358,detail,1,0.9,68,32,34.262596130371094,2.0185952186584473,3,False
358,detail,1,0.8,71,41,29.96019744873047,2.369187831878662,3,False
358,detail,1,0.7,73,49,30.53472137451172,2.677356004714966,2,False
358,detail,1,0.6,73,55,29.71504020690918,2.7144346237182617,2,True
358,detail,2,0.9,119,21,39.542320251464844,1.325364112854004,3,False
358,detail,2,0.8,122,27,39.3726692199707,1.1361594200134277,3,False
358,detail,2,0.7,121,36,39.366493225097656,1.6160643100738525,2,False
358,detail,2,0.6,123,42,41.325355529785156,1.37186861038208,2,False
358,detail,3,1.0,33,12,40.143123626708984,2.1553215980529785,4,False
358,detail,3,0.9,27,6,38.53670120239258,1.5565850734710693,3,False
358,detail,3,0.8,30,12,38.16679763793945,1.9270038604736328,3,False
358,detail,3,0.7,31,22,37.6303825378418,1.9477958679199219,2,False
358,detail,3,0.6,31,28,36.32560729980469,1.8893144130706787,2,False
359,coarse,1,0.3,36,26,28.35698890686035,,,True
359,coarse,2,0.3,66,10,33.05255126953125,,,True
359,coarse,3,0.4,16,0,34.7515754699707,,,True
359,detail,1,1.0,67,25,36.66166687011719,1.7580361366271973,4,False
359,detail,1,0.9,68,32,33.61627197265625,1.9592792987823486,3,False
359,detail,1,0.8,71,41,29.383352279663086,2.302312135696411,3,False
359,detail,1,0.7,73,49,30.15623664855957,2.586939811706543,2,False
359,detail,1,0.6,73,55,29.364131927490234,2.6080381870269775,2,True
359,detail,2,0.9,119,21,39.36906814575195,1.3243942260742188,3,False
359,detail,2,0.8,122,27,39.11279296875,1.1592347621917725,3,False
359,detail,2,0.7,121,36,39.138999938964844,1.6264240741729736,2,False
359,detail,2,0.6,123,42,40.96835708618164,1.341069221496582,2,False
359,detail,3,1.0,33,12,39.64414978027344,2.162224054336548,4,False
359,detail,3,0.9,27,6,37.89196014404297,1.5285897254943848,3,False
359,detail,3,0.8,30,12,37.56729507446289,1.8107414245605469,3,False
359,detail,3,0.7,31,22,37.011558532714844,1.9504170417785645,2,False
359,detail,3,0.6,31,28,35.73903274536133,1.7047247886657715,2,False
360,coarse,1,0.3,36,26,27.564939498901367,,,True
360,coarse,2,0.3,66,10,31.839839935302734,,,True
360,coarse,3,0.4,16,0,33.986572265625,,,True
360,detail,1,1.0,67,25,35.87883758544922,1.7107014656066895,4,False
360,detail,1,0.9,68,32,32.80915451049805,1.9213976860046387,3,False
360,detail,1,0.8,71,41,28.677555084228516,2.275770902633667,3,True
360,detail,1,0.7,73,47,29.46681785583496,2.5608298778533936,2,False
360,detail,1,0.6,73,55,28.68624496459961,2.58357572555542,2,False
360,detail,2,0.9,119,21,38.16258239746094,1.2855010032653809,3,False
360,detail,2,0.8,119,27,38.72481918334961,1.3646767139434814,3,False
360,detail,2,0.7,121,36,37.91191864013672,1.570167064666748,2,False
360,detail,2,0.6,123,42,39.64306640625,1.2798550128936768,2,False
360,detail,3,1.0,33,12,38.656429290771484,2.156257152557373,4,False
360,detail,3,0.9,27,6,37.09013366699219,1.5364532470703125,3,False
360,detail,3,0.8,30,12,36.84086990356445,1.7976477146148682,3,False
360,detail,3,0.7,31,22,36.215267181396484,1.941166877746582,2,False
360,detail,3,0.6,31,28,34.80303955078125,1.7052960395812988,2,False
361,coarse,1,0.3,36,26,27.463396072387695,,,True
361,coarse,2,0.3,66,10,31.00698471069336,,,True
361,coarse,3,0.4,16,0,33.18806838989258,,,True
361,detail,1,1.0,67,25,35.347354888916016,1.7654683589935303,4,False
361,detail,1,0.9,68,32,32.31523132324219,1.9858653545379639,3,False
361,detail,1,0.8,71,41,28.59224510192871,2.2739181518554688,3,True
361,detail,1,0.7,73,47,29.416351318359375,2.6125659942626953,2,False
361,detail,1,0.6,73,55,28.612131118774414,2.5976340770721436,2,False
361,detail,2,1.0,119,12,37.82555389404297,1.28664231300354,4,False
361,detail,2,0.9,119,21,37.50990676879883,1.515531301498413,3,False
361,detail,2,0.8,122,27,37.23886489868164,1.1113951206207275,3,False
361,detail,2,0.7,121,36,37.302276611328125,1.7460873126983643,2,False
361,detail,2,0.6,127,44,38.06840515136719,1.0690340995788574,2,False
361,detail,3,1.0,33,12,38.162628173828125,2.0555942058563232,4,False
361,detail,3,0.9,27,6,36.41734313964844,1.5346410274505615,3,False
361,detail,3,0.8,30,12,36.24485778808594,1.6018128395080566,3,False
361,detail,3,0.7,31,22,35.865745544433594,2.0135557651519775,2,False
361,detail,3,0.6,31,28,34.273956298828125,1.6836512088775635,2,False
362,coarse,1,0.3,36,26,27.410932540893555,,,True
362,coarse,2,0.3,66,10,31.004653930664062,,,True
362,coarse,3,0.4,16,0,33.180908203125,,,True
362,detail,1,1.0,67,25,35.320674896240234,1.7083179950714111,4,False
362,detail,1,0.9,68,32,32.29225540161133,1.9228277206420898,3,False
362,detail,1,0.8,71,41,28.555679321289062,2.2329161167144775,3,False
362,detail,1,0.7,73,47,29.374858856201172,2.5410447120666504,2,False
362,detail,1,0.6,73,55,28.55232810974121,2.498654842376709,2,True
362,detail,2,1.0,119,12,37.83411407470703,1.2961437702178955,4,False
362,detail,2,0.9,119,21,37.5246696472168,1.5236103534698486,3,False
362,detail,2,0.8,122,27,37.24541473388672,1.1183087825775146,3,False
362,detail,2,0.7,121,36,37.34950256347656,1.7481071949005127,2,False
362,detail,2,0.6,127,44,38.129356384277344,1.0789480209350586,2,False
362,detail,3,1.0,33,12,38.1651725769043,2.035099506378174,4,False
362,detail,3,0.9,27,6,36.41281509399414,1.5200426578521729,3,False
362,detail,3,0.8,30,12,36.2553596496582,1.604325771331787,3,False
362,detail,3,0.7,31,22,35.85490417480469,2.0105690956115723,2,False
362,detail,3,0.6,31,28,34.26789093017578,1.6856744289398193,2,False
363,coarse,1,0.3,36,26,27.37754249572754,,,True
363,coarse,2,0.3,66,10,30.84058380126953,,,True
363,coarse,3,0.4,16,0,32.941043853759766,,,True
363,detail,1,1.0,67,25,35.245025634765625,1.7197811603546143,4,False
363,detail,1,0.9,68,32,32.27228546142578,1.9317176342010498,3,False
363,detail,1,0.8,71,41,28.548128128051758,2.227964401245117,3,False
363,detail,1,0.7,73,47,29.25919532775879,2.527573347091675,2,False
363,detail,1,0.6,73,55,28.50298500061035,2.4864940643310547,2,True
363,detail,2,1.0,119,12,37.757354736328125,1.384023666381836,4,False
363,detail,2,0.9,119,21,37.45394515991211,1.60318922996521,3,False
363,detail,2,0.8,122,27,37.0753288269043,1.1945018768310547,3,False
363,detail,2,0.7,121,36,37.22746276855469,1.8066060543060303,2,False
363,detail,2,0.6,131,48,37.4081916809082,1.032824993133545,2,False
363,detail,3,1.0,33,12,37.98196029663086,2.0735809803009033,4,False
363,detail,3,0.9,27,6,36.23313522338867,1.4869470596313477,3,False
363,detail,3,0.8,30,12,35.982810974121094,1.6270477771759033,3,False
363,detail,3,0.7,31,22,35.527530670166016,1.943129062652588,2,False
363,detail,3,0.6,31,28,33.91902160644531,1.5591332912445068,2,False
364,coarse,1,0.3,36,26,27.156585693359375,,,True
364,coarse,2,0.3,66,10,31.292329788208008,,,True
364,coarse,3,0.3,8,6,31.660808563232422,,,True
364,detail,1,1.0,67,25,35.07843017578125,1.7665154933929443,4,False
364,detail,1,0.9,68,32,32.19565200805664,1.9835536479949951,3,False
364,detail,1,0.8,71,41,28.43280601501465,2.28328013420105,3,False
364,detail,1,0.7,73,47,29.065587997436523,2.587196111679077,2,False
364,detail,1,0.6,73,55,28.23520278930664,2.5500338077545166,2,True
364,detail,2,1.0,119,12,37.96491622924805,1.4075210094451904,4,False
364,detail,2,0.9,119,21,37.65807342529297,1.6190509796142578,3,False
364,detail,2,0.8,122,27,37.29849624633789,1.234466314315796,3,False
364,detail,2,0.7,121,36,37.49032974243164,1.8259623050689697,2,False
364,detail,2,0.6,131,48,37.70637512207031,1.0195012092590332,2,False
364,detail,3,1.0,11,0,42.19209671020508,0.7469158172607422,4,False
364,detail,3,0.9,23,6,40.59223937988281,1.2574164867401123,3,False
364,detail,3,0.8,12,12,38.564857482910156,1.078261137008667,3,False
364,detail,3,0.7,28,20,36.95463562011719,1.3437974452972412,2,False
364,detail,3,0.6,30,28,34.844947814941406,1.4786403179168701,2,False
365,coarse,1,0.3,36,26,27.2905330657959,,,True
365,coarse,2,0.3,66,10,31.110307693481445,,,True
365,coarse,3,0.4,16,0,33.05585861206055,,,True
365,detail,1,1.0,67,25,35.086307525634766,1.753504991531372,4,False
365,detail,1,0.9,68,32,32.208030700683594,1.9663538932800293,3,False
365,detail,1,0.8,71,41,28.33268165588379,2.261889696121216,3,False
365,detail,1,0.7,73,47,28.89911651611328,2.58634352684021,2,False
365,detail,1,0.6,73,55,28.290218353271484,2.547194480895996,2,True
365,detail,2,1.0,119,12,37.845516204833984,1.418069839477539,4,False
365,detail,2,0.9,119,21,37.514991760253906,1.6348142623901367,3,False
365,detail,2,0.8,122,27,37.162017822265625,1.2462222576141357,3,False
365,detail,2,0.7,121,36,37.28831481933594,1.84375,2,False
365,detail,2,0.6,131,48,37.42903137207031,1.0385973453521729,2,False
365,detail,3,1.0,33,12,38.08054733276367,2.097107410430908,4,False
365,detail,3,0.9,27,6,36.271976470947266,1.5013928413391113,3,False
365,detail,3,0.8,30,12,36.01980972290039,1.6222543716430664,3,False
365,detail,3,0.7,29,20,35.500240325927734,1.4745392799377441,2,False
365,detail,3,0.6,31,28,33.92082595825195,1.5782439708709717,2,False
366,coarse,1,0.3,36,26,27.108535766601562,,,True
366,coarse,2,0.3,66,10,31.131351470947266,,,True
366,coarse,3,0.3,8,6,31.533615112304688,,,True
366,detail,1,1.0,67,25,34.98896789550781,1.825805425643921,4,False
366,detail,1,0.9,68,32,32.14054489135742,2.032156229019165,3,False
366,detail,1,0.8,71,41,28.372621536254883,2.3336141109466553,3,False
366,detail,1,0.7,73,47,28.810791015625,2.6308164596557617,2,False
366,detail,1,0.6,73,55,28.180315017700195,2.6054470539093018,2,True
366,detail,2,1.0,119,12,37.8750114440918,1.461477279663086,4,False
366,detail,2,0.9,119,21,37.53622817993164,1.6699895858764648,3,False
366,detail,2,0.8,122,27,37.149749755859375,1.306880235671997,3,False
366,detail,2,0.7,121,36,37.30955123901367,1.8863203525543213,2,False
366,detail,2,0.6,131,48,37.39480209350586,1.0744330883026123,2,False
366,detail,3,1.0,11,0,42.033199310302734,0.8179214000701904,4,False
366,detail,3,0.9,23,6,40.4146614074707,1.2900378704071045,3,False
366,detail,3,0.8,25,12,39.16923522949219,1.3278841972351074,3,False
366,detail,3,0.7,28,20,36.7012825012207,1.3513169288635254,2,False
366,detail,3,0.6,30,28,34.49643325805664,1.4914932250976562,2,False
367,coarse,1,0.3,36,26,27.14160919189453,,,True
367,coarse,2,0.3,66,10,31.19799041748047,,,True
367,coarse,3,0.3,8,6,31.533615112304688,,,True
367,detail,1,1.0,67,25,35.001625061035156,1.8261566162109375,4,False
367,detail,1,0.9,68,32,32.21739196777344,2.0350873470306396,3,False
367,detail,1,0.8,71,41,28.35358428955078,2.340934991836548,3,False
367,detail,1,0.7,73,47,28.746431350708008,2.6424708366394043,2,False
367,detail,1,0.6,73,55,28.20225715637207,2.6098453998565674,2,True
367,detail,2,1.0,119,12,37.89982604980469,1.4568300247192383,4,False
367,detail,2,0.9,119,21,37.598514556884766,1.66654372215271,3,False
367,detail,2,0.8,122,27,37.22030258178711,1.2838265895843506,3,False
367,detail,2,0.7,121,36,37.42741775512695,1.8750696182250977,2,False
367,detail,2,0.6,131,48,37.3673095703125,1.0461626052856445,2,False
367,detail,3,1.0,11,0,42.03635787963867,0.7807488441467285,4,False
367,detail,3,0.9,23,6,40.39667510986328,1.2962801456451416,3,False
367,detail,3,0.8,25,12,39.149505615234375,1.3341765403747559,3,False
367,detail,3,0.7,28,20,36.68037414550781,1.3595213890075684,2,False
367,detail,3,0.6,30,28,34.46412658691406,1.5025181770324707,2,False
368,coarse,1,0.3,36,26,27.206378936767578,,,True
368,coarse,2,0.3,66,10,31.350440979003906,,,True
368,coarse,3,0.3,8,6,31.533615112304688,,,True
368,detail,1,1.0,67,25,35.16328811645508,1.8269219398498535,4,False
368,detail,1,0.9,68,32,32.345741271972656,2.0373594760894775,3,False
368,detail,1,0.8,71,41,28.399932861328125,2.3548598289489746,3,False
368,detail,1,0.7,73,47,28.7462215423584,2.6603798866271973,2,False
368,detail,1,0.6,73,55,28.206148147583008,2.5881259441375732,2,True
368,detail,2,1.0,119,12,37.90290451049805,1.4682564735412598,4,False
368,detail,2,0.9,119,21,37.663917541503906,1.6916899681091309,3,False
368,detail,2,0.8,122,27,37.17859649658203,1.2981305122375488,3,False
368,detail,2,0.7,121,36,37.51118850708008,1.918825626373291,2,False
368,detail,2,0.6,131,48,37.354190826416016,1.0547175407409668,2,False
368,detail,3,1.0,11,0,42.07012176513672,0.7722785472869873,4,False
368,detail,3,0.9,23,6,40.53831481933594,1.3174312114715576,3,False
368,detail,3,0.8,12,12,38.387786865234375,1.0946639776229858,3,False
368,detail,3,0.7,28,20,36.82843780517578,1.4343922138214111,2,False
368,detail,3,0.6,30,28,34.626686096191406,1.5621061325073242,2,False
369,coarse,1,0.3,36,26,27.222000122070312,,,True
369,coarse,2,0.3,66,10,31.350440979003906,,,True
369,coarse,3,0.3,8,6,31.533615112304688,,,True
369,detail,1,1.0,67,25,35.23795700073242,1.8274240493774414,4,False
369,detail,1,0.9,71,32,32.31406021118164,2.036633014678955,3,False
369,detail,1,0.8,71,41,28.35976791381836,2.3552069664001465,3,False
369,detail,1,0.7,73,47,28.688444137573242,2.6579794883728027,2,False
369,detail,1,0.6,73,55,28.238304138183594,2.5807344913482666,2,True
369,detail,2,1.0,119,12,37.888973236083984,1.5283865928649902,4,False
369,detail,2,0.9,119,21,37.68098449707031,1.755927562713623,3,False
369,detail,2,0.8,122,27,37.18383026123047,1.350679874420166,3,False
369,detail,2,0.7,121,36,37.49423599243164,2.0043368339538574,2,False
369,detail,2,0.6,131,48,37.36045455932617,1.0522098541259766,2,False
369,detail,3,1.0,11,0,42.06023025512695,0.767775297164917,4,False
369,detail,3,0.9,23,6,40.559478759765625,1.3151309490203857,3,False
369,detail,3,0.8,12,12,38.38846969604492,1.0918561220169067,3,False
369,detail,3,0.7,28,20,36.85753631591797,1.4287302494049072,2,False
369,detail,3,0.6,30,28,34.67616271972656,1.5540361404418945,2,False
370,coarse,1,0.3,36,26,27.600475311279297,,,True
370,coarse,2,0.3,66,10,31.289098739624023,,,True
370,coarse,3,0.4,16,0,33.465415954589844,,,True
370,detail,1,1.0,67,25,35.46258544921875,1.8148889541625977,4,False
370,detail,1,0.9,71,32,32.494537353515625,2.0331032276153564,3,False
370,detail,1,0.8,71,41,28.57929039001465,2.3600127696990967,3,False
370,detail,1,0.7,73,47,28.778398513793945,2.656435251235962,2,False
370,detail,1,0.6,73,55,28.42384910583496,2.5784006118774414,2,True
370,detail,2,1.0,119,12,38.191131591796875,1.5007827281951904,4,False
370,detail,2,0.9,119,21,37.98839569091797,1.7251722812652588,3,False
370,detail,2,0.8,122,27,37.565513610839844,1.2914743423461914,3,False
370,detail,2,0.7,121,36,37.851844787597656,1.9510068893432617,2,False
370,detail,2,0.6,131,48,37.45692825317383,1.0637598037719727,2,False
370,detail,3,1.0,33,12,38.228084564208984,2.1280946731567383,4,False
370,detail,3,0.9,27,6,36.68351745605469,1.5292649269104004,3,False
370,detail,3,0.8,30,12,36.30119705200195,1.6794319152832031,3,False
370,detail,3,0.7,31,22,35.862144470214844,1.9627585411071777,2,False
370,detail,3,0.6,31,28,34.213253021240234,1.5881307125091553,2,False
371,coarse,1,0.3,36,26,27.88127326965332,,,True
371,coarse,2,0.3,66,10,32.1679573059082,,,True
371,coarse,3,0.4,16,0,34.45208740234375,,,True
371,detail,1,1.0,67,25,36.2134895324707,1.8318302631378174,4,False
371,detail,1,0.9,71,32,32.8657341003418,2.0469887256622314,3,False
371,detail,1,0.8,71,41,28.986967086791992,2.3702523708343506,3,False
371,detail,1,0.7,73,47,28.975873947143555,2.6676199436187744,2,False
371,detail,1,0.6,73,55,28.65416145324707,2.58544921875,2,True
371,detail,2,1.0,119,12,38.65548324584961,1.5269935131072998,4,False
371,detail,2,0.9,119,21,38.546470642089844,1.751023530960083,3,False
371,detail,2,0.8,122,27,37.92057800292969,1.3190484046936035,3,False
371,detail,2,0.7,121,36,38.317527770996094,1.9833636283874512,2,False
371,detail,2,0.6,131,48,37.671722412109375,1.086174488067627,2,False
371,detail,3,1.0,33,12,39.00117111206055,2.0627388954162598,4,False
371,detail,3,0.9,27,6,37.430458068847656,1.5507702827453613,3,False
371,detail,3,0.8,30,12,37.08511734008789,1.6793804168701172,3,False
371,detail,3,0.7,31,22,36.61503601074219,1.9638948440551758,2,False
371,detail,3,0.6,31,28,34.99081039428711,1.5790183544158936,2,False
372,coarse,1,0.3,36,26,28.404464721679688,,,True
372,coarse,2,0.3,66,10,32.60797882080078,,,True
372,coarse,3,0.4,16,0,34.712894439697266,,,True
372,detail,1,1.0,67,25,36.7130012512207,1.8481860160827637,4,False
372,detail,1,0.9,71,32,33.302947998046875,2.0692226886749268,3,False
372,detail,1,0.8,71,41,29.500900268554688,2.3858585357666016,3,False
372,detail,1,0.7,73,47,29.232561111450195,2.681105375289917,2,False
372,detail,1,0.6,73,55,29.155977249145508,2.574855327606201,2,True
372,detail,2,1.0,119,12,39.412925720214844,1.5022876262664795,4,False
372,detail,2,0.9,119,21,39.34474563598633,1.7272837162017822,3,False
372,detail,2,0.8,122,27,38.59130096435547,1.299001693725586,3,False
372,detail,2,0.7,121,36,39.13024139404297,1.9559118747711182,2,False
372,detail,2,0.6,131,48,38.37184524536133,1.059211254119873,2,False
372,detail,3,1.0,33,12,39.24470520019531,2.063809871673584,4,False
372,detail,3,0.9,30,6,37.941650390625,1.7668015956878662,3,False
372,detail,3,0.8,30,12,37.512542724609375,1.665010690689087,3,False
372,detail,3,0.7,33,36,37.06044006347656,2.689873218536377,2,False
372,detail,3,0.6,31,28,35.58031463623047,1.5609943866729736,2,False
373,coarse,1,0.3,36,26,28.151409149169922,,,True
373,coarse,2,0.3,66,10,32.87358856201172,,,True
373,coarse,3,0.4,16,0,35.189945220947266,,,True
373,detail,1,1.0,67,25,36.86661911010742,1.2429044246673584,4,False
373,detail,1,0.9,71,32,32.872093200683594,1.5286197662353516,3,False
373,detail,1,0.8,71,41,29.37587547302246,1.863530158996582,3,False
373,detail,1,0.7,73,47,28.749216079711914,2.2354063987731934,2,True
373,detail,1,0.6,73,55,28.785354614257812,1.9695699214935303,2,False
373,detail,2,0.9,119,21,39.58262252807617,1.4064815044403076,3,False
373,detail,2,0.8,122,27,38.900474548339844,1.2363178730010986,3,False
373,detail,2,0.7,121,34,39.233848571777344,1.5961036682128906,2,False
373,detail,2,0.6,131,44,35.44581985473633,1.0171537399291992,2,False
373,detail,3,1.0,33,12,39.62923812866211,1.6912972927093506,4,False
373,detail,3,0.9,27,6,38.419334411621094,1.7379519939422607,3,False
373,detail,3,0.8,30,12,37.9936408996582,1.9778289794921875,3,False
373,detail,3,0.7,33,36,37.146766662597656,2.275921583175659,2,False
373,detail,3,0.6,33,28,35.92703628540039,2.047555685043335,2,False
374,coarse,1,0.3,36,26,28.24275016784668,,,True
374,coarse,2,0.3,66,10,32.92579650878906,,,True
374,coarse,3,0.4,16,0,35.18996047973633,,,True
374,detail,1,1.0,71,29,36.93212127685547,1.2956328392028809,4,False
374,detail,1,0.9,71,32,32.83758544921875,1.516301155090332,3,False
374,detail,1,0.8,71,41,29.370891571044922,1.8485469818115234,3,False
374,detail,1,0.7,73,47,28.65703010559082,2.218773365020752,2,True
374,detail,1,0.6,73,55,28.8077335357666,1.9502785205841064,2,False
374,detail,2,0.9,119,21,39.66693878173828,1.4120185375213623,3,False
374,detail,2,0.8,122,27,38.92109680175781,1.2452528476715088,3,False
374,detail,2,0.7,121,34,39.212284088134766,1.5979676246643066,2,False
374,detail,2,0.6,131,44,35.549774169921875,1.020744800567627,2,False
374,detail,3,1.0,33,12,39.62624740600586,1.6847870349884033,4,False
374,detail,3,0.9,30,6,38.458641052246094,1.9417829513549805,3,False
374,detail,3,0.8,30,12,38.033058166503906,1.958277702331543,3,False
374,detail,3,0.7,33,36,37.14540100097656,2.2633111476898193,2,False
374,detail,3,0.6,33,28,35.95786666870117,2.0210702419281006,2,False
375,coarse,1,0.4,36,20,28.14032745361328,,,True
375,coarse,2,0.3,66,10,32.93701171875,,,True
375,coarse,3,0.4,16,0,35.24043273925781,,,True
375,detail,1,1.0,69,29,35.156463623046875,1.286698579788208,4,False
375,detail,1,0.9,70,32,31.919118881225586,1.5119202136993408,3,False
375,detail,1,0.8,70,41,31.17791175842285,1.7524759769439697,3,False
375,detail,1,0.7,73,47,28.618425369262695,2.2172188758850098,2,True
375,detail,1,0.6,73,55,28.876392364501953,1.9482395648956299,2,False
375,detail,2,0.9,119,21,39.749420166015625,1.3784584999084473,3,False
375,detail,2,0.8,122,27,38.90842819213867,1.2050204277038574,3,False
375,detail,2,0.7,121,34,39.24173355102539,1.563894510269165,2,False
375,detail,2,0.6,131,44,35.525577545166016,1.0319938659667969,2,False
375,detail,3,1.0,33,12,39.68513488769531,1.6485114097595215,4,False
375,detail,3,0.9,30,6,38.51725387573242,1.948413610458374,3,False
375,detail,3,0.8,33,27,38.00462341308594,1.921586036682129,3,False
375,detail,3,0.7,33,36,37.2137565612793,2.252365827560425,2,False
375,detail,3,0.6,33,28,36.030338287353516,2.0097692012786865,2,False
376,coarse,1,0.4,36,20,27.929424285888672,,,True
376,coarse,2,0.3,66,10,32.41175079345703,,,True
376,coarse,3,0.4,16,0,35.06216049194336,,,True
376,detail,1,1.0,69,29,34.99995803833008,1.3090968132019043,4,False
376,detail,1,0.9,70,32,31.692495346069336,1.508718490600586,3,False
376,detail,1,0.8,70,41,31.204444885253906,1.7478690147399902,3,False
376,detail,1,0.7,73,47,28.461225509643555,2.201733112335205,2,True
376,detail,1,0.6,73,55,28.83053970336914,1.8896241188049316,2,False
376,detail,2,0.9,119,21,39.69091033935547,1.3618125915527344,3,False
376,detail,2,0.8,122,27,38.690006256103516,1.1850261688232422,3,False
376,detail,2,0.7,121,34,39.164608001708984,1.5502805709838867,2,False
376,detail,2,0.6,131,44,35.315956115722656,1.0045356750488281,2,False
376,detail,3,1.0,33,12,39.54747772216797,1.6295242309570312,4,False
376,detail,3,0.9,30,6,38.3564338684082,1.9505693912506104,3,False
376,detail,3,0.8,33,27,37.78419876098633,1.9044780731201172,3,False
376,detail,3,0.7,33,36,37.15388488769531,2.2344970703125,2,False
376,detail,3,0.6,33,28,35.74997329711914,1.9711949825286865,2,False
377,coarse,1,0.4,36,20,27.788360595703125,,,True
377,coarse,2,0.3,66,10,32.65143585205078,,,True
377,coarse,3,0.4,16,0,35.045509338378906,,,True
377,detail,1,1.0,69,25,35.15577697753906,1.295121431350708,4,False
377,detail,1,0.9,70,32,31.821834564208984,1.5247352123260498,3,False
377,detail,1,0.8,70,41,31.651187896728516,1.7121944427490234,3,False
377,detail,1,0.7,73,47,28.451831817626953,2.1221115589141846,2,True
377,detail,1,0.6,73,55,29.100244522094727,1.7969486713409424,2,False
377,detail,2,0.9,119,21,39.86392593383789,1.3927631378173828,3,False
377,detail,2,0.8,122,27,38.840152740478516,1.2179112434387207,3,False
377,detail,2,0.7,123,34,39.31364059448242,1.2656259536743164,2,False
377,detail,2,0.6,131,44,35.770145416259766,0.9982285499572754,2,False
377,detail,3,1.0,33,12,39.58386993408203,1.6872496604919434,4,False
377,detail,3,0.9,30,6,38.345008850097656,1.912853717803955,3,False
377,detail,3,0.8,33,27,37.764625549316406,1.9370520114898682,3,False
377,detail,3,0.7,33,36,37.20530700683594,2.283994674682617,2,False
377,detail,3,0.6,33,28,35.689796447753906,1.9653255939483643,2,False
378,coarse,1,0.4,36,20,27.695110321044922,,,True
378,coarse,2,0.3,66,10,32.50111770629883,,,True
378,coarse,3,0.4,16,0,34.97739791870117,,,True
378,detail,1,1.0,69,29,35.09596252441406,1.389704942703247,4,False
378,detail,1,0.9,70,32,31.832393646240234,1.615675687789917,3,False
378,detail,1,0.8,70,41,31.78736686706543,1.8139944076538086,3,False
378,detail,1,0.7,73,47,28.458721160888672,2.2404417991638184,2,True
378,detail,1,0.6,73,55,29.112918853759766,1.8047077655792236,2,False
378,detail,2,0.9,119,21,39.91429138183594,1.4015514850616455,3,False
378,detail,2,0.8,122,27,38.716983795166016,1.2702274322509766,3,False
378,detail,2,0.7,123,34,39.165016174316406,1.3164596557617188,2,False
378,detail,2,0.6,131,44,35.67850112915039,0.9981837272644043,2,False
378,detail,3,1.0,33,12,39.486488342285156,1.6936595439910889,4,False
378,detail,3,0.9,30,6,38.156517028808594,1.9172906875610352,3,False
378,detail,3,0.8,33,27,37.64701843261719,1.9450163841247559,3,False
378,detail,3,0.7,33,36,37.11077880859375,2.286119222640991,2,False
378,detail,3,0.6,33,28,35.4379997253418,1.9580023288726807,2,False
379,coarse,1,0.4,36,20,27.496795654296875,,,True
379,coarse,2,0.3,66,10,32.52544403076172,,,True
379,coarse,3,0.4,16,0,34.86945724487305,,,True
379,detail,1,1.0,69,25,34.99209213256836,1.3871328830718994,4,False
379,detail,1,0.9,70,32,31.68677520751953,1.6223185062408447,3,False
379,detail,1,0.8,70,38,31.8262996673584,1.703747034072876,3,False
379,detail,1,0.7,73,47,28.45826530456543,2.2057945728302,2,True
379,detail,1,0.6,73,55,29.02355194091797,1.7446990013122559,2,False
379,detail,2,0.9,119,21,39.868167877197266,1.415041446685791,3,False
379,detail,2,0.8,122,27,38.633338928222656,1.2420477867126465,3,False
379,detail,2,0.7,123,34,39.059635162353516,1.2967338562011719,2,False
379,detail,2,0.6,131,44,35.669586181640625,0.9949781894683838,2,False
379,detail,3,1.0,33,12,39.46152114868164,1.6856598854064941,4,False
379,detail,3,0.9,30,6,38.106571197509766,1.8870913982391357,3,False
379,detail,3,0.8,30,12,37.589515686035156,1.879225254058838,3,False
379,detail,3,0.7,31,20,37.1029167175293,1.8203115463256836,2,False
379,detail,3,0.6,33,28,35.52088165283203,1.9035894870758057,2,False
380,coarse,1,0.4,36,20,27.497037887573242,,,True
380,coarse,2,0.3,66,10,32.59147262573242,,,True
380,coarse,3,0.4,16,0,34.95709228515625,,,True
380,detail,1,1.0,69,25,35.040061950683594,1.3376121520996094,4,False
380,detail,1,0.9,70,32,31.82002067565918,1.5743467807769775,3,False
380,detail,1,0.8,73,41,31.828248977661133,1.737755537033081,3,False
380,detail,1,0.7,73,47,28.559410095214844,2.114021062850952,2,True
380,detail,1,0.6,73,55,29.459918975830078,1.7549159526824951,2,False
380,detail,2,0.9,119,18,39.926570892333984,1.3784513473510742,3,False
380,detail,2,0.8,122,27,38.65013122558594,1.3051235675811768,3,False
380,detail,2,0.7,123,34,39.065887451171875,1.3459689617156982,2,False
380,detail,2,0.6,131,44,35.83784103393555,1.0615050792694092,2,False
380,detail,3,1.0,33,12,39.33024597167969,1.7604079246520996,4,False
380,detail,3,0.9,30,6,38.16151428222656,1.8935902118682861,3,False
380,detail,3,0.8,33,27,37.437599182128906,2.0115585327148438,3,False
380,detail,3,0.7,31,20,37.19392013549805,1.9220561981201172,2,False
380,detail,3,0.6,33,28,35.551246643066406,2.095644474029541,2,False
381,coarse,1,0.4,36,20,27.396831512451172,,,True
381,coarse,2,0.3,66,10,32.78087615966797,,,True
381,coarse,3,0.4,16,0,35.04329299926758,,,True
381,detail,1,1.0,69,25,35.23004150390625,1.2184181213378906,4,False
381,detail,1,0.9,70,32,32.05388259887695,1.4402198791503906,3,False
381,detail,1,0.8,73,41,31.714778900146484,1.6185286045074463,3,False
381,detail,1,0.7,73,47,28.590576171875,1.9436233043670654,2,True
381,detail,1,0.6,73,55,29.549692153930664,1.6731326580047607,2,False
381,detail,2,0.9,122,21,39.77386474609375,1.3116405010223389,3,False
381,detail,2,0.8,122,27,38.90163040161133,1.4042398929595947,3,False
381,detail,2,0.7,123,34,39.187374114990234,1.4894156455993652,2,False
381,detail,2,0.6,131,44,36.201087951660156,0.9951534271240234,2,False
381,detail,3,1.0,33,12,39.44301223754883,1.4906964302062988,4,False
381,detail,3,0.9,30,6,38.28725051879883,1.9494898319244385,3,False
381,detail,3,0.8,33,27,37.3652458190918,1.672999382019043,3,False
381,detail,3,0.7,31,20,37.335079193115234,1.9259066581726074,2,False
381,detail,3,0.6,33,28,35.69091033935547,2.0983846187591553,2,False
382,coarse,1,0.4,36,20,27.2769718170166,,,True
382,coarse,2,0.3,66,10,32.43168640136719,,,True
382,coarse,3,0.4,16,0,35.00048828125,,,True
382,detail,1,1.0,69,25,35.09919357299805,1.2447471618652344,4,False
382,detail,1,0.9,70,32,31.96443748474121,1.4714200496673584,3,False
382,detail,1,0.8,73,41,31.605600357055664,1.677356243133545,3,False
382,detail,1,0.7,73,47,28.405330657958984,1.9796497821807861,2,True
382,detail,1,0.6,73,55,29.46430015563965,1.6659762859344482,2,False
382,detail,2,0.9,119,18,39.830078125,1.2645280361175537,3,False
382,detail,2,0.8,122,27,38.614070892333984,1.3141729831695557,3,False
382,detail,2,0.7,123,34,38.999664306640625,1.4013175964355469,2,False
382,detail,2,0.6,131,44,36.086307525634766,0.9784255027770996,2,False
382,detail,3,1.0,33,12,39.36362838745117,1.487701654434204,4,False
382,detail,3,0.9,30,6,38.221923828125,1.9506781101226807,3,False
382,detail,3,0.8,33,27,37.3848876953125,1.6729538440704346,3,False
382,detail,3,0.7,31,20,37.2348747253418,2.017458915710449,2,False
382,detail,3,0.6,33,28,35.67184829711914,2.1396942138671875,2,False
383,coarse,1,0.4,36,20,27.271434783935547,,,True
383,coarse,2,0.3,66,10,32.48125076293945,,,True
383,coarse,3,0.4,16,0,34.959224700927734,,,True
383,detail,1,1.0,69,25,35.21690368652344,1.2083179950714111,4,False
383,detail,1,0.9,70,32,32.03452682495117,1.4201860427856445,3,False
383,detail,1,0.8,73,41,31.535320281982422,1.655510425567627,3,False
383,detail,1,0.7,73,47,28.497150421142578,1.9375176429748535,2,True
383,detail,1,0.6,73,55,29.60407257080078,1.6046645641326904,2,False
383,detail,2,0.9,119,18,39.89021301269531,1.2925097942352295,3,False
383,detail,2,0.8,122,27,38.64746856689453,1.32588791847229,3,False
383,detail,2,0.7,123,34,39.03788375854492,1.4152348041534424,2,False
383,detail,2,0.6,131,44,36.069358825683594,0.9788742065429688,2,False
383,detail,3,1.0,33,12,39.31795883178711,1.4443776607513428,4,False
383,detail,3,0.9,30,6,38.18156051635742,1.9797890186309814,3,False
383,detail,3,0.8,33,27,37.23717498779297,1.6257469654083252,3,False
383,detail,3,0.7,31,20,37.18594741821289,2.0142030715942383,2,False
383,detail,3,0.6,33,28,35.6124382019043,2.1283860206604004,2,False
384,coarse,1,0.4,36,20,27.810117721557617,,,True
384,coarse,2,0.3,66,10,32.882545471191406,,,True
384,coarse,3,0.4,16,0,35.144737243652344,,,True
384,detail,1,1.0,69,25,35.594749450683594,1.2466683387756348,4,False
384,detail,1,0.9,70,32,32.487979888916016,1.4352085590362549,3,False
384,detail,1,0.8,73,41,31.887226104736328,1.722437858581543,3,False
384,detail,1,0.7,73,47,29.098482131958008,1.9301908016204834,2,True
384,detail,1,0.6,75,55,30.044111251831055,2.0977468490600586,2,False
384,detail,2,0.9,119,18,40.46830749511719,1.3148481845855713,3,False
384,detail,2,0.8,122,27,39.171207427978516,1.3453667163848877,3,False
384,detail,2,0.7,123,34,39.55372619628906,1.4272480010986328,2,False
384,detail,2,0.6,131,44,36.329463958740234,0.9962849617004395,2,False
384,detail,3,1.0,33,12,39.57810592651367,1.4735832214355469,4,False
384,detail,3,0.9,30,6,38.29890060424805,1.9455146789550781,3,False
384,detail,3,0.8,33,27,37.4272346496582,1.5834269523620605,3,False
384,detail,3,0.7,31,20,37.397483825683594,1.9883477687835693,2,False
384,detail,3,0.6,33,28,35.78409194946289,2.1066226959228516,2,False
385,coarse,1,0.4,36,20,28.3232364654541,,,True
385,coarse,2,0.3,66,10,33.52570724487305,,,True
385,coarse,3,0.4,16,0,35.698856353759766,,,True
385,detail,1,1.0,69,25,36.232486724853516,1.2718844413757324,4,False
385,detail,1,0.9,70,32,33.249549865722656,1.3825368881225586,3,False
385,detail,1,0.8,73,41,32.25629806518555,1.692681074142456,3,False
385,detail,1,0.7,73,47,29.596343994140625,1.9146034717559814,2,True
385,detail,1,0.6,75,55,30.479394912719727,2.033855438232422,2,False
385,detail,2,0.9,119,21,41.35913848876953,1.2573323249816895,3,False
385,detail,2,0.8,122,27,39.58754348754883,1.1959457397460938,3,False
385,detail,2,0.7,123,34,39.78099060058594,1.2647194862365723,2,False
385,detail,2,0.6,123,42,40.689300537109375,1.5234439373016357,2,False
385,detail,3,1.0,33,12,40.08050537109375,1.6745808124542236,4,False
385,detail,3,0.9,30,6,38.82164001464844,1.8048620223999023,3,False
385,detail,3,0.8,33,27,37.81796646118164,1.8792741298675537,3,False
385,detail,3,0.7,33,36,37.90545654296875,2.1386961936950684,2,False
385,detail,3,0.6,33,28,36.2794189453125,2.0025248527526855,2,False
386,coarse,1,0.4,36,20,28.3232364654541,,,True
386,coarse,2,0.3,66,10,33.52570724487305,,,True
386,coarse,3,0.4,16,0,35.698856353759766,,,True
386,detail,1,1.0,69,25,36.232486724853516,1.2718844413757324,4,False
386,detail,1,0.9,70,32,33.249549865722656,1.3825368881225586,3,False
386,detail,1,0.8,73,41,32.25629806518555,1.692681074142456,3,False
386,detail,1,0.7,73,47,29.596343994140625,1.9146034717559814,2,True
386,detail,1,0.6,75,55,30.479394912719727,2.033855438232422,2,False
386,detail,2,0.9,119,21,41.35913848876953,1.2573323249816895,3,False
386,detail,2,0.8,122,27,39.58754348754883,1.1959457397460938,3,False
386,detail,2,0.7,123,34,39.78099060058594,1.2647194862365723,2,False
386,detail,2,0.6,123,42,40.689300537109375,1.5234439373016357,2,False
386,detail,3,1.0,33,12,40.08050537109375,1.6745808124542236,4,False
386,detail,3,0.9,30,6,38.82164001464844,1.8048620223999023,3,False
386,detail,3,0.8,33,27,37.81796646118164,1.8792741298675537,3,False
386,detail,3,0.7,33,36,37.90545654296875,2.1386961936950684,2,False
386,detail,3,0.6,33,28,36.2794189453125,2.0025248527526855,2,False
387,coarse,1,0.4,36,20,28.300952911376953,,,True
387,coarse,2,0.3,66,10,33.52570724487305,,,True
387,coarse,3,0.4,16,0,35.697689056396484,,,True
387,detail,1,1.0,69,25,36.18352127075195,1.2746930122375488,4,False
387,detail,1,0.9,70,32,33.22372817993164,1.3845133781433105,3,False
387,detail,1,0.8,73,41,32.217124938964844,1.6951878070831299,3,False
387,detail,1,0.7,73,47,29.596343994140625,1.9146034717559814,2,True
387,detail,1,0.6,75,55,30.479394912719727,2.033855438232422,2,False
387,detail,2,0.9,119,21,41.291473388671875,1.2613306045532227,3,False
387,detail,2,0.8,122,27,39.53662109375,1.2006874084472656,3,False
387,detail,2,0.7,123,34,39.74982833862305,1.26796293258667,2,False
387,detail,2,0.6,123,42,40.6715202331543,1.524639368057251,2,False
387,detail,3,1.0,33,12,40.06401062011719,1.6700284481048584,4,False
387,detail,3,0.9,30,6,38.80811309814453,1.80818510055542,3,False
387,detail,3,0.8,33,27,37.805416107177734,1.8755953311920166,3,False
387,detail,3,0.7,33,36,37.90571212768555,2.1407246589660645,2,False
387,detail,3,0.6,33,28,36.260379791259766,2.0042061805725098,2,False
388,coarse,1,0.4,36,20,28.137557983398438,,,True
388,coarse,2,0.3,66,10,32.99704360961914,,,True
388,coarse,3,0.4,16,0,35.3586311340332,,,True
388,detail,1,1.0,69,25,35.997047424316406,1.288938283920288,4,False
388,detail,1,0.9,70,32,33.0384635925293,1.3938641548156738,3,False
388,detail,1,0.8,73,41,32.01686477661133,1.7105278968811035,3,False
388,detail,1,0.7,73,47,29.442712783813477,1.897859811782837,2,True
388,detail,1,0.6,75,55,30.41855239868164,2.0126543045043945,2,False
388,detail,2,0.9,119,21,41.099281311035156,1.2379839420318604,3,False
388,detail,2,0.8,122,30,41.27299118041992,1.2087807655334473,3,False
388,detail,2,0.7,123,34,39.475650787353516,1.1741504669189453,2,False
388,detail,2,0.6,123,42,40.43061828613281,1.4296927452087402,2,False
388,detail,3,1.0,33,12,39.762840270996094,1.6545195579528809,4,False
388,detail,3,0.9,30,6,38.44659423828125,1.7804458141326904,3,False
388,detail,3,0.8,33,27,37.44136428833008,1.8537015914916992,3,False
388,detail,3,0.7,31,20,37.49198532104492,1.8039429187774658,2,False
388,detail,3,0.6,33,28,35.875328063964844,1.9511725902557373,2,False
389,coarse,1,0.4,36,20,27.294649124145508,,,True
389,coarse,2,0.3,66,10,32.047088623046875,,,True
389,coarse,3,0.4,16,0,34.41566467285156,,,True
389,detail,1,1.0,69,25,34.997737884521484,1.2901678085327148,4,False
389,detail,1,0.9,70,32,32.0855598449707,1.394827127456665,3,False
389,detail,1,0.8,73,41,31.219236373901367,1.728041172027588,3,False
389,detail,1,0.7,73,47,28.75636100769043,1.9126839637756348,2,True
389,detail,1,0.6,73,53,29.90237808227539,1.6508510112762451,2,False
389,detail,2,0.9,119,21,39.872798919677734,1.2614381313323975,3,False
389,detail,2,0.8,122,27,38.08839797973633,1.206589698791504,3,False
389,detail,2,0.7,123,34,38.1610221862793,1.2627828121185303,2,False
389,detail,2,0.6,123,42,39.403770446777344,1.5164103507995605,2,False
389,detail,3,1.0,33,12,38.86149597167969,1.7200875282287598,4,False
389,detail,3,0.9,30,6,37.64280319213867,1.7182979583740234,3,False
389,detail,3,0.8,33,27,36.72029113769531,1.8993468284606934,3,False
389,detail,3,0.7,31,20,36.69204330444336,1.7633566856384277,2,False
389,detail,3,0.6,33,28,35.211326599121094,1.958867073059082,2,False
390,coarse,1,0.4,36,20,27.309795379638672,,,True
390,coarse,2,0.3,66,10,32.08700942993164,,,True
390,coarse,3,0.4,16,0,34.621036529541016,,,True
390,detail,1,1.0,69,25,34.98295974731445,1.2481470108032227,4,False
390,detail,1,0.9,70,32,32.11373519897461,1.351186990737915,3,False
390,detail,1,0.8,73,38,31.171958923339844,1.5143399238586426,3,False
390,detail,1,0.7,73,47,28.846223831176758,1.8439831733703613,2,True
390,detail,1,0.6,73,53,29.904111862182617,1.7424230575561523,2,False
390,detail,2,0.9,119,18,39.24725341796875,1.269371509552002,3,False
390,detail,2,0.8,122,27,38.172645568847656,1.329115867614746,3,False
390,detail,2,0.7,123,34,38.1780891418457,1.39839506149292,2,False
390,detail,2,0.6,123,42,39.62043762207031,1.6629540920257568,2,False
390,detail,3,1.0,33,12,38.96003723144531,1.7561981678009033,4,False
390,detail,3,0.9,30,6,37.85795211791992,1.665449857711792,3,False
390,detail,3,0.8,33,27,36.75163269042969,1.9247632026672363,3,False
390,detail,3,0.7,31,20,36.8128776550293,1.6344738006591797,2,False
390,detail,3,0.6,33,28,35.43022537231445,2.0589537620544434,2,False
391,coarse,1,0.4,36,20,26.549427032470703,,,True
391,coarse,2,0.3,66,10,31.688161849975586,,,True
391,coarse,3,0.4,16,0,33.96287155151367,,,True
391,detail,1,1.0,69,25,34.20880889892578,1.4090688228607178,4,False
391,detail,1,0.9,70,32,31.371562957763672,1.5209543704986572,3,False
391,detail,1,0.8,73,38,30.243621826171875,1.6722912788391113,3,False
391,detail,1,0.7,73,47,27.953292846679688,1.9654619693756104,2,True
391,detail,1,0.6,73,53,29.090333938598633,1.7654187679290771,2,False
391,detail,2,0.9,119,18,38.89366912841797,1.2864251136779785,3,False
391,detail,2,0.8,122,27,37.86494445800781,1.3570971488952637,3,False
391,detail,2,0.7,123,34,37.78755187988281,1.403151273727417,2,False
391,detail,2,0.6,123,42,39.37403869628906,1.6622676849365234,2,False
391,detail,3,1.0,33,12,38.504642486572266,1.7791883945465088,4,False
391,detail,3,0.9,30,6,37.11326217651367,1.7300455570220947,3,False
391,detail,3,0.8,33,27,36.19414520263672,1.934065818786621,3,False
391,detail,3,0.7,31,20,36.163639068603516,1.6308784484863281,2,False
391,detail,3,0.6,33,28,34.73207473754883,1.955399990081787,2,False
392,coarse,1,0.4,36,20,27.103458404541016,,,True
392,coarse,2,0.3,66,20,32.2075309753418,,,True
392,coarse,3,0.4,16,0,34.87187194824219,,,True
392,detail,1,1.0,69,25,34.62856674194336,1.3943994045257568,4,False
392,detail,1,0.9,70,32,31.90972137451172,1.5046226978302002,3,False
392,detail,1,0.8,73,38,30.463077545166016,1.667954921722412,3,False
392,detail,1,0.7,73,47,28.235206604003906,1.9407191276550293,2,True
392,detail,1,0.6,73,53,29.22730255126953,1.7243282794952393,2,False
392,detail,2,0.9,119,18,39.67859649658203,1.359764575958252,3,False
392,detail,2,0.8,122,27,38.66618728637695,1.3923535346984863,3,False
392,detail,2,0.7,123,33,39.06127166748047,1.3023045063018799,2,False
392,detail,2,0.6,125,67,39.161598205566406,1.2316186428070068,2,False
392,detail,3,1.0,33,12,39.18060302734375,1.843501329421997,4,False
392,detail,3,0.9,30,6,37.950897216796875,1.6801106929779053,3,False
392,detail,3,0.8,33,27,36.832275390625,2.0166432857513428,3,False
392,detail,3,0.7,31,20,36.9942741394043,1.6075851917266846,2,False
392,detail,3,0.6,33,28,35.50516891479492,1.957733392715454,2,False
393,coarse,1,0.4,36,20,27.82655143737793,,,True
393,coarse,2,0.4,66,10,35.28707504272461,,,True
393,detail,1,1.0,69,25,35.273094177246094,1.4161908626556396,4,False
393,detail,1,0.9,70,32,32.47566604614258,1.5308666229248047,3,False
393,detail,1,0.8,73,38,30.886526107788086,1.687591314315796,3,False
393,detail,1,0.7,73,47,28.93653106689453,1.9751806259155273,2,True
393,detail,1,0.6,75,53,29.611055374145508,2.146055221557617,2,False
393,detail,2,0.9,120,18,39.65770721435547,1.3388302326202393,3,False
393,detail,2,0.8,120,27,40.771812438964844,1.5309805870056152,3,False
393,detail,2,0.7,122,33,39.80886459350586,1.3794398307800293,2,False
393,detail,2,0.6,124,41,40.85186004638672,1.2735698223114014,2,False
394,coarse,1,0.4,36,20,29.063636779785156,,,True
394,coarse,2,0.4,68,12,36.3590087890625,,,True
394,detail,1,1.0,69,25,36.53007507324219,1.429720401763916,4,False
394,detail,1,0.9,70,32,33.90773391723633,1.5387217998504639,3,False
394,detail,1,0.8,73,38,31.803003311157227,1.700922966003418,3,False
394,detail,1,0.7,73,47,30.003171920776367,1.965608835220337,2,True
394,detail,1,0.6,75,53,30.43182945251465,2.127399444580078,2,False
394,detail,2,0.9,120,19,41.13172912597656,1.412362813949585,3,False
394,detail,2,0.8,120,25,41.865055084228516,1.4749255180358887,3,False
394,detail,2,0.7,122,33,41.176422119140625,1.459806203842163,2,False
394,detail,2,0.6,124,41,42.17154312133789,1.293816089630127,2,False
395,coarse,1,0.4,36,20,29.461334228515625,,,True
395,coarse,2,0.4,68,12,36.560813903808594,,,True
395,detail,1,1.0,69,25,36.674861907958984,1.4162323474884033,4,False
395,detail,1,0.9,70,32,34.13813400268555,1.5328254699707031,3,False
395,detail,1,0.8,73,38,32.01982879638672,1.6986510753631592,3,False
395,detail,1,0.7,73,47,30.354061126708984,1.9618499279022217,2,True
395,detail,1,0.6,75,53,30.653350830078125,2.1255650520324707,2,False
395,detail,2,0.9,120,19,41.4410285949707,1.3770644664764404,3,False
395,detail,2,0.8,120,25,42.09270095825195,1.455538272857666,3,False
395,detail,2,0.7,122,33,41.35149002075195,1.4594333171844482,2,False
395,detail,2,0.6,124,41,42.48064041137695,1.2897913455963135,2,False
396,coarse,1,0.4,36,20,29.60120391845703,,,True
396,coarse,2,0.4,68,12,36.78951644897461,,,True
396,detail,1,1.0,69,25,36.92038345336914,1.4143345355987549,4,False
396,detail,1,0.9,70,32,34.45565414428711,1.5294184684753418,3,False
396,detail,1,0.8,73,38,32.184486389160156,1.700474739074707,3,False
396,detail,1,0.7,73,47,30.504419326782227,1.8687090873718262,2,True
396,detail,1,0.6,75,53,30.623123168945312,2.005927085876465,2,False
396,detail,2,0.9,120,19,41.529850006103516,1.4281384944915771,3,False
396,detail,2,0.8,120,25,42.06831741333008,1.5134387016296387,3,False
396,detail,2,0.7,122,33,41.392032623291016,1.509406328201294,2,False
396,detail,2,0.6,124,41,42.63832473754883,1.3485755920410156,2,False
397,coarse,1,0.4,36,20,30.3597354888916,,,True
397,coarse,2,0.3,66,20,34.91397476196289,,,True
397,detail,1,1.0,69,25,37.30295181274414,1.464576005935669,4,False
397,detail,1,0.9,70,29,34.67863464355469,1.5950164794921875,3,False
397,detail,1,0.8,73,38,32.419307708740234,1.8229546546936035,3,False
397,detail,1,0.7,73,47,31.134899139404297,1.7826180458068848,2,False
397,detail,1,0.6,75,53,31.094234466552734,1.9247596263885498,2,True
397,detail,2,0.9,119,18,42.263671875,1.1934638023376465,3,False
397,detail,2,0.8,122,24,41.620361328125,1.2586498260498047,3,False
397,detail,2,0.7,123,33,41.22391891479492,1.361553430557251,2,False
397,detail,2,0.6,123,41,42.273681640625,1.6246120929718018,2,False
398,coarse,1,0.4,36,20,29.556745529174805,,,True
398,coarse,2,0.3,66,20,33.863067626953125,,,True
398,coarse,3,0.4,16,0,36.5480842590332,,,True
398,detail,1,1.0,69,25,36.28498840332031,1.485391616821289,4,False
398,detail,1,0.9,70,29,33.5787353515625,1.6267609596252441,3,False
398,detail,1,0.8,73,38,31.632638931274414,1.8529253005981445,3,False
398,detail,1,0.7,73,47,30.40121078491211,1.8529398441314697,2,False
398,detail,1,0.6,75,53,30.37652587890625,1.9762780666351318,2,True
398,detail,2,0.9,119,18,41.31922912597656,1.1947035789489746,3,False
398,detail,2,0.8,122,24,40.57977294921875,1.2704296112060547,3,False
398,detail,2,0.7,123,33,40.13386154174805,1.372452735900879,2,False
398,detail,2,0.6,123,41,41.26639175415039,1.6312720775604248,2,False
398,detail,3,1.0,33,12,40.74925994873047,1.9124972820281982,4,False
398,detail,3,0.9,30,3,38.485225677490234,2.0422236919403076,3,False
398,detail,3,0.8,33,27,38.80424499511719,2.0885443687438965,3,False
398,detail,3,0.7,31,20,38.28601837158203,1.7451069355010986,2,False
398,detail,3,0.6,33,26,36.91362762451172,2.102872848510742,2,False
399,coarse,1,0.4,36,20,29.130094528198242,,,True
399,coarse,2,0.4,68,12,34.996639251708984,,,True
399,detail,1,1.0,69,25,35.68904113769531,1.4462575912475586,4,False
399,detail,1,0.9,70,29,33.02090835571289,1.5773041248321533,3,False
399,detail,1,0.8,73,38,31.077611923217773,1.803166151046753,3,False
399,detail,1,0.7,73,45,29.841785430908203,1.8238377571105957,2,False
399,detail,1,0.6,75,53,29.824857711791992,1.9492559432983398,2,True
399,detail,2,0.9,120,19,40.116065979003906,1.2894327640533447,3,False
399,detail,2,0.8,120,25,40.39530563354492,1.3652307987213135,3,False
399,detail,2,0.7,122,33,39.43230056762695,1.5505421161651611,2,False
399,detail,2,0.6,124,41,41.308738708496094,1.3588716983795166,2,False
400,coarse,1,0.4,36,20,28.7556209564209,,,True
400,coarse,2,0.4,68,12,34.47583770751953,,,True
400,detail,1,1.0,69,25,35.099029541015625,1.4529736042022705,4,False
400,detail,1,0.9,70,29,32.43674087524414,1.5879294872283936,3,False
400,detail,1,0.8,73,38,30.701440811157227,1.8334007263183594,3,False
400,detail,1,0.7,73,45,29.370542526245117,1.864513874053955,2,True
400,detail,1,0.6,75,53,29.462093353271484,2.0001752376556396,2,False
400,detail,2,0.9,120,19,39.8243522644043,1.3280763626098633,3,False
400,detail,2,0.8,123,25,39.237754821777344,1.115703821182251,3,False
400,detail,2,0.7,122,33,39.17031478881836,1.5780622959136963,2,False
400,detail,2,0.6,124,41,41.199527740478516,1.3847503662109375,2,False
401,coarse,1,0.4,36,20,28.863157272338867,,,True
401,coarse,2,0.4,68,12,34.726783752441406,,,True
401,detail,1,1.0,69,25,35.102420806884766,1.435795545578003,4,False
401,detail,1,0.9,70,29,32.30019760131836,1.5758395195007324,3,False
401,detail,1,0.8,73,38,30.649263381958008,1.8382925987243652,3,False
401,detail,1,0.7,73,45,29.050798416137695,1.8407223224639893,2,True
401,detail,1,0.6,75,53,29.3657169342041,2.0190701484680176,2,False
401,detail,2,0.9,120,19,40.02617263793945,1.3007640838623047,3,False
401,detail,2,0.8,120,25,40.29671096801758,1.3776233196258545,3,False
401,detail,2,0.7,122,33,39.2126350402832,1.559833288192749,2,False
401,detail,2,0.6,147,45,38.947811126708984,1.0556976795196533,2,False
402,coarse,1,0.4,36,20,29.499486923217773,,,True
402,coarse,2,0.4,68,12,35.326805114746094,,,True
402,detail,1,1.0,69,25,35.729248046875,1.4234027862548828,4,False
402,detail,1,0.9,70,29,32.94587707519531,1.535696029663086,3,False
402,detail,1,0.8,73,38,31.182720184326172,1.8188145160675049,3,False
402,detail,1,0.7,73,45,29.539844512939453,1.7986066341400146,2,True
402,detail,1,0.6,75,53,29.735023498535156,1.9729084968566895,2,False
402,detail,2,0.9,120,19,40.81759262084961,1.3128819465637207,3,False
402,detail,2,0.8,120,25,41.148193359375,1.3878417015075684,3,False
402,detail,2,0.7,122,33,40.069278717041016,1.5696892738342285,2,False
402,detail,2,0.6,147,45,39.84927749633789,0.983576774597168,2,False
403,coarse,1,0.4,36,20,29.58956527709961,,,True
403,coarse,2,0.4,68,12,35.53085708618164,,,True
403,detail,1,1.0,69,25,35.91388702392578,1.4382150173187256,4,False
403,detail,1,0.9,70,29,33.16096878051758,1.5432665348052979,3,False
403,detail,1,0.8,73,38,31.26443862915039,1.8273088932037354,3,False
403,detail,1,0.7,73,45,29.558731079101562,1.7913305759429932,2,True
403,detail,1,0.6,75,53,29.77263832092285,1.9893531799316406,2,False
403,detail,2,0.9,120,19,40.91838073730469,1.3074696063995361,3,False
403,detail,2,0.8,120,25,41.21855926513672,1.3745906352996826,3,False
403,detail,2,0.7,122,33,40.1287841796875,1.5353987216949463,2,False
403,detail,2,0.6,147,45,39.87688064575195,1.0610992908477783,2,False
404,coarse,1,0.4,36,20,29.821001052856445,,,True
404,coarse,2,0.4,68,12,35.593204498291016,,,True
404,detail,1,1.0,69,25,36.02897644042969,1.4533250331878662,4,False
404,detail,1,0.9,70,29,33.27810287475586,1.5591304302215576,3,False
404,detail,1,0.8,73,38,31.37392807006836,1.842106580734253,3,False
404,detail,1,0.7,73,45,29.834442138671875,1.8081085681915283,2,True
404,detail,1,0.6,75,53,29.886442184448242,2.0037713050842285,2,False
404,detail,2,0.9,120,19,40.930912017822266,1.305011510848999,3,False
404,detail,2,0.8,120,25,41.233131408691406,1.3718078136444092,3,False
404,detail,2,0.7,122,33,40.14629364013672,1.5292103290557861,2,False
404,detail,2,0.6,147,45,39.85665512084961,1.0624043941497803,2,False
405,coarse,1,0.4,36,20,29.78529930114746,,,True
405,coarse,2,0.4,68,12,35.39405822753906,,,True
405,detail,1,1.0,69,25,36.01420593261719,1.4634039402008057,4,False
405,detail,1,0.9,70,29,33.276309967041016,1.5708072185516357,3,False
405,detail,1,0.8,73,38,31.295387268066406,1.8451259136199951,3,False
405,detail,1,0.7,73,45,29.842546463012695,1.8130362033843994,2,False
405,detail,1,0.6,75,53,29.829042434692383,2.0098605155944824,2,True
405,detail,2,0.9,120,19,40.814239501953125,1.3218505382537842,3,False
405,detail,2,0.8,120,25,41.127681732177734,1.389024019241333,3,False
405,detail,2,0.7,122,33,40.025455474853516,1.5477588176727295,2,False
405,detail,2,0.6,147,45,39.67340850830078,1.0752928256988525,2,False
406,coarse,1,0.4,36,20,29.37519645690918,,,True
406,coarse,2,0.4,68,12,34.63616943359375,,,True
406,detail,1,1.0,69,25,35.56959533691406,1.4718172550201416,4,False
406,detail,1,0.9,70,29,32.83681869506836,1.579632043838501,3,False
406,detail,1,0.8,73,38,30.843772888183594,1.8629930019378662,3,False
406,detail,1,0.7,73,45,29.510805130004883,1.8289940357208252,2,False
406,detail,1,0.6,75,53,29.495500564575195,2.0347399711608887,2,True
406,detail,2,0.9,120,19,40.14109420776367,1.3393971920013428,3,False
406,detail,2,0.8,120,25,40.49961471557617,1.407240629196167,3,False
406,detail,2,0.7,122,33,39.38875961303711,1.565150499343872,2,False
406,detail,2,0.6,147,45,39.10234832763672,1.1002752780914307,2,False
407,coarse,1,0.4,36,20,28.826702117919922,,,True
407,coarse,2,0.4,68,12,33.97480010986328,,,True
407,coarse,3,0.4,16,0,35.07536697387695,,,True
407,detail,1,1.0,69,25,34.86628723144531,1.5027353763580322,4,False
407,detail,1,0.9,70,29,32.151954650878906,1.631068468093872,3,False
407,detail,1,0.8,73,38,30.301288604736328,1.9055836200714111,3,False
407,detail,1,0.7,73,45,29.051429748535156,1.8852038383483887,2,False
407,detail,1,0.6,75,53,28.98819923400879,2.089604139328003,2,True
407,detail,2,0.9,120,19,39.43310546875,1.3722255229949951,3,False
407,detail,2,0.8,123,25,38.79777908325195,1.150681972503662,3,False
407,detail,2,0.7,122,33,38.6944694519043,1.6049931049346924,2,False
407,detail,2,0.6,146,47,38.018619537353516,0.9886326789855957,2,False
407,detail,3,1.0,33,12,39.29628372192383,2.1121978759765625,4,False
407,detail,3,0.9,30,3,37.1701545715332,1.9722645282745361,3,False
407,detail,3,0.8,30,9,36.689632415771484,2.006150722503662,3,False
407,detail,3,0.7,31,18,37.00625991821289,1.8921165466308594,2,False
407,detail,3,0.6,33,26,35.30263137817383,2.073927164077759,2,False
408,coarse,1,0.4,36,20,28.747756958007812,,,True
408,coarse,2,0.4,68,12,33.84319305419922,,,True
408,coarse,3,0.4,16,0,34.92364501953125,,,True
408,detail,1,1.0,69,25,34.79069519042969,1.5004198551177979,4,False
408,detail,1,0.9,70,29,32.066558837890625,1.6273448467254639,3,False
408,detail,1,0.8,73,38,30.202302932739258,1.9047839641571045,3,False
408,detail,1,0.7,73,45,28.985210418701172,1.8850431442260742,2,False
408,detail,1,0.6,75,53,28.92028045654297,2.094970464706421,2,True
408,detail,2,0.9,120,19,39.247962951660156,1.2253053188323975,3,False
408,detail,2,0.8,120,25,39.62624740600586,1.3135840892791748,3,False
408,detail,2,0.7,122,33,38.437828063964844,1.4667963981628418,2,False
408,detail,2,0.6,146,47,37.77013397216797,0.9984498023986816,2,False
408,detail,3,1.0,33,12,39.272071838378906,2.1212399005889893,4,False
408,detail,3,0.9,30,3,36.98184585571289,1.9739458560943604,3,False
408,detail,3,0.8,30,9,36.50049591064453,2.0026204586029053,3,False
408,detail,3,0.7,31,18,36.81201171875,1.8885440826416016,2,False
408,detail,3,0.6,33,26,35.03679275512695,2.0687685012817383,2,False
409,coarse,1,0.4,36,20,28.161725997924805,,,True
409,coarse,2,0.3,66,20,31.98357391357422,,,True
409,detail,1,1.0,69,25,34.1024055480957,1.1627612113952637,4,False
409,detail,1,0.9,70,29,31.506908416748047,1.335308313369751,3,False
409,detail,1,0.8,73,38,29.708694458007812,1.616950511932373,3,False
409,detail,1,0.7,73,45,28.430036544799805,1.6727895736694336,2,True
409,detail,1,0.6,75,53,28.56718635559082,1.827446460723877,2,False
409,detail,2,0.8,119,42,42.67930221557617,1.1026575565338135,3,False
409,detail,2,0.7,121,33,39.40738296508789,1.1248829364776611,2,False
409,detail,2,0.6,123,41,39.22450637817383,1.1362640857696533,2,False
410,coarse,1,0.4,36,20,28.09721565246582,,,True
410,coarse,2,0.3,66,20,31.984638214111328,,,True
410,detail,1,1.0,69,25,33.897430419921875,1.1645421981811523,4,False
410,detail,1,0.9,70,29,31.283740997314453,1.3372585773468018,3,False
410,detail,1,0.8,73,38,29.728214263916016,1.6239233016967773,3,False
410,detail,1,0.7,73,45,28.277965545654297,1.6869888305664062,2,True
410,detail,1,0.6,75,53,28.599767684936523,1.8311681747436523,2,False
410,detail,2,0.8,119,42,42.68500518798828,1.0989391803741455,3,False
410,detail,2,0.7,121,33,39.33432388305664,1.1210792064666748,2,False
410,detail,2,0.6,123,41,39.282470703125,1.1290719509124756,2,False
411,coarse,1,0.4,36,20,28.70465087890625,,,True
411,coarse,2,0.3,66,20,32.37135696411133,,,True
411,detail,1,1.0,69,25,34.39682388305664,1.173208236694336,4,False
411,detail,1,0.9,70,29,31.703813552856445,1.3471665382385254,3,False
411,detail,1,0.8,73,38,30.38990592956543,1.6408441066741943,3,False
411,detail,1,0.7,73,45,28.548480987548828,1.6999516487121582,2,True
411,detail,1,0.6,75,53,29.060386657714844,1.8583590984344482,2,False
411,detail,2,0.7,121,33,39.698829650878906,1.059725284576416,2,False
411,detail,2,0.6,123,41,39.9384880065918,1.0403828620910645,2,False
412,coarse,1,0.4,36,18,28.953807830810547,,,True
412,coarse,2,0.4,68,12,34.14238357543945,,,True
412,detail,1,1.0,69,25,34.568206787109375,1.141296148300171,4,False
412,detail,1,0.9,70,29,31.817277908325195,1.3009281158447266,3,False
412,detail,1,0.8,73,38,30.907541275024414,1.5849754810333252,3,False
412,detail,1,0.7,73,45,28.692707061767578,1.6746745109558105,2,True
412,detail,1,0.6,75,53,29.351661682128906,1.807213544845581,2,False
412,detail,2,0.8,120,28,41.041961669921875,1.1473064422607422,3,False
412,detail,2,0.7,122,33,38.46849060058594,1.059387445449829,2,False
412,detail,2,0.6,124,41,40.45970916748047,0.9713361263275146,2,False
413,coarse,1,0.4,36,18,29.082639694213867,,,True
413,coarse,2,0.4,68,12,34.81754684448242,,,True
413,detail,1,1.0,69,25,34.870941162109375,1.0879199504852295,4,False
413,detail,1,0.9,70,29,32.1278076171875,1.2207863330841064,3,False
413,detail,1,0.8,73,38,31.50063705444336,1.5767052173614502,3,False
413,detail,1,0.7,73,45,28.6483154296875,1.7768199443817139,2,True
413,detail,1,0.6,73,53,29.659852981567383,1.9168369770050049,2,False
413,detail,2,0.8,120,28,41.79893112182617,1.130746603012085,3,False
413,detail,2,0.7,122,33,39.24846267700195,1.0239145755767822,2,False
413,detail,2,0.6,124,41,41.155738830566406,0.8914225101470947,2,False
414,coarse,1,0.3,36,26,29.096317291259766,,,True
414,coarse,2,0.3,66,4,33.306427001953125,,,True
414,detail,1,1.0,71,25,36.82716369628906,1.0241971015930176,4,False
414,detail,1,0.9,71,29,32.7233772277832,1.256469964981079,3,False
414,detail,1,0.8,71,38,29.79279136657715,1.465712308883667,3,False
414,detail,1,0.7,73,45,29.221988677978516,1.9345755577087402,2,True
414,detail,1,0.6,73,53,29.883800506591797,1.854494571685791,2,False
414,detail,2,0.8,119,24,41.38795852661133,1.132063388824463,3,False
414,detail,2,0.7,123,32,40.10917282104492,1.016183614730835,2,False
414,detail,2,0.6,123,40,40.7139892578125,1.2872650623321533,2,False
415,coarse,1,0.3,36,26,28.676265716552734,,,True
415,coarse,2,0.4,68,12,35.56945037841797,,,True
415,detail,1,1.0,71,29,37.99136734008789,1.0212342739105225,4,False
415,detail,1,0.9,71,29,33.015342712402344,1.1958701610565186,3,False
415,detail,1,0.8,71,38,29.806522369384766,1.4238934516906738,3,False
415,detail,1,0.7,73,45,29.329666137695312,1.8821802139282227,2,True
415,detail,1,0.6,73,53,29.622468948364258,1.8056936264038086,2,False
415,detail,2,0.8,120,25,40.31020736694336,1.2169373035430908,3,False
415,detail,2,0.7,122,33,39.86185073852539,1.353100299835205,2,False
415,detail,2,0.6,122,39,41.36234664916992,1.5743317604064941,2,False
416,coarse,1,0.3,36,26,28.337718963623047,,,True
416,coarse,2,0.3,66,4,33.83372116088867,,,True
416,detail,1,1.0,67,25,37.86921310424805,0.8854899406433105,4,False
416,detail,1,0.9,71,32,34.05824279785156,1.002917766571045,3,False
416,detail,1,0.8,71,38,29.611194610595703,1.2063193321228027,3,False
416,detail,1,0.7,73,45,29.45058250427246,1.6344480514526367,2,True
416,detail,1,0.6,73,53,29.553598403930664,1.5244529247283936,2,False
416,detail,2,0.8,119,24,41.119693756103516,1.2359628677368164,3,False
416,detail,2,0.7,123,32,40.02300262451172,1.1556930541992188,2,False
416,detail,2,0.6,123,40,41.04541778564453,1.4104421138763428,2,False
417,coarse,1,0.3,36,26,28.34976577758789,,,True
417,coarse,2,0.4,68,12,35.51972961425781,,,True
417,detail,1,1.0,67,25,37.58823776245117,1.0231366157531738,4,False
417,detail,1,0.9,71,29,33.4509162902832,1.0992770195007324,3,False
417,detail,1,0.8,71,38,29.94533920288086,1.3991007804870605,3,False
417,detail,1,0.7,73,45,29.79022979736328,1.8052482604980469,2,True
417,detail,1,0.6,73,53,29.834169387817383,1.7870619297027588,2,False
417,detail,2,0.8,120,28,42.4718017578125,1.1887941360473633,3,False
417,detail,2,0.7,122,33,40.26371765136719,1.0622220039367676,2,False
417,detail,2,0.6,122,39,41.10837173461914,1.1855485439300537,2,False
418,coarse,1,0.3,36,26,28.428955078125,,,True
418,coarse,2,0.4,64,12,36.040348052978516,,,True
418,detail,1,1.0,67,25,37.712284088134766,1.0929789543151855,4,False
418,detail,1,0.9,71,29,34.102848052978516,1.1424880027770996,3,False
418,detail,1,0.8,71,38,30.377960205078125,1.443289041519165,3,False
418,detail,1,0.7,73,45,30.215957641601562,1.8522942066192627,2,False
418,detail,1,0.6,73,51,29.95005989074707,2.0250422954559326,2,True
418,detail,2,0.9,120,22,43.3408317565918,1.2659525871276855,3,False
418,detail,2,0.8,120,25,40.94412612915039,1.2657222747802734,3,False
418,detail,2,0.7,121,33,41.06242370605469,1.3470518589019775,2,False
418,detail,2,0.6,123,39,41.63007736206055,1.056814432144165,2,False
419,coarse,1,0.3,36,26,27.985872268676758,,,True
419,coarse,2,0.4,68,12,36.3798942565918,,,True
419,detail,1,1.0,67,25,37.19032669067383,1.3002192974090576,4,False
419,detail,1,0.9,71,29,34.239376068115234,1.3034374713897705,3,False
419,detail,1,0.8,71,38,30.385971069335938,1.5843837261199951,3,False
419,detail,1,0.7,73,45,30.326263427734375,1.967499017715454,2,False
419,detail,1,0.6,73,51,29.659090042114258,2.161054849624634,2,True
419,detail,2,0.9,120,22,43.68365478515625,1.2511179447174072,3,False
419,detail,2,0.8,120,25,41.1859245300293,1.2785706520080566,3,False
419,detail,2,0.7,122,33,41.4782600402832,1.178722858428955,2,False
419,detail,2,0.6,122,39,41.85139083862305,1.2995209693908691,2,False
420,coarse,1,0.3,36,26,28.217649459838867,,,True
420,coarse,2,0.4,66,2,36.6829833984375,,,True
420,detail,1,1.0,67,25,37.18626022338867,1.2240889072418213,4,False
420,detail,1,0.9,68,29,34.261444091796875,1.3812401294708252,3,False
420,detail,1,0.8,71,38,31.044736862182617,1.5190694332122803,3,False
420,detail,1,0.7,71,43,30.434091567993164,1.7462842464447021,2,False
420,detail,1,0.6,73,51,29.665056228637695,2.1647603511810303,2,True
420,detail,2,0.8,120,33,44.69205093383789,1.1809470653533936,3,False
420,detail,2,0.7,120,32,41.792301177978516,1.3200626373291016,2,False
420,detail,2,0.6,120,52,42.509559631347656,1.8368504047393799,2,False
421,coarse,1,0.3,36,26,27.748737335205078,,,True
421,coarse,2,0.4,16,12,36.50710678100586,,,True
421,coarse,3,0.5,66,4,37.04231262207031,,,True
421,detail,1,1.0,67,25,36.66023635864258,1.2444233894348145,4,False
421,detail,1,0.9,68,29,33.87150955200195,1.4184701442718506,3,False
421,detail,1,0.8,71,38,31.54143714904785,1.6372320652008057,3,False
421,detail,1,0.7,71,43,29.966176986694336,1.8300700187683105,2,False
421,detail,1,0.6,73,51,29.632654190063477,2.1974854469299316,2,True
421,detail,2,1.0,29,7,41.07027053833008,1.4251694679260254,4,False
421,detail,2,0.9,33,19,39.95732116699219,1.640437364578247,3,False
421,detail,2,0.8,30,25,39.023250579833984,1.749967336654663,3,False
421,detail,2,0.7,29,17,38.497982025146484,1.6870942115783691,2,False
421,detail,2,0.6,31,25,36.80002212524414,1.786665678024292,2,False
421,detail,3,0.7,120,32,41.42536544799805,1.2647647857666016,2,False
421,detail,3,0.6,122,38,42.33340072631836,1.180342435836792,2,False
422,coarse,1,0.3,36,26,27.70265769958496,,,True
422,coarse,2,0.4,16,12,36.39213943481445,,,True
422,coarse,3,0.5,66,4,36.724395751953125,,,True
422,detail,1,1.0,67,25,36.301971435546875,1.3052613735198975,4,False
422,detail,1,0.9,68,29,33.49673843383789,1.472724437713623,3,False
422,detail,1,0.8,71,35,31.550779342651367,1.599193811416626,3,False
422,detail,1,0.7,71,43,29.603342056274414,1.8936069011688232,2,False
422,detail,1,0.6,73,51,29.587617874145508,2.2393639087677,2,True
422,detail,2,1.0,29,7,40.69211959838867,1.4508934020996094,4,False
422,detail,2,0.9,30,16,39.63485336303711,1.601468563079834,3,False
422,detail,2,0.8,30,25,38.75608444213867,1.7793166637420654,3,False
422,detail,2,0.7,29,17,38.34670639038086,1.7097992897033691,2,False
422,detail,2,0.6,31,25,36.71174621582031,1.810544729232788,2,False
422,detail,3,0.7,120,32,40.834205627441406,1.311553716659546,2,False
422,detail,3,0.6,122,38,41.848819732666016,1.2177956104278564,2,False
423,coarse,1,0.3,36,26,27.376537322998047,,,True
423,coarse,2,0.3,66,8,33.14442825317383,,,True
423,detail,1,1.0,67,25,35.38375473022461,1.256136417388916,4,False
423,detail,1,0.9,68,29,32.565650939941406,1.4124641418457031,3,False
423,detail,1,0.8,71,35,31.01751136779785,1.5607497692108154,3,False
423,detail,1,0.7,71,43,28.917722702026367,1.8889718055725098,2,True
423,detail,1,0.6,73,51,29.24417495727539,2.242302179336548,2,False
423,detail,2,0.8,119,27,41.93793869018555,1.2217483520507812,3,False
423,detail,2,0.7,121,32,39.737266540527344,1.2182884216308594,2,False
423,detail,2,0.6,121,38,41.024803161621094,1.49629545211792,2,False
424,coarse,1,0.3,36,26,27.094362258911133,,,True
424,coarse,2,0.3,66,8,32.44914627075195,,,True
424,detail,1,1.0,67,25,34.729679107666016,1.29068922996521,4,False
424,detail,1,0.9,68,29,31.879371643066406,1.4498507976531982,3,False
424,detail,1,0.8,71,35,30.62187385559082,1.6111149787902832,3,False
424,detail,1,0.7,71,43,28.444660186767578,1.9790759086608887,2,True
424,detail,1,0.6,73,51,29.013267517089844,2.323808193206787,2,False
424,detail,2,0.8,119,27,41.17057800292969,1.2451276779174805,3,False
424,detail,2,0.7,121,32,39.073326110839844,1.218324899673462,2,False
424,detail,2,0.6,121,38,40.34062576293945,1.4957549571990967,2,False
425,coarse,1,0.3,36,22,26.813413619995117,,,True
425,coarse,2,0.3,66,8,31.592113494873047,,,True
425,detail,1,1.0,67,25,33.946441650390625,1.3077523708343506,4,False
425,detail,1,0.9,68,29,31.128528594970703,1.4708805084228516,3,False
425,detail,1,0.8,71,35,30.19328498840332,1.6444010734558105,3,False
425,detail,1,0.7,71,43,27.965452194213867,2.012000799179077,2,True
425,detail,1,0.6,71,51,28.64528465270996,1.9272103309631348,2,False
425,detail,2,0.8,119,27,40.30466842651367,1.2448227405548096,3,False
425,detail,2,0.7,121,32,38.20516586303711,1.2087023258209229,2,False
425,detail,2,0.6,121,38,39.4339485168457,1.4670538902282715,2,False
426,coarse,1,0.3,36,26,26.56368064880371,,,True
426,coarse,2,0.3,64,8,31.503097534179688,,,True
426,detail,1,1.0,67,25,33.63676071166992,1.271949291229248,4,False
426,detail,1,0.9,68,29,30.818864822387695,1.4396982192993164,3,False
426,detail,1,0.8,71,35,30.192161560058594,1.6439270973205566,3,False
426,detail,1,0.7,71,43,27.777578353881836,2.0171828269958496,2,True
426,detail,1,0.6,71,51,28.398277282714844,1.9027836322784424,2,False
426,detail,2,0.9,115,21,43.92161560058594,1.2838213443756104,3,False
426,detail,2,0.8,118,24,38.794342041015625,1.1973800659179688,3,False
426,detail,2,0.7,121,32,37.861602783203125,1.171163558959961,2,False
426,detail,2,0.6,121,38,39.067665100097656,1.4207632541656494,2,False
427,coarse,1,0.3,36,22,26.40524673461914,,,True
427,coarse,2,0.3,64,8,30.823711395263672,,,True
427,detail,1,1.0,67,25,33.12052917480469,1.1795783042907715,4,False
427,detail,1,0.9,68,29,30.29499626159668,1.3463828563690186,3,False
427,detail,1,0.8,71,35,29.897533416748047,1.5410845279693604,3,False
427,detail,1,0.7,71,43,27.512067794799805,1.9049530029296875,2,True
427,detail,1,0.6,71,51,28.25087547302246,1.7586705684661865,2,False
427,detail,2,0.9,115,21,43.319488525390625,1.292602300643921,3,False
427,detail,2,0.8,118,24,38.17735290527344,1.2287943363189697,3,False
427,detail,2,0.7,121,32,37.400028228759766,1.1971020698547363,2,False
427,detail,2,0.6,121,38,38.73357009887695,1.4504365921020508,2,False
428,coarse,1,0.3,36,22,26.623172760009766,,,True
428,coarse,2,0.3,64,8,30.672019958496094,,,True
428,detail,1,1.0,67,25,33.05469512939453,1.1391501426696777,4,False
428,detail,1,0.9,68,29,30.314876556396484,1.2877411842346191,3,False
428,detail,1,0.8,71,35,30.263975143432617,1.4714419841766357,3,False
428,detail,1,0.7,71,43,27.74312400817871,1.836421012878418,2,True
428,detail,1,0.6,71,51,28.20817756652832,1.6985547542572021,2,False
428,detail,2,0.9,115,21,43.47419357299805,1.2714078426361084,3,False
428,detail,2,0.8,118,24,38.25110626220703,1.1910514831542969,3,False
428,detail,2,0.7,121,32,37.701873779296875,1.1553776264190674,2,False
428,detail,2,0.6,121,38,39.146095275878906,1.3797869682312012,2,False
429,coarse,1,0.3,36,22,26.540363311767578,,,True
429,coarse,2,0.3,64,8,30.414487838745117,,,True
429,detail,1,1.0,67,25,32.744384765625,1.111407995223999,4,False
429,detail,1,0.9,68,29,30.030866622924805,1.2687463760375977,3,False
429,detail,1,0.8,68,35,29.870853424072266,1.3724188804626465,3,False
429,detail,1,0.7,71,43,27.753190994262695,1.9971673488616943,2,True
429,detail,1,0.6,71,51,28.108869552612305,1.778365135192871,2,False
429,detail,2,0.9,115,21,42.913909912109375,1.219104528427124,3,False
429,detail,2,0.8,118,27,39.64014434814453,1.2392070293426514,3,False
429,detail,2,0.7,119,32,37.93639373779297,1.3142116069793701,2,False
429,detail,2,0.6,121,38,38.46684265136719,1.2643036842346191,2,False
430,coarse,1,0.3,36,24,27.270679473876953,,,True
430,coarse,2,0.3,64,8,30.01763916015625,,,True
430,detail,1,1.0,67,25,32.9342041015625,1.1194605827331543,4,False
430,detail,1,0.9,68,29,30.31941032409668,1.271165370941162,3,False
430,detail,1,0.8,68,35,30.081132888793945,1.3722286224365234,3,False
430,detail,1,0.7,71,43,28.379913330078125,2.0200674533843994,2,True
430,detail,1,0.6,71,51,28.732742309570312,1.780165433883667,2,False
430,detail,2,0.9,115,21,42.803157806396484,1.2324771881103516,3,False
430,detail,2,0.8,118,24,37.392906188964844,1.1538667678833008,3,False
430,detail,2,0.7,121,32,37.02122497558594,1.106813907623291,2,False
430,detail,2,0.6,121,38,38.4801139831543,1.3478541374206543,2,False
431,coarse,1,0.3,36,22,27.069095611572266,,,True
431,coarse,2,0.3,64,8,29.981767654418945,,,True
431,detail,1,1.0,67,25,32.68635559082031,1.1498322486877441,4,False
431,detail,1,0.9,68,29,30.063125610351562,1.3147428035736084,3,False
431,detail,1,0.8,68,35,29.834516525268555,1.422297716140747,3,False
431,detail,1,0.7,71,43,28.1671142578125,2.0339772701263428,2,True
431,detail,1,0.6,71,51,28.482044219970703,1.802159309387207,2,False
431,detail,2,0.9,115,21,42.60234832763672,1.2167479991912842,3,False
431,detail,2,0.8,118,27,39.38130187988281,1.2300655841827393,3,False
431,detail,2,0.7,119,32,37.550567626953125,1.268104076385498,2,False
431,detail,2,0.6,121,38,38.4578857421875,1.2165813446044922,2,False
432,coarse,1,0.3,36,22,27.041044235229492,,,True
432,coarse,2,0.3,64,8,30.01061248779297,,,True
432,detail,1,1.0,67,25,32.70368576049805,1.1488399505615234,4,False
432,detail,1,0.9,68,29,30.073715209960938,1.3153488636016846,3,False
432,detail,1,0.8,68,35,29.842418670654297,1.4229538440704346,3,False
432,detail,1,0.7,71,43,28.13844108581543,2.041321039199829,2,True
432,detail,1,0.6,71,51,28.448287963867188,1.8113889694213867,2,False
432,detail,2,0.9,115,21,42.57034683227539,1.2185866832733154,3,False
432,detail,2,0.8,118,27,39.35607147216797,1.2353851795196533,3,False
432,detail,2,0.7,119,32,37.466148376464844,1.2742657661437988,2,False
432,detail,2,0.6,121,38,38.33903121948242,1.2226924896240234,2,False
433,coarse,1,0.3,36,22,26.82961082458496,,,True
433,coarse,2,0.3,64,8,29.249853134155273,,,True
433,detail,1,1.0,63,35,39.387245178222656,1.0341134071350098,4,False
433,detail,1,0.9,68,29,29.869823455810547,0.9925625324249268,3,False
433,detail,1,0.8,68,35,29.506114959716797,1.1276931762695312,3,False
433,detail,1,0.7,71,43,27.944469451904297,1.8466460704803467,2,True
433,detail,1,0.6,71,51,28.16718864440918,1.6140847206115723,2,False
433,detail,2,0.8,118,30,40.0777473449707,1.1533312797546387,3,False
433,detail,2,0.7,119,32,36.58281707763672,1.2239487171173096,2,False
433,detail,2,0.6,121,38,37.46968460083008,1.1464459896087646,2,False
434,coarse,1,0.3,36,22,26.90404510498047,,,True
434,coarse,2,0.3,64,8,29.25999641418457,,,True
434,detail,1,1.0,67,25,32.40580749511719,0.9730758666992188,4,False
434,detail,1,0.9,68,29,29.903139114379883,1.090632438659668,3,False
434,detail,1,0.8,68,35,29.537647247314453,1.2076444625854492,3,False
434,detail,1,0.7,71,43,28.02064323425293,1.9117791652679443,2,True
434,detail,1,0.6,71,51,28.22362518310547,1.6479969024658203,2,False
434,detail,2,0.9,115,21,41.87916564941406,1.2218029499053955,3,False
434,detail,2,0.8,118,27,38.39434051513672,1.1628217697143555,3,False
434,detail,2,0.7,119,32,36.582801818847656,1.2528128623962402,2,False
434,detail,2,0.6,121,38,37.48036193847656,1.1728992462158203,2,False
435,coarse,1,0.3,36,22,26.867782592773438,,,True
435,coarse,2,0.3,64,8,29.25999641418457,,,True
435,detail,1,1.0,67,25,32.39356994628906,1.0421638488769531,4,False
435,detail,1,0.9,68,29,29.881370544433594,1.1760344505310059,3,False
435,detail,1,0.8,68,35,29.50347137451172,1.2971172332763672,3,False
435,detail,1,0.7,71,43,27.976917266845703,2.001940965652466,2,True
435,detail,1,0.6,71,51,28.195709228515625,1.7466635704040527,2,False
435,detail,2,0.9,115,21,41.86176300048828,1.2247765064239502,3,False
435,detail,2,0.8,118,27,38.38572311401367,1.165177822113037,3,False
435,detail,2,0.7,119,32,36.57929229736328,1.2544865608215332,2,False
435,detail,2,0.6,121,38,37.48036193847656,1.1728992462158203,2,False
436,coarse,1,0.3,36,22,26.861101150512695,,,True
436,coarse,2,0.3,64,8,29.24627685546875,,,True
436,detail,1,1.0,63,35,39.43772506713867,0.9871602058410645,4,False
436,detail,1,0.9,68,29,29.893592834472656,1.0470645427703857,3,False
436,detail,1,0.8,68,35,29.53777313232422,1.1873388290405273,3,False
436,detail,1,0.7,71,43,27.948137283325195,1.9057703018188477,2,True
436,detail,1,0.6,71,51,28.213701248168945,1.7106900215148926,2,False
436,detail,2,0.8,118,27,38.457618713378906,1.1509392261505127,3,False
436,detail,2,0.7,119,32,36.64767074584961,1.2447876930236816,2,False
436,detail,2,0.6,121,38,37.467063903808594,1.1733322143554688,2,False
437,coarse,1,0.3,36,22,26.7087345123291,,,True
437,coarse,2,0.3,64,8,29.06589698791504,,,True
437,detail,1,1.0,67,25,32.20552444458008,1.0849909782409668,4,False
437,detail,1,0.9,68,29,29.68890953063965,1.1046195030212402,3,False
437,detail,1,0.8,68,35,29.309329986572266,1.2333579063415527,3,False
437,detail,1,0.7,71,43,27.759540557861328,1.95231032371521,2,True
437,detail,1,0.6,71,51,28.039270401000977,1.748518943786621,2,False
437,detail,2,0.9,115,21,41.90159225463867,1.2086949348449707,3,False
437,detail,2,0.8,118,27,38.50274658203125,1.1417312622070312,3,False
437,detail,2,0.7,119,32,36.673011779785156,1.1868114471435547,2,False
437,detail,2,0.6,121,38,37.45949172973633,1.129476547241211,2,False
438,coarse,1,0.3,36,22,26.327531814575195,,,True
438,coarse,2,0.3,64,8,29.061052322387695,,,True
438,detail,1,1.0,67,25,32.04975128173828,1.0201780796051025,4,False
438,detail,1,0.9,68,29,29.552576065063477,1.1525959968566895,3,False
438,detail,1,0.8,68,35,29.06439971923828,1.2924346923828125,3,False
438,detail,1,0.7,71,43,27.385013580322266,1.9864795207977295,2,True
438,detail,1,0.6,71,51,27.70927619934082,1.7322142124176025,2,False
438,detail,2,0.9,115,21,41.79310607910156,1.2189538478851318,3,False
438,detail,2,0.8,118,27,38.39748764038086,1.167494297027588,3,False
438,detail,2,0.7,119,32,36.643157958984375,1.2592477798461914,2,False
438,detail,2,0.6,121,38,37.277809143066406,1.171844482421875,2,False
439,coarse,1,0.3,36,22,25.908817291259766,,,True
439,coarse,2,0.3,64,8,29.178874969482422,,,True
439,detail,1,1.0,67,25,31.61695098876953,1.1051926612854004,4,False
439,detail,1,0.9,68,29,29.16482925415039,1.093080759048462,3,False
439,detail,1,0.8,68,35,28.667194366455078,1.2540092468261719,3,False
439,detail,1,0.7,71,43,26.93691062927246,1.9510729312896729,2,True
439,detail,1,0.6,71,51,27.520309448242188,1.7478079795837402,2,False
439,detail,2,0.9,115,18,40.06623077392578,1.2074830532073975,3,False
439,detail,2,0.8,118,24,36.29385757446289,1.14479660987854,3,False
439,detail,2,0.7,121,32,36.14471435546875,1.164801836013794,2,False
439,detail,2,0.6,121,38,36.84632873535156,1.2953896522521973,2,False
440,coarse,1,0.3,36,24,26.05893325805664,,,True
440,coarse,2,0.3,64,8,29.890472412109375,,,True
440,detail,1,1.0,67,25,32.117305755615234,1.1358816623687744,4,False
440,detail,1,0.9,68,29,29.503868103027344,1.0644645690917969,3,False
440,detail,1,0.8,68,35,28.96597671508789,1.228076457977295,3,False
440,detail,1,0.7,71,43,27.143552780151367,1.9626975059509277,2,True
440,detail,1,0.6,71,51,27.70072364807129,1.7856531143188477,2,False
440,detail,2,0.9,115,21,42.53551483154297,1.2279622554779053,3,False
440,detail,2,0.8,118,27,39.1869010925293,1.1731841564178467,3,False
440,detail,2,0.7,119,32,37.330020904541016,1.2375054359436035,2,False
440,detail,2,0.6,121,38,37.602474212646484,1.156733512878418,2,False
441,coarse,1,0.3,36,24,26.782690048217773,,,True
441,coarse,2,0.3,64,8,31.178878784179688,,,True
441,detail,1,1.0,67,25,33.01460647583008,1.0621793270111084,4,False
441,detail,1,0.9,68,29,30.372787475585938,1.126396656036377,3,False
441,detail,1,0.8,68,35,29.840389251708984,1.282184362411499,3,False
441,detail,1,0.7,71,43,27.84644889831543,1.9916291236877441,2,True
441,detail,1,0.6,71,51,28.71868133544922,1.752793312072754,2,False
441,detail,2,0.8,118,27,40.460350036621094,1.1351191997528076,3,False
441,detail,2,0.7,119,30,38.53130340576172,1.051276445388794,2,False
441,detail,2,0.6,121,38,38.58415222167969,1.1335060596466064,2,False
442,coarse,1,0.3,36,24,26.94015121459961,,,True
442,coarse,2,0.3,64,8,31.333595275878906,,,True
442,detail,1,1.0,67,25,33.46572494506836,1.0762300491333008,4,False
442,detail,1,0.9,68,29,30.839242935180664,1.1956984996795654,3,False
442,detail,1,0.8,68,35,30.185991287231445,1.3270275592803955,3,False
442,detail,1,0.7,71,43,28.1094913482666,2.0279366970062256,2,True
442,detail,1,0.6,71,51,28.990459442138672,1.7430994510650635,2,False
442,detail,2,0.8,118,27,41.05598449707031,1.1551220417022705,3,False
442,detail,2,0.7,121,30,38.23343276977539,1.0871918201446533,2,False
442,detail,2,0.6,121,38,39.13657760620117,1.3443875312805176,2,False
443,coarse,1,0.3,36,24,27.37628746032715,,,True
443,coarse,2,0.3,64,8,31.8527889251709,,,True
443,detail,1,1.0,67,25,34.149776458740234,1.0110177993774414,4,False
443,detail,1,0.9,68,26,31.084157943725586,1.1072449684143066,3,False
443,detail,1,0.8,68,35,30.69152069091797,1.2688770294189453,3,False
443,detail,1,0.7,71,43,28.633075714111328,1.9543869495391846,2,True
443,detail,1,0.6,71,51,29.32854461669922,1.6712794303894043,2,False
443,detail,2,0.8,118,27,41.736000061035156,1.125861644744873,3,False
443,detail,2,0.7,119,30,39.20628356933594,1.1915175914764404,2,False
443,detail,2,0.6,121,38,39.703792572021484,1.2998926639556885,2,False
444,coarse,1,0.3,36,24,27.394269943237305,,,True
444,coarse,2,0.3,64,8,32.18294906616211,,,True
444,detail,1,1.0,67,29,35.73579025268555,0.944819450378418,4,False
444,detail,1,0.9,68,26,31.03262710571289,0.9734032154083252,3,False
444,detail,1,0.8,68,35,30.87476921081543,1.1155822277069092,3,False
444,detail,1,0.7,71,43,28.786636352539062,1.8189566135406494,2,True
444,detail,1,0.6,71,49,29.484296798706055,1.609611988067627,2,False
444,detail,2,0.8,115,35,45.13780975341797,1.100205421447754,3,False
444,detail,2,0.7,119,30,39.00669860839844,1.0923256874084473,2,False
444,detail,2,0.6,121,38,39.67971420288086,1.19008207321167,2,False
445,coarse,1,0.3,36,24,27.580045700073242,,,True
445,coarse,2,0.3,64,8,32.569190979003906,,,True
445,detail,1,1.0,67,21,34.96685028076172,1.6018106937408447,4,False
445,detail,1,0.9,68,26,31.753507614135742,1.7567663192749023,3,False
445,detail,1,0.8,68,35,31.437053680419922,1.9880921840667725,3,False
445,detail,1,0.7,71,43,29.350391387939453,2.6531565189361572,2,True
445,detail,1,0.6,71,49,29.88789939880371,2.395508289337158,2,False
445,detail,2,1.0,115,8,41.91682434082031,1.3532066345214844,4,False
445,detail,2,0.9,118,15,38.88515090942383,1.3241147994995117,3,False
445,detail,2,0.8,118,21,39.65620040893555,1.4939653873443604,3,False
445,detail,2,0.7,121,30,39.067405700683594,1.3370208740234375,2,False
445,detail,2,0.6,121,38,40.596107482910156,1.647292137145996,2,False
446,coarse,1,0.3,36,24,27.89988136291504,,,True
446,coarse,2,0.4,64,10,35.52219772338867,,,True
446,detail,1,1.0,67,21,35.56882858276367,1.6063644886016846,4,False
446,detail,1,0.9,68,26,32.538719177246094,1.7694728374481201,3,False
446,detail,1,0.8,68,35,32.33836364746094,1.9960620403289795,3,False
446,detail,1,0.7,71,43,30.032419204711914,2.659029245376587,2,True
446,detail,1,0.6,71,49,30.391864776611328,2.3794798851013184,2,False
446,detail,2,0.9,117,15,41.05818176269531,1.3748376369476318,3,False
446,detail,2,0.8,120,24,41.14488220214844,1.1761524677276611,3,False
446,detail,2,0.7,121,29,40.47859191894531,1.3002910614013672,2,False
446,detail,2,0.6,121,37,41.158203125,1.6055452823638916,2,False
447,coarse,1,0.3,36,24,27.97759246826172,,,True
447,coarse,2,0.4,64,10,35.54377365112305,,,True
447,detail,1,1.0,67,21,35.792808532714844,1.6397700309753418,4,False
447,detail,1,0.9,68,26,32.623260498046875,1.8147408962249756,3,False
447,detail,1,0.8,68,35,32.53603744506836,2.033341884613037,3,False
447,detail,1,0.7,71,41,30.282411575317383,2.7468109130859375,2,True
447,detail,1,0.6,71,49,30.411314010620117,2.454343318939209,2,False
447,detail,2,0.9,117,15,41.284542083740234,1.3159995079040527,3,False
447,detail,2,0.8,117,21,42.22543716430664,1.4793808460235596,3,False
447,detail,2,0.7,121,29,40.48567199707031,1.1978485584259033,2,False
447,detail,2,0.6,121,37,41.48112106323242,1.5263402462005615,2,False
448,coarse,1,0.3,36,24,28.17277717590332,,,True
448,coarse,2,0.4,64,10,35.59760665893555,,,True
448,detail,1,1.0,67,21,35.8943977355957,1.5945448875427246,4,False
448,detail,1,0.9,68,26,32.76521301269531,1.74882173538208,3,False
448,detail,1,0.8,68,35,32.6938362121582,1.974653959274292,3,False
448,detail,1,0.7,71,41,30.380468368530273,2.701184034347534,2,True
448,detail,1,0.6,71,49,30.543066024780273,2.4587509632110596,2,False
448,detail,2,0.9,117,15,41.06037521362305,1.2878823280334473,3,False
448,detail,2,0.8,117,21,41.96297073364258,1.467499017715454,3,False
448,detail,2,0.7,121,29,40.216796875,1.2372078895568848,2,False
448,detail,2,0.6,121,37,41.255958557128906,1.568706750869751,2,False
449,coarse,1,0.3,36,24,28.157377243041992,,,True
449,coarse,2,0.4,64,10,35.561866760253906,,,True
449,detail,1,1.0,67,21,35.82844924926758,1.6002130508422852,4,False
449,detail,1,0.9,68,26,32.75580596923828,1.7560482025146484,3,False
449,detail,1,0.8,68,35,32.67576599121094,1.9876039028167725,3,False
449,detail,1,0.7,71,41,30.365339279174805,2.709054708480835,2,True
449,detail,1,0.6,71,49,30.571191787719727,2.466426134109497,2,False
449,detail,2,0.9,117,15,41.09575271606445,1.2765188217163086,3,False
449,detail,2,0.8,117,21,41.97819519042969,1.4556331634521484,3,False
449,detail,2,0.7,121,29,40.26906967163086,1.2182574272155762,2,False
449,detail,2,0.6,121,37,41.41383361816406,1.5502066612243652,2,False
450,coarse,1,0.3,36,24,27.97536849975586,,,True
450,coarse,2,0.4,64,10,35.60322189331055,,,True
450,detail,1,1.0,67,21,35.867881774902344,1.6175780296325684,4,False
450,detail,1,0.9,68,26,32.81025314331055,1.7695496082305908,3,False
450,detail,1,0.8,68,35,32.78312683105469,1.9884626865386963,3,False
450,detail,1,0.7,71,41,30.381351470947266,2.7107789516448975,2,True
450,detail,1,0.6,71,49,30.595224380493164,2.4690749645233154,2,False
450,detail,2,0.9,117,15,41.089603424072266,1.2861053943634033,3,False
450,detail,2,0.8,117,21,41.933895111083984,1.4661917686462402,3,False
450,detail,2,0.7,121,29,40.24625015258789,1.2251408100128174,2,False
450,detail,2,0.6,121,37,41.32763671875,1.5564632415771484,2,False
451,coarse,1,0.3,36,24,28.00966453552246,,,True
451,coarse,2,0.4,64,10,35.54597473144531,,,True
451,detail,1,1.0,67,21,35.88080596923828,1.698110580444336,4,False
451,detail,1,0.9,68,26,32.818416595458984,1.8557279109954834,3,False
451,detail,1,0.8,68,35,32.8985595703125,2.075042724609375,3,False
451,detail,1,0.7,71,41,30.421072006225586,2.794172525405884,2,True
451,detail,1,0.6,71,49,30.540231704711914,2.580660581588745,2,False
451,detail,2,0.9,117,15,40.971187591552734,1.297264575958252,3,False
451,detail,2,0.8,117,21,41.9577522277832,1.4748687744140625,3,False
451,detail,2,0.7,121,29,40.15885925292969,1.2408759593963623,2,False
451,detail,2,0.6,121,37,41.168216705322266,1.5695486068725586,2,False
452,coarse,1,0.3,36,24,28.156166076660156,,,True
452,coarse,2,0.4,64,10,35.95499038696289,,,True
452,detail,1,1.0,67,21,36.13815689086914,1.669628381729126,4,False
452,detail,1,0.9,68,26,33.111053466796875,1.8120548725128174,3,False
452,detail,1,0.8,71,35,32.879005432128906,2.122206449508667,3,False
452,detail,1,0.7,71,43,30.463871002197266,2.678142786026001,2,True
452,detail,1,0.6,71,49,31.08385467529297,2.5295114517211914,2,False
452,detail,2,0.9,117,15,41.245269775390625,1.3269519805908203,3,False
452,detail,2,0.8,120,24,41.385948181152344,1.1886634826660156,3,False
452,detail,2,0.7,121,29,40.573726654052734,1.315089464187622,2,False
452,detail,2,0.6,121,37,41.48533248901367,1.6256589889526367,2,False
453,coarse,1,0.3,36,24,28.64280891418457,,,True
453,coarse,2,0.4,64,10,36.913917541503906,,,True
453,detail,1,1.0,67,21,36.84891891479492,1.6608495712280273,4,False
453,detail,1,0.9,68,26,33.768314361572266,1.8056890964508057,3,False
453,detail,1,0.8,71,35,32.97667694091797,2.1045584678649902,3,False
453,detail,1,0.7,71,43,30.83001136779785,2.646949052810669,2,True
453,detail,1,0.6,71,49,31.560550689697266,2.5011589527130127,2,False
453,detail,2,0.9,117,15,42.31974792480469,1.3854844570159912,3,False
453,detail,2,0.8,120,21,41.09593963623047,1.1818592548370361,3,False
453,detail,2,0.7,121,29,41.50939178466797,1.3982882499694824,2,False
453,detail,2,0.6,121,37,42.189308166503906,1.7188944816589355,2,False
454,coarse,1,0.3,36,24,28.997587203979492,,,True
454,coarse,2,0.4,64,10,37.41647720336914,,,True
454,detail,1,1.0,67,21,37.378517150878906,1.6762161254882812,4,False
454,detail,1,0.9,68,26,34.399898529052734,1.8330941200256348,3,False
454,detail,1,0.8,71,35,33.22378158569336,2.1496670246124268,3,False
454,detail,1,0.7,71,43,30.968482971191406,2.6607041358947754,2,True
454,detail,1,0.6,71,49,31.803485870361328,2.4741761684417725,2,False
454,detail,2,0.9,117,15,43.048736572265625,1.3691136837005615,3,False
454,detail,2,0.8,120,24,42.79935073852539,1.203904151916504,3,False
454,detail,2,0.7,121,29,42.53789520263672,1.3880224227905273,2,False
454,detail,2,0.6,121,37,43.08715057373047,1.7216389179229736,2,False
455,coarse,1,0.3,36,24,29.182025909423828,,,True
455,coarse,2,0.4,64,10,37.68523025512695,,,True
455,detail,1,1.0,67,21,37.66870880126953,1.646205186843872,4,False
455,detail,1,0.9,68,26,34.757164001464844,1.7998301982879639,3,False
455,detail,1,0.8,71,35,33.24070739746094,2.1076250076293945,3,False
455,detail,1,0.7,71,43,31.036706924438477,2.61234712600708,2,True
455,detail,1,0.6,73,49,32.089813232421875,2.7106363773345947,2,False
455,detail,2,0.9,117,15,43.10707092285156,1.3676350116729736,3,False
455,detail,2,0.8,120,24,42.79880142211914,1.2000508308410645,3,False
455,detail,2,0.7,121,31,42.73312759399414,1.3647868633270264,2,False
455,detail,2,0.6,121,37,43.25760269165039,1.7287194728851318,2,False
456,coarse,1,0.3,36,24,29.25141716003418,,,True
456,coarse,2,0.4,64,10,37.35951614379883,,,True
456,detail,1,1.0,67,21,37.47893142700195,1.6565783023834229,4,False
456,detail,1,0.9,68,26,34.5853271484375,1.8103187084197998,3,False
456,detail,1,0.8,71,35,33.166324615478516,2.107250213623047,3,False
456,detail,1,0.7,71,43,30.92888069152832,2.608490467071533,2,True
456,detail,1,0.6,73,51,32.102169036865234,2.6201083660125732,2,False
456,detail,2,1.0,117,15,45.32979965209961,1.2770955562591553,4,False
456,detail,2,0.9,117,15,42.784358978271484,1.3689653873443604,3,False
456,detail,2,0.8,120,24,42.311973571777344,1.2010750770568848,3,False
456,detail,2,0.7,121,31,42.151851654052734,1.3727524280548096,2,False
456,detail,2,0.6,121,37,42.8812370300293,1.7359693050384521,2,False
457,coarse,1,0.3,36,24,28.72991371154785,,,True
457,coarse,2,0.4,64,10,36.2333869934082,,,True
457,detail,1,1.0,67,21,36.459266662597656,1.38364577293396,4,False
457,detail,1,0.9,68,26,33.44122314453125,1.5814440250396729,3,False
457,detail,1,0.8,71,35,32.403076171875,1.8377103805541992,3,False
457,detail,1,0.7,71,43,30.331344604492188,2.2503297328948975,2,True
457,detail,1,0.6,73,51,31.294485092163086,2.240140199661255,2,False
457,detail,2,0.9,117,15,41.38754653930664,1.2247908115386963,3,False
457,detail,2,0.8,120,24,40.94386291503906,1.1906661987304688,3,False
457,detail,2,0.7,121,31,40.75602340698242,1.415194034576416,2,False
457,detail,2,0.6,121,37,41.792457580566406,1.702852725982666,2,False
458,coarse,1,0.3,36,24,28.244319915771484,,,True
458,coarse,2,0.4,64,10,35.28742980957031,,,True
458,detail,1,1.0,67,21,35.673583984375,1.4237096309661865,4,False
458,detail,1,0.9,68,26,32.63892364501953,1.6307554244995117,3,False
458,detail,1,0.8,71,35,31.815898895263672,1.8820044994354248,3,False
458,detail,1,0.7,71,43,29.78046417236328,2.2969655990600586,2,True
458,detail,1,0.6,73,51,30.929534912109375,2.268855333328247,2,False
458,detail,2,0.9,117,15,40.358489990234375,1.2462174892425537,3,False
458,detail,2,0.8,120,24,39.979068756103516,1.2102582454681396,3,False
458,detail,2,0.7,121,31,39.81867599487305,1.4254605770111084,2,False
458,detail,2,0.6,125,37,40.373077392578125,1.1562414169311523,2,False
459,coarse,1,0.3,36,24,27.90081214904785,,,True
459,coarse,2,0.3,64,8,32.34002685546875,,,True
459,detail,1,1.0,67,21,35.27339172363281,1.4861209392547607,4,False
459,detail,1,0.9,68,26,32.217750549316406,1.689666986465454,3,False
459,detail,1,0.8,71,35,31.4929256439209,1.9626479148864746,3,False
459,detail,1,0.7,71,43,29.51825523376465,2.4345312118530273,2,True
459,detail,1,0.6,73,51,30.55068016052246,2.4584012031555176,2,False
459,detail,2,1.0,115,12,43.98300552368164,1.4297583103179932,4,False
459,detail,2,0.9,118,15,38.76438522338867,1.2647418975830078,3,False
459,detail,2,0.8,121,24,39.764583587646484,1.2176215648651123,3,False
459,detail,2,0.7,121,30,38.875160217285156,1.427971601486206,2,False
459,detail,2,0.6,125,38,39.867557525634766,1.130946397781372,2,False
460,coarse,1,0.3,36,24,28.015731811523438,,,True
460,coarse,2,0.3,64,8,32.27857208251953,,,True
460,detail,1,1.0,67,21,35.09209442138672,1.4942262172698975,4,False
460,detail,1,0.9,68,26,32.03268051147461,1.6987454891204834,3,False
460,detail,1,0.8,71,35,31.688962936401367,1.9626421928405762,3,False
460,detail,1,0.7,71,43,29.537036895751953,2.4379310607910156,2,True
460,detail,1,0.6,71,51,30.81684112548828,2.2760283946990967,2,False
460,detail,2,1.0,115,12,43.952701568603516,1.4332010746002197,4,False
460,detail,2,0.9,118,15,38.75673294067383,1.2676386833190918,3,False
460,detail,2,0.8,118,21,39.85105895996094,1.4171245098114014,3,False
460,detail,2,0.7,121,30,38.920658111572266,1.4238369464874268,2,False
460,detail,2,0.6,125,38,39.9955940246582,1.1339046955108643,2,False
461,coarse,1,0.3,36,24,27.658992767333984,,,True
461,coarse,2,0.3,64,8,32.641815185546875,,,True
461,detail,1,1.0,67,21,35.020721435546875,1.5003705024719238,4,False
461,detail,1,0.9,68,26,31.82623291015625,1.675938606262207,3,False
461,detail,1,0.8,71,35,31.805150985717773,1.9588541984558105,3,False
461,detail,1,0.7,71,43,29.45962142944336,2.450005054473877,2,True
461,detail,1,0.6,71,49,30.572927474975586,2.3916172981262207,2,False
461,detail,2,1.0,115,12,43.990562438964844,1.3616421222686768,4,False
461,detail,2,0.9,118,15,38.95043182373047,1.2947320938110352,3,False
461,detail,2,0.8,118,21,39.80341339111328,1.445469856262207,3,False
461,detail,2,0.7,121,30,39.036495208740234,1.4758617877960205,2,False
461,detail,2,0.6,125,38,40.137821197509766,1.159111499786377,2,False
462,coarse,1,0.3,36,24,27.75054931640625,,,True
462,coarse,2,0.4,64,10,35.0070686340332,,,True
462,detail,1,1.0,67,21,35.35234832763672,1.466059684753418,4,False
462,detail,1,0.9,68,26,32.21739959716797,1.6615097522735596,3,False
462,detail,1,0.8,68,35,32.09731674194336,1.8346562385559082,3,False
462,detail,1,0.7,71,43,29.679899215698242,2.490790843963623,2,True
462,detail,1,0.6,71,49,30.44413185119629,2.420743465423584,2,False
462,detail,2,0.9,117,15,40.16215896606445,1.2270691394805908,3,False
462,detail,2,0.8,120,24,40.37910842895508,1.1967236995697021,3,False
462,detail,2,0.7,121,29,39.903438568115234,1.3894624710083008,2,False
462,detail,2,0.6,125,37,39.95195770263672,1.088993787765503,2,False
463,coarse,1,0.3,36,24,28.09345054626465,,,True
463,coarse,2,0.4,64,10,35.373165130615234,,,True
463,detail,1,1.0,67,21,35.596282958984375,1.4798314571380615,4,False
463,detail,1,0.9,68,26,32.406314849853516,1.6707568168640137,3,False
463,detail,1,0.8,68,35,32.26823043823242,1.8661103248596191,3,False
463,detail,1,0.7,71,43,30.25848960876465,2.5241539478302,2,True
463,detail,1,0.6,71,49,30.819984436035156,2.506873846054077,2,False
463,detail,2,0.8,117,21,41.31031799316406,1.335282564163208,3,False
463,detail,2,0.7,121,29,39.868011474609375,1.2338056564331055,2,False
463,detail,2,0.6,121,37,40.9267692565918,1.5450751781463623,2,False
464,coarse,1,0.3,36,24,28.369258880615234,,,True
464,coarse,2,0.4,64,10,35.92316436767578,,,True
464,detail,1,1.0,67,21,36.042354583740234,1.501960039138794,4,False
464,detail,1,0.9,68,26,32.94056701660156,1.6937236785888672,3,False
464,detail,1,0.8,68,35,32.71941375732422,1.8839867115020752,3,False
464,detail,1,0.7,71,43,30.641233444213867,2.5608901977539062,2,True
464,detail,1,0.6,71,49,30.904205322265625,2.5309650897979736,2,False
464,detail,2,0.8,117,21,41.90573501586914,1.2201507091522217,3,False
464,detail,2,0.7,119,29,40.84159851074219,1.3765172958374023,2,False
464,detail,2,0.6,121,37,41.832054138183594,1.332871437072754,2,False
465,coarse,1,0.3,36,24,28.16062355041504,,,True
465,coarse,2,0.4,64,10,35.81812286376953,,,True
465,detail,1,1.0,67,21,35.81023406982422,1.5368809700012207,4,False
465,detail,1,0.9,68,26,32.76356887817383,1.7410929203033447,3,False
465,detail,1,0.8,68,35,32.429443359375,1.9189481735229492,3,False
465,detail,1,0.7,71,41,30.338335037231445,2.6356301307678223,2,True
465,detail,1,0.6,71,49,30.572851181030273,2.4950602054595947,2,False
465,detail,2,0.8,117,21,42.021095275878906,1.3010201454162598,3,False
465,detail,2,0.7,119,29,40.95569610595703,1.4590065479278564,2,False
465,detail,2,0.6,121,37,41.986724853515625,1.3811845779418945,2,False
466,coarse,1,0.3,36,24,28.08847999572754,,,True
466,coarse,2,0.4,64,10,35.77103042602539,,,True
466,detail,1,1.0,67,21,35.746421813964844,1.5865914821624756,4,False
466,detail,1,0.9,68,26,32.69329833984375,1.8021669387817383,3,False
466,detail,1,0.8,68,35,32.40693664550781,1.984593152999878,3,False
466,detail,1,0.7,71,41,30.265987396240234,2.703305244445801,2,True
466,detail,1,0.6,71,49,30.518661499023438,2.598350763320923,2,False
466,detail,2,0.8,117,21,41.691471099853516,1.2827003002166748,3,False
466,detail,2,0.7,119,29,40.607810974121094,1.4396336078643799,2,False
466,detail,2,0.6,121,37,41.810760498046875,1.3615500926971436,2,False
467,coarse,1,0.3,36,24,27.47985076904297,,,True
467,coarse,2,0.3,64,6,32.805660247802734,,,True
467,detail,1,1.0,67,21,34.99784469604492,1.6247775554656982,4,False
467,detail,1,0.9,68,26,31.880901336669922,1.8478014469146729,3,False
467,detail,1,0.8,68,35,31.722055435180664,2.021949529647827,3,False
467,detail,1,0.7,71,41,29.538192749023438,2.712655782699585,2,True
467,detail,1,0.6,71,49,30.061464309692383,2.594050407409668,2,False
467,detail,2,0.9,115,18,44.54316711425781,1.2267606258392334,3,False
467,detail,2,0.8,118,21,39.231319427490234,1.255584478378296,3,False
467,detail,2,0.7,119,30,39.85390090942383,1.4151597023010254,2,False
467,detail,2,0.6,121,36,40.41510772705078,1.3293893337249756,2,False
468,coarse,1,0.3,36,24,26.957191467285156,,,True
468,coarse,2,0.4,64,10,34.32527160644531,,,True
468,detail,1,1.0,67,21,34.306583404541016,1.6576287746429443,4,False
468,detail,1,0.9,68,26,31.303409576416016,1.884953260421753,3,False
468,detail,1,0.8,68,35,31.295574188232422,2.0581977367401123,3,False
468,detail,1,0.7,71,41,29.23360824584961,2.7507777214050293,2,True
468,detail,1,0.6,71,49,29.76943016052246,2.6524972915649414,2,False
468,detail,2,0.8,117,21,39.93239212036133,1.2707769870758057,3,False
468,detail,2,0.7,119,29,38.91458511352539,1.410118818283081,2,False
468,detail,2,0.6,121,37,39.94961166381836,1.3338344097137451,2,False
469,coarse,1,0.3,36,24,26.843183517456055,,,True
469,coarse,2,0.4,64,10,34.381649017333984,,,True
469,detail,1,1.0,67,21,34.40966033935547,1.3436307907104492,4,False
469,detail,1,0.9,68,26,31.320974349975586,1.5366177558898926,3,False
469,detail,1,0.8,68,35,31.263582229614258,1.7572062015533447,3,False
469,detail,1,0.7,71,43,29.16775131225586,2.4017348289489746,2,True
469,detail,1,0.6,71,49,29.569881439208984,2.21525502204895,2,False
469,detail,2,0.9,117,15,39.47709274291992,1.3216502666473389,3,False
469,detail,2,0.8,120,24,39.85185241699219,1.2345855236053467,3,False
469,detail,2,0.7,121,29,38.7094841003418,1.3078289031982422,2,False
469,detail,2,0.6,121,37,39.83274459838867,1.5449156761169434,2,False
470,coarse,1,0.3,36,24,27.797346115112305,,,True
470,coarse,2,0.4,66,10,36.06271743774414,,,True
470,detail,1,1.0,67,21,35.95310592651367,1.3048970699310303,4,False
470,detail,1,0.9,68,26,32.970829010009766,1.491415023803711,3,False
470,detail,1,0.8,71,35,32.62710952758789,1.817885398864746,3,False
470,detail,1,0.7,71,43,30.06770896911621,2.343132495880127,2,True
470,detail,1,0.6,71,49,30.652454376220703,2.132932662963867,2,False
470,detail,2,0.7,120,29,40.39797592163086,1.2449100017547607,2,False
470,detail,2,0.6,122,37,41.594818115234375,1.2597332000732422,2,False
471,coarse,1,0.3,36,24,28.585081100463867,,,True
471,coarse,2,0.4,66,10,37.06613540649414,,,True
471,detail,1,1.0,67,21,37.066612243652344,1.2766509056091309,4,False
471,detail,1,0.9,68,26,34.21547317504883,1.4537720680236816,3,False
471,detail,1,0.8,71,35,33.06203079223633,1.7765798568725586,3,False
471,detail,1,0.7,71,43,30.54297637939453,2.2974131107330322,2,True
471,detail,1,0.6,71,49,31.512083053588867,2.1598093509674072,2,False
471,detail,2,0.7,120,31,41.968048095703125,1.16971755027771,2,False
471,detail,2,0.6,122,37,42.84550094604492,1.0887908935546875,2,False
472,coarse,1,0.3,36,24,29.46407127380371,,,True
472,coarse,2,0.4,64,10,37.960044860839844,,,True
472,detail,1,1.0,67,21,37.75337600708008,1.2782790660858154,4,False
472,detail,1,0.9,68,26,35.04602813720703,1.4754059314727783,3,False
472,detail,1,0.8,71,35,33.70471954345703,1.792382001876831,3,False
472,detail,1,0.7,71,43,31.232141494750977,2.326538562774658,2,True
472,detail,1,0.6,73,51,32.141170501708984,2.4575719833374023,2,False
472,detail,2,0.8,117,21,44.70075225830078,1.1969513893127441,3,False
472,detail,2,0.7,119,31,43.84151077270508,1.3399240970611572,2,False
472,detail,2,0.6,121,37,43.533935546875,1.3318583965301514,2,False
473,coarse,1,0.3,36,24,29.6951904296875,,,True
473,coarse,2,0.4,64,10,38.10107421875,,,True
473,detail,1,1.0,67,25,37.916866302490234,1.296344518661499,4,False
473,detail,1,0.9,68,29,35.168819427490234,1.473597764968872,3,False
473,detail,1,0.8,71,35,33.63087463378906,1.8143258094787598,3,False
473,detail,1,0.7,71,43,31.309553146362305,2.3369152545928955,2,True
473,detail,1,0.6,73,51,32.09339904785156,2.490257978439331,2,False
473,detail,2,0.8,117,21,44.972984313964844,1.1590635776519775,3,False
473,detail,2,0.7,121,31,42.930233001708984,1.0784742832183838,2,False
473,detail,2,0.6,121,37,43.70774841308594,1.3285882472991943,2,False
474,coarse,1,0.3,36,24,29.281402587890625,,,True
474,coarse,2,0.4,66,10,37.67164611816406,,,True
474,detail,1,1.0,67,25,37.35092544555664,1.2966883182525635,4,False
474,detail,1,0.9,68,29,34.46942901611328,1.4783213138580322,3,False
474,detail,1,0.8,71,35,33.11607360839844,1.8099994659423828,3,False
474,detail,1,0.7,71,43,30.91301918029785,2.3313820362091064,2,True
474,detail,1,0.6,73,51,31.527435302734375,2.4852397441864014,2,False
474,detail,2,0.7,120,31,41.92411422729492,1.1372342109680176,2,False
474,detail,2,0.6,122,37,43.22754669189453,1.252117395401001,2,False
475,coarse,1,0.3,36,24,28.651369094848633,,,True
475,coarse,2,0.4,64,10,36.601192474365234,,,True
475,detail,1,1.0,67,25,36.399723052978516,1.3333799839019775,4,False
475,detail,1,0.9,68,29,33.60111999511719,1.503096342086792,3,False
475,detail,1,0.8,71,35,32.28025436401367,1.8426234722137451,3,False
475,detail,1,0.7,71,43,30.1827392578125,2.3775362968444824,2,True
475,detail,1,0.6,73,51,30.908227920532227,2.5657122135162354,2,False
475,detail,2,0.8,117,21,43.327674865722656,1.1883518695831299,3,False
475,detail,2,0.7,121,31,40.851192474365234,1.1356971263885498,2,False
475,detail,2,0.6,121,37,42.186458587646484,1.3918859958648682,2,False
476,coarse,1,0.3,36,24,27.87462615966797,,,True
476,coarse,2,0.3,64,8,32.689048767089844,,,True
476,detail,1,1.0,67,25,35.30070114135742,1.3191752433776855,4,False
476,detail,1,0.9,68,29,32.44579315185547,1.4885916709899902,3,False
476,detail,1,0.8,71,35,31.595661163330078,1.815385103225708,3,False
476,detail,1,0.7,71,43,29.427513122558594,2.3542189598083496,2,True
476,detail,1,0.6,73,51,30.279417037963867,2.5015087127685547,2,False
476,detail,2,0.9,115,18,44.44102096557617,1.1802289485931396,3,False
476,detail,2,0.8,118,24,40.43701171875,1.2056057453155518,3,False
476,detail,2,0.7,121,30,39.52953338623047,1.103142499923706,2,False
476,detail,2,0.6,121,38,40.615657806396484,1.3691132068634033,2,False
477,coarse,1,0.3,36,24,27.63991355895996,,,True
477,coarse,2,0.3,64,8,32.3272819519043,,,True
477,detail,1,1.0,67,25,34.66040802001953,1.314159870147705,4,False
477,detail,1,0.9,68,29,31.929075241088867,1.4853134155273438,3,False
477,detail,1,0.8,71,35,31.209447860717773,1.8116466999053955,3,False
477,detail,1,0.7,71,43,29.147462844848633,2.3581576347351074,2,True
477,detail,1,0.6,73,51,29.952152252197266,2.5000381469726562,2,False
477,detail,2,0.9,115,18,43.92631912231445,1.1596629619598389,3,False
477,detail,2,0.8,118,24,39.92258071899414,1.1870031356811523,3,False
477,detail,2,0.7,121,32,39.570037841796875,1.1072745323181152,2,False
477,detail,2,0.6,121,38,40.09394836425781,1.3554561138153076,2,False
478,coarse,1,0.3,36,24,27.79385757446289,,,True
478,coarse,2,0.3,64,8,32.31861877441406,,,True
478,detail,1,1.0,67,25,34.74238967895508,1.3258132934570312,4,False
478,detail,1,0.9,68,29,32.03870391845703,1.4970011711120605,3,False
478,detail,1,0.8,71,35,31.390226364135742,1.8074877262115479,3,False
478,detail,1,0.7,71,43,29.3525390625,2.3683300018310547,2,True
478,detail,1,0.6,73,51,30.051185607910156,2.4996109008789062,2,False
478,detail,2,0.9,115,15,42.1516227722168,1.1505863666534424,3,False
478,detail,2,0.8,118,24,39.8616828918457,1.2499003410339355,3,False
478,detail,2,0.7,121,30,39.334320068359375,1.1687288284301758,2,False
478,detail,2,0.6,121,38,40.18302917480469,1.4103503227233887,2,False
479,coarse,1,0.3,36,26,27.684385299682617,,,True
479,coarse,2,0.3,64,8,32.24742889404297,,,True
479,detail,1,1.0,67,25,34.59806442260742,1.3312482833862305,4,False
479,detail,1,0.9,68,29,31.854076385498047,1.504640817642212,3,False
479,detail,1,0.8,71,35,31.318986892700195,1.812072992324829,3,False
479,detail,1,0.7,71,43,29.304798126220703,2.3617913722991943,2,True
479,detail,1,0.6,73,51,29.955110549926758,2.511848211288452,2,False
479,detail,2,0.9,115,15,42.04359817504883,1.13814377784729,3,False
479,detail,2,0.8,118,24,39.60987854003906,1.2361462116241455,3,False
479,detail,2,0.7,121,30,39.26565170288086,1.1668407917022705,2,False
479,detail,2,0.6,121,38,40.07944869995117,1.4024832248687744,2,False
480,coarse,1,0.3,36,26,27.16796112060547,,,True
480,coarse,2,0.3,64,8,31.548072814941406,,,True
480,detail,1,1.0,67,25,34.107078552246094,1.336576223373413,4,False
480,detail,1,0.9,68,29,31.360342025756836,1.5106890201568604,3,False
480,detail,1,0.8,71,35,30.885543823242188,1.8335602283477783,3,False
480,detail,1,0.7,71,43,29.024335861206055,2.363424062728882,2,True
480,detail,1,0.6,73,51,29.619281768798828,2.53896427154541,2,False
480,detail,2,0.9,115,18,42.96821212768555,1.1256837844848633,3,False
480,detail,2,0.8,118,24,38.91622543334961,1.1130695343017578,3,False
480,detail,2,0.7,119,32,39.42130661010742,1.250915288925171,2,False
480,detail,2,0.6,121,38,39.53831481933594,1.187429666519165,2,False
481,coarse,1,0.3,36,26,27.209806442260742,,,True
481,coarse,2,0.3,64,8,31.00461196899414,,,True
481,coarse,3,0.3,8,4,31.791257858276367,,,True
481,detail,1,1.0,67,25,34.0235481262207,1.6707391738891602,4,False
481,detail,1,0.9,68,29,31.263643264770508,1.8537309169769287,3,False
481,detail,1,0.8,71,35,30.888473510742188,2.0582756996154785,3,False
481,detail,1,0.7,71,43,29.228796005249023,2.4415152072906494,2,True
481,detail,1,0.6,73,51,29.598081588745117,2.524303436279297,2,False
481,detail,2,0.9,118,21,40.482994079589844,1.3277955055236816,3,False
481,detail,2,0.8,118,24,38.682090759277344,1.3306093215942383,3,False
481,detail,2,0.7,121,32,38.1524543762207,1.3140945434570312,2,False
481,detail,2,0.6,121,38,39.30192184448242,1.5315992832183838,2,False
481,detail,3,1.0,21,0,44.4025993347168,1.8463866710662842,4,False
481,detail,3,0.9,23,0,38.113468170166016,1.3682825565338135,3,False
481,detail,3,0.8,25,6,37.49119567871094,1.3758094310760498,3,False
481,detail,3,0.7,28,16,36.456260681152344,1.976698875427246,2,False
481,detail,3,0.6,30,24,35.263084411621094,2.3460536003112793,2,False
482,coarse,1,0.3,36,26,27.58420181274414,,,True
482,coarse,2,0.3,64,8,32.52538299560547,,,True
482,detail,1,1.0,67,25,34.88146209716797,1.6912181377410889,4,False
482,detail,1,0.9,68,29,32.0576057434082,1.8777976036071777,3,False
482,detail,1,0.8,71,38,31.341947555541992,2.1372597217559814,3,False
482,detail,1,0.7,71,45,29.842500686645508,2.4371120929718018,2,True
482,detail,1,0.6,73,51,30.151140213012695,2.5600168704986572,2,False
482,detail,2,0.9,118,21,41.58424758911133,1.3598301410675049,3,False
482,detail,2,0.8,118,24,39.87294387817383,1.346543312072754,3,False
482,detail,2,0.7,121,32,39.27555465698242,1.3358736038208008,2,False
482,detail,2,0.6,121,38,40.476356506347656,1.553893804550171,2,False
483,coarse,1,0.3,36,26,27.236103057861328,,,True
483,coarse,2,0.4,64,4,35.7143669128418,,,True
483,detail,1,1.0,67,25,35.40142059326172,1.5951626300811768,4,False
483,detail,1,0.9,68,29,32.51247024536133,1.7863683700561523,3,False
483,detail,1,0.8,71,38,31.04834747314453,2.0245840549468994,3,False
483,detail,1,0.7,71,45,29.637977600097656,2.315302848815918,2,True
483,detail,1,0.6,73,51,29.89468765258789,2.46563982963562,2,False
483,detail,2,0.8,117,24,42.4792366027832,1.078883171081543,3,False
483,detail,2,0.7,119,32,41.131587982177734,1.2496628761291504,2,False
483,detail,2,0.6,121,38,41.2913932800293,1.2592496871948242,2,False
484,coarse,1,0.3,36,26,27.79711151123047,,,True
484,coarse,2,0.5,66,4,37.667415618896484,,,True
484,detail,1,1.0,67,25,36.4362678527832,1.67287278175354,4,False
484,detail,1,0.9,68,29,33.61742401123047,1.8470983505249023,3,False
484,detail,1,0.8,71,38,31.778915405273438,2.104551315307617,3,False
484,detail,1,0.7,71,45,30.44150733947754,2.3690879344940186,2,True
484,detail,1,0.6,73,53,30.68663215637207,2.4498486518859863,2,False
484,detail,2,0.7,120,32,40.97903060913086,1.2565414905548096,2,False
484,detail,2,0.6,122,38,42.747215270996094,1.2995679378509521,2,False
485,coarse,1,0.3,36,26,27.522544860839844,,,True
485,coarse,2,0.4,64,4,36.71752166748047,,,True
485,detail,1,1.0,67,25,36.315189361572266,1.6537435054779053,4,False
485,detail,1,0.9,68,29,33.5233039855957,1.8321163654327393,3,False
485,detail,1,0.8,71,38,31.512008666992188,2.097219228744507,3,False
485,detail,1,0.7,71,45,30.31460189819336,2.359066963195801,2,True
485,detail,1,0.6,73,53,30.428632736206055,2.4604952335357666,2,False
485,detail,2,0.8,117,24,43.638282775878906,1.1621887683868408,3,False
485,detail,2,0.7,121,32,40.80941390991211,1.1313927173614502,2,False
485,detail,2,0.6,121,38,42.589927673339844,1.388305425643921,2,False
486,coarse,1,0.3,36,26,26.662220001220703,,,True
486,coarse,2,0.3,64,8,32.90350341796875,,,True
486,detail,1,1.0,67,25,35.2438850402832,1.7398631572723389,4,False
486,detail,1,0.9,68,29,32.36433792114258,1.9125945568084717,3,False
486,detail,1,0.8,71,38,30.41002655029297,2.22269344329834,3,False
486,detail,1,0.7,71,45,29.35719871520996,2.343073844909668,2,True
486,detail,1,0.6,73,53,29.64480209350586,2.4443986415863037,2,False
486,detail,2,0.9,115,21,46.19078063964844,1.1146094799041748,3,False
486,detail,2,0.8,118,24,40.61384582519531,1.0969066619873047,3,False
486,detail,2,0.7,121,32,39.721641540527344,1.1100215911865234,2,False
486,detail,2,0.6,121,38,41.632347106933594,1.364022970199585,2,False
487,coarse,1,0.3,36,26,26.487934112548828,,,True
487,coarse,2,0.3,64,8,32.36564636230469,,,True
487,detail,1,1.0,67,25,34.84417724609375,1.7485206127166748,4,False
487,detail,1,0.9,68,29,31.98577117919922,1.93503737449646,3,False
487,detail,1,0.8,71,38,30.223939895629883,2.2461020946502686,3,False
487,detail,1,0.7,71,45,29.206449508666992,2.3681395053863525,2,True
487,detail,1,0.6,73,53,29.54875373840332,2.476118326187134,2,False
487,detail,2,0.9,115,21,45.252418518066406,1.1346156597137451,3,False
487,detail,2,0.8,118,24,39.67916488647461,1.1149301528930664,3,False
487,detail,2,0.7,121,32,38.760223388671875,1.12315034866333,2,False
487,detail,2,0.6,121,38,40.66613006591797,1.378342866897583,2,False
488,coarse,1,0.3,36,26,26.370426177978516,,,True
488,coarse,2,0.3,64,8,31.765300750732422,,,True
488,detail,1,1.0,67,25,34.43966293334961,1.7294883728027344,4,False
488,detail,1,0.9,68,29,31.521282196044922,1.9420132637023926,3,False
488,detail,1,0.8,71,38,29.962080001831055,2.2517452239990234,3,False
488,detail,1,0.7,71,45,28.93236541748047,2.37288236618042,2,True
488,detail,1,0.6,73,53,29.479703903198242,2.4332871437072754,2,False
488,detail,2,0.9,115,21,44.99142837524414,1.130479335784912,3,False
488,detail,2,0.8,118,24,39.31356430053711,1.1451561450958252,3,False
488,detail,2,0.7,121,32,38.407630920410156,1.1811041831970215,2,False
488,detail,2,0.6,121,38,40.474822998046875,1.40702223777771,2,False
489,coarse,1,0.3,36,26,25.948728561401367,,,True
489,coarse,2,0.3,64,8,30.76753044128418,,,True
489,detail,1,1.0,67,25,33.77303695678711,1.7601745128631592,4,False
489,detail,1,0.9,68,29,30.9652042388916,1.9662251472473145,3,False
489,detail,1,0.8,71,38,29.59685707092285,2.278385639190674,3,False
489,detail,1,0.7,71,45,28.56635856628418,2.399522304534912,2,True
489,detail,1,0.6,73,53,29.22754669189453,2.4667868614196777,2,False
489,detail,2,0.9,115,18,42.16537857055664,1.115992546081543,3,False
489,detail,2,0.8,118,24,38.417884826660156,1.1766672134399414,3,False
489,detail,2,0.7,121,32,37.54524230957031,1.205113410949707,2,False
489,detail,2,0.6,121,38,39.58127975463867,1.4276537895202637,2,False
490,coarse,1,0.3,36,26,25.69094467163086,,,True
490,coarse,2,0.3,64,8,30.688488006591797,,,True
490,detail,1,1.0,67,25,33.61341857910156,1.8661739826202393,4,False
490,detail,1,0.9,68,29,30.78620719909668,2.070923328399658,3,False
490,detail,1,0.8,71,38,29.27979278564453,2.366344690322876,3,False
490,detail,1,0.7,71,45,28.35469627380371,2.5116069316864014,2,True
490,detail,1,0.6,73,53,28.942134857177734,2.6948189735412598,2,False
490,detail,2,0.9,115,21,44.08469009399414,1.1539638042449951,3,False
490,detail,2,0.8,118,24,38.38636016845703,1.1589725017547607,3,False
490,detail,2,0.7,121,32,37.56672668457031,1.1952927112579346,2,False
490,detail,2,0.6,121,38,39.54838180541992,1.4393908977508545,2,False
491,coarse,1,0.3,36,26,25.56131935119629,,,True
491,coarse,2,0.3,64,8,30.707557678222656,,,True
491,detail,1,1.0,67,25,33.742218017578125,1.8884639739990234,4,False
491,detail,1,0.9,68,29,30.898408889770508,2.091968059539795,3,False
491,detail,1,0.8,71,38,29.02016830444336,2.4247963428497314,3,False
491,detail,1,0.7,71,45,28.239099502563477,2.56369948387146,2,True
491,detail,1,0.6,73,53,28.610090255737305,2.754371404647827,2,False
491,detail,2,0.9,115,21,43.916053771972656,1.141747236251831,3,False
491,detail,2,0.8,118,24,38.30705642700195,1.1493794918060303,3,False
491,detail,2,0.7,121,32,37.31586837768555,1.1609861850738525,2,False
491,detail,2,0.6,121,38,39.289154052734375,1.4134938716888428,2,False
492,coarse,1,0.3,36,26,25.542800903320312,,,True
492,coarse,2,0.3,64,8,30.691608428955078,,,True
492,detail,1,1.0,67,25,33.96154022216797,1.9108970165252686,4,False
492,detail,1,0.9,68,29,31.198945999145508,2.13818097114563,3,False
492,detail,1,0.8,71,38,28.728837966918945,2.4620182514190674,3,False
492,detail,1,0.7,71,45,28.26084327697754,2.5849177837371826,2,True
492,detail,1,0.6,73,53,28.354999542236328,2.7336199283599854,2,False
492,detail,2,0.9,115,15,41.3303108215332,1.1747732162475586,3,False
492,detail,2,0.8,118,24,38.41340255737305,1.2687129974365234,3,False
492,detail,2,0.7,121,32,37.188072204589844,1.359316349029541,2,False
492,detail,2,0.6,121,40,39.27067947387695,1.6841621398925781,2,False
493,coarse,1,0.3,36,26,25.34353256225586,,,True
493,coarse,2,0.3,64,8,31.23191261291504,,,True
493,detail,1,1.0,67,25,33.64765930175781,1.681427240371704,4,False
493,detail,1,0.9,68,29,30.965476989746094,1.854560136795044,3,False
493,detail,1,0.8,71,38,28.012718200683594,2.130889415740967,3,False
493,detail,1,0.7,71,45,28.305335998535156,2.2548861503601074,2,False
493,detail,1,0.6,73,53,27.72911262512207,2.6231777667999268,2,True
493,detail,2,1.0,115,12,41.97618103027344,1.2832870483398438,4,False
493,detail,2,0.9,118,18,37.904911041259766,1.2982959747314453,3,False
493,detail,2,0.8,118,24,38.322227478027344,1.4482100009918213,3,False
493,detail,2,0.7,121,32,36.9131965637207,1.3767595291137695,2,False
493,detail,2,0.6,121,40,39.00675964355469,1.6870722770690918,2,False
494,coarse,1,0.3,36,26,25.088300704956055,,,True
494,coarse,2,0.3,64,8,30.109933853149414,,,True
494,detail,1,1.0,67,25,33.51578903198242,1.689197301864624,4,False
494,detail,1,0.9,68,29,30.720582962036133,1.8576486110687256,3,False
494,detail,1,0.8,71,38,27.49350357055664,2.115799903869629,3,False
494,detail,1,0.7,71,45,28.075040817260742,2.192467451095581,2,False
494,detail,1,0.6,73,53,27.383852005004883,2.5625991821289062,2,True
494,detail,2,1.0,115,12,41.29387664794922,1.274172306060791,4,False
494,detail,2,0.9,118,18,37.09113693237305,1.2772579193115234,3,False
494,detail,2,0.8,118,24,37.6143913269043,1.3688647747039795,3,False
494,detail,2,0.7,121,32,36.0513916015625,1.3190648555755615,2,False
494,detail,2,0.6,121,40,38.25890350341797,1.630554437637329,2,False
495,coarse,1,0.3,36,26,24.85507583618164,,,True
495,coarse,2,0.3,64,8,30.012693405151367,,,True
495,detail,1,1.0,67,25,33.30967330932617,1.70664381980896,4,False
495,detail,1,0.9,68,29,30.533645629882812,1.8761522769927979,3,False
495,detail,1,0.8,71,38,27.06569480895996,2.1515772342681885,3,False
495,detail,1,0.7,71,45,27.786855697631836,2.1991066932678223,2,False
495,detail,1,0.6,73,53,27.043542861938477,2.519137382507324,2,True
495,detail,2,1.0,115,12,40.948001861572266,1.3323326110839844,4,False
495,detail,2,0.9,118,18,36.92242431640625,1.3820700645446777,3,False
495,detail,2,0.8,121,24,35.66623306274414,1.2105493545532227,3,False
495,detail,2,0.7,121,32,35.81019973754883,1.481553316116333,2,False
495,detail,2,0.6,121,40,37.77470779418945,1.7700073719024658,2,False
496,coarse,1,0.3,36,26,24.93991470336914,,,True
496,coarse,2,0.3,66,4,29.927698135375977,,,True
496,detail,1,1.0,67,25,33.3631591796875,1.712038278579712,4,False
496,detail,1,0.9,68,29,30.45195960998535,1.9000248908996582,3,False
496,detail,1,0.8,71,38,26.935346603393555,2.1830620765686035,3,True
496,detail,1,0.7,73,45,27.654329299926758,2.6037933826446533,2,False
496,detail,1,0.6,73,53,27.07485008239746,2.4638330936431885,2,False
496,detail,2,0.9,119,18,35.851348876953125,1.2707595825195312,3,False
496,detail,2,0.8,119,24,35.92874526977539,1.392258644104004,3,False
496,detail,2,0.7,121,32,35.50315475463867,1.4635534286499023,2,False
496,detail,2,0.6,121,40,37.519935607910156,1.7778105735778809,2,False
497,coarse,1,0.3,36,26,25.23285484313965,,,True
497,coarse,2,0.3,66,4,29.85297966003418,,,True
497,coarse,3,0.3,8,4,30.101993560791016,,,True
497,detail,1,1.0,67,25,33.60221862792969,1.7731049060821533,4,False
497,detail,1,0.9,68,29,30.795751571655273,1.9733052253723145,3,False
497,detail,1,0.8,71,38,27.011314392089844,2.2174501419067383,3,True
497,detail,1,0.7,73,45,27.804363250732422,2.6496710777282715,2,False
497,detail,1,0.6,73,53,27.18504524230957,2.4904348850250244,2,False
497,detail,2,0.9,119,18,35.81510543823242,1.3122856616973877,3,False
497,detail,2,0.8,119,24,35.99477767944336,1.4430298805236816,3,False
497,detail,2,0.7,121,32,35.67416000366211,1.5239284038543701,2,False
497,detail,2,0.6,123,40,37.62152862548828,1.4011077880859375,2,False
497,detail,3,1.0,21,0,42.3048095703125,1.5781660079956055,4,False
497,detail,3,0.9,23,3,38.135467529296875,1.3538439273834229,3,False
497,detail,3,0.8,12,9,35.909053802490234,0.696354866027832,3,False
497,detail,3,0.7,28,18,35.15340042114258,1.4827125072479248,2,False
497,detail,3,0.6,30,26,33.34580612182617,1.5943183898925781,2,False
498,coarse,1,0.3,36,26,25.384138107299805,,,True
498,coarse,2,0.3,66,4,29.793106079101562,,,True
498,coarse,3,0.3,8,4,30.055072784423828,,,True
498,detail,1,1.0,67,25,33.7750358581543,1.7331938743591309,4,False
498,detail,1,0.9,68,29,30.938060760498047,1.9527101516723633,3,False
498,detail,1,0.8,71,38,27.160890579223633,2.2071869373321533,3,True
498,detail,1,0.7,73,45,27.893108367919922,2.6428847312927246,2,False
498,detail,1,0.6,73,53,27.267921447753906,2.5065107345581055,2,False
498,detail,2,0.9,119,18,35.799564361572266,1.3018698692321777,3,False
498,detail,2,0.8,119,24,36.03062438964844,1.4387140274047852,3,False
498,detail,2,0.7,121,32,35.58476638793945,1.512866497039795,2,False
498,detail,2,0.6,123,40,37.44895553588867,1.3829734325408936,2,False
498,detail,3,1.0,21,0,42.24778366088867,1.5821857452392578,4,False
498,detail,3,0.9,23,3,38.00769805908203,1.481348991394043,3,False
498,detail,3,0.8,12,9,35.89659118652344,0.7038397789001465,3,False
498,detail,3,0.7,28,18,35.2977294921875,1.5977344512939453,2,False
498,detail,3,0.6,30,26,33.59943389892578,1.7186226844787598,2,False
499,coarse,1,0.3,36,26,25.42180633544922,,,True
499,coarse,2,0.3,66,4,29.833526611328125,,,True
499,coarse,3,0.3,8,4,30.09016227722168,,,True
499,detail,1,1.0,67,25,33.78326416015625,1.7553737163543701,4,False
499,detail,1,0.9,68,29,30.9427547454834,1.9830200672149658,3,False
499,detail,1,0.8,71,38,27.168241500854492,2.222111940383911,3,True
499,detail,1,0.7,73,45,27.901290893554688,2.673341751098633,2,False
499,detail,1,0.6,73,53,27.26024627685547,2.532977819442749,2,False
499,detail,2,0.9,119,18,35.80927658081055,1.386601209640503,3,False
499,detail,2,0.8,119,24,36.0881233215332,1.523216724395752,3,False
499,detail,2,0.7,121,32,35.66129684448242,1.6047132015228271,2,False
499,detail,2,0.6,123,40,37.44892501831055,1.435265064239502,2,False
499,detail,3,1.0,21,0,42.36386489868164,1.5875060558319092,4,False
499,detail,3,0.9,23,3,38.145572662353516,1.5303270816802979,3,False
499,detail,3,0.8,12,9,35.79605484008789,0.714749813079834,3,False
499,detail,3,0.7,28,16,35.18600845336914,1.7032487392425537,2,False
499,detail,3,0.6,30,26,33.62310791015625,1.773857831954956,2,False
500,coarse,1,0.3,36,26,25.451534271240234,,,True
500,coarse,2,0.3,66,4,29.839656829833984,,,True
500,coarse,3,0.3,8,4,30.08995819091797,,,True
500,detail,1,1.0,67,25,33.8520622253418,1.750706434249878,4,False
500,detail,1,0.9,68,29,31.047060012817383,1.9775168895721436,3,False
500,detail,1,0.8,71,38,27.18150520324707,2.2167117595672607,3,True
500,detail,1,0.7,73,45,27.818540573120117,2.6751232147216797,2,False
500,detail,1,0.6,73,53,27.213245391845703,2.535283327102661,2,False
500,detail,2,0.9,119,18,35.82158660888672,1.3876216411590576,3,False
500,detail,2,0.8,119,24,36.084388732910156,1.5229978561401367,3,False
500,detail,2,0.7,121,32,35.63923645019531,1.6028625965118408,2,False
500,detail,2,0.6,123,40,37.42946243286133,1.433647632598877,2,False
500,detail,3,1.0,21,0,42.35419845581055,1.6600258350372314,4,False
500,detail,3,0.9,23,3,38.131858825683594,1.4315533638000488,3,False
500,detail,3,0.8,12,9,35.799156188964844,0.7209372520446777,3,False
500,detail,3,0.7,28,16,35.14906692504883,1.5824363231658936,2,False
500,detail,3,0.6,30,26,33.63265609741211,1.8141775131225586,2,False
501,coarse,1,0.3,36,26,25.464908599853516,,,True
501,coarse,2,0.3,66,4,30.04495620727539,,,True
501,coarse,3,0.3,8,4,30.140155792236328,,,True
501,detail,1,1.0,67,25,33.82518768310547,1.798144817352295,4,False
501,detail,1,0.9,68,29,31.02531623840332,2.0262820720672607,3,False
501,detail,1,0.8,71,38,27.234859466552734,2.283392906188965,3,False
501,detail,1,0.7,73,45,27.865365982055664,2.7507550716400146,2,False
501,detail,1,0.6,73,53,27.206932067871094,2.5863726139068604,2,True
501,detail,2,0.9,119,18,35.75107955932617,1.3757929801940918,3,False
501,detail,2,0.8,119,24,36.04567337036133,1.5062956809997559,3,False
501,detail,2,0.7,121,32,35.599735260009766,1.589674472808838,2,False
501,detail,2,0.6,123,40,37.3529052734375,1.4224560260772705,2,False
501,detail,3,1.0,21,0,42.35649108886719,1.6717438697814941,4,False
501,detail,3,0.9,23,3,38.18617248535156,1.454723596572876,3,False
501,detail,3,0.8,25,9,36.79353332519531,1.453446865081787,3,False
501,detail,3,0.7,28,16,35.22858810424805,1.6266224384307861,2,False
501,detail,3,0.6,30,26,33.554603576660156,1.803755283355713,2,False
502,coarse,1,0.3,36,26,25.418495178222656,,,True
502,coarse,2,0.3,66,4,30.186120986938477,,,True
502,detail,1,1.0,67,25,33.836517333984375,1.736114740371704,4,False
502,detail,1,0.9,68,29,31.024066925048828,1.9526894092559814,3,False
502,detail,1,0.8,71,38,27.168128967285156,2.227696657180786,3,False
502,detail,1,0.7,73,45,27.78826141357422,2.6837384700775146,2,False
502,detail,1,0.6,73,53,27.078657150268555,2.5662453174591064,2,True
502,detail,2,0.9,119,18,35.762969970703125,1.33884596824646,3,False
502,detail,2,0.8,119,24,36.016414642333984,1.4598031044006348,3,False
502,detail,2,0.7,121,32,35.572410583496094,1.530912160873413,2,False
502,detail,2,0.6,121,40,37.27155685424805,1.8456921577453613,2,False
503,coarse,1,0.3,36,26,25.418489456176758,,,True
503,coarse,2,0.3,64,8,30.3061466217041,,,True
503,detail,1,1.0,67,25,33.83711242675781,1.746980905532837,4,False
503,detail,1,0.9,68,29,31.047426223754883,1.9633920192718506,3,False
503,detail,1,0.8,71,38,27.24534034729004,2.24821400642395,3,False
503,detail,1,0.7,73,45,27.846101760864258,2.7011969089508057,2,False
503,detail,1,0.6,73,53,27.165618896484375,2.5895512104034424,2,True
503,detail,2,1.0,115,12,40.50899124145508,1.3884243965148926,4,False
503,detail,2,0.9,118,18,36.64780807495117,1.4230570793151855,3,False
503,detail,2,0.8,121,24,35.45647048950195,1.2189757823944092,3,False
503,detail,2,0.7,121,32,35.572410583496094,1.530912160873413,2,False
503,detail,2,0.6,121,40,37.27155685424805,1.8456921577453613,2,False
504,coarse,1,0.3,36,26,25.568511962890625,,,True
504,coarse,2,0.3,64,8,30.31818389892578,,,True
504,detail,1,1.0,67,25,33.8914680480957,1.7592337131500244,4,False
504,detail,1,0.9,68,29,31.119340896606445,1.9762299060821533,3,False
504,detail,1,0.8,71,38,27.374021530151367,2.2604000568389893,3,False
504,detail,1,0.7,73,45,27.94945526123047,2.712503671646118,2,False
504,detail,1,0.6,73,53,27.3659610748291,2.596513509750366,2,True
504,detail,2,1.0,115,12,40.62816619873047,1.382023811340332,4,False
504,detail,2,0.9,118,18,36.76701354980469,1.4166488647460938,3,False
504,detail,2,0.8,121,24,35.6010856628418,1.2117021083831787,3,False
504,detail,2,0.7,121,32,35.764129638671875,1.5205790996551514,2,False
504,detail,2,0.6,121,40,37.452083587646484,1.8332319259643555,2,False
505,coarse,1,0.3,36,26,25.992145538330078,,,True
505,coarse,2,0.3,64,8,30.967500686645508,,,True
505,detail,1,1.0,67,25,34.2443733215332,1.4775285720825195,4,False
505,detail,1,0.9,68,29,31.61322021484375,1.7040395736694336,3,False
505,detail,1,0.8,71,38,27.739198684692383,1.962411642074585,3,False
505,detail,1,0.7,73,45,28.316919326782227,2.3873178958892822,2,False
505,detail,1,0.6,73,53,27.705738067626953,2.4474356174468994,2,True
505,detail,2,0.9,118,21,39.25413513183594,1.2779345512390137,3,False
505,detail,2,0.8,118,24,38.32851028442383,1.2208826541900635,3,False
505,detail,2,0.7,121,32,36.5971565246582,1.223240852355957,2,False
505,detail,2,0.6,121,40,38.035980224609375,1.4997992515563965,2,False
506,coarse,1,0.3,36,26,25.992145538330078,,,True
506,coarse,2,0.3,64,8,30.967500686645508,,,True
506,detail,1,1.0,67,25,34.2443733215332,1.4775285720825195,4,False
506,detail,1,0.9,68,29,31.61322021484375,1.7040395736694336,3,False
506,detail,1,0.8,71,38,27.739198684692383,1.962411642074585,3,False
506,detail,1,0.7,73,45,28.316919326782227,2.3873178958892822,2,False
506,detail,1,0.6,73,53,27.705738067626953,2.4474356174468994,2,True
506,detail,2,0.9,118,21,39.25413513183594,1.2779345512390137,3,False
506,detail,2,0.8,118,24,38.32851028442383,1.2208826541900635,3,False
506,detail,2,0.7,121,32,36.5971565246582,1.223240852355957,2,False
506,detail,2,0.6,121,40,38.035980224609375,1.4997992515563965,2,False
507,coarse,1,0.3,36,26,26.26836395263672,,,True
507,coarse,2,0.3,64,8,31.04166603088379,,,True
507,detail,1,1.0,67,25,34.43104553222656,1.4836292266845703,4,False
507,detail,1,0.9,68,29,31.824560165405273,1.7124824523925781,3,False
507,detail,1,0.8,71,38,27.837392807006836,1.9712016582489014,3,True
507,detail,1,0.7,73,45,28.371774673461914,2.405306577682495,2,False
507,detail,1,0.6,73,53,27.879291534423828,2.463141679763794,2,False
507,detail,2,0.9,118,21,39.29450988769531,1.278815746307373,3,False
507,detail,2,0.8,118,24,38.392852783203125,1.2242333889007568,3,False
507,detail,2,0.7,121,32,36.642913818359375,1.227480411529541,2,False
507,detail,2,0.6,121,40,38.076744079589844,1.5044498443603516,2,False
508,coarse,1,0.3,36,26,26.35343360900879,,,True
508,coarse,2,0.3,64,8,31.04166603088379,,,True
508,detail,1,1.0,67,25,34.46942901611328,1.4839363098144531,4,False
508,detail,1,0.9,68,29,31.881149291992188,1.7128396034240723,3,False
508,detail,1,0.8,71,38,27.814830780029297,1.9689371585845947,3,True
508,detail,1,0.7,73,45,28.35618019104004,2.4063408374786377,2,False
508,detail,1,0.6,73,53,27.898584365844727,2.4598348140716553,2,False
508,detail,2,0.9,118,21,39.276737213134766,1.2862262725830078,3,False
508,detail,2,0.8,118,24,38.422142028808594,1.230956792831421,3,False
508,detail,2,0.7,121,32,36.58119201660156,1.2353639602661133,2,False
508,detail,2,0.6,121,40,38.01589584350586,1.511181354522705,2,False
509,coarse,1,0.3,36,26,26.37078094482422,,,True
509,coarse,2,0.4,64,12,32.92681884765625,,,True
509,detail,1,1.0,67,25,34.53705978393555,1.4528100490570068,4,False
509,detail,1,0.9,68,29,31.915197372436523,1.700934886932373,3,False
509,detail,1,0.8,71,38,27.743234634399414,1.956406831741333,3,True
509,detail,1,0.7,73,45,28.29497528076172,2.384734630584717,2,False
509,detail,1,0.6,73,53,27.8261661529541,2.423459529876709,2,False
509,detail,2,0.8,120,28,38.48603057861328,1.3538691997528076,3,False
509,detail,2,0.7,121,33,36.524837493896484,1.2746131420135498,2,False
509,detail,2,0.6,121,39,38.62403106689453,1.476346492767334,2,False
510,coarse,1,0.3,36,26,26.50714874267578,,,True
510,coarse,2,0.4,64,12,32.96177673339844,,,True
510,detail,1,1.0,67,25,34.77811050415039,1.4504883289337158,4,False
510,detail,1,0.9,71,29,31.908472061157227,1.6186602115631104,3,False
510,detail,1,0.8,71,38,27.664676666259766,1.952455759048462,3,True
510,detail,1,0.7,73,45,28.304285049438477,2.387533664703369,2,False
510,detail,1,0.6,73,53,27.840091705322266,2.426265239715576,2,False
510,detail,2,0.8,120,28,38.44520568847656,1.3735620975494385,3,False
510,detail,2,0.7,121,33,36.57170867919922,1.2948391437530518,2,False
510,detail,2,0.6,121,39,38.80964279174805,1.5000624656677246,2,False
511,coarse,1,0.3,36,26,26.695514678955078,,,True
511,coarse,2,0.4,64,12,33.065086364746094,,,True
511,detail,1,1.0,67,25,35.04829788208008,1.4443397521972656,4,False
511,detail,1,0.9,71,29,31.865854263305664,1.6223623752593994,3,False
511,detail,1,0.8,71,38,27.661962509155273,1.9564650058746338,3,True
511,detail,1,0.7,73,45,28.375720977783203,2.40619158744812,2,False
511,detail,1,0.6,73,53,27.92856788635254,2.4328014850616455,2,False
511,detail,2,0.8,120,28,38.51808166503906,1.3272860050201416,3,False
511,detail,2,0.7,121,33,36.59388732910156,1.2676193714141846,2,False
511,detail,2,0.6,121,39,38.88200759887695,1.4796719551086426,2,False
512,coarse,1,0.3,36,26,27.087631225585938,,,True
512,coarse,2,0.3,66,4,31.95018768310547,,,True
512,detail,1,1.0,67,25,35.67285919189453,1.4227173328399658,4,False
512,detail,1,0.9,71,29,32.09187698364258,1.591156244277954,3,False
512,detail,1,0.8,71,38,28.015033721923828,1.9163727760314941,3,True
512,detail,1,0.7,73,45,28.424823760986328,2.371481418609619,2,False
512,detail,1,0.6,73,53,28.13357925415039,2.399604082107544,2,False
512,detail,2,0.8,119,24,37.981781005859375,1.198366641998291,3,False
512,detail,2,0.7,121,32,37.40043640136719,1.292348861694336,2,False
512,detail,2,0.6,123,40,38.6149787902832,1.1578662395477295,2,False
513,coarse,1,0.3,36,26,27.169748306274414,,,True
513,coarse,2,0.4,64,12,33.545475006103516,,,True
513,detail,1,1.0,71,25,36.01985549926758,1.257763385772705,4,False
513,detail,1,0.9,71,29,32.18332290649414,1.5095081329345703,3,False
513,detail,1,0.8,71,38,28.08445167541504,1.821803331375122,3,False
513,detail,1,0.7,73,45,28.390819549560547,2.2465505599975586,2,False
513,detail,1,0.6,73,53,27.987159729003906,2.1823790073394775,2,True
513,detail,2,0.9,117,22,42.8393440246582,1.2838525772094727,3,False
513,detail,2,0.8,120,25,37.624183654785156,1.1991076469421387,3,False
513,detail,2,0.7,121,33,37.59633255004883,1.3274850845336914,2,False
513,detail,2,0.6,123,41,39.90396499633789,1.2766311168670654,2,False
514,coarse,1,0.3,36,26,27.224733352661133,,,True
514,coarse,2,0.4,64,12,33.53755569458008,,,True
514,detail,1,1.0,71,25,35.903202056884766,1.2061285972595215,4,False
514,detail,1,0.9,71,29,31.972232818603516,1.4376089572906494,3,False
514,detail,1,0.8,71,38,28.063783645629883,1.7386541366577148,3,False
514,detail,1,0.7,73,45,28.34269905090332,2.1690967082977295,2,False
514,detail,1,0.6,73,53,28.01884651184082,2.088123083114624,2,True
514,detail,2,0.9,117,22,42.91850280761719,1.256333351135254,3,False
514,detail,2,0.8,120,25,37.52717208862305,1.1712861061096191,3,False
514,detail,2,0.7,121,33,37.55891036987305,1.3006963729858398,2,False
514,detail,2,0.6,123,41,39.65966796875,1.2546336650848389,2,False
515,coarse,1,0.3,36,26,27.077171325683594,,,True
515,coarse,2,0.4,68,12,33.37778854370117,,,True
515,detail,1,1.0,71,25,35.52941131591797,1.2308416366577148,4,False
515,detail,1,0.9,71,29,31.698596954345703,1.4777255058288574,3,False
515,detail,1,0.8,71,38,27.82337760925293,1.7854642868041992,3,False
515,detail,1,0.7,73,45,28.105735778808594,2.2215847969055176,2,False
515,detail,1,0.6,73,53,27.813934326171875,2.0416440963745117,2,True
515,detail,2,0.9,120,19,37.74818801879883,1.2616417407989502,3,False
515,detail,2,0.8,120,25,37.51567459106445,1.3948936462402344,3,False
515,detail,2,0.7,122,33,37.535499572753906,1.3277709484100342,2,False
515,detail,2,0.6,122,41,39.22468566894531,1.5870602130889893,2,False
516,coarse,1,0.3,36,26,26.687055587768555,,,True
516,coarse,2,0.3,66,10,31.26593780517578,,,True
516,detail,1,1.0,71,25,34.777870178222656,1.2635385990142822,4,False
516,detail,1,0.9,71,32,31.053768157958984,1.5110108852386475,3,False
516,detail,1,0.8,71,38,27.36985206604004,1.7537808418273926,3,True
516,detail,1,0.7,73,47,27.699785232543945,2.139897584915161,2,False
516,detail,1,0.6,73,53,27.511926651000977,1.9314873218536377,2,False
516,detail,2,0.9,119,18,37.55854034423828,1.3379302024841309,3,False
516,detail,2,0.8,119,24,38.72815704345703,1.4770147800445557,3,False
516,detail,2,0.7,121,34,37.6290168762207,1.5982871055603027,2,False
516,detail,2,0.6,123,40,38.75122833251953,1.416027545928955,2,False
517,coarse,1,0.3,36,22,26.858463287353516,,,True
517,coarse,2,0.3,66,4,30.498210906982422,,,True
517,coarse,3,0.4,16,0,32.994285583496094,,,True
517,detail,1,1.0,71,25,34.62774658203125,1.3241307735443115,4,False
517,detail,1,0.9,71,32,30.765756607055664,1.5622808933258057,3,False
517,detail,1,0.8,71,38,27.715740203857422,1.7870306968688965,3,True
517,detail,1,0.7,73,47,27.74055290222168,2.3179426193237305,2,False
517,detail,1,0.6,73,53,27.97088623046875,2.092094659805298,2,False
517,detail,2,0.9,119,21,38.58856964111328,1.319530963897705,3,False
517,detail,2,0.8,119,24,38.43571853637695,1.3705031871795654,3,False
517,detail,2,0.7,121,34,37.24165344238281,1.4544460773468018,2,False
517,detail,2,0.6,123,40,37.941162109375,1.2124543190002441,2,False
517,detail,3,1.0,33,12,37.142112731933594,1.679624319076538,4,False
517,detail,3,0.9,27,3,35.1672248840332,1.6211471557617188,3,False
517,detail,3,0.8,33,27,35.77790069580078,1.9181115627288818,3,False
517,detail,3,0.7,31,20,35.22400665283203,1.676119089126587,2,False
517,detail,3,0.6,33,28,33.923587799072266,2.1923484802246094,2,False
518,coarse,1,0.3,36,22,26.907926559448242,,,True
518,coarse,2,0.3,66,4,30.596965789794922,,,True
518,coarse,3,0.4,16,0,33.00486373901367,,,True
518,detail,1,1.0,71,25,34.486228942871094,1.3417258262634277,4,False
518,detail,1,0.9,71,32,30.588308334350586,1.581122875213623,3,False
518,detail,1,0.8,71,38,27.814964294433594,1.7995476722717285,3,False
518,detail,1,0.7,73,47,27.675613403320312,2.3139872550964355,2,True
518,detail,1,0.6,73,53,28.10340118408203,2.0905370712280273,2,False
518,detail,2,0.9,119,21,38.72083282470703,1.343578577041626,3,False
518,detail,2,0.8,119,24,38.66659927368164,1.377835750579834,3,False
518,detail,2,0.7,121,34,37.46122360229492,1.4550049304962158,2,False
518,detail,2,0.6,123,40,37.99937057495117,1.214897632598877,2,False
518,detail,3,1.0,33,12,37.2403450012207,1.6989350318908691,4,False
518,detail,3,0.9,27,3,35.13899230957031,1.6357312202453613,3,False
518,detail,3,0.8,33,27,35.62337875366211,1.9374468326568604,3,False
518,detail,3,0.7,31,20,35.21711349487305,1.6918141841888428,2,False
518,detail,3,0.6,33,28,33.9096565246582,2.1955294609069824,2,False
519,coarse,1,0.4,36,20,26.552461624145508,,,True
519,coarse,2,0.3,66,10,30.720897674560547,,,True
519,coarse,3,0.4,16,0,32.92832946777344,,,True
519,detail,1,1.0,69,25,33.07515335083008,1.3288161754608154,4,False
519,detail,1,0.9,70,32,30.301715850830078,1.4996473789215088,3,False
519,detail,1,0.8,73,38,29.251541137695312,1.70512056350708,3,False
519,detail,1,0.7,73,47,27.441123962402344,2.207144021987915,2,True
519,detail,1,0.6,73,53,28.116762161254883,2.0267484188079834,2,False
519,detail,2,0.9,119,21,38.56657409667969,1.380204677581787,3,False
519,detail,2,0.8,119,24,38.71796798706055,1.4158904552459717,3,False
519,detail,2,0.7,123,34,36.52061462402344,1.1672399044036865,2,False
519,detail,2,0.6,123,40,37.71849060058594,1.3118090629577637,2,False
519,detail,3,1.0,33,12,37.07568359375,1.654139757156372,4,False
519,detail,3,0.9,27,3,35.142662048339844,1.7423484325408936,3,False
519,detail,3,0.8,33,27,35.17673873901367,1.8608052730560303,3,False
519,detail,3,0.7,31,20,34.74920654296875,1.7764067649841309,2,False
519,detail,3,0.6,33,28,33.51131057739258,2.1800904273986816,2,False
520,coarse,1,0.4,36,20,26.37527847290039,,,True
520,coarse,2,0.4,66,10,32.913002014160156,,,True
520,coarse,3,0.4,16,0,33.119781494140625,,,True
520,detail,1,1.0,69,25,33.607757568359375,1.2684834003448486,4,False
520,detail,1,0.9,70,32,30.700796127319336,1.437718391418457,3,False
520,detail,1,0.8,73,38,28.940507888793945,1.6666107177734375,3,False
520,detail,1,0.7,73,47,27.442481994628906,2.138274669647217,2,True
520,detail,1,0.6,73,53,28.27409553527832,1.9397468566894531,2,False
520,detail,2,0.9,120,21,38.005706787109375,1.3271839618682861,3,False
520,detail,2,0.8,120,27,38.00831985473633,1.4339494705200195,3,False
520,detail,2,0.7,122,33,36.843082427978516,1.356147050857544,2,False
520,detail,2,0.6,124,41,38.12078094482422,1.3480925559997559,2,False
520,detail,3,1.0,33,12,37.34574508666992,1.5978124141693115,4,False
520,detail,3,0.9,27,3,35.520835876464844,1.8301756381988525,3,False
520,detail,3,0.8,33,27,35.39153289794922,1.8299596309661865,3,False
520,detail,3,0.7,31,20,35.21237564086914,1.8745129108428955,2,False
520,detail,3,0.6,33,28,33.92140197753906,2.1843035221099854,2,False
521,coarse,1,0.4,36,20,27.64862823486328,,,True
521,coarse,2,0.3,66,10,32.327510833740234,,,True
521,coarse,3,0.4,16,0,34.65169143676758,,,True
521,detail,1,1.0,69,25,35.23353576660156,1.1888096332550049,4,False
521,detail,1,0.9,70,32,32.28325653076172,1.3869950771331787,3,False
521,detail,1,0.8,73,38,30.33036231994629,1.6204888820648193,3,False
521,detail,1,0.7,73,47,28.839107513427734,2.032364845275879,2,True
521,detail,1,0.6,75,53,29.458824157714844,2.4218392372131348,2,False
521,detail,2,0.9,119,18,39.454647064208984,1.332103967666626,3,False
521,detail,2,0.8,122,30,40.910125732421875,1.2895197868347168,3,False
521,detail,2,0.7,123,34,38.272857666015625,1.2754859924316406,2,False
521,detail,2,0.6,123,40,39.862457275390625,1.451157569885254,2,False
521,detail,3,1.0,33,12,38.79497528076172,1.6492228507995605,4,False
521,detail,3,0.9,30,3,36.8863639831543,2.0317623615264893,3,False
521,detail,3,0.8,33,27,36.8978271484375,1.8116612434387207,3,False
521,detail,3,0.7,31,20,36.918766021728516,1.7896301746368408,2,False
521,detail,3,0.6,33,28,35.45275115966797,2.201460123062134,2,False
522,coarse,1,0.4,36,20,28.232885360717773,,,True
522,coarse,2,0.3,66,20,32.951812744140625,,,True
522,coarse,3,0.4,16,0,35.4963264465332,,,True
522,detail,1,1.0,69,25,36.11848068237305,1.1587111949920654,4,False
522,detail,1,0.9,70,32,33.18907928466797,1.3608734607696533,3,False
522,detail,1,0.8,73,38,31.008024215698242,1.5899908542633057,3,False
522,detail,1,0.7,73,47,29.578012466430664,1.9790980815887451,2,True
522,detail,1,0.6,75,53,29.893701553344727,2.39162015914917,2,False
522,detail,2,0.9,119,18,40.50518035888672,1.2963225841522217,3,False
522,detail,2,0.8,122,30,41.59183883666992,1.256950855255127,3,False
522,detail,2,0.7,123,35,39.56404495239258,1.2281227111816406,2,False
522,detail,2,0.6,123,41,40.10874938964844,1.5037693977355957,2,False
522,detail,3,1.0,33,12,39.56560516357422,1.6219944953918457,4,False
522,detail,3,0.9,30,3,37.69223403930664,2.0245015621185303,3,False
522,detail,3,0.8,33,27,37.57734680175781,1.8455617427825928,3,False
522,detail,3,0.7,31,20,37.59612274169922,1.8026738166809082,2,False
522,detail,3,0.6,33,28,35.95286178588867,2.0052647590637207,2,False
523,coarse,1,0.4,36,20,27.729188919067383,,,True
523,coarse,2,0.3,66,20,32.59014129638672,,,True
523,coarse,3,0.4,16,0,35.28914260864258,,,True
523,detail,1,1.0,69,25,35.956199645996094,1.1466584205627441,4,False
523,detail,1,0.9,70,32,32.988948822021484,1.3351414203643799,3,False
523,detail,1,0.8,73,38,30.541790008544922,1.5375370979309082,3,False
523,detail,1,0.7,73,47,29.29118537902832,1.8234624862670898,2,True
523,detail,1,0.6,75,55,29.58883285522461,2.1576600074768066,2,False
523,detail,2,0.9,119,18,40.475276947021484,1.3287694454193115,3,False
523,detail,2,0.8,122,27,39.06893539428711,1.2079837322235107,3,False
523,detail,2,0.7,123,35,39.43023681640625,1.2590630054473877,2,False
523,detail,2,0.6,123,41,40.20108413696289,1.5778000354766846,2,False
523,detail,3,1.0,33,12,39.30070877075195,1.6729366779327393,4,False
523,detail,3,0.9,30,3,37.49762725830078,1.9745540618896484,3,False
523,detail,3,0.8,33,27,37.30783462524414,1.9224207401275635,3,False
523,detail,3,0.7,31,20,37.335609436035156,1.7791094779968262,2,False
523,detail,3,0.6,33,28,35.66746139526367,2.138226270675659,2,False
524,coarse,1,0.4,36,20,27.842966079711914,,,True
524,coarse,2,0.3,66,10,32.47500228881836,,,True
524,coarse,3,0.4,16,0,35.06291961669922,,,True
524,detail,1,1.0,69,25,35.97952651977539,1.268049955368042,4,False
524,detail,1,0.9,70,32,33.00972366333008,1.4446182250976562,3,False
524,detail,1,0.8,73,38,30.659090042114258,1.6794016361236572,3,False
524,detail,1,0.7,73,47,29.498008728027344,1.9714109897613525,2,True
524,detail,1,0.6,75,55,29.69844627380371,2.322709798812866,2,False
524,detail,2,0.9,119,18,40.532012939453125,1.3244702816009521,3,False
524,detail,2,0.8,122,27,39.05012512207031,1.1942975521087646,3,False
524,detail,2,0.7,123,34,38.956871032714844,1.2638835906982422,2,False
524,detail,2,0.6,123,42,40.722591400146484,1.549943208694458,2,False
524,detail,3,1.0,33,12,39.255008697509766,1.59181547164917,4,False
524,detail,3,0.9,30,3,37.313804626464844,1.9323539733886719,3,False
524,detail,3,0.8,33,27,37.23261642456055,1.875880479812622,3,False
524,detail,3,0.7,31,18,37.248165130615234,1.8941988945007324,2,False
524,detail,3,0.6,33,28,35.4842643737793,2.100886583328247,2,False
525,coarse,1,0.4,36,20,27.666484832763672,,,True
525,coarse,2,0.3,66,20,32.36035919189453,,,True
525,coarse,3,0.4,16,0,34.747379302978516,,,True
525,detail,1,1.0,69,25,35.8076286315918,1.26139235496521,4,False
525,detail,1,0.9,70,32,32.845699310302734,1.4466865062713623,3,False
525,detail,1,0.8,73,38,30.50163459777832,1.6995630264282227,3,False
525,detail,1,0.7,73,47,29.372282028198242,1.9906799793243408,2,True
525,detail,1,0.6,75,55,29.50164222717285,2.3490030765533447,2,False
525,detail,2,1.0,119,15,41.980506896972656,1.4035084247589111,4,False
525,detail,2,0.9,119,18,40.326255798339844,1.3505003452301025,3,False
525,detail,2,0.8,122,27,38.78544998168945,1.244626522064209,3,False
525,detail,2,0.7,123,35,39.08209228515625,1.3480088710784912,2,False
525,detail,2,0.6,123,41,39.9273567199707,1.6475131511688232,2,False
525,detail,3,1.0,33,12,39.087127685546875,1.612677812576294,4,False
525,detail,3,0.9,30,3,37.06416320800781,1.9424643516540527,3,False
525,detail,3,0.8,30,9,36.93563461303711,1.9545257091522217,3,False
525,detail,3,0.7,31,18,37.03316879272461,1.906822681427002,2,False
525,detail,3,0.6,33,28,35.30921936035156,2.10235333442688,2,False
526,coarse,1,0.4,36,20,27.07234764099121,,,True
526,coarse,2,0.3,66,10,31.78264045715332,,,True
526,coarse,3,0.4,16,0,34.1767578125,,,True
526,detail,1,1.0,69,25,35.227535247802734,1.263716459274292,4,False
526,detail,1,0.9,70,32,32.239627838134766,1.4496800899505615,3,False
526,detail,1,0.8,73,38,30.1309814453125,1.6958179473876953,3,False
526,detail,1,0.7,73,47,28.937963485717773,1.993330717086792,2,True
526,detail,1,0.6,75,55,29.319591522216797,2.3475539684295654,2,False
526,detail,2,1.0,119,16,41.887943267822266,1.3978745937347412,4,False
526,detail,2,0.9,119,18,39.82502746582031,1.341371774673462,3,False
526,detail,2,0.8,122,27,38.26994323730469,1.2386541366577148,3,False
526,detail,2,0.7,123,34,38.190773010253906,1.3379871845245361,2,False
526,detail,2,0.6,123,42,39.915706634521484,1.6237707138061523,2,False
526,detail,3,1.0,33,12,38.596431732177734,1.6246964931488037,4,False
526,detail,3,0.9,30,3,36.47472381591797,1.9012517929077148,3,False
526,detail,3,0.8,33,27,36.63599395751953,1.8823282718658447,3,False
526,detail,3,0.7,31,18,36.47336196899414,1.856292486190796,2,False
526,detail,3,0.6,33,28,34.78437423706055,2.047525644302368,2,False
527,coarse,1,0.4,36,20,26.76926612854004,,,True
527,coarse,2,0.3,66,20,31.439313888549805,,,True
527,coarse,3,0.4,16,0,33.79530715942383,,,True
527,detail,1,1.0,69,25,34.811744689941406,1.3586347103118896,4,False
527,detail,1,0.9,70,32,31.86579132080078,1.5615770816802979,3,False
527,detail,1,0.8,73,38,29.851699829101562,1.8221757411956787,3,False
527,detail,1,0.7,73,47,28.552305221557617,2.107605457305908,2,True
527,detail,1,0.6,75,55,29.003705978393555,2.4229555130004883,2,False
527,detail,2,0.9,119,18,39.24363708496094,1.3256561756134033,3,False
527,detail,2,0.8,122,27,37.76008224487305,1.2426347732543945,3,False
527,detail,2,0.7,123,35,38.02153778076172,1.2844011783599854,2,False
527,detail,2,0.6,123,41,38.911712646484375,1.5645689964294434,2,False
527,detail,3,1.0,33,12,38.24154281616211,1.6496772766113281,4,False
527,detail,3,0.9,30,3,36.065242767333984,1.8399858474731445,3,False
527,detail,3,0.8,30,9,35.928863525390625,1.8255996704101562,3,False
527,detail,3,0.7,31,20,36.1805305480957,1.6889030933380127,2,False
527,detail,3,0.6,33,28,34.46432113647461,2.1763594150543213,2,False
528,coarse,1,0.4,36,20,26.753576278686523,,,True
528,coarse,2,0.3,66,20,31.32598114013672,,,True
528,coarse,3,0.4,16,0,33.51213836669922,,,True
528,detail,1,1.0,69,25,34.54945373535156,1.3388869762420654,4,False
528,detail,1,0.9,70,32,31.642812728881836,1.5184745788574219,3,False
528,detail,1,0.8,73,38,29.840139389038086,1.7561333179473877,3,False
528,detail,1,0.7,73,47,28.461002349853516,2.076632022857666,2,True
528,detail,1,0.6,75,55,28.974193572998047,2.4113991260528564,2,False
528,detail,2,1.0,119,19,41.70518112182617,1.3510677814483643,4,False
528,detail,2,0.9,119,18,38.985958099365234,1.3181092739105225,3,False
528,detail,2,0.8,122,27,37.691162109375,1.219782829284668,3,False
528,detail,2,0.7,123,35,38.00453567504883,1.2590599060058594,2,False
528,detail,2,0.6,123,41,38.82524871826172,1.533721923828125,2,False
528,detail,3,1.0,33,12,38.1346321105957,1.674961805343628,4,False
528,detail,3,0.9,30,3,35.75019454956055,1.9403636455535889,3,False
528,detail,3,0.8,33,27,36.01054382324219,1.9500041007995605,3,False
528,detail,3,0.7,31,20,35.70723342895508,1.7173655033111572,2,False
528,detail,3,0.6,33,28,34.07380294799805,2.1279101371765137,2,False
529,coarse,1,0.4,36,20,26.226417541503906,,,True
529,coarse,2,0.3,66,10,31.24873924255371,,,True
529,coarse,3,0.4,16,0,33.72468948364258,,,True
529,detail,1,1.0,69,25,34.07502746582031,1.0718660354614258,4,False
529,detail,1,0.9,70,32,31.165912628173828,1.1793999671936035,3,False
529,detail,1,0.8,73,38,29.635395050048828,1.340839147567749,3,False
529,detail,1,0.7,73,47,27.74696159362793,1.470487356185913,2,True
529,detail,1,0.6,75,55,28.675064086914062,1.6174051761627197,2,False
529,detail,2,0.8,119,27,40.39158248901367,1.1981770992279053,3,False
529,detail,2,0.7,121,34,38.44217300415039,1.2312653064727783,2,False
529,detail,2,0.6,123,42,38.767601013183594,1.0303468704223633,2,False
529,detail,3,1.0,33,12,38.151878356933594,1.8351655006408691,4,False
529,detail,3,0.9,30,6,36.995914459228516,1.639061450958252,3,False
529,detail,3,0.8,33,27,36.03369903564453,2.0541839599609375,3,False
529,detail,3,0.7,31,20,35.97692108154297,1.555192470550537,2,False
529,detail,3,0.6,33,28,34.44008255004883,1.9895942211151123,2,False
530,coarse,1,0.4,36,20,26.27078628540039,,,True
530,coarse,2,0.3,66,10,31.23855972290039,,,True
530,coarse,3,0.4,16,0,33.68959426879883,,,True
530,detail,1,1.0,69,25,33.973785400390625,1.0810761451721191,4,False
530,detail,1,0.9,70,32,31.069557189941406,1.1905808448791504,3,False
530,detail,1,0.8,73,38,29.833576202392578,1.3504726886749268,3,False
530,detail,1,0.7,73,47,27.69313621520996,1.4919278621673584,2,True
530,detail,1,0.6,73,53,28.738040924072266,1.41994309425354,2,False
530,detail,2,0.8,119,27,40.24829864501953,1.2031042575836182,3,False
530,detail,2,0.7,121,34,38.34617233276367,1.233964204788208,2,False
530,detail,2,0.6,123,42,38.82050323486328,1.0289278030395508,2,False
530,detail,3,1.0,33,12,38.109588623046875,1.8509893417358398,4,False
530,detail,3,0.9,30,6,36.990325927734375,1.6552925109863281,3,False
530,detail,3,0.8,33,27,36.02207565307617,2.0661792755126953,3,False
530,detail,3,0.7,31,20,35.970333099365234,1.572441577911377,2,False
530,detail,3,0.6,33,28,34.41741180419922,2.0114638805389404,2,False
531,coarse,1,0.4,36,20,26.47675323486328,,,True
531,coarse,2,0.3,66,10,31.47942543029785,,,True
531,coarse,3,0.4,16,0,33.85862350463867,,,True
531,detail,1,1.0,69,25,34.07670211791992,1.097123622894287,4,False
531,detail,1,0.9,70,32,31.072975158691406,1.2091915607452393,3,False
531,detail,1,0.8,73,38,30.142253875732422,1.380591869354248,3,False
531,detail,1,0.7,73,47,27.649242401123047,1.5301754474639893,2,True
531,detail,1,0.6,73,53,28.65875816345215,1.4591412544250488,2,False
531,detail,2,0.8,119,27,40.13082504272461,1.2209653854370117,3,False
531,detail,2,0.7,121,34,38.263065338134766,1.2604484558105469,2,False
531,detail,2,0.6,123,42,38.886409759521484,1.051264762878418,2,False
531,detail,3,1.0,33,12,38.16057205200195,1.9047496318817139,4,False
531,detail,3,0.9,30,6,37.1624755859375,1.7018883228302002,3,False
531,detail,3,0.8,33,27,36.14607620239258,2.1310465335845947,3,False
531,detail,3,0.7,31,20,36.183143615722656,1.5926315784454346,2,False
531,detail,3,0.6,33,28,34.6352424621582,2.0560052394866943,2,False
532,coarse,1,0.4,36,20,26.801923751831055,,,True
532,coarse,2,0.3,66,10,31.57674217224121,,,True
532,coarse,3,0.4,16,0,34.03587341308594,,,True
532,detail,1,1.0,69,25,34.06535720825195,1.1709036827087402,4,False
532,detail,1,0.9,70,32,31.03619384765625,1.067840814590454,3,False
532,detail,1,0.8,73,38,30.730377197265625,1.1656923294067383,3,False
532,detail,1,0.7,73,47,27.552099227905273,1.5326156616210938,2,True
532,detail,1,0.6,73,53,28.380403518676758,1.471071481704712,2,False
532,detail,2,0.8,119,27,39.66255187988281,1.2207558155059814,3,False
532,detail,2,0.7,121,34,37.88277816772461,1.2055237293243408,2,False
532,detail,2,0.6,123,42,39.019840240478516,0.9591057300567627,2,False
532,detail,3,1.0,33,12,38.13597869873047,1.8102693557739258,4,False
532,detail,3,0.9,30,6,37.30927276611328,1.6614351272583008,3,False
532,detail,3,0.8,33,27,36.18115997314453,2.1036217212677,3,False
532,detail,3,0.7,31,20,36.2106819152832,1.5368499755859375,2,False
532,detail,3,0.6,33,28,34.597808837890625,2.01399827003479,2,False
533,coarse,1,0.4,36,20,26.779062271118164,,,True
533,coarse,2,0.3,66,10,31.602588653564453,,,True
533,coarse,3,0.4,16,0,34.046634674072266,,,True
533,detail,1,1.0,69,29,34.48590087890625,1.175290822982788,4,False
533,detail,1,0.9,70,32,30.863840103149414,1.1331987380981445,3,False
533,detail,1,0.8,70,38,30.52682113647461,1.1882483959197998,3,False
533,detail,1,0.7,73,47,27.41775131225586,1.5652134418487549,2,True
533,detail,1,0.6,73,53,28.190122604370117,1.6652183532714844,2,False
533,detail,2,0.9,119,21,38.81830978393555,1.2702853679656982,3,False
533,detail,2,0.8,119,27,39.418766021728516,1.414508581161499,3,False
533,detail,2,0.7,121,34,37.68233871459961,1.4526686668395996,2,False
533,detail,2,0.6,123,42,39.11084747314453,1.2464320659637451,2,False
533,detail,3,1.0,33,12,38.11177062988281,1.752580165863037,4,False
533,detail,3,0.9,30,6,37.32609558105469,1.5484771728515625,3,False
533,detail,3,0.8,33,27,36.268131256103516,2.0052711963653564,3,False
533,detail,3,0.7,31,20,36.276119232177734,1.5445380210876465,2,False
533,detail,3,0.6,33,28,34.659915924072266,1.8130543231964111,2,False
534,coarse,1,0.4,36,20,27.025571823120117,,,True
534,coarse,2,0.3,66,10,31.347015380859375,,,True
534,coarse,3,0.4,16,0,33.99167251586914,,,True
534,detail,1,1.0,69,25,33.99931335449219,1.1840972900390625,4,False
534,detail,1,0.9,70,32,30.8636474609375,1.0740339756011963,3,False
534,detail,1,0.8,70,38,30.25569725036621,1.1308987140655518,3,False
534,detail,1,0.7,73,47,27.514360427856445,1.5905041694641113,2,True
534,detail,1,0.6,73,55,28.251033782958984,1.5281033515930176,2,False
534,detail,2,0.9,119,24,40.48381042480469,1.2212600708007812,3,False
534,detail,2,0.8,119,27,39.1877555847168,1.3364088535308838,3,False
534,detail,2,0.7,121,34,37.61358642578125,1.28792142868042,2,False
534,detail,2,0.6,123,42,39.14370346069336,1.0287036895751953,2,False
534,detail,3,1.0,33,12,38.03358459472656,1.7235221862792969,4,False
534,detail,3,0.9,27,6,37.22292709350586,1.3324103355407715,3,False
534,detail,3,0.8,33,27,36.30408477783203,1.9831514358520508,3,False
534,detail,3,0.7,31,20,36.090293884277344,1.4049086570739746,2,False
534,detail,3,0.6,33,28,34.44855499267578,1.7264516353607178,2,False
535,coarse,1,0.3,36,26,26.897621154785156,,,True
535,coarse,2,0.3,66,10,31.59457015991211,,,True
535,detail,1,1.0,67,25,36.07789993286133,1.277461290359497,4,False
535,detail,1,0.9,71,35,32.594703674316406,1.375232219696045,3,False
535,detail,1,0.8,71,38,28.585283279418945,1.396498441696167,3,False
535,detail,1,0.7,73,47,27.654953002929688,1.6417794227600098,2,True
535,detail,1,0.6,73,53,28.074207305908203,1.758277416229248,2,False
535,detail,2,0.8,119,27,38.77372741699219,1.2657768726348877,3,False
535,detail,2,0.7,121,34,37.39569091796875,1.1817877292633057,2,False
535,detail,2,0.6,123,42,39.0137939453125,0.9646890163421631,2,False
536,coarse,1,0.3,36,26,25.940183639526367,,,True
536,coarse,2,0.3,66,10,30.326820373535156,,,True
536,coarse,3,0.4,16,0,32.871116638183594,,,True
536,detail,1,1.0,67,25,35.023109436035156,1.2479956150054932,4,False
536,detail,1,0.9,71,35,31.981271743774414,1.2803490161895752,3,False
536,detail,1,0.8,71,41,27.74771499633789,1.391052007675171,3,False
536,detail,1,0.7,73,47,27.0599422454834,1.6176033020019531,2,True
536,detail,1,0.6,73,55,27.321849822998047,1.7033185958862305,2,False
536,detail,2,0.8,119,27,37.54202651977539,1.2514629364013672,3,False
536,detail,2,0.7,121,34,36.341712951660156,1.0769047737121582,2,False
536,detail,2,0.6,121,42,38.220458984375,1.3815886974334717,2,False
536,detail,3,1.0,33,12,37.239078521728516,1.689669132232666,4,False
536,detail,3,0.9,27,6,36.02424621582031,1.3930623531341553,3,False
536,detail,3,0.8,33,27,35.75146484375,1.981748104095459,3,False
536,detail,3,0.7,31,22,35.30697250366211,1.7535054683685303,2,False
536,detail,3,0.6,33,28,33.558998107910156,2.0574326515197754,2,False
537,coarse,1,0.3,36,26,25.287822723388672,,,True
537,coarse,2,0.3,66,10,29.409786224365234,,,True
537,coarse,3,0.4,16,0,32.08087158203125,,,True
537,detail,1,1.0,67,25,33.86444854736328,1.1257312297821045,4,False
537,detail,1,0.9,71,32,30.251361846923828,1.212299108505249,3,False
537,detail,1,0.8,71,41,27.056793212890625,1.426849603652954,3,False
537,detail,1,0.7,73,47,26.80686378479004,1.8768048286437988,2,False
537,detail,1,0.6,73,55,26.69171714782715,1.9116580486297607,2,True
537,detail,2,0.8,119,27,36.032840728759766,1.3051660060882568,3,False
537,detail,2,0.7,121,34,35.16929626464844,1.0921030044555664,2,False
537,detail,2,0.6,121,42,36.78428268432617,1.406301736831665,2,False
537,detail,3,1.0,33,12,36.38192367553711,1.4787325859069824,4,False
537,detail,3,0.9,27,6,34.95379638671875,1.553896427154541,3,False
537,detail,3,0.8,33,27,35.118595123291016,1.7344756126403809,3,False
537,detail,3,0.7,29,20,34.243568420410156,1.734121322631836,2,False
537,detail,3,0.6,31,28,32.88982391357422,1.855163335800171,2,False
538,coarse,1,0.3,36,26,24.911657333374023,,,True
538,coarse,2,0.3,66,10,29.34459686279297,,,True
538,coarse,3,0.4,16,0,31.734203338623047,,,True
538,detail,1,1.0,67,25,33.393409729003906,1.0090208053588867,4,False
538,detail,1,0.9,71,32,30.49369239807129,1.186669111251831,3,False
538,detail,1,0.8,71,41,26.929895401000977,1.5007567405700684,3,False
538,detail,1,0.7,73,47,26.92197036743164,1.9384236335754395,2,False
538,detail,1,0.6,73,55,26.409015655517578,1.9300036430358887,2,True
538,detail,2,0.9,119,21,35.73003387451172,1.2913134098052979,3,False
538,detail,2,0.8,119,27,35.70414733886719,1.3917486667633057,3,False
538,detail,2,0.7,121,34,35.00472640991211,1.280240774154663,2,False
538,detail,2,0.6,121,42,36.41138458251953,1.5535845756530762,2,False
538,detail,3,1.0,33,12,36.06977081298828,1.4877901077270508,4,False
538,detail,3,0.9,27,6,34.46251678466797,1.540173053741455,3,False
538,detail,3,0.8,33,27,34.89376449584961,1.7622301578521729,3,False
538,detail,3,0.7,29,20,33.78711700439453,1.6111524105072021,2,False
538,detail,3,0.6,31,28,32.378543853759766,1.7464234828948975,2,False
539,coarse,1,0.3,36,26,24.77850341796875,,,True
539,coarse,2,0.3,66,10,29.38663101196289,,,True
539,coarse,3,0.4,16,0,31.79438591003418,,,True
539,detail,1,1.0,67,25,33.31269836425781,1.020601749420166,4,False
539,detail,1,0.9,68,32,30.316234588623047,1.2419750690460205,3,False
539,detail,1,0.8,71,41,26.994535446166992,1.5613839626312256,3,False
539,detail,1,0.7,71,47,26.88258934020996,1.5337028503417969,2,False
539,detail,1,0.6,73,55,26.437530517578125,2.042963743209839,2,True
539,detail,2,0.8,119,27,35.49692916870117,1.3773725032806396,3,False
539,detail,2,0.7,121,34,35.127296447753906,1.2436747550964355,2,False
539,detail,2,0.6,121,42,36.39463424682617,1.5161867141723633,2,False
539,detail,3,1.0,33,12,36.20412826538086,1.5093727111816406,4,False
539,detail,3,0.9,27,6,34.43368148803711,1.5309176445007324,3,False
539,detail,3,0.8,33,27,35.063602447509766,1.7895450592041016,3,False
539,detail,3,0.7,29,20,33.96723556518555,1.7210493087768555,2,False
539,detail,3,0.6,31,28,32.48611831665039,1.8680129051208496,2,False
540,coarse,1,0.3,36,26,24.833154678344727,,,True
540,coarse,2,0.3,66,10,29.417743682861328,,,True
540,coarse,3,0.4,16,0,31.73072624206543,,,True
540,detail,1,1.0,67,25,33.14662170410156,0.9819114208221436,4,False
540,detail,1,0.9,68,32,30.059045791625977,1.2002642154693604,3,False
540,detail,1,0.8,71,41,27.2834529876709,1.5427954196929932,3,False
540,detail,1,0.7,71,47,26.927587509155273,1.461909294128418,2,False
540,detail,1,0.6,73,55,26.49242401123047,1.958847999572754,2,True
540,detail,2,0.8,119,27,35.61830520629883,1.337977409362793,3,False
540,detail,2,0.7,121,34,35.639915466308594,1.2125084400177002,2,False
540,detail,2,0.6,121,42,36.62267303466797,1.4711668491363525,2,False
540,detail,3,1.0,33,12,36.212181091308594,1.4095556735992432,4,False
540,detail,3,0.9,33,21,35.15364074707031,1.5081753730773926,3,False
540,detail,3,0.8,33,27,35.214481353759766,1.579514980316162,3,False
540,detail,3,0.7,31,22,34.17851638793945,1.845458984375,2,False
540,detail,3,0.6,31,28,32.59261703491211,1.9817960262298584,2,False
541,coarse,1,0.3,36,26,24.72890281677246,,,True
541,coarse,2,0.3,66,10,29.642181396484375,,,True
541,coarse,3,0.4,16,0,32.41862106323242,,,True
541,detail,1,1.0,67,25,33.19394302368164,0.983604907989502,4,False
541,detail,1,0.9,68,32,29.85858726501465,1.1925275325775146,3,False
541,detail,1,0.8,71,41,27.510009765625,1.5650172233581543,3,False
541,detail,1,0.7,71,47,26.811609268188477,1.7641959190368652,2,True
541,detail,1,0.6,73,55,26.895689010620117,2.1100502014160156,2,False
541,detail,2,0.8,119,27,35.763057708740234,1.3520991802215576,3,False
541,detail,2,0.7,121,34,36.09718704223633,1.4768197536468506,2,False
541,detail,2,0.6,121,42,37.17527389526367,1.7931158542633057,2,False
541,detail,3,1.0,33,12,36.789756774902344,1.575883388519287,4,False
541,detail,3,0.9,33,21,35.49394226074219,1.6497032642364502,3,False
541,detail,3,0.8,30,27,35.359886169433594,1.6797113418579102,3,False
541,detail,3,0.7,29,22,34.41655731201172,1.183819055557251,2,False
541,detail,3,0.6,31,30,33.488468170166016,1.6240978240966797,2,False
542,coarse,1,0.3,36,26,24.553245544433594,,,True
542,coarse,2,0.3,66,10,29.665477752685547,,,True
542,detail,1,1.0,67,25,33.00712585449219,0.9765968322753906,4,False
542,detail,1,0.9,68,32,29.616945266723633,1.1824228763580322,3,False
542,detail,1,0.8,71,41,27.658510208129883,1.5611457824707031,3,False
542,detail,1,0.7,71,47,26.561872482299805,1.776583194732666,2,True
542,detail,1,0.6,73,55,26.858863830566406,2.1031765937805176,2,False
542,detail,2,0.8,119,27,35.608787536621094,1.3571970462799072,3,False
542,detail,2,0.7,121,34,36.07206344604492,1.484886884689331,2,False
542,detail,2,0.6,121,42,37.003475189208984,1.802424669265747,2,False
543,coarse,1,0.3,36,26,24.852956771850586,,,True
543,coarse,2,0.3,64,10,29.44219207763672,,,True
543,detail,1,1.0,63,35,39.8913459777832,0.7314176559448242,4,False
543,detail,1,0.9,68,32,29.475982666015625,1.0545685291290283,3,False
543,detail,1,0.8,71,41,28.195709228515625,1.4217197895050049,3,False
543,detail,1,0.7,71,47,26.489383697509766,1.6499199867248535,2,True
543,detail,1,0.6,73,55,27.374740600585938,1.9316284656524658,2,False
543,detail,2,0.9,118,21,36.1940803527832,1.3228411674499512,3,False
543,detail,2,0.8,121,27,35.583805084228516,1.2193803787231445,3,False
543,detail,2,0.7,121,34,35.89470672607422,1.511265754699707,2,False
543,detail,2,0.6,121,42,36.77254867553711,1.8278884887695312,2,False
544,coarse,1,0.3,36,26,24.657283782958984,,,True
544,coarse,2,0.3,64,10,29.42552375793457,,,True
544,detail,1,1.0,63,35,39.8072509765625,0.649449348449707,4,False
544,detail,1,0.9,68,35,30.402910232543945,0.9893977642059326,3,False
544,detail,1,0.8,71,41,28.274404525756836,1.3602690696716309,3,False
544,detail,1,0.7,71,47,26.330795288085938,1.5971524715423584,2,True
544,detail,1,0.6,71,55,27.307069778442383,1.4748201370239258,2,False
544,detail,2,0.9,118,21,36.2006950378418,1.324852466583252,3,False
544,detail,2,0.8,121,27,35.73989486694336,1.2244791984558105,3,False
544,detail,2,0.7,121,34,36.2596549987793,1.5148396492004395,2,False
544,detail,2,0.6,121,42,37.11000442504883,1.8315773010253906,2,False
545,coarse,1,0.3,36,26,24.807233810424805,,,True
545,coarse,2,0.3,64,10,29.118196487426758,,,True
545,detail,1,1.0,59,35,42.108646392822266,0.8064382076263428,4,False
545,detail,1,0.9,68,35,30.125843048095703,1.011620044708252,3,False
545,detail,1,0.8,71,41,28.467193603515625,1.3981590270996094,3,False
545,detail,1,0.7,71,47,26.38241195678711,1.659940481185913,2,True
545,detail,1,0.6,71,55,27.30729866027832,1.5508933067321777,2,False
545,detail,2,0.9,118,21,35.8531379699707,1.3542945384979248,3,False
545,detail,2,0.8,118,27,36.00253677368164,1.504486322402954,3,False
545,detail,2,0.7,121,34,36.006019592285156,1.404245138168335,2,False
545,detail,2,0.6,121,42,36.86611557006836,1.6918277740478516,2,False
546,coarse,1,0.3,36,26,24.854225158691406,,,True
546,coarse,2,0.3,64,10,29.168405532836914,,,True
546,coarse,3,0.4,14,0,32.16741180419922,,,True
546,detail,1,1.0,59,35,42.221675872802734,0.8066318035125732,4,False
546,detail,1,0.9,68,35,30.16509246826172,1.0174989700317383,3,False
546,detail,1,0.8,71,41,28.59920883178711,1.3960189819335938,3,False
546,detail,1,0.7,71,47,26.40738296508789,1.6681878566741943,2,True
546,detail,1,0.6,71,55,27.443002700805664,1.5520453453063965,2,False
546,detail,2,0.9,118,21,35.88836669921875,1.3498804569244385,3,False
546,detail,2,0.8,118,27,36.126609802246094,1.498525857925415,3,False
546,detail,2,0.7,121,34,36.15884017944336,1.4022881984710693,2,False
546,detail,2,0.6,121,42,36.95965576171875,1.68892240524292,2,False
546,detail,3,1.0,29,12,36.6136474609375,1.2533378601074219,4,False
546,detail,3,0.9,26,6,34.64118194580078,1.3208644390106201,3,False
546,detail,3,0.8,32,27,35.62647247314453,1.6032748222351074,3,False
546,detail,3,0.7,29,22,34.23085021972656,1.3601582050323486,2,False
546,detail,3,0.6,31,28,32.825958251953125,1.5471210479736328,2,False
547,coarse,1,0.3,36,26,25.132078170776367,,,True
547,coarse,2,0.3,64,10,29.46390151977539,,,True
547,coarse,3,0.4,14,0,32.231361389160156,,,True
547,detail,1,1.0,63,35,39.76083755493164,0.6985788345336914,4,False
547,detail,1,0.9,68,35,30.380290985107422,1.0028951168060303,3,False
547,detail,1,0.8,71,41,28.927282333374023,1.3153564929962158,3,False
547,detail,1,0.7,71,47,26.66017723083496,1.568922519683838,2,True
547,detail,1,0.6,71,55,27.51994514465332,1.5279486179351807,2,False
547,detail,2,0.9,118,21,36.152565002441406,1.3666746616363525,3,False
547,detail,2,0.8,118,27,36.38856506347656,1.5181078910827637,3,False
547,detail,2,0.7,121,34,36.4619255065918,1.4322469234466553,2,False
547,detail,2,0.6,121,42,37.20810317993164,1.7061419486999512,2,False
547,detail,3,1.0,29,12,36.70222854614258,1.2333853244781494,4,False
547,detail,3,0.9,26,6,34.73911666870117,1.3591718673706055,3,False
547,detail,3,0.8,32,27,35.7888298034668,1.4996998310089111,3,False
547,detail,3,0.7,29,22,34.26618576049805,1.366323709487915,2,False
547,detail,3,0.6,31,28,32.891841888427734,1.5577073097229004,2,False
548,coarse,1,0.3,36,26,25.338083267211914,,,True
548,coarse,2,0.3,64,10,29.977266311645508,,,True
548,detail,1,1.0,63,35,39.729454040527344,0.6588423252105713,4,False
548,detail,1,0.9,68,41,32.11829376220703,0.9506444931030273,3,False
548,detail,1,0.8,71,41,29.00480842590332,1.310417890548706,3,False
548,detail,1,0.7,71,47,26.85748863220215,1.5926470756530762,2,True
548,detail,1,0.6,71,55,27.575708389282227,1.5195248126983643,2,False
548,detail,2,0.9,118,21,36.368587493896484,1.30314040184021,3,False
548,detail,2,0.8,121,27,36.193355560302734,1.189197063446045,3,False
548,detail,2,0.7,121,34,36.76470947265625,1.4580276012420654,2,False
548,detail,2,0.6,125,42,37.140132904052734,1.0929017066955566,2,False
549,coarse,1,0.3,36,26,25.43092155456543,,,True
549,coarse,2,0.3,64,10,30.032127380371094,,,True
549,detail,1,1.0,63,35,39.669410705566406,0.6643314361572266,4,False
549,detail,1,0.9,68,41,32.21286392211914,0.9419500827789307,3,False
549,detail,1,0.8,68,41,29.058082580566406,1.0460083484649658,3,False
549,detail,1,0.7,71,47,26.880084991455078,1.5994246006011963,2,True
549,detail,1,0.6,71,55,27.749853134155273,1.52512526512146,2,False
549,detail,2,0.9,118,21,36.44023895263672,1.3666784763336182,3,False
549,detail,2,0.8,121,27,36.25916290283203,1.2529265880584717,3,False
549,detail,2,0.7,121,34,36.830142974853516,1.5312488079071045,2,False
549,detail,2,0.6,125,42,37.21985626220703,1.1596429347991943,2,False
550,coarse,1,0.3,36,26,25.69609260559082,,,True
550,coarse,2,0.3,64,10,30.00564956665039,,,True
550,detail,1,1.0,63,35,39.618038177490234,0.7643723487854004,4,False
550,detail,1,0.9,68,35,30.58174705505371,1.0452756881713867,3,False
550,detail,1,0.8,68,41,29.049509048461914,1.174208164215088,3,False
550,detail,1,0.7,71,47,27.141571044921875,1.7241578102111816,2,True
550,detail,1,0.6,71,55,27.751497268676758,1.6711244583129883,2,False
550,detail,2,0.9,118,21,36.50619888305664,1.361567735671997,3,False
550,detail,2,0.8,121,27,36.359764099121094,1.2520029544830322,3,False
550,detail,2,0.7,121,34,36.92458724975586,1.5241906642913818,2,False
550,detail,2,0.6,125,42,37.15176773071289,1.160203218460083,2,False
551,coarse,1,0.3,36,26,25.35515022277832,,,True
551,coarse,2,0.3,64,10,29.512224197387695,,,True
551,coarse,3,0.4,14,0,32.34624481201172,,,True
551,detail,1,1.0,63,35,39.39761734008789,0.7567451000213623,4,False
551,detail,1,0.9,68,35,30.435436248779297,0.9946858882904053,3,False
551,detail,1,0.8,68,41,28.766862869262695,1.1401426792144775,3,False
551,detail,1,0.7,71,47,26.71584701538086,1.625840663909912,2,True
551,detail,1,0.6,71,55,27.283809661865234,1.62144136428833,2,False
551,detail,2,0.9,118,21,36.259864807128906,1.4000370502471924,3,False
551,detail,2,0.8,121,27,36.123260498046875,1.2275543212890625,3,False
551,detail,2,0.7,121,34,36.536678314208984,1.4938273429870605,2,False
551,detail,2,0.6,125,42,36.806495666503906,1.1826860904693604,2,False
551,detail,3,1.0,29,12,36.542388916015625,1.489029884338379,4,False
551,detail,3,0.9,26,6,34.89470291137695,1.417297601699829,3,False
551,detail,3,0.8,29,27,35.52191925048828,1.8173742294311523,3,False
551,detail,3,0.7,29,22,34.169883728027344,1.6581249237060547,2,False
551,detail,3,0.6,31,28,32.76845932006836,1.7551374435424805,2,False
552,coarse,1,0.3,36,26,25.60624122619629,,,True
552,coarse,2,0.3,64,10,29.37946128845215,,,True
552,coarse,3,0.4,14,0,32.238319396972656,,,True
552,detail,1,1.0,67,29,32.408809661865234,1.0454514026641846,4,False
552,detail,1,0.9,68,32,29.064477920532227,1.1931836605072021,3,False
552,detail,1,0.8,68,41,28.297019958496094,1.4168577194213867,3,False
552,detail,1,0.7,71,47,26.75288963317871,1.8671820163726807,2,True
552,detail,1,0.6,71,55,27.16765785217285,1.801180362701416,2,False
552,detail,2,0.9,118,21,36.34389114379883,1.40982985496521,3,False
552,detail,2,0.8,118,27,36.0528450012207,1.575207233428955,3,False
552,detail,2,0.7,121,34,36.389686584472656,1.6097626686096191,2,False
552,detail,2,0.6,125,42,36.5372428894043,1.1999738216400146,2,False
552,detail,3,1.0,29,12,36.47710418701172,1.4833946228027344,4,False
552,detail,3,0.9,26,6,34.934268951416016,1.3307209014892578,3,False
552,detail,3,0.8,29,27,35.23488998413086,1.7964224815368652,3,False
552,detail,3,0.7,29,22,34.46137237548828,1.7789273262023926,2,False
552,detail,3,0.6,31,28,32.9833984375,1.8775622844696045,2,False
553,coarse,1,0.4,34,20,25.512950897216797,,,True
553,coarse,2,0.3,64,10,28.57423210144043,,,True
553,coarse,3,0.4,14,0,31.482383728027344,,,True
553,detail,1,1.0,65,25,33.71739959716797,1.2252399921417236,4,False
553,detail,1,0.9,69,32,30.316740036010742,1.5103540420532227,3,False
553,detail,1,0.8,69,41,26.681577682495117,1.7238829135894775,3,True
553,detail,1,0.7,71,47,26.71282958984375,2.020939826965332,2,False
553,detail,1,0.6,71,55,26.7454776763916,1.8707377910614014,2,False
553,detail,2,0.9,115,24,41.03127670288086,1.1919500827789307,3,False
553,detail,2,0.8,118,27,35.33772659301758,1.1533007621765137,3,False
553,detail,2,0.7,119,34,35.5513916015625,1.2673852443695068,2,False
553,detail,2,0.6,121,42,36.853389739990234,1.2978951930999756,2,False
553,detail,3,1.0,29,12,36.281410217285156,1.796802043914795,4,False
553,detail,3,0.9,26,6,34.46338653564453,1.5872530937194824,3,False
553,detail,3,0.8,26,12,34.28834915161133,1.466398000717163,3,False
553,detail,3,0.7,29,22,34.14313507080078,2.0348470211029053,2,False
553,detail,3,0.6,29,28,32.60199737548828,1.9013876914978027,2,False
554,coarse,1,0.4,34,20,26.38067626953125,,,True
554,coarse,2,0.3,64,10,30.21780776977539,,,True
554,coarse,3,0.4,14,0,32.78876876831055,,,True
554,detail,1,1.0,65,25,34.546932220458984,1.2892577648162842,4,False
554,detail,1,0.9,69,32,31.30970573425293,1.5404725074768066,3,False
554,detail,1,0.8,69,41,27.603952407836914,1.7579679489135742,3,False
554,detail,1,0.7,71,47,27.44249153137207,2.078165292739868,2,False
554,detail,1,0.6,71,55,27.367382049560547,1.9261629581451416,2,True
554,detail,2,0.9,115,21,40.52003860473633,1.1969139575958252,3,False
554,detail,2,0.8,118,27,36.77651596069336,1.2115612030029297,3,False
554,detail,2,0.7,119,34,36.7654914855957,1.3432843685150146,2,False
554,detail,2,0.6,121,42,38.31232833862305,1.366896629333496,2,False
554,detail,3,1.0,29,12,37.17432403564453,1.7652604579925537,4,False
554,detail,3,0.9,26,6,35.86429214477539,1.535069465637207,3,False
554,detail,3,0.8,29,27,35.41530990600586,2.1124107837677,3,False
554,detail,3,0.7,27,20,35.302284240722656,1.5017147064208984,2,False
554,detail,3,0.6,29,28,33.65974426269531,1.8266003131866455,2,False
555,coarse,1,0.4,34,20,26.505386352539062,,,True
555,coarse,2,0.3,64,10,30.749820709228516,,,True
555,coarse,3,0.4,14,0,33.218048095703125,,,True
555,detail,1,1.0,65,25,34.82490158081055,1.262251377105713,4,False
555,detail,1,0.9,69,32,32.00431442260742,1.5098168849945068,3,False
555,detail,1,0.8,69,41,28.170103073120117,1.7405014038085938,3,False
555,detail,1,0.7,71,47,27.862524032592773,2.055874824523926,2,False
555,detail,1,0.6,71,55,27.570749282836914,1.9399144649505615,2,True
555,detail,2,0.9,115,21,41.15707015991211,1.221900463104248,3,False
555,detail,2,0.8,118,27,37.588436126708984,1.2495830059051514,3,False
555,detail,2,0.7,119,34,37.41028594970703,1.3581738471984863,2,False
555,detail,2,0.6,121,42,39.21289825439453,1.3468003273010254,2,False
555,detail,3,1.0,29,12,37.57342529296875,1.7764036655426025,4,False
555,detail,3,0.9,26,6,36.25986862182617,1.5132343769073486,3,False
555,detail,3,0.8,29,27,35.81087112426758,2.107267379760742,3,False
555,detail,3,0.7,27,20,35.70304489135742,1.490309476852417,2,False
555,detail,3,0.6,31,28,34.044864654541016,2.0438549518585205,2,False
556,coarse,1,0.4,34,20,26.767736434936523,,,True
556,coarse,2,0.3,64,20,30.720706939697266,,,True
556,coarse,3,0.4,14,0,33.51815414428711,,,True
556,detail,1,1.0,65,25,34.8847541809082,1.3002877235412598,4,False
556,detail,1,0.9,69,32,32.301048278808594,1.583817958831787,3,False
556,detail,1,0.8,69,41,28.439044952392578,1.8189458847045898,3,False
556,detail,1,0.7,71,47,28.05217742919922,2.1234500408172607,2,False
556,detail,1,0.6,71,55,27.542926788330078,2.0072317123413086,2,True
556,detail,2,0.9,115,18,39.84967803955078,1.2364766597747803,3,False
556,detail,2,0.8,118,27,37.67658233642578,1.3283066749572754,3,False
556,detail,2,0.7,119,35,37.915260314941406,1.46437668800354,2,False
556,detail,2,0.6,121,41,39.058807373046875,1.423840045928955,2,False
556,detail,3,1.0,29,12,37.94256591796875,1.7990391254425049,4,False
556,detail,3,0.9,26,6,36.57460021972656,1.4980721473693848,3,False
556,detail,3,0.8,29,27,35.902706146240234,2.109267473220825,3,False
556,detail,3,0.7,27,20,35.954036712646484,1.48637056350708,2,False
556,detail,3,0.6,29,28,34.186241149902344,1.800225019454956,2,False
557,coarse,1,0.4,34,20,26.725784301757812,,,True
557,coarse,2,0.3,64,20,30.68976402282715,,,True
557,coarse,3,0.4,14,0,33.50434112548828,,,True
557,detail,1,1.0,65,25,34.84188461303711,1.3012080192565918,4,False
557,detail,1,0.9,69,32,32.24111557006836,1.5598843097686768,3,False
557,detail,1,0.8,69,41,28.412506103515625,1.7822771072387695,3,False
557,detail,1,0.7,71,47,27.981868743896484,2.064073085784912,2,False
557,detail,1,0.6,71,55,27.582962036132812,1.9219064712524414,2,True
557,detail,2,0.9,115,18,39.78399658203125,1.1827621459960938,3,False
557,detail,2,0.8,118,27,37.61982345581055,1.2854900360107422,3,False
557,detail,2,0.7,119,35,37.866416931152344,1.417447805404663,2,False
557,detail,2,0.6,121,41,39.0546989440918,1.392996072769165,2,False
557,detail,3,1.0,29,12,37.92237091064453,1.8077197074890137,4,False
557,detail,3,0.9,26,6,36.57255554199219,1.4716770648956299,3,False
557,detail,3,0.8,29,27,35.86064529418945,2.1224205493927,3,False
557,detail,3,0.7,27,20,35.921287536621094,1.4589283466339111,2,False
557,detail,3,0.6,29,28,34.11966323852539,1.749471664428711,2,False
558,coarse,1,0.4,34,20,26.678115844726562,,,True
558,coarse,2,0.3,64,20,30.449256896972656,,,True
558,coarse,3,0.4,14,0,33.247711181640625,,,True
558,detail,1,1.0,65,25,34.71942138671875,1.3004570007324219,4,False
558,detail,1,0.9,69,32,32.11334228515625,1.562955617904663,3,False
558,detail,1,0.8,69,41,28.364791870117188,1.7856788635253906,3,False
558,detail,1,0.7,71,47,27.94607925415039,2.0643539428710938,2,False
558,detail,1,0.6,71,55,27.530630111694336,1.9224228858947754,2,True
558,detail,2,0.9,115,21,40.973426818847656,1.2339515686035156,3,False
558,detail,2,0.8,118,27,37.32374572753906,1.259413719177246,3,False
558,detail,2,0.7,119,35,37.485538482666016,1.3918144702911377,2,False
558,detail,2,0.6,121,41,38.65132522583008,1.3722410202026367,2,False
558,detail,3,1.0,29,12,37.75107192993164,1.8098516464233398,4,False
558,detail,3,0.9,26,6,36.3879280090332,1.4847781658172607,3,False
558,detail,3,0.8,29,27,35.76084899902344,2.1256072521209717,3,False
558,detail,3,0.7,27,20,35.81888198852539,1.4761073589324951,2,False
558,detail,3,0.6,29,28,34.03350830078125,1.7668180465698242,2,False
559,coarse,1,0.4,34,20,25.72679901123047,,,True
559,coarse,2,0.3,64,20,29.60425567626953,,,True
559,coarse,3,0.4,14,0,32.163387298583984,,,True
559,detail,1,1.0,65,25,33.81723403930664,1.2928497791290283,4,False
559,detail,1,0.9,69,32,31.217370986938477,1.5906202793121338,3,False
559,detail,1,0.8,69,41,27.45507049560547,1.8073947429656982,3,False
559,detail,1,0.7,71,47,27.14806365966797,2.0975589752197266,2,False
559,detail,1,0.6,71,55,26.891170501708984,1.9692440032958984,2,True
559,detail,2,0.9,115,18,38.51850128173828,1.267207145690918,3,False
559,detail,2,0.8,118,27,36.19880294799805,1.3517353534698486,3,False
559,detail,2,0.7,119,35,36.35209274291992,1.489828109741211,2,False
559,detail,2,0.6,121,41,37.704078674316406,1.469757080078125,2,False
559,detail,3,1.0,29,12,36.85188293457031,1.7971138954162598,4,False
559,detail,3,0.9,26,6,35.32916259765625,1.518639087677002,3,False
559,detail,3,0.8,29,27,35.0027961730957,2.1263673305511475,3,False
559,detail,3,0.7,27,20,34.77145004272461,1.509042739868164,2,False
559,detail,3,0.6,29,28,33.06278991699219,1.8304224014282227,2,False
560,coarse,1,0.4,34,20,26.01657485961914,,,True
560,coarse,2,0.3,64,10,29.732633590698242,,,True
560,coarse,3,0.4,14,0,32.18881607055664,,,True
560,detail,1,1.0,65,25,34.08870315551758,1.3930435180664062,4,False
560,detail,1,0.9,69,32,31.262563705444336,1.599236249923706,3,False
560,detail,1,0.8,69,41,27.43677520751953,1.8075857162475586,3,False
560,detail,1,0.7,71,47,27.49830436706543,2.1003592014312744,2,False
560,detail,1,0.6,71,55,27.35310173034668,1.9135501384735107,2,True
560,detail,2,0.9,115,21,39.72050476074219,1.2454488277435303,3,False
560,detail,2,0.8,118,27,36.02566146850586,1.2856171131134033,3,False
560,detail,2,0.7,119,34,35.99238967895508,1.4140832424163818,2,False
560,detail,2,0.6,121,42,37.616058349609375,1.4483344554901123,2,False
560,detail,3,1.0,29,12,36.74398422241211,1.8437285423278809,4,False
560,detail,3,0.9,26,6,35.318748474121094,1.6294994354248047,3,False
560,detail,3,0.8,26,12,35.04621505737305,1.5424816608428955,3,False
560,detail,3,0.7,27,18,34.76636505126953,1.2689793109893799,2,False
560,detail,3,0.6,29,28,33.30521011352539,1.9372496604919434,2,False
561,coarse,1,0.3,36,26,27.23651885986328,,,True
561,coarse,2,0.3,64,10,31.115848541259766,,,True
561,detail,1,1.0,67,29,33.83058166503906,1.2572345733642578,4,False
561,detail,1,0.9,68,32,30.652292251586914,1.312943696975708,3,False
561,detail,1,0.8,68,41,29.22597885131836,1.538661241531372,3,False
561,detail,1,0.7,71,47,28.401334762573242,1.9145615100860596,2,False
561,detail,1,0.6,71,55,28.21725845336914,1.7079803943634033,2,True
561,detail,2,0.8,118,27,37.63719940185547,1.1739683151245117,3,False
561,detail,2,0.7,119,34,37.9981689453125,1.3097755908966064,2,False
561,detail,2,0.6,121,42,39.18508529663086,1.3114728927612305,2,False
562,coarse,1,0.3,36,26,28.33382797241211,,,True
562,coarse,2,0.4,64,10,35.34718322753906,,,True
562,detail,1,1.0,67,29,35.463993072509766,1.2209625244140625,4,False
562,detail,1,0.9,68,32,32.155120849609375,1.2798233032226562,3,False
562,detail,1,0.8,68,41,30.671674728393555,1.5370185375213623,3,False
562,detail,1,0.7,71,47,29.576894760131836,1.939849615097046,2,False
562,detail,1,0.6,71,55,29.253082275390625,1.708357810974121,2,True
562,detail,2,0.7,119,35,39.816986083984375,1.0728545188903809,2,False
562,detail,2,0.6,121,43,41.77168655395508,1.0954537391662598,2,False
563,coarse,1,0.3,36,26,28.970184326171875,,,True
563,coarse,2,0.4,64,10,36.65503692626953,,,True
563,detail,1,1.0,67,29,36.528560638427734,1.1504924297332764,4,False
563,detail,1,0.9,68,32,33.15902328491211,1.1890935897827148,3,False
563,detail,1,0.8,68,41,31.664152145385742,1.4388110637664795,3,False
563,detail,1,0.7,71,47,30.288793563842773,1.8465063571929932,2,False
563,detail,1,0.6,71,55,30.004051208496094,1.6301465034484863,2,True
563,detail,2,0.7,119,35,41.33818435668945,1.0489983558654785,2,False
563,detail,2,0.6,121,43,42.922462463378906,1.0738236904144287,2,False
564,coarse,1,0.3,36,26,29.040340423583984,,,True
564,coarse,2,0.4,64,10,36.37641906738281,,,True
564,detail,1,1.0,67,29,36.193485260009766,1.1430964469909668,4,False
564,detail,1,0.9,68,32,32.87054443359375,1.1951816082000732,3,False
564,detail,1,0.8,68,41,31.39604949951172,1.4396047592163086,3,False
564,detail,1,0.7,71,47,30.251922607421875,1.8540887832641602,2,False
564,detail,1,0.6,71,55,30.03719139099121,1.6552026271820068,2,True
564,detail,2,0.7,119,35,40.94722366333008,1.0989017486572266,2,False
564,detail,2,0.6,121,43,42.39299011230469,1.1383976936340332,2,False
565,coarse,1,0.3,36,26,27.892333984375,,,True
565,coarse,2,0.3,64,10,32.35067367553711,,,True
565,detail,1,1.0,67,29,34.99675369262695,1.6443428993225098,4,False
565,detail,1,0.9,68,32,31.682851791381836,1.7161784172058105,3,False
565,detail,1,0.8,68,41,30.20109748840332,1.9613349437713623,3,False
565,detail,1,0.7,71,47,29.137149810791016,2.3815228939056396,2,False
565,detail,1,0.6,71,55,28.834474563598633,2.081702947616577,2,True
565,detail,2,1.0,115,12,41.46238708496094,1.2658610343933105,4,False
565,detail,2,0.9,118,21,39.15709686279297,1.346627950668335,3,False
565,detail,2,0.8,121,27,39.071266174316406,1.2169544696807861,3,False
565,detail,2,0.7,121,36,39.93374252319336,1.5328340530395508,2,False
565,detail,2,0.6,125,42,39.65009689331055,1.1485226154327393,2,False
566,coarse,1,0.3,36,26,27.310466766357422,,,True
566,coarse,2,0.3,64,10,31.25552749633789,,,True
566,detail,1,1.0,67,29,34.25033187866211,1.6552557945251465,4,False
566,detail,1,0.9,68,32,30.890653610229492,1.7266931533813477,3,False
566,detail,1,0.8,68,41,29.426795959472656,1.9743740558624268,3,False
566,detail,1,0.7,71,47,28.55674171447754,2.3945910930633545,2,False
566,detail,1,0.6,71,55,28.17363166809082,2.0977814197540283,2,True
566,detail,2,1.0,115,12,40.5999641418457,1.2769842147827148,4,False
566,detail,2,0.9,118,21,38.29448699951172,1.3572523593902588,3,False
566,detail,2,0.8,121,27,38.229408264160156,1.2262141704559326,3,False
566,detail,2,0.7,119,36,39.05046463012695,1.710658073425293,2,False
566,detail,2,0.6,125,42,38.84064483642578,1.1517407894134521,2,False
567,coarse,1,0.3,36,26,27.41588592529297,,,True
567,coarse,2,0.3,64,10,31.249221801757812,,,True
567,detail,1,1.0,67,29,34.294132232666016,1.6767785549163818,4,False
567,detail,1,0.9,68,32,30.84432029724121,1.7658138275146484,3,False
567,detail,1,0.8,68,41,29.150156021118164,2.0140624046325684,3,False
567,detail,1,0.7,71,47,28.67789077758789,2.4446747303009033,2,False
567,detail,1,0.6,71,55,28.036922454833984,2.1497886180877686,2,True
567,detail,2,1.0,115,12,40.50802993774414,1.268341064453125,4,False
567,detail,2,0.9,118,21,38.30842971801758,1.3458428382873535,3,False
567,detail,2,0.8,118,27,38.23615264892578,1.4818871021270752,3,False
567,detail,2,0.7,119,36,39.01667785644531,1.7088899612426758,2,False
567,detail,2,0.6,125,42,38.73428726196289,1.1420400142669678,2,False
568,coarse,1,0.3,36,26,27.970165252685547,,,True
568,coarse,2,0.3,64,10,32.477481842041016,,,True
568,coarse,3,0.4,14,0,35.28366470336914,,,True
568,detail,1,1.0,67,29,35.178401947021484,1.568467378616333,4,False
568,detail,1,0.9,68,32,31.847898483276367,1.6775367259979248,3,False
568,detail,1,0.8,68,41,29.67052459716797,1.9502415657043457,3,False
568,detail,1,0.7,71,47,29.23597526550293,2.3799009323120117,2,False
568,detail,1,0.6,71,55,28.541671752929688,2.142996311187744,2,True
568,detail,2,1.0,115,12,41.3576774597168,1.3054332733154297,4,False
568,detail,2,0.9,118,21,39.294803619384766,1.352351188659668,3,False
568,detail,2,0.8,118,27,39.13081359863281,1.4728782176971436,3,False
568,detail,2,0.7,121,34,39.82103729248047,1.3381743431091309,2,False
568,detail,2,0.6,125,42,39.149784088134766,1.1268818378448486,2,False
568,detail,3,1.0,29,12,39.56551742553711,2.0166587829589844,4,False
568,detail,3,0.9,26,3,37.82487487792969,1.529984951019287,3,False
568,detail,3,0.8,26,12,37.832801818847656,1.8099207878112793,3,False
568,detail,3,0.7,31,36,37.311824798583984,2.6789042949676514,2,False
568,detail,3,0.6,29,28,36.40184020996094,2.2201480865478516,2,False
569,coarse,1,0.4,34,20,29.135164260864258,,,True
569,coarse,2,0.3,64,20,33.46285629272461,,,True
569,detail,1,1.0,65,25,37.553192138671875,1.6816248893737793,4,False
569,detail,1,0.9,66,32,34.62377166748047,1.9347131252288818,3,False
569,detail,1,0.8,69,41,30.43747329711914,2.2213356494903564,3,False
569,detail,1,0.7,71,47,30.608619689941406,2.5349245071411133,2,False
569,detail,1,0.6,71,55,29.64544677734375,2.330134153366089,2,True
569,detail,2,0.9,118,21,40.909873962402344,1.3002355098724365,3,False
569,detail,2,0.8,118,27,40.74039840698242,1.4683666229248047,3,False
569,detail,2,0.7,119,35,40.88678741455078,1.616825819015503,2,False
569,detail,2,0.6,123,41,42.161277770996094,1.192434549331665,2,False
570,coarse,1,0.4,34,20,29.946701049804688,,,True
570,coarse,2,0.3,64,20,34.44995880126953,,,True
570,detail,1,1.0,65,25,38.27356719970703,1.7382700443267822,4,False
570,detail,1,0.9,66,32,35.3648796081543,1.9965527057647705,3,False
570,detail,1,0.8,69,41,31.650976181030273,2.2767176628112793,3,False
570,detail,1,0.7,71,47,31.579389572143555,2.5709969997406006,2,False
570,detail,1,0.6,71,55,30.401687622070312,2.403777599334717,2,True
570,detail,2,0.8,118,27,41.77134704589844,1.1429479122161865,3,False
570,detail,2,0.7,119,35,41.859092712402344,1.2518970966339111,2,False
570,detail,2,0.6,121,41,42.966583251953125,1.159365177154541,2,False
571,coarse,1,0.4,34,20,30.332029342651367,,,True
571,coarse,2,0.3,64,20,35.3240966796875,,,True
571,detail,1,1.0,65,25,38.5379753112793,1.8555431365966797,4,False
571,detail,1,0.9,66,32,35.723960876464844,2.1418721675872803,3,False
571,detail,1,0.8,69,41,32.55126190185547,2.306640148162842,3,False
571,detail,1,0.7,69,47,31.83869171142578,2.2639195919036865,2,False
571,detail,1,0.6,71,55,30.813568115234375,2.5189433097839355,2,True
571,detail,2,0.8,115,48,47.33451461791992,1.1313066482543945,3,False
571,detail,2,0.7,119,35,43.107032775878906,1.0891478061676025,2,False
571,detail,2,0.6,119,41,44.03116226196289,1.3867578506469727,2,False
572,coarse,1,0.4,34,20,30.143556594848633,,,True
572,coarse,2,0.4,64,12,37.80234909057617,,,True
572,detail,1,1.0,65,25,38.21889114379883,1.6518549919128418,4,False
572,detail,1,0.9,66,32,35.40422058105469,1.9179315567016602,3,False
572,detail,1,0.8,69,41,32.75151062011719,2.0906457901000977,3,False
572,detail,1,0.7,69,47,31.6535701751709,2.1832094192504883,2,False
572,detail,1,0.6,71,55,30.9797420501709,2.370969772338867,2,True
572,detail,2,0.7,119,35,43.05274963378906,1.1127114295959473,2,False
572,detail,2,0.6,119,41,43.645530700683594,1.350121021270752,2,False
573,coarse,1,0.4,34,20,29.564313888549805,,,True
573,coarse,2,0.4,66,12,37.13534164428711,,,True
573,detail,1,1.0,65,25,37.539161682128906,1.546358346939087,4,False
573,detail,1,0.9,66,32,34.658687591552734,1.7999508380889893,3,False
573,detail,1,0.8,69,38,32.408626556396484,1.9304087162017822,3,False
573,detail,1,0.7,69,47,31.068635940551758,2.1136703491210938,2,False
573,detail,1,0.6,71,53,30.51410675048828,2.294771671295166,2,True
573,detail,2,0.7,120,37,45.045501708984375,1.0973358154296875,2,False
573,detail,2,0.6,120,41,43.312255859375,1.2432374954223633,2,False
574,coarse,1,0.4,34,20,28.452415466308594,,,True
574,coarse,2,0.4,66,12,35.7665901184082,,,True
574,detail,1,1.0,65,25,36.28605270385742,1.5102732181549072,4,False
574,detail,1,0.9,66,32,33.458683013916016,1.772982120513916,3,False
574,detail,1,0.8,69,38,31.2435359954834,1.9309852123260498,3,False
574,detail,1,0.7,69,47,30.029064178466797,2.109070301055908,2,False
574,detail,1,0.6,71,53,29.71559715270996,2.2820146083831787,2,True
574,detail,2,0.7,120,35,41.76533126831055,1.1060547828674316,2,False
574,detail,2,0.6,120,41,42.04017639160156,1.3102285861968994,2,False
575,coarse,1,0.4,34,20,27.73833656311035,,,True
575,coarse,2,0.4,66,12,34.82503128051758,,,True
575,coarse,3,0.4,14,0,35.52780532836914,,,True
575,detail,1,1.0,65,25,35.481597900390625,1.5067987442016602,4,False
575,detail,1,0.9,66,32,32.67352294921875,1.7669665813446045,3,False
575,detail,1,0.8,69,38,30.45956802368164,1.9324390888214111,3,False
575,detail,1,0.7,69,47,29.435434341430664,2.11944317817688,2,False
575,detail,1,0.6,71,53,29.285297393798828,2.2910261154174805,2,True
575,detail,2,0.7,120,33,39.695220947265625,1.191354513168335,2,False
575,detail,2,0.6,124,41,40.009864807128906,1.3219192028045654,2,False
575,detail,3,1.0,29,12,39.89235305786133,1.9427921772003174,4,False
575,detail,3,0.9,26,3,37.66495895385742,1.6797575950622559,3,False
575,detail,3,0.8,26,9,37.58148193359375,1.606942892074585,3,False
575,detail,3,0.7,27,18,37.7471923828125,1.9515154361724854,2,False
575,detail,3,0.6,29,28,36.636940002441406,2.6909244060516357,2,False
576,coarse,1,0.4,34,20,27.125988006591797,,,True
576,coarse,2,0.3,64,20,31.74905014038086,,,True
576,coarse,3,0.4,14,0,34.55082321166992,,,True
576,detail,1,1.0,65,25,34.72199249267578,1.48974609375,4,False
576,detail,1,0.9,66,32,31.990442276000977,1.7449233531951904,3,False
576,detail,1,0.8,69,38,29.638622283935547,1.907031536102295,3,False
576,detail,1,0.7,69,47,29.012386322021484,2.0940921306610107,2,False
576,detail,1,0.6,71,53,28.853639602661133,2.278332471847534,2,True
576,detail,2,0.9,118,18,38.05868911743164,1.251661777496338,3,False
576,detail,2,0.8,118,24,38.5306510925293,1.4342210292816162,3,False
576,detail,2,0.7,119,33,38.436588287353516,1.5246543884277344,2,False
576,detail,2,0.6,123,41,39.93994140625,1.15571928024292,2,False
576,detail,3,1.0,29,12,38.90460205078125,1.9685711860656738,4,False
576,detail,3,0.9,26,3,36.63785171508789,1.6272082328796387,3,False
576,detail,3,0.8,26,9,36.60195541381836,1.5852642059326172,3,False
576,detail,3,0.7,27,18,36.759788513183594,1.8555583953857422,2,False
576,detail,3,0.6,29,28,35.62380599975586,2.622532844543457,2,False
577,coarse,1,0.4,34,20,26.933324813842773,,,True
577,coarse,2,0.3,64,20,30.918853759765625,,,True
577,coarse,3,0.4,14,0,33.76343536376953,,,True
577,detail,1,1.0,65,25,34.25543212890625,1.7187080383300781,4,False
577,detail,1,0.9,66,32,31.761564254760742,2.002415895462036,3,False
577,detail,1,0.8,69,38,29.114341735839844,2.223262071609497,3,False
577,detail,1,0.7,69,47,28.949054718017578,2.4216675758361816,2,False
577,detail,1,0.6,71,53,28.790836334228516,2.6666407585144043,2,True
577,detail,2,1.0,115,15,41.388031005859375,1.5695784091949463,4,False
577,detail,2,0.9,118,18,37.19188690185547,1.632455587387085,3,False
577,detail,2,0.8,118,24,37.859161376953125,1.8315579891204834,3,False
577,detail,2,0.7,119,33,37.503387451171875,1.933119535446167,2,False
577,detail,2,0.6,125,43,38.9044303894043,1.0845947265625,2,False
577,detail,3,1.0,29,12,38.359703063964844,1.8609380722045898,4,False
577,detail,3,0.9,26,3,35.927391052246094,1.7417876720428467,3,False
577,detail,3,0.8,29,27,36.45027160644531,2.2109620571136475,3,False
577,detail,3,0.7,27,18,36.07638168334961,1.5751004219055176,2,False
577,detail,3,0.6,29,28,34.850257873535156,2.0918145179748535,2,False
578,coarse,1,0.4,34,20,26.80592918395996,,,True
578,coarse,2,0.3,64,20,30.836515426635742,,,True
578,coarse,3,0.4,14,0,33.74987030029297,,,True
578,detail,1,1.0,65,25,34.3701171875,1.6955702304840088,4,False
578,detail,1,0.9,66,32,31.88002586364746,1.977957010269165,3,False
578,detail,1,0.8,69,38,28.88058853149414,2.2134876251220703,3,False
578,detail,1,0.7,69,47,28.935205459594727,2.4304652214050293,2,False
578,detail,1,0.6,71,53,28.602041244506836,2.6801490783691406,2,True
578,detail,2,1.0,115,15,41.49050521850586,1.5746512413024902,4,False
578,detail,2,0.9,118,18,37.26250076293945,1.63926100730896,3,False
578,detail,2,0.8,118,24,37.96161651611328,1.840404748916626,3,False
578,detail,2,0.7,119,33,37.543495178222656,1.9420664310455322,2,False
578,detail,2,0.6,125,43,38.84874725341797,1.091151237487793,2,False
578,detail,3,1.0,29,12,38.28732681274414,1.8619599342346191,4,False
578,detail,3,0.9,26,3,35.91477584838867,1.7522921562194824,3,False
578,detail,3,0.8,29,27,36.35105514526367,2.1933186054229736,3,False
578,detail,3,0.7,27,18,36.12952423095703,1.5840494632720947,2,False
578,detail,3,0.6,29,28,34.80821990966797,2.09438157081604,2,False
579,coarse,1,0.4,34,20,27.669309616088867,,,True
579,coarse,2,0.3,64,20,32.05256271362305,,,True
579,detail,1,1.0,65,25,35.4237174987793,1.649672269821167,4,False
579,detail,1,0.9,66,32,33.00123977661133,1.9357092380523682,3,False
579,detail,1,0.8,69,38,29.703439712524414,2.18941068649292,3,False
579,detail,1,0.7,69,47,29.85629653930664,2.348930835723877,2,False
579,detail,1,0.6,71,53,29.35455322265625,2.6218864917755127,2,True
579,detail,2,1.0,115,15,42.64920425415039,1.586669921875,4,False
579,detail,2,0.9,118,18,38.303916931152344,1.6452641487121582,3,False
579,detail,2,0.8,118,27,38.97468185424805,1.9058103561401367,3,False
579,detail,2,0.7,119,33,38.54983901977539,1.9301350116729736,2,False
579,detail,2,0.6,125,43,40.115325927734375,1.0723319053649902,2,False
580,coarse,1,0.4,34,20,28.074649810791016,,,True
580,coarse,2,0.4,66,12,34.71968460083008,,,True
580,detail,1,1.0,65,25,36.07468032836914,1.5705559253692627,4,False
580,detail,1,0.9,66,32,33.60930252075195,1.8454477787017822,3,False
580,detail,1,0.8,69,38,29.73491668701172,2.085319757461548,3,False
580,detail,1,0.7,71,47,29.767831802368164,2.5024704933166504,2,False
580,detail,1,0.6,71,55,29.195051193237305,2.5147576332092285,2,True
580,detail,2,0.8,120,25,39.03819274902344,1.196887493133545,3,False
580,detail,2,0.7,120,33,39.422645568847656,1.517242670059204,2,False
580,detail,2,0.6,126,43,39.33972930908203,1.1814916133880615,2,False
581,coarse,1,0.4,34,20,28.187463760375977,,,True
581,coarse,2,0.4,66,12,34.812049865722656,,,True
581,detail,1,1.0,65,25,36.154266357421875,1.6117212772369385,4,False
581,detail,1,0.9,66,32,33.67912673950195,1.874737024307251,3,False
581,detail,1,0.8,69,38,29.739864349365234,2.006878614425659,3,False
581,detail,1,0.7,71,47,29.563745498657227,2.3786327838897705,2,False
581,detail,1,0.6,71,55,29.238752365112305,2.3125479221343994,2,True
581,detail,2,0.8,120,25,38.91780471801758,1.294837474822998,3,False
581,detail,2,0.7,120,33,39.297943115234375,1.6395564079284668,2,False
581,detail,2,0.6,126,43,39.230262756347656,1.1720094680786133,2,False
582,coarse,1,0.4,34,20,27.468536376953125,,,True
582,coarse,2,0.3,64,20,31.583683013916016,,,True
582,coarse,3,0.4,14,0,34.15189743041992,,,True
582,detail,1,1.0,65,25,35.38357925415039,1.6266734600067139,4,False
582,detail,1,0.9,66,32,32.79066848754883,1.8877332210540771,3,False
582,detail,1,0.8,69,38,29.087228775024414,2.018645763397217,3,False
582,detail,1,0.7,71,47,28.892745971679688,2.387268304824829,2,False
582,detail,1,0.6,71,55,28.72818946838379,2.3138585090637207,2,True
582,detail,2,1.0,115,15,42.10733413696289,1.6788251399993896,4,False
582,detail,2,0.9,118,18,37.73447799682617,1.7494194507598877,3,False
582,detail,2,0.8,118,27,38.252708435058594,1.9957513809204102,3,False
582,detail,2,0.7,119,33,38.170406341552734,2.005319118499756,2,False
582,detail,2,0.6,125,41,37.98537826538086,1.2667078971862793,2,False
582,detail,3,1.0,29,12,38.526058197021484,2.0265204906463623,4,False
582,detail,3,0.9,26,3,36.32943344116211,1.7672884464263916,3,False
582,detail,3,0.8,26,9,36.42849349975586,1.7605094909667969,3,False
582,detail,3,0.7,27,18,36.446475982666016,1.6750109195709229,2,False
582,detail,3,0.6,29,28,34.935157775878906,2.3713157176971436,2,False
583,coarse,1,0.4,34,20,27.27688980102539,,,True
583,coarse,2,0.3,64,20,31.021615982055664,,,True
583,coarse,3,0.4,14,0,33.50627899169922,,,True
583,detail,1,1.0,65,25,35.11235809326172,1.6330039501190186,4,False
583,detail,1,0.9,66,32,32.58665466308594,1.8927390575408936,3,False
583,detail,1,0.8,69,38,28.844449996948242,2.017019748687744,3,False
583,detail,1,0.7,71,47,28.6612491607666,2.3941781520843506,2,False
583,detail,1,0.6,71,55,28.609447479248047,2.311880111694336,2,True
583,detail,2,1.0,115,15,41.748321533203125,1.6726789474487305,4,False
583,detail,2,0.9,118,18,37.34867858886719,1.7437703609466553,3,False
583,detail,2,0.8,118,27,37.842586517333984,1.9873089790344238,3,False
583,detail,2,0.7,119,33,37.88998031616211,2.0006003379821777,2,False
583,detail,2,0.6,125,41,37.471153259277344,1.2546939849853516,2,False
583,detail,3,1.0,29,12,38.11381912231445,2.0558066368103027,4,False
583,detail,3,0.9,26,3,35.71996307373047,1.7594993114471436,3,False
583,detail,3,0.8,26,9,35.89263916015625,1.753209114074707,3,False
583,detail,3,0.7,27,18,35.83888626098633,1.6682970523834229,2,False
583,detail,3,0.6,29,28,34.181514739990234,2.364605188369751,2,False
584,coarse,1,0.4,34,20,26.51520347595215,,,True
584,coarse,2,0.3,64,20,30.377944946289062,,,True
584,coarse,3,0.4,14,0,32.6991081237793,,,True
584,detail,1,1.0,65,25,34.57466125488281,1.5781598091125488,4,False
584,detail,1,0.9,66,32,32.021121978759766,1.8342740535736084,3,False
584,detail,1,0.8,69,38,28.25801658630371,1.9503698348999023,3,False
584,detail,1,0.7,71,47,28.00969123840332,2.341064929962158,2,False
584,detail,1,0.6,71,55,27.951866149902344,2.2472915649414062,2,True
584,detail,2,1.0,115,15,40.87327575683594,1.6702122688293457,4,False
584,detail,2,0.9,118,18,36.55912399291992,1.745225191116333,3,False
584,detail,2,0.8,118,27,36.99922561645508,1.996753454208374,3,False
584,detail,2,0.7,119,33,37.117919921875,2.029323101043701,2,False
584,detail,2,0.6,125,41,36.75071716308594,1.3018593788146973,2,False
584,detail,3,1.0,29,12,37.47840118408203,2.0546529293060303,4,False
584,detail,3,0.9,26,3,35.03572082519531,1.8472726345062256,3,False
584,detail,3,0.8,26,9,35.24431610107422,1.8669185638427734,3,False
584,detail,3,0.7,27,18,35.31843948364258,1.7213022708892822,2,False
584,detail,3,0.6,29,28,33.776424407958984,2.247102737426758,2,False
585,coarse,1,0.4,34,20,26.553836822509766,,,True
585,coarse,2,0.3,64,20,30.19005012512207,,,True
585,coarse,3,0.4,14,0,32.531829833984375,,,True
585,detail,1,1.0,65,25,34.52449035644531,1.571340560913086,4,False
585,detail,1,0.9,69,32,31.981149673461914,1.7781805992126465,3,False
585,detail,1,0.8,69,38,28.286312103271484,1.950976848602295,3,False
585,detail,1,0.7,71,47,27.900157928466797,2.3460512161254883,2,False
585,detail,1,0.6,71,55,27.898075103759766,2.2487711906433105,2,True
585,detail,2,1.0,115,15,40.68523025512695,1.6877946853637695,4,False
585,detail,2,0.9,118,18,36.44306945800781,1.752938985824585,3,False
585,detail,2,0.8,118,27,36.769065856933594,2.002656936645508,3,False
585,detail,2,0.7,119,33,36.952667236328125,2.047377586364746,2,False
585,detail,2,0.6,125,41,36.48915481567383,1.2304050922393799,2,False
585,detail,3,1.0,29,12,37.22606658935547,2.0097298622131348,4,False
585,detail,3,0.9,26,3,34.795772552490234,1.8445494174957275,3,False
585,detail,3,0.8,26,9,34.96152877807617,1.8697795867919922,3,False
585,detail,3,0.7,27,18,34.99021530151367,1.724123477935791,2,False
585,detail,3,0.6,29,28,33.48890686035156,2.238893747329712,2,False
586,coarse,1,0.4,34,20,26.396024703979492,,,True
586,coarse,2,0.3,64,20,29.945735931396484,,,True
586,coarse,3,0.4,14,0,32.27757263183594,,,True
586,detail,1,1.0,65,25,34.31856918334961,1.626455307006836,4,False
586,detail,1,0.9,69,32,31.787874221801758,1.825575351715088,3,False
586,detail,1,0.8,69,38,28.10028648376465,2.014118194580078,3,False
586,detail,1,0.7,71,47,27.754419326782227,2.435542345046997,2,True
586,detail,1,0.6,71,55,27.82697296142578,2.3400564193725586,2,False
586,detail,2,1.0,115,15,40.44749069213867,1.6875674724578857,4,False
586,detail,2,0.9,118,18,36.18088150024414,1.7404415607452393,3,False
586,detail,2,0.8,118,27,36.50562286376953,1.9910826683044434,3,False
586,detail,2,0.7,119,33,36.717185974121094,2.033393383026123,2,False
586,detail,2,0.6,125,41,36.183677673339844,1.1973049640655518,2,False
586,detail,3,1.0,29,12,37.07698059082031,2.046663284301758,4,False
586,detail,3,0.9,26,3,34.4974250793457,1.8364200592041016,3,False
586,detail,3,0.8,26,9,34.67623519897461,1.8669209480285645,3,False
586,detail,3,0.7,27,18,34.69600296020508,1.7258388996124268,2,False
586,detail,3,0.6,29,28,33.234500885009766,2.2663793563842773,2,False
587,coarse,1,0.4,34,20,26.156774520874023,,,True
587,coarse,2,0.3,64,20,30.042137145996094,,,True
587,coarse,3,0.4,14,0,32.2145881652832,,,True
587,detail,1,1.0,65,25,34.152130126953125,1.5096678733825684,4,False
587,detail,1,0.9,69,32,31.56481170654297,1.7154459953308105,3,False
587,detail,1,0.8,69,38,27.864791870117188,1.9032666683197021,3,False
587,detail,1,0.7,71,47,27.46763038635254,2.33614182472229,2,True
587,detail,1,0.6,71,55,27.529518127441406,2.2618579864501953,2,False
587,detail,2,1.0,115,15,40.46048355102539,1.7028398513793945,4,False
587,detail,2,0.9,118,18,36.193145751953125,1.7390573024749756,3,False
587,detail,2,0.8,118,27,36.51358413696289,2.003269910812378,3,False
587,detail,2,0.7,119,33,36.688629150390625,2.0498251914978027,2,False
587,detail,2,0.6,125,41,36.28303146362305,1.1971135139465332,2,False
587,detail,3,1.0,29,12,37.074893951416016,2.0038294792175293,4,False
587,detail,3,0.9,26,3,34.406402587890625,1.907339334487915,3,False
587,detail,3,0.8,26,9,34.5696907043457,1.9615943431854248,3,False
587,detail,3,0.7,27,18,34.62704086303711,1.8176887035369873,2,False
587,detail,3,0.6,29,28,33.19112777709961,2.1784727573394775,2,False
588,coarse,1,0.4,34,20,26.0938720703125,,,True
588,coarse,2,0.3,64,20,30.02924919128418,,,True
588,coarse,3,0.4,14,0,32.04563903808594,,,True
588,detail,1,1.0,65,25,34.0947151184082,1.5388545989990234,4,False
588,detail,1,0.9,69,32,31.416231155395508,1.7489774227142334,3,False
588,detail,1,0.8,69,38,27.717037200927734,1.933863639831543,3,False
588,detail,1,0.7,71,47,27.10556983947754,2.3964505195617676,2,True
588,detail,1,0.6,71,55,27.36402130126953,2.309823513031006,2,False
588,detail,2,1.0,115,15,40.3834228515625,1.633676528930664,4,False
588,detail,2,0.9,118,18,36.04676055908203,1.6441359519958496,3,False
588,detail,2,0.8,118,27,36.444969177246094,1.9129917621612549,3,False
588,detail,2,0.7,119,33,36.6069450378418,1.938643217086792,2,False
588,detail,2,0.6,125,41,36.26893997192383,1.1259934902191162,2,False
588,detail,3,1.0,29,12,36.923126220703125,1.997398853302002,4,False
588,detail,3,0.9,26,3,34.218929290771484,1.9714820384979248,3,False
588,detail,3,0.8,26,9,34.36964416503906,2.015260696411133,3,False
588,detail,3,0.7,27,18,34.43885040283203,1.864605188369751,2,False
588,detail,3,0.6,29,28,33.0276985168457,2.1568095684051514,2,False
589,coarse,1,0.3,36,26,26.435989379882812,,,True
589,coarse,2,0.3,64,20,29.984479904174805,,,True
589,coarse,3,0.4,14,0,32.91938781738281,,,True
589,detail,1,1.0,67,25,33.05181121826172,1.4250025749206543,4,False
589,detail,1,0.9,68,32,30.186819076538086,1.6050093173980713,3,False
589,detail,1,0.8,68,38,28.918045043945312,1.7486677169799805,3,False
589,detail,1,0.7,71,47,27.41851043701172,2.1620712280273438,2,True
589,detail,1,0.6,71,55,27.786314010620117,2.0941073894500732,2,False
589,detail,2,0.8,118,30,38.99705505371094,1.1527419090270996,3,False
589,detail,2,0.7,119,33,36.794837951660156,1.1430003643035889,2,False
589,detail,2,0.6,121,41,37.73370361328125,1.200260877609253,2,False
589,detail,3,1.0,29,12,37.39324951171875,1.7488489151000977,4,False
589,detail,3,0.9,26,6,35.675479888916016,1.6382899284362793,3,False
589,detail,3,0.8,26,12,35.384464263916016,1.5158421993255615,3,False
589,detail,3,0.7,27,20,35.26021957397461,1.577866554260254,2,False
589,detail,3,0.6,29,28,33.700836181640625,1.9521114826202393,2,False
590,coarse,1,0.3,36,26,26.435989379882812,,,True
590,coarse,2,0.3,64,20,29.984479904174805,,,True
590,coarse,3,0.4,14,0,32.918643951416016,,,True
590,detail,1,1.0,67,25,33.05181121826172,1.4250025749206543,4,False
590,detail,1,0.9,68,32,30.186819076538086,1.6050093173980713,3,False
590,detail,1,0.8,68,38,28.918045043945312,1.7486677169799805,3,False
590,detail,1,0.7,71,47,27.41851043701172,2.1620712280273438,2,True
590,detail,1,0.6,71,55,27.786314010620117,2.0941073894500732,2,False
590,detail,2,0.8,118,30,38.99642562866211,1.1527471542358398,3,False
590,detail,2,0.7,119,33,36.794837951660156,1.1430003643035889,2,False
590,detail,2,0.6,121,41,37.73370361328125,1.200260877609253,2,False
590,detail,3,1.0,29,12,37.387420654296875,1.7488951683044434,4,False
590,detail,3,0.9,26,6,35.674076080322266,1.6383895874023438,3,False
590,detail,3,0.8,26,12,35.38677215576172,1.515965223312378,3,False
590,detail,3,0.7,27,20,35.26823425292969,1.5780177116394043,2,False
590,detail,3,0.6,29,28,33.70064163208008,1.9523112773895264,2,False
591,coarse,1,0.3,36,26,26.37095069885254,,,True
591,coarse,2,0.3,64,20,29.984479904174805,,,True
591,coarse,3,0.4,14,0,32.93417739868164,,,True
591,detail,1,1.0,67,25,33.042869567871094,1.4255361557006836,4,False
591,detail,1,0.9,68,32,30.16483497619629,1.6053664684295654,3,False
591,detail,1,0.8,68,38,28.968616485595703,1.7469024658203125,3,False
591,detail,1,0.7,71,47,27.35791015625,2.1620497703552246,2,True
591,detail,1,0.6,71,55,27.749330520629883,2.0933010578155518,2,False
591,detail,2,0.8,118,30,39.001426696777344,1.152794361114502,3,False
591,detail,2,0.7,119,33,36.80145263671875,1.1433742046356201,2,False
591,detail,2,0.6,121,41,37.712867736816406,1.1985857486724854,2,False
591,detail,3,1.0,29,12,37.37476348876953,1.7410414218902588,4,False
591,detail,3,0.9,26,6,35.66465759277344,1.6312487125396729,3,False
591,detail,3,0.8,26,12,35.38571548461914,1.4973242282867432,3,False
591,detail,3,0.7,27,20,35.27605056762695,1.5686259269714355,2,False
591,detail,3,0.6,29,28,33.71541213989258,1.9400105476379395,2,False
592,coarse,1,0.3,36,26,26.39598846435547,,,True
592,coarse,2,0.3,64,20,30.306509017944336,,,True
592,coarse,3,0.4,14,0,33.21044158935547,,,True
592,detail,1,1.0,67,25,33.1752815246582,1.4428210258483887,4,False
592,detail,1,0.9,68,32,30.285017013549805,1.6234095096588135,3,False
592,detail,1,0.8,68,38,29.100881576538086,1.7688636779785156,3,False
592,detail,1,0.7,71,47,27.45232391357422,2.1933226585388184,2,True
592,detail,1,0.6,71,55,27.883073806762695,2.1128275394439697,2,False
592,detail,2,0.8,115,24,41.28522491455078,1.131751298904419,3,False
592,detail,2,0.7,119,33,37.03915786743164,1.1763622760772705,2,False
592,detail,2,0.6,121,41,37.8294677734375,1.2401254177093506,2,False
592,detail,3,1.0,29,12,37.486839294433594,1.7496318817138672,4,False
592,detail,3,0.9,26,6,35.87586212158203,1.6119728088378906,3,False
592,detail,3,0.8,29,27,35.48069381713867,2.073232412338257,3,False
592,detail,3,0.7,27,20,35.435237884521484,1.5706000328063965,2,False
592,detail,3,0.6,29,28,33.8145751953125,1.955456256866455,2,False
593,coarse,1,0.3,36,26,26.49203109741211,,,True
593,coarse,2,0.3,64,20,30.207632064819336,,,True
593,detail,1,1.0,67,25,33.20188522338867,1.4203417301177979,4,False
593,detail,1,0.9,68,32,30.31380844116211,1.6135084629058838,3,False
593,detail,1,0.8,68,38,29.1204891204834,1.7606263160705566,3,False
593,detail,1,0.7,71,47,27.52281951904297,2.1874568462371826,2,True
593,detail,1,0.6,71,55,27.894712448120117,2.119781494140625,2,False
593,detail,2,0.8,115,24,41.1920051574707,1.132831335067749,3,False
593,detail,2,0.7,119,33,36.97163772583008,1.1724474430084229,2,False
593,detail,2,0.6,121,41,37.75470733642578,1.2341525554656982,2,False
594,coarse,1,0.3,36,26,26.632606506347656,,,True
594,coarse,2,0.3,64,20,30.105850219726562,,,True
594,coarse,3,0.4,14,0,32.78851318359375,,,True
594,detail,1,1.0,67,25,33.14741134643555,1.4690053462982178,4,False
594,detail,1,0.9,68,32,30.229528427124023,1.6562061309814453,3,False
594,detail,1,0.8,68,38,29.219247817993164,1.8053231239318848,3,False
594,detail,1,0.7,71,47,27.608646392822266,2.23795223236084,2,True
594,detail,1,0.6,71,55,28.117469787597656,2.165375232696533,2,False
594,detail,2,0.8,118,30,38.84823226928711,1.165764570236206,3,False
594,detail,2,0.7,119,33,36.73515701293945,1.2069592475891113,2,False
594,detail,2,0.6,121,41,37.509063720703125,1.2747111320495605,2,False
594,detail,3,1.0,29,12,37.10486602783203,1.7717833518981934,4,False
594,detail,3,0.9,26,6,35.55006790161133,1.6522703170776367,3,False
594,detail,3,0.8,26,12,35.366737365722656,1.5003116130828857,3,False
594,detail,3,0.7,31,36,35.219608306884766,2.408252477645874,2,False
594,detail,3,0.6,29,28,33.745887756347656,1.9487533569335938,2,False
595,coarse,1,0.3,36,26,26.537338256835938,,,True
595,coarse,2,0.3,64,20,30.139902114868164,,,True
595,coarse,3,0.4,14,0,32.75389099121094,,,True
595,detail,1,1.0,67,25,33.07925033569336,1.4406111240386963,4,False
595,detail,1,0.9,68,32,30.16152572631836,1.6204583644866943,3,False
595,detail,1,0.8,68,38,29.260467529296875,1.7596893310546875,3,False
595,detail,1,0.7,71,47,27.552812576293945,2.16528058052063,2,True
595,detail,1,0.6,71,55,28.14980125427246,2.0987255573272705,2,False
595,detail,2,0.9,115,21,40.41395568847656,1.230825424194336,3,False
595,detail,2,0.8,118,27,36.52998733520508,1.196805715560913,3,False
595,detail,2,0.7,119,33,36.618568420410156,1.3248176574707031,2,False
595,detail,2,0.6,121,41,37.31000518798828,1.3808183670043945,2,False
595,detail,3,1.0,29,12,37.11267852783203,1.7423202991485596,4,False
595,detail,3,0.9,26,6,35.41526794433594,1.6288907527923584,3,False
595,detail,3,0.8,26,12,35.222537994384766,1.4719743728637695,3,False
595,detail,3,0.7,31,36,35.10829162597656,2.3809571266174316,2,False
595,detail,3,0.6,29,28,33.49629592895508,1.9323866367340088,2,False
596,coarse,1,0.3,36,26,26.296676635742188,,,True
596,coarse,2,0.3,64,20,30.035303115844727,,,True
596,coarse,3,0.4,14,0,32.38004684448242,,,True
596,detail,1,1.0,67,25,32.984397888183594,1.452296495437622,4,False
596,detail,1,0.9,68,32,30.065532684326172,1.6340076923370361,3,False
596,detail,1,0.8,68,38,29.197174072265625,1.7743597030639648,3,False
596,detail,1,0.7,71,47,27.283443450927734,2.1758320331573486,2,True
596,detail,1,0.6,71,55,27.851444244384766,2.111586809158325,2,False
596,detail,2,0.9,115,21,40.364524841308594,1.2276053428649902,3,False
596,detail,2,0.8,118,27,36.4626579284668,1.193269968032837,3,False
596,detail,2,0.7,119,33,36.59342575073242,1.320756435394287,2,False
596,detail,2,0.6,121,41,37.22650146484375,1.377769947052002,2,False
596,detail,3,1.0,29,12,36.8614501953125,1.760291576385498,4,False
596,detail,3,0.9,26,6,35.087066650390625,1.6362063884735107,3,False
596,detail,3,0.8,26,12,34.889522552490234,1.4839916229248047,3,False
596,detail,3,0.7,27,20,34.8231315612793,1.5739479064941406,2,False
596,detail,3,0.6,29,28,33.1500358581543,1.947143793106079,2,False
597,coarse,1,0.3,36,26,26.368139266967773,,,True
597,coarse,2,0.3,64,20,30.037168502807617,,,True
597,coarse,3,0.4,14,0,32.514068603515625,,,True
597,detail,1,1.0,67,25,33.011295318603516,1.4315128326416016,4,False
597,detail,1,0.9,68,32,30.096160888671875,1.608189582824707,3,False
597,detail,1,0.8,68,38,29.213951110839844,1.750765323638916,3,False
597,detail,1,0.7,71,47,27.329790115356445,2.120328664779663,2,True
597,detail,1,0.6,71,55,27.93779754638672,2.0729191303253174,2,False
597,detail,2,0.9,115,21,40.39913558959961,1.2271699905395508,3,False
597,detail,2,0.8,118,27,36.46931838989258,1.1920464038848877,3,False
597,detail,2,0.7,119,33,36.59775161743164,1.319716453552246,2,False
597,detail,2,0.6,121,41,37.21220016479492,1.3748512268066406,2,False
597,detail,3,1.0,29,12,36.91522216796875,1.7921340465545654,4,False
597,detail,3,0.9,26,6,35.131160736083984,1.6502625942230225,3,False
597,detail,3,0.8,26,12,34.977760314941406,1.483788013458252,3,False
597,detail,3,0.7,27,20,34.965152740478516,1.5737876892089844,2,False
597,detail,3,0.6,29,28,33.276798248291016,1.9453027248382568,2,False
598,coarse,1,0.3,36,26,26.492347717285156,,,True
598,coarse,2,0.3,64,20,30.361371994018555,,,True
598,coarse,3,0.4,14,0,32.74817657470703,,,True
598,detail,1,1.0,67,25,33.28300094604492,1.4270234107971191,4,False
598,detail,1,0.9,68,32,30.339513778686523,1.6014337539672852,3,False
598,detail,1,0.8,68,38,29.592247009277344,1.7441363334655762,3,False
598,detail,1,0.7,71,47,27.55125617980957,2.119769811630249,2,True
598,detail,1,0.6,71,55,28.21950340270996,2.0713226795196533,2,False
598,detail,2,0.9,115,21,40.528263092041016,1.2365875244140625,3,False
598,detail,2,0.8,118,27,36.703948974609375,1.198394536972046,3,False
598,detail,2,0.7,119,33,36.77074432373047,1.3253636360168457,2,False
598,detail,2,0.6,121,41,37.34962844848633,1.3856167793273926,2,False
598,detail,3,1.0,29,12,37.042076110839844,1.8006620407104492,4,False
598,detail,3,0.9,26,6,35.38862991333008,1.6542656421661377,3,False
598,detail,3,0.8,26,12,35.257076263427734,1.486325740814209,3,False
598,detail,3,0.7,31,36,35.17202377319336,2.3955471515655518,2,False
598,detail,3,0.6,31,28,33.53041458129883,2.1016347408294678,2,False
599,coarse,1,0.3,36,26,26.492637634277344,,,True
599,coarse,2,0.3,64,20,30.55897331237793,,,True
599,coarse,3,0.4,14,0,33.07326889038086,,,True
599,detail,1,1.0,67,25,33.34566116333008,1.472001075744629,4,False
599,detail,1,0.9,68,32,30.45162582397461,1.647799015045166,3,False
599,detail,1,0.8,68,38,29.551572799682617,1.7932569980621338,3,False
599,detail,1,0.7,71,47,27.567834854125977,2.1815013885498047,2,True
599,detail,1,0.6,71,55,28.330617904663086,2.1209747791290283,2,False
599,detail,2,0.9,115,21,40.77215576171875,1.2883868217468262,3,False
599,detail,2,0.8,118,27,37.03096008300781,1.2476625442504883,3,False
599,detail,2,0.7,119,33,37.04094696044922,1.351395845413208,2,False
599,detail,2,0.6,121,41,37.5803337097168,1.4056315422058105,2,False
599,detail,3,1.0,29,12,37.29389953613281,1.8210704326629639,4,False
599,detail,3,0.9,26,6,35.62705612182617,1.6615798473358154,3,False
599,detail,3,0.8,26,12,35.436981201171875,1.5186667442321777,3,False
599,detail,3,0.7,31,36,35.22490692138672,2.411546230316162,2,False
599,detail,3,0.6,29,28,33.6017951965332,1.9373705387115479,2,False
600,coarse,1,0.3,36,26,26.57280921936035,,,True
600,coarse,2,0.3,64,20,30.864112854003906,,,True
600,detail,1,1.0,67,25,33.591880798339844,1.4659130573272705,4,False
600,detail,1,0.9,68,32,30.69954490661621,1.640303611755371,3,False
600,detail,1,0.8,68,38,29.891735076904297,1.7660565376281738,3,False
600,detail,1,0.7,71,47,27.677488327026367,2.174105644226074,2,True
600,detail,1,0.6,71,55,28.39407730102539,2.0703742504119873,2,False
600,detail,2,0.9,115,21,41.370121002197266,1.3359286785125732,3,False
600,detail,2,0.8,118,27,37.50838851928711,1.2622272968292236,3,False
600,detail,2,0.7,119,33,37.46308517456055,1.3486475944519043,2,False
600,detail,2,0.6,121,41,38.1517219543457,1.445021390914917,2,False
601,coarse,1,0.3,36,26,26.695669174194336,,,True
601,coarse,2,0.3,64,20,31.2775821685791,,,True
601,detail,1,1.0,67,25,34.037322998046875,1.266122817993164,4,False
601,detail,1,0.9,68,32,31.087987899780273,1.4343791007995605,3,False
601,detail,1,0.8,68,38,30.387142181396484,1.5397334098815918,3,False
601,detail,1,0.7,71,47,27.96384620666504,1.9588429927825928,2,True
601,detail,1,0.6,71,55,28.67703628540039,1.6891534328460693,2,False
601,detail,2,0.9,118,21,38.58951187133789,1.3620095252990723,3,False
601,detail,2,0.8,121,27,38.33747482299805,1.25604248046875,3,False
601,detail,2,0.7,121,33,37.99714279174805,1.524446725845337,2,False
601,detail,2,0.6,123,67,38.77760314941406,1.716888427734375,2,False
602,coarse,1,0.3,36,26,26.695669174194336,,,True
602,coarse,2,0.3,64,20,31.293611526489258,,,True
602,detail,1,1.0,67,25,34.037322998046875,1.266122817993164,4,False
602,detail,1,0.9,68,32,31.087987899780273,1.4343791007995605,3,False
602,detail,1,0.8,68,38,30.387142181396484,1.5397334098815918,3,False
602,detail,1,0.7,71,47,27.96384620666504,1.9588429927825928,2,True
602,detail,1,0.6,71,55,28.67703628540039,1.6891534328460693,2,False
602,detail,2,0.9,118,21,38.60253143310547,1.356307029724121,3,False
602,detail,2,0.8,121,27,38.356815338134766,1.2490429878234863,3,False
602,detail,2,0.7,121,33,38.00802230834961,1.5174124240875244,2,False
602,detail,2,0.6,123,67,38.91831588745117,1.7050681114196777,2,False
603,coarse,1,0.3,36,26,26.695669174194336,,,True
603,coarse,2,0.3,64,20,31.293611526489258,,,True
603,detail,1,1.0,67,25,34.037322998046875,1.266122817993164,4,False
603,detail,1,0.9,68,32,31.087987899780273,1.4343791007995605,3,False
603,detail,1,0.8,68,38,30.387142181396484,1.5397334098815918,3,False
603,detail,1,0.7,71,47,27.96384620666504,1.9588429927825928,2,True
603,detail,1,0.6,71,55,28.67703628540039,1.6891534328460693,2,False
603,detail,2,0.9,118,21,38.60253143310547,1.356307029724121,3,False
603,detail,2,0.8,121,27,38.356815338134766,1.2490429878234863,3,False
603,detail,2,0.7,121,33,38.00802230834961,1.5174124240875244,2,False
603,detail,2,0.6,123,67,38.921051025390625,1.705193042755127,2,False
604,coarse,1,0.3,36,26,26.65060043334961,,,True
604,coarse,2,0.3,64,20,31.29956817626953,,,True
604,detail,1,1.0,67,25,33.961544036865234,1.272817611694336,4,False
604,detail,1,0.9,68,32,31.00318145751953,1.4433445930480957,3,False
604,detail,1,0.8,68,38,30.35896110534668,1.545186996459961,3,False
604,detail,1,0.7,71,47,27.95911979675293,1.956892728805542,2,True
604,detail,1,0.6,71,55,28.71209144592285,1.6878554821014404,2,False
604,detail,2,0.9,118,21,38.46168899536133,1.3577532768249512,3,False
604,detail,2,0.8,118,27,38.17367172241211,1.5387916564941406,3,False
604,detail,2,0.7,121,33,37.847259521484375,1.5202643871307373,2,False
604,detail,2,0.6,121,41,38.6785888671875,1.8379418849945068,2,False
605,coarse,1,0.3,36,26,26.546735763549805,,,True
605,coarse,2,0.3,64,20,30.980972290039062,,,True
605,detail,1,1.0,67,25,33.64995193481445,1.2731802463531494,4,False
605,detail,1,0.9,68,32,30.666994094848633,1.4374725818634033,3,False
605,detail,1,0.8,68,38,30.1046199798584,1.5402336120605469,3,False
605,detail,1,0.7,71,47,27.782461166381836,1.933562994003296,2,True
605,detail,1,0.6,71,55,28.693443298339844,1.6531476974487305,2,False
605,detail,2,1.0,115,15,41.81630325317383,1.362609624862671,4,False
605,detail,2,0.9,118,18,37.16380310058594,1.3818483352661133,3,False
605,detail,2,0.8,121,27,37.93209457397461,1.3631925582885742,3,False
605,detail,2,0.7,121,33,37.638427734375,1.6060032844543457,2,False
605,detail,2,0.6,121,41,38.44010543823242,1.9110276699066162,2,False
606,coarse,1,0.3,36,26,26.562768936157227,,,True
606,coarse,2,0.3,64,20,30.796207427978516,,,True
606,coarse,3,0.4,14,0,33.40684509277344,,,True
606,detail,1,1.0,67,25,33.43803024291992,1.3021149635314941,4,False
606,detail,1,0.9,68,32,30.390947341918945,1.4836506843566895,3,False
606,detail,1,0.8,68,38,29.903030395507812,1.5875811576843262,3,False
606,detail,1,0.7,71,47,27.743282318115234,1.9912426471710205,2,True
606,detail,1,0.6,71,55,28.453962326049805,1.7524065971374512,2,False
606,detail,2,0.9,118,21,37.74420166015625,1.3469204902648926,3,False
606,detail,2,0.8,118,27,37.47531509399414,1.526318073272705,3,False
606,detail,2,0.7,121,33,37.2562370300293,1.5469467639923096,2,False
606,detail,2,0.6,121,41,38.00575256347656,1.8675520420074463,2,False
606,detail,3,1.0,29,12,37.47359085083008,1.7342965602874756,4,False
606,detail,3,0.9,26,6,36.05005645751953,1.7082788944244385,3,False
606,detail,3,0.8,26,12,35.98015594482422,1.5924530029296875,3,False
606,detail,3,0.7,31,36,35.799903869628906,2.3215789794921875,2,False
606,detail,3,0.6,31,28,34.112060546875,2.032136917114258,2,False
607,coarse,1,0.3,36,26,26.810861587524414,,,True
607,coarse,2,0.3,64,20,30.427047729492188,,,True
607,detail,1,1.0,67,25,33.28137969970703,1.248108148574829,4,False
607,detail,1,0.9,68,32,30.198434829711914,1.417102575302124,3,False
607,detail,1,0.8,68,38,29.969524383544922,1.5350432395935059,3,False
607,detail,1,0.7,71,47,27.870418548583984,1.9390110969543457,2,True
607,detail,1,0.6,71,55,28.541444778442383,1.7155952453613281,2,False
607,detail,2,0.9,118,21,37.17547607421875,1.3352420330047607,3,False
607,detail,2,0.8,118,27,36.90725326538086,1.5099730491638184,3,False
607,detail,2,0.7,121,33,36.824668884277344,1.509209156036377,2,False
607,detail,2,0.6,121,41,37.574851989746094,1.8382158279418945,2,False
608,coarse,1,0.3,36,26,27.040693283081055,,,True
608,coarse,2,0.3,64,20,30.579423904418945,,,True
608,coarse,3,0.4,14,0,33.308509826660156,,,True
608,detail,1,1.0,67,25,33.54523849487305,1.2344179153442383,4,False
608,detail,1,0.9,68,32,30.48786735534668,1.3986899852752686,3,False
608,detail,1,0.8,68,38,30.423442840576172,1.5067436695098877,3,False
608,detail,1,0.7,71,47,28.150590896606445,1.9229295253753662,2,True
608,detail,1,0.6,71,55,28.81693458557129,1.6873230934143066,2,False
608,detail,2,0.9,118,21,37.259178161621094,1.2942216396331787,3,False
608,detail,2,0.8,118,27,37.05986022949219,1.4618382453918457,3,False
608,detail,2,0.7,121,33,36.94038009643555,1.48563551902771,2,False
608,detail,2,0.6,121,41,37.621604919433594,1.8071763515472412,2,False
608,detail,3,1.0,29,12,37.42435836791992,1.7260961532592773,4,False
608,detail,3,0.9,26,6,35.96409225463867,1.7492380142211914,3,False
608,detail,3,0.8,26,12,35.79106521606445,1.6655683517456055,3,False
608,detail,3,0.7,27,18,35.697418212890625,1.719496726989746,2,False
608,detail,3,0.6,31,28,34.17240905761719,2.0887787342071533,2,False
609,coarse,1,0.3,36,26,27.685678482055664,,,True
609,coarse,2,0.3,64,20,31.803544998168945,,,True
609,detail,1,1.0,67,25,34.52803039550781,1.2156906127929688,4,False
609,detail,1,0.9,68,32,31.349929809570312,1.3766701221466064,3,False
609,detail,1,0.8,68,41,31.45579719543457,1.5721657276153564,3,False
609,detail,1,0.7,71,47,29.008325576782227,1.925595760345459,2,True
609,detail,1,0.6,71,55,29.661746978759766,1.699983835220337,2,False
609,detail,2,0.9,118,21,38.63428497314453,1.3571782112121582,3,False
609,detail,2,0.8,121,27,38.39280700683594,1.1989929676055908,3,False
609,detail,2,0.7,121,35,38.36618423461914,1.5382664203643799,2,False
609,detail,2,0.6,121,41,39.08118438720703,1.8334779739379883,2,False
610,coarse,1,0.3,36,26,27.875717163085938,,,True
610,coarse,2,0.3,64,20,33.052616119384766,,,True
610,detail,1,1.0,67,25,35.52408981323242,1.248715877532959,4,False
610,detail,1,0.9,68,32,32.26345443725586,1.4095406532287598,3,False
610,detail,1,0.8,68,41,32.14147186279297,1.5976872444152832,3,False
610,detail,1,0.7,71,47,29.371347427368164,1.9432213306427002,2,True
610,detail,1,0.6,71,55,29.955699920654297,1.6576361656188965,2,False
610,detail,2,0.9,118,21,39.80462646484375,1.325016736984253,3,False
610,detail,2,0.8,121,27,39.48323440551758,1.1729962825775146,3,False
610,detail,2,0.7,121,35,39.37285232543945,1.5138659477233887,2,False
610,detail,2,0.6,121,41,40.154109954833984,1.7929699420928955,2,False
611,coarse,1,0.3,36,26,27.84269142150879,,,True
611,coarse,2,0.4,66,2,35.60913848876953,,,True
611,detail,1,1.0,67,25,36.00550842285156,1.243969440460205,4,False
611,detail,1,0.9,68,32,32.68559646606445,1.3845529556274414,3,False
611,detail,1,0.8,71,41,32.42439651489258,1.5702264308929443,3,False
611,detail,1,0.7,71,47,29.428468704223633,1.9248147010803223,2,True
611,detail,1,0.6,71,55,30.05113983154297,1.7102820873260498,2,False
611,detail,2,0.8,120,27,39.94839859008789,1.3254714012145996,3,False
611,detail,2,0.7,120,34,39.86980056762695,1.608405351638794,2,False
611,detail,2,0.6,126,44,41.47813415527344,1.07659912109375,2,False
612,coarse,1,0.3,36,26,27.523540496826172,,,True
612,coarse,2,0.4,64,2,35.403953552246094,,,True
612,detail,1,1.0,67,25,35.426265716552734,1.282808542251587,4,False
612,detail,1,0.9,68,32,32.04210662841797,1.4132020473480225,3,False
612,detail,1,0.8,71,41,31.892086029052734,1.5659337043762207,3,False
612,detail,1,0.7,71,47,29.134857177734375,1.8897638320922852,2,True
612,detail,1,0.6,71,55,29.698129653930664,1.6426799297332764,2,False
612,detail,2,1.0,117,12,40.47768020629883,1.2978453636169434,4,False
612,detail,2,0.9,117,18,40.70195007324219,1.4885811805725098,3,False
612,detail,2,0.8,120,27,39.27796936035156,1.4034762382507324,3,False
612,detail,2,0.7,121,34,39.505218505859375,1.6324915885925293,2,False
612,detail,2,0.6,125,42,40.667236328125,1.2458384037017822,2,False
613,coarse,1,0.3,36,28,26.231290817260742,,,True
613,coarse,2,0.3,64,10,31.848159790039062,,,True
613,detail,1,1.0,67,29,34.35609436035156,1.4030194282531738,4,False
613,detail,1,0.9,68,32,31.047405242919922,1.5324461460113525,3,False
613,detail,1,0.8,71,41,30.43735122680664,1.7443959712982178,3,False
613,detail,1,0.7,71,49,28.204999923706055,2.152754545211792,2,True
613,detail,1,0.6,71,55,28.77503776550293,1.9878857135772705,2,False
613,detail,2,1.0,115,12,41.1119270324707,1.2763376235961914,4,False
613,detail,2,0.9,118,21,38.572853088378906,1.386382818222046,3,False
613,detail,2,0.8,121,27,38.25909423828125,1.345637321472168,3,False
613,detail,2,0.7,121,34,38.447174072265625,1.6187777519226074,2,False
613,detail,2,0.6,127,48,38.94295120239258,1.0678095817565918,2,False
614,coarse,1,0.3,36,28,25.855968475341797,,,True
614,coarse,2,0.3,64,10,31.421884536743164,,,True
614,coarse,3,0.5,34,0,36.323272705078125,,,True
614,detail,1,1.0,67,29,33.82746887207031,1.3765983581542969,4,False
614,detail,1,0.9,68,32,30.439929962158203,1.521106243133545,3,False
614,detail,1,0.8,71,41,29.936901092529297,1.743518590927124,3,False
614,detail,1,0.7,71,49,27.772382736206055,2.161810874938965,2,True
614,detail,1,0.6,71,55,28.295446395874023,2.019254446029663,2,False
614,detail,2,1.0,115,12,40.41917419433594,1.2451446056365967,4,False
614,detail,2,0.9,118,21,37.90938186645508,1.3601939678192139,3,False
614,detail,2,0.8,121,27,37.66313934326172,1.3357477188110352,3,False
614,detail,2,0.7,121,34,37.842628479003906,1.618178129196167,2,False
614,detail,2,0.6,125,42,38.524478912353516,1.1714370250701904,2,False
614,detail,3,1.0,67,18,35.586822509765625,1.3376638889312744,4,False
614,detail,3,0.9,68,27,33.94436264038086,1.5108003616333008,3,False
614,detail,3,0.8,68,33,32.80803298950195,1.623349905014038,3,False
614,detail,3,0.7,71,44,29.190584182739258,2.278932571411133,2,False
614,detail,3,0.6,71,52,29.308570861816406,2.1992363929748535,2,False
615,coarse,1,0.3,36,28,26.130170822143555,,,True
615,coarse,2,0.3,64,10,31.102468490600586,,,True
615,detail,1,1.0,67,29,33.61487579345703,1.3748276233673096,4,False
615,detail,1,0.9,68,32,30.27291488647461,1.4881415367126465,3,False
615,detail,1,0.8,71,41,30.00115203857422,1.7216277122497559,3,False
615,detail,1,0.7,71,49,27.89798355102539,2.1413254737854004,2,True
615,detail,1,0.6,71,55,28.485431671142578,2.0198819637298584,2,False
615,detail,2,1.0,115,12,40.01797103881836,1.2933309078216553,4,False
615,detail,2,0.9,118,21,37.52417755126953,1.4142045974731445,3,False
615,detail,2,0.8,121,27,37.314125061035156,1.3979525566101074,3,False
615,detail,2,0.7,121,34,37.52069854736328,1.6902892589569092,2,False
615,detail,2,0.6,125,42,38.22102355957031,1.2229506969451904,2,False
616,coarse,1,0.3,36,28,25.78179168701172,,,True
616,coarse,2,0.3,64,10,30.498470306396484,,,True
616,coarse,3,0.5,34,0,35.673519134521484,,,True
616,detail,1,1.0,67,29,33.345279693603516,1.4185519218444824,4,False
616,detail,1,0.9,68,32,30.028961181640625,1.5526983737945557,3,False
616,detail,1,0.8,68,41,29.815250396728516,1.741999626159668,3,False
616,detail,1,0.7,71,49,27.641958236694336,2.206484794616699,2,True
616,detail,1,0.6,71,55,28.025463104248047,2.047361135482788,2,False
616,detail,2,1.0,115,12,39.58876037597656,1.3228645324707031,4,False
616,detail,2,0.9,118,21,37.072792053222656,1.4335987567901611,3,False
616,detail,2,0.8,121,27,36.855865478515625,1.3798565864562988,3,False
616,detail,2,0.7,121,34,37.175567626953125,1.6625187397003174,2,False
616,detail,2,0.6,127,46,37.48057174682617,1.0512945652008057,2,False
616,detail,3,1.0,67,18,35.083980560302734,1.380051612854004,4,False
616,detail,3,0.9,68,27,33.58039093017578,1.5474214553833008,3,False
616,detail,3,0.8,68,33,32.25810623168945,1.6638834476470947,3,False
616,detail,3,0.7,71,44,29.107290267944336,2.337693214416504,2,False
616,detail,3,0.6,71,52,29.121692657470703,2.234349489212036,2,False
617,coarse,1,0.3,36,28,25.732250213623047,,,True
617,coarse,2,0.3,64,10,30.553136825561523,,,True
617,coarse,3,0.4,14,0,33.25702667236328,,,True
617,detail,1,1.0,67,29,33.11774444580078,1.4305164813995361,4,False
617,detail,1,0.9,68,32,29.877574920654297,1.5756781101226807,3,False
617,detail,1,0.8,68,41,29.486391067504883,1.7641644477844238,3,False
617,detail,1,0.7,71,49,27.480670928955078,2.2362327575683594,2,True
617,detail,1,0.6,71,55,27.79594612121582,2.0764153003692627,2,False
617,detail,2,1.0,115,12,39.40888595581055,1.274425745010376,4,False
617,detail,2,0.9,118,21,36.983314514160156,1.385249137878418,3,False
617,detail,2,0.8,121,27,36.80999755859375,1.3542542457580566,3,False
617,detail,2,0.7,121,34,37.0766487121582,1.6381030082702637,2,False
617,detail,2,0.6,125,42,37.61391830444336,1.2267897129058838,2,False
617,detail,3,1.0,25,0,37.73051452636719,1.7625296115875244,4,False
617,detail,3,0.9,26,6,35.50652313232422,1.6739635467529297,3,False
617,detail,3,0.8,26,12,35.45039749145508,1.6414563655853271,3,False
617,detail,3,0.7,29,22,35.6118049621582,1.9712450504302979,2,False
617,detail,3,0.6,31,30,34.37665939331055,2.432668924331665,2,False
618,coarse,1,0.3,36,28,25.786611557006836,,,True
618,coarse,2,0.3,64,10,30.525442123413086,,,True
618,coarse,3,0.5,34,0,35.40573501586914,,,True
618,detail,1,1.0,67,29,33.07583236694336,1.4730894565582275,4,False
618,detail,1,0.9,68,32,29.8300724029541,1.6310374736785889,3,False
618,detail,1,0.8,68,41,29.318161010742188,1.8275165557861328,3,False
618,detail,1,0.7,71,49,27.486370086669922,2.269376516342163,2,True
618,detail,1,0.6,71,55,27.77018165588379,2.1198883056640625,2,False
618,detail,2,1.0,115,12,39.287017822265625,1.3342604637145996,4,False
618,detail,2,0.9,118,21,36.92116928100586,1.4497110843658447,3,False
618,detail,2,0.8,121,27,36.703975677490234,1.4347519874572754,3,False
618,detail,2,0.7,121,34,37.08771896362305,1.7341620922088623,2,False
618,detail,2,0.6,127,46,37.308738708496094,1.0706324577331543,2,False
618,detail,3,1.0,67,18,34.7779655456543,1.4455969333648682,4,False
618,detail,3,0.9,68,27,33.34425735473633,1.6286284923553467,3,False
618,detail,3,0.8,68,33,31.94539451599121,1.7617783546447754,3,False
618,detail,3,0.7,71,44,28.923587799072266,2.4130446910858154,2,False
618,detail,3,0.6,71,52,28.92277717590332,2.3195745944976807,2,False
619,coarse,1,0.3,36,28,25.969810485839844,,,True
619,coarse,2,0.3,64,10,29.985029220581055,,,True
619,coarse,3,0.4,14,0,32.940059661865234,,,True
619,detail,1,1.0,67,29,33.00260543823242,1.496258020401001,4,False
619,detail,1,0.9,68,32,29.777917861938477,1.693068265914917,3,False
619,detail,1,0.8,68,41,29.18937110900879,1.8997161388397217,3,False
619,detail,1,0.7,71,49,27.50759506225586,2.3114380836486816,2,True
619,detail,1,0.6,71,55,27.813758850097656,2.2341198921203613,2,False
619,detail,2,1.0,115,12,38.83068084716797,1.3322131633758545,4,False
619,detail,2,0.9,118,21,36.48354721069336,1.457909107208252,3,False
619,detail,2,0.8,121,27,36.26149368286133,1.4240469932556152,3,False
619,detail,2,0.7,121,34,36.650856018066406,1.7451198101043701,2,False
619,detail,2,0.6,125,42,36.96638870239258,1.3377342224121094,2,False
619,detail,3,1.0,25,0,37.229820251464844,1.7964270114898682,4,False
619,detail,3,0.9,26,6,34.98323059082031,1.7144489288330078,3,False
619,detail,3,0.8,26,12,34.87267303466797,1.6920835971832275,3,False
619,detail,3,0.7,29,22,34.93263244628906,1.977846622467041,2,False
619,detail,3,0.6,31,30,33.776268005371094,2.4469141960144043,2,False
620,coarse,1,0.3,36,28,26.453752517700195,,,True
620,coarse,2,0.3,64,10,30.480628967285156,,,True
620,coarse,3,0.4,14,0,33.2746696472168,,,True
620,detail,1,1.0,67,29,33.2100715637207,1.5081417560577393,4,False
620,detail,1,0.9,68,32,30.00889778137207,1.701063871383667,3,False
620,detail,1,0.8,68,41,29.263322830200195,1.8990278244018555,3,False
620,detail,1,0.7,71,49,27.791339874267578,2.3290817737579346,2,True
620,detail,1,0.6,71,55,28.050912857055664,2.2261457443237305,2,False
620,detail,2,1.0,115,12,39.1927604675293,1.3322968482971191,4,False
620,detail,2,0.9,118,21,36.863563537597656,1.4560050964355469,3,False
620,detail,2,0.8,121,27,36.65632629394531,1.4138047695159912,3,False
620,detail,2,0.7,121,34,37.19287109375,1.731013536453247,2,False
620,detail,2,0.6,125,42,37.4532470703125,1.306307077407837,2,False
620,detail,3,1.0,25,0,37.59730529785156,1.7930285930633545,4,False
620,detail,3,0.9,26,6,35.40976333618164,1.7756335735321045,3,False
620,detail,3,0.8,26,12,35.333824157714844,1.760873556137085,3,False
620,detail,3,0.7,29,22,35.364158630371094,1.9729158878326416,2,False
620,detail,3,0.6,29,28,34.29795455932617,1.7955336570739746,2,False
621,coarse,1,0.3,36,28,27.177345275878906,,,True
621,coarse,2,0.3,64,10,30.782686233520508,,,True
621,coarse,3,0.4,14,0,33.532432556152344,,,True
621,detail,1,1.0,67,29,33.88300323486328,1.4606237411499023,4,False
621,detail,1,0.9,68,32,30.691598892211914,1.6651575565338135,3,False
621,detail,1,0.8,68,41,29.93811798095703,1.8819162845611572,3,False
621,detail,1,0.7,71,49,28.517934799194336,2.323237180709839,2,True
621,detail,1,0.6,71,55,28.749799728393555,2.2292990684509277,2,False
621,detail,2,1.0,115,12,39.3728141784668,1.3091504573822021,4,False
621,detail,2,0.9,118,21,37.0730094909668,1.4332892894744873,3,False
621,detail,2,0.8,121,27,36.95650100708008,1.3894214630126953,3,False
621,detail,2,0.7,121,34,37.5913200378418,1.7186033725738525,2,False
621,detail,2,0.6,125,42,37.81157684326172,1.3059701919555664,2,False
621,detail,3,1.0,25,0,37.93159484863281,1.782477617263794,4,False
621,detail,3,0.9,26,6,35.70399475097656,1.6716556549072266,3,False
621,detail,3,0.8,26,12,35.57344436645508,1.6307241916656494,3,False
621,detail,3,0.7,29,22,35.82136154174805,1.9550249576568604,2,False
621,detail,3,0.6,29,28,34.682090759277344,1.7269275188446045,2,False
622,coarse,1,0.3,36,28,27.23711395263672,,,True
622,coarse,2,0.3,64,10,31.386077880859375,,,True
622,coarse,3,0.4,14,0,34.132232666015625,,,True
622,detail,1,1.0,67,29,34.25428009033203,1.3768284320831299,4,False
622,detail,1,0.9,68,32,31.142261505126953,1.5468862056732178,3,False
622,detail,1,0.8,68,41,30.293062210083008,1.772535800933838,3,False
622,detail,1,0.7,71,49,28.70823860168457,2.237149477005005,2,True
622,detail,1,0.6,71,55,28.923709869384766,2.1539924144744873,2,False
622,detail,2,1.0,115,12,40.02416229248047,1.3835883140563965,4,False
622,detail,2,0.9,118,21,37.632911682128906,1.4781620502471924,3,False
622,detail,2,0.8,121,27,37.5419807434082,1.4300556182861328,3,False
622,detail,2,0.7,125,36,37.383792877197266,1.1711711883544922,2,False
622,detail,2,0.6,127,44,36.38578414916992,1.0571327209472656,2,False
622,detail,3,1.0,25,0,38.51347732543945,1.8516104221343994,4,False
622,detail,3,0.9,26,6,36.419097900390625,1.7018475532531738,3,False
622,detail,3,0.8,26,12,36.34629821777344,1.5636143684387207,3,False
622,detail,3,0.7,27,20,36.67533493041992,1.5822596549987793,2,False
622,detail,3,0.6,31,30,35.552284240722656,2.4940073490142822,2,False
623,coarse,1,0.3,36,28,27.518611907958984,,,True
623,coarse,2,0.3,64,10,32.285919189453125,,,True
623,coarse,3,0.5,34,0,37.523521423339844,,,True
623,detail,1,1.0,67,29,35.07509994506836,1.4548072814941406,4,False
623,detail,1,0.9,68,32,31.966991424560547,1.6011428833007812,3,False
623,detail,1,0.8,68,41,30.951332092285156,1.8309659957885742,3,False
623,detail,1,0.7,71,49,29.070499420166016,2.3040459156036377,2,True
623,detail,1,0.6,71,55,29.364561080932617,2.1549174785614014,2,False
623,detail,2,1.0,115,12,41.291255950927734,1.2662923336029053,4,False
623,detail,2,0.9,118,21,38.905662536621094,1.374715805053711,3,False
623,detail,2,0.8,121,27,38.65732955932617,1.3207578659057617,3,False
623,detail,2,0.7,125,36,38.40473937988281,1.0881240367889404,2,False
623,detail,2,0.6,127,44,37.34163284301758,0.9921877384185791,2,False
623,detail,3,1.0,67,18,36.922515869140625,1.432176113128662,4,False
623,detail,3,0.9,68,27,35.3891487121582,1.5987045764923096,3,False
623,detail,3,0.8,68,33,33.76630783081055,1.744215965270996,3,False
623,detail,3,0.7,71,44,30.55240249633789,2.4585368633270264,2,False
623,detail,3,0.6,71,52,30.685697555541992,2.370229959487915,2,False
624,coarse,1,0.3,36,28,27.309696197509766,,,True
624,coarse,2,0.3,64,10,32.01906967163086,,,True
624,coarse,3,0.5,34,0,37.06507110595703,,,True
624,detail,1,1.0,67,29,34.644161224365234,1.4239153861999512,4,False
624,detail,1,0.9,68,32,31.57883071899414,1.5367660522460938,3,False
624,detail,1,0.8,68,41,30.467496871948242,1.7546260356903076,3,False
624,detail,1,0.7,71,49,28.855323791503906,2.219536304473877,2,True
624,detail,1,0.6,71,55,29.231496810913086,2.0998008251190186,2,False
624,detail,2,1.0,119,12,38.83413314819336,1.2953135967254639,4,False
624,detail,2,0.9,118,21,38.56977462768555,1.5709733963012695,3,False
624,detail,2,0.8,121,27,38.318931579589844,1.506019115447998,3,False
624,detail,2,0.7,125,34,37.234737396240234,1.1462428569793701,2,False
624,detail,2,0.6,127,44,36.76790237426758,1.0111801624298096,2,False
624,detail,3,1.0,67,18,36.50312042236328,1.4095213413238525,4,False
624,detail,3,0.9,68,27,34.92631149291992,1.5415141582489014,3,False
624,detail,3,0.8,68,33,33.34526443481445,1.6689128875732422,3,False
624,detail,3,0.7,71,44,30.165721893310547,2.390040636062622,2,False
624,detail,3,0.6,71,52,30.447391510009766,2.3128502368927,2,False
625,coarse,1,0.3,36,28,27.459304809570312,,,True
625,coarse,2,0.3,64,10,32.158851623535156,,,True
625,coarse,3,0.5,34,0,36.99156951904297,,,True
625,detail,1,1.0,67,29,34.74175262451172,1.4072239398956299,4,False
625,detail,1,0.9,68,32,31.924901962280273,1.5525014400482178,3,False
625,detail,1,0.8,68,41,30.4343318939209,1.7240021228790283,3,False
625,detail,1,0.7,71,49,28.896373748779297,2.2441790103912354,2,True
625,detail,1,0.6,71,55,29.119720458984375,2.0477497577667236,2,False
625,detail,2,0.8,118,33,41.89285659790039,1.1030158996582031,3,False
625,detail,2,0.7,119,36,38.78567886352539,1.117605209350586,2,False
625,detail,2,0.6,121,42,39.93411636352539,1.1467139720916748,2,False
625,detail,3,1.0,67,18,36.743812561035156,1.3605501651763916,4,False
625,detail,3,0.9,68,27,35.16012191772461,1.5513696670532227,3,False
625,detail,3,0.8,68,33,33.23168182373047,1.6895439624786377,3,False
625,detail,3,0.7,71,44,30.487932205200195,2.455240249633789,2,False
625,detail,3,0.6,71,52,30.419715881347656,2.290738821029663,2,False
626,coarse,1,0.3,36,28,27.484315872192383,,,True
626,coarse,2,0.3,64,10,32.02536392211914,,,True
626,coarse,3,0.5,34,0,36.871524810791016,,,True
626,detail,1,1.0,67,29,34.724937438964844,1.409240961074829,4,False
626,detail,1,0.9,68,32,31.90430450439453,1.5540416240692139,3,False
626,detail,1,0.8,68,41,30.39072608947754,1.7260544300079346,3,False
626,detail,1,0.7,71,49,28.93756866455078,2.2465455532073975,2,True
626,detail,1,0.6,71,55,29.146636962890625,2.0506174564361572,2,False
626,detail,2,0.8,118,33,41.79605484008789,1.1054120063781738,3,False
626,detail,2,0.7,119,36,38.686988830566406,1.1189050674438477,2,False
626,detail,2,0.6,121,42,39.83344268798828,1.1499974727630615,2,False
626,detail,3,1.0,67,18,36.6994514465332,1.3636634349822998,4,False
626,detail,3,0.9,68,27,35.14397048950195,1.554732322692871,3,False
626,detail,3,0.8,68,33,33.21375274658203,1.6920506954193115,3,False
626,detail,3,0.7,71,44,30.508193969726562,2.458618640899658,2,False
626,detail,3,0.6,71,52,30.472293853759766,2.2947394847869873,2,False
627,coarse,1,0.3,36,28,27.56731414794922,,,True
627,coarse,2,0.3,64,10,32.02536392211914,,,True
627,coarse,3,0.5,34,0,36.85868835449219,,,True
627,detail,1,1.0,67,29,34.7253532409668,1.4173641204833984,4,False
627,detail,1,0.9,68,32,31.92251205444336,1.5588371753692627,3,False
627,detail,1,0.8,68,41,30.405961990356445,1.7311770915985107,3,False
627,detail,1,0.7,71,49,29.00091552734375,2.2508883476257324,2,True
627,detail,1,0.6,71,55,29.234603881835938,2.0700507164001465,2,False
627,detail,2,0.8,118,33,41.73529815673828,1.1363060474395752,3,False
627,detail,2,0.7,119,36,38.60480880737305,1.133094072341919,2,False
627,detail,2,0.6,121,42,39.8929443359375,1.132354497909546,2,False
627,detail,3,1.0,67,18,36.69737243652344,1.3747320175170898,4,False
627,detail,3,0.9,68,27,35.141666412353516,1.5598247051239014,3,False
627,detail,3,0.8,68,33,33.21503829956055,1.6985297203063965,3,False
627,detail,3,0.7,71,44,30.559654235839844,2.4653842449188232,2,False
627,detail,3,0.6,71,52,30.567211151123047,2.3135204315185547,2,False
628,coarse,1,0.3,36,28,27.617292404174805,,,True
628,coarse,2,0.3,64,10,32.02536392211914,,,True
628,coarse,3,0.5,34,0,36.903926849365234,,,True
628,detail,1,1.0,67,29,34.775291442871094,1.4323539733886719,4,False
628,detail,1,0.9,68,32,32.01686096191406,1.577347993850708,3,False
628,detail,1,0.8,68,41,30.43251609802246,1.747915506362915,3,False
628,detail,1,0.7,71,49,29.09354591369629,2.276378631591797,2,True
628,detail,1,0.6,71,55,29.234128952026367,2.0988664627075195,2,False
628,detail,2,0.8,118,33,41.81178283691406,1.1342532634735107,3,False
628,detail,2,0.7,119,36,38.65627670288086,1.1303246021270752,2,False
628,detail,2,0.6,121,42,40.02267837524414,1.1311566829681396,2,False
628,detail,3,1.0,67,18,36.73319625854492,1.391838550567627,4,False
628,detail,3,0.9,68,27,35.22157669067383,1.5790793895721436,3,False
628,detail,3,0.8,68,33,33.31908416748047,1.7136454582214355,3,False
628,detail,3,0.7,71,44,30.65845489501953,2.4950239658355713,2,False
628,detail,3,0.6,71,52,30.630205154418945,2.347569465637207,2,False
629,coarse,1,0.3,36,28,27.609935760498047,,,True
629,coarse,2,0.3,64,10,32.02536392211914,,,True
629,coarse,3,0.5,34,0,36.868412017822266,,,True
629,detail,1,1.0,67,29,34.7412223815918,1.4436159133911133,4,False
629,detail,1,0.9,68,32,31.997440338134766,1.5952527523040771,3,False
629,detail,1,0.8,68,41,30.29823112487793,1.7696959972381592,3,False
629,detail,1,0.7,71,49,29.09687042236328,2.303879737854004,2,True
629,detail,1,0.6,71,55,29.12748146057129,2.1321587562561035,2,False
629,detail,2,0.8,118,33,41.75676727294922,1.1459753513336182,3,False
629,detail,2,0.7,119,36,38.599647521972656,1.1410472393035889,2,False
629,detail,2,0.6,121,42,40.074398040771484,1.138967752456665,2,False
629,detail,3,1.0,67,18,36.695186614990234,1.4054622650146484,4,False
629,detail,3,0.9,68,27,35.202659606933594,1.5983006954193115,3,False
629,detail,3,0.8,68,33,33.28016662597656,1.7359299659729004,3,False
629,detail,3,0.7,71,44,30.682519912719727,2.5347702503204346,2,False
629,detail,3,0.6,71,52,30.566856384277344,2.3926568031311035,2,False
630,coarse,1,0.3,36,28,27.828298568725586,,,True
630,coarse,2,0.3,64,10,32.04469299316406,,,True
630,coarse,3,0.5,34,0,36.95492935180664,,,True
630,detail,1,1.0,67,29,34.879852294921875,1.4479517936706543,4,False
630,detail,1,0.9,68,32,32.11392593383789,1.5989902019500732,3,False
630,detail,1,0.8,68,41,30.290630340576172,1.778418779373169,3,False
630,detail,1,0.7,71,49,29.23784065246582,2.3193278312683105,2,False
630,detail,1,0.6,71,55,29.228506088256836,2.146920680999756,2,True
630,detail,2,0.8,118,33,41.86856460571289,1.1547634601593018,3,False
630,detail,2,0.7,119,36,38.6866455078125,1.1485974788665771,2,False
630,detail,2,0.6,121,42,40.157676696777344,1.1410114765167236,2,False
630,detail,3,1.0,67,18,36.78351974487305,1.41115140914917,4,False
630,detail,3,0.9,68,27,35.29132843017578,1.602599859237671,3,False
630,detail,3,0.8,68,33,33.305171966552734,1.7503571510314941,3,False
630,detail,3,0.7,71,44,30.787612915039062,2.5536749362945557,2,False
630,detail,3,0.6,71,52,30.583341598510742,2.412916660308838,2,False
631,coarse,1,0.3,36,28,27.912004470825195,,,True
631,coarse,2,0.3,64,10,32.102996826171875,,,True
631,coarse,3,0.5,34,0,37.07956314086914,,,True
631,detail,1,1.0,67,29,34.90619659423828,1.5036449432373047,4,False
631,detail,1,0.9,68,32,32.13396072387695,1.6746599674224854,3,False
631,detail,1,0.8,68,41,30.299577713012695,1.8635609149932861,3,False
631,detail,1,0.7,71,49,29.247936248779297,2.3379404544830322,2,True
631,detail,1,0.6,71,55,29.321603775024414,2.1748416423797607,2,False
631,detail,2,0.8,118,33,41.80562973022461,1.1513750553131104,3,False
631,detail,2,0.7,119,36,38.56852340698242,1.1458814144134521,2,False
631,detail,2,0.6,121,42,40.08157730102539,1.143676996231079,2,False
631,detail,3,1.0,67,18,36.82695007324219,1.4696295261383057,4,False
631,detail,3,0.9,68,27,35.372108459472656,1.6797959804534912,3,False
631,detail,3,0.8,68,33,33.27276611328125,1.8435370922088623,3,False
631,detail,3,0.7,71,44,30.87776756286621,2.568936824798584,2,False
631,detail,3,0.6,71,52,30.659927368164062,2.4339394569396973,2,False
632,coarse,1,0.3,36,28,27.946317672729492,,,True
632,coarse,2,0.3,64,10,32.16701889038086,,,True
632,coarse,3,0.4,14,0,35.04978561401367,,,True
632,detail,1,1.0,67,29,34.89061737060547,1.5999693870544434,4,False
632,detail,1,0.9,68,32,32.12625503540039,1.7756679058074951,3,False
632,detail,1,0.8,68,41,30.164594650268555,1.9752342700958252,3,False
632,detail,1,0.7,71,49,29.296215057373047,2.4634461402893066,2,False
632,detail,1,0.6,71,55,29.209136962890625,2.3254165649414062,2,True
632,detail,2,0.9,115,21,41.39621353149414,1.1810288429260254,3,False
632,detail,2,0.8,118,27,38.139095306396484,1.11434006690979,3,False
632,detail,2,0.7,119,36,38.45286560058594,1.293766736984253,2,False
632,detail,2,0.6,121,42,39.99394226074219,1.2515053749084473,2,False
632,detail,3,1.0,25,0,38.95717239379883,1.7393102645874023,4,False
632,detail,3,0.9,26,6,36.90087890625,1.694157600402832,3,False
632,detail,3,0.8,26,12,36.77466583251953,1.6611568927764893,3,False
632,detail,3,0.7,27,20,36.90083312988281,1.5444903373718262,2,False
632,detail,3,0.6,29,30,35.65058898925781,2.119051218032837,2,False
633,coarse,1,0.3,36,28,28.079391479492188,,,True
633,coarse,2,0.3,64,10,32.16701889038086,,,True
633,coarse,3,0.4,14,0,34.9918212890625,,,True
633,detail,1,1.0,67,29,34.82358169555664,1.5794506072998047,4,False
633,detail,1,0.9,68,32,32.12370681762695,1.7592942714691162,3,False
633,detail,1,0.8,68,41,30.013051986694336,1.962132453918457,3,False
633,detail,1,0.7,71,49,29.312870025634766,2.4637420177459717,2,False
633,detail,1,0.6,71,55,29.1647891998291,2.3250513076782227,2,True
633,detail,2,0.9,115,21,41.52191925048828,1.2365436553955078,3,False
633,detail,2,0.8,118,27,38.41892623901367,1.1877870559692383,3,False
633,detail,2,0.7,119,36,38.85552978515625,1.3686296939849854,2,False
633,detail,2,0.6,121,42,40.37004470825195,1.3198723793029785,2,False
633,detail,3,1.0,25,0,39.068565368652344,1.7598888874053955,4,False
633,detail,3,0.9,26,6,37.056034088134766,1.7129530906677246,3,False
633,detail,3,0.8,26,12,36.89870834350586,1.678797721862793,3,False
633,detail,3,0.7,27,20,37.033470153808594,1.572373628616333,2,False
633,detail,3,0.6,29,30,35.9359130859375,2.1498186588287354,2,False
634,coarse,1,0.3,36,28,28.125946044921875,,,True
634,coarse,2,0.3,64,10,32.116268157958984,,,True
634,coarse,3,0.4,14,0,34.87880325317383,,,True
634,detail,1,1.0,67,29,34.81508255004883,1.544626235961914,4,False
634,detail,1,0.9,68,32,32.05189514160156,1.721775770187378,3,False
634,detail,1,0.8,68,41,29.72382926940918,1.9302687644958496,3,False
634,detail,1,0.7,71,49,29.38174057006836,2.430854320526123,2,False
634,detail,1,0.6,71,55,29.08565902709961,2.305088520050049,2,True
634,detail,2,0.8,118,30,39.48491287231445,1.188368558883667,3,False
634,detail,2,0.7,119,36,38.43014907836914,1.236921787261963,2,False
634,detail,2,0.6,121,42,40.08929443359375,1.1915032863616943,2,False
634,detail,3,1.0,25,0,38.96966552734375,1.7596595287322998,4,False
634,detail,3,0.9,26,6,36.909420013427734,1.771094799041748,3,False
634,detail,3,0.8,26,12,36.726280212402344,1.7544593811035156,3,False
634,detail,3,0.7,27,20,36.892765045166016,1.6297497749328613,2,False
634,detail,3,0.6,29,30,35.697994232177734,2.1998097896575928,2,False
635,coarse,1,0.3,36,28,28.382999420166016,,,True
635,coarse,2,0.3,64,10,32.09003829956055,,,True
635,coarse,3,0.4,14,0,34.97283935546875,,,True
635,detail,1,1.0,67,29,34.81455993652344,1.5087025165557861,4,False
635,detail,1,0.9,68,32,32.09779357910156,1.6978671550750732,3,False
635,detail,1,0.8,68,41,29.521488189697266,1.895604133605957,3,False
635,detail,1,0.7,71,49,29.462148666381836,2.372224807739258,2,False
635,detail,1,0.6,71,55,29.106521606445312,2.2799441814422607,2,True
635,detail,2,0.8,118,30,39.28752899169922,1.2005445957183838,3,False
635,detail,2,0.7,119,36,38.18041229248047,1.2504167556762695,2,False
635,detail,2,0.6,121,42,39.80192184448242,1.2076375484466553,2,False
635,detail,3,1.0,25,0,38.99884033203125,1.7825028896331787,4,False
635,detail,3,0.9,26,6,36.95234298706055,1.886237382888794,3,False
635,detail,3,0.8,29,30,36.889129638671875,2.008819580078125,3,False
635,detail,3,0.7,27,20,36.87004852294922,1.8297252655029297,2,False
635,detail,3,0.6,29,30,35.610931396484375,2.031724214553833,2,False
636,coarse,1,0.4,34,20,28.441675186157227,,,True
636,coarse,2,0.3,64,10,32.09127426147461,,,True
636,coarse,3,0.4,14,0,34.862491607666016,,,True
636,detail,1,1.0,65,25,36.391239166259766,1.495682954788208,4,False
636,detail,1,0.9,66,32,33.325130462646484,1.7322642803192139,3,False
636,detail,1,0.8,69,41,29.184919357299805,2.116683006286621,3,False
636,detail,1,0.7,71,49,29.638317108154297,2.4962244033813477,2,False
636,detail,1,0.6,71,55,29.15496253967285,2.380505323410034,2,True
636,detail,2,0.8,118,30,39.41697311401367,1.192803144454956,3,False
636,detail,2,0.7,119,36,38.310142517089844,1.2430133819580078,2,False
636,detail,2,0.6,123,42,39.889007568359375,1.0255935192108154,2,False
636,detail,3,1.0,25,0,38.882259368896484,1.819383144378662,4,False
636,detail,3,0.9,26,6,36.87013626098633,1.951524019241333,3,False
636,detail,3,0.8,29,30,36.85227584838867,2.063697576522827,3,False
636,detail,3,0.7,27,20,36.78739547729492,1.9142999649047852,2,False
636,detail,3,0.6,29,30,35.49858856201172,2.0273818969726562,2,False
637,coarse,1,0.4,34,20,28.158771514892578,,,True
637,coarse,2,0.3,64,10,32.377506256103516,,,True
637,coarse,3,0.4,14,0,35.06870651245117,,,True
637,detail,1,1.0,65,29,36.173561096191406,1.4117884635925293,4,False
637,detail,1,0.9,66,32,33.10406494140625,1.6541426181793213,3,False
637,detail,1,0.8,69,41,29.243141174316406,2.046603202819824,3,False
637,detail,1,0.7,71,49,29.87411117553711,2.400864601135254,2,False
637,detail,1,0.6,71,55,29.104747772216797,2.446287155151367,2,True
637,detail,2,1.0,115,16,42.04043197631836,1.3447561264038086,4,False
637,detail,2,0.9,118,21,38.52010726928711,1.414959192276001,3,False
637,detail,2,0.8,118,27,38.1613655090332,1.5673177242279053,3,False
637,detail,2,0.7,119,36,38.63941955566406,1.678264856338501,2,False
637,detail,2,0.6,127,44,36.19322967529297,1.0805284976959229,2,False
637,detail,3,1.0,25,0,38.997798919677734,1.6487977504730225,4,False
637,detail,3,0.9,29,21,37.99264907836914,1.7445228099822998,3,False
637,detail,3,0.8,29,30,36.873878479003906,1.8808672428131104,3,False
637,detail,3,0.7,27,22,36.96927261352539,1.6764552593231201,2,False
637,detail,3,0.6,29,30,35.26546859741211,1.8118841648101807,2,False
638,coarse,1,0.4,34,20,28.021129608154297,,,True
638,coarse,2,0.3,64,10,32.39883041381836,,,True
638,coarse,3,0.4,14,0,35.04294204711914,,,True
638,detail,1,1.0,65,29,36.030364990234375,1.4100220203399658,4,False
638,detail,1,0.9,66,32,32.95400619506836,1.6537694931030273,3,False
638,detail,1,0.8,69,41,29.17283821105957,2.0465714931488037,3,False
638,detail,1,0.7,71,49,29.888395309448242,2.3895349502563477,2,False
638,detail,1,0.6,71,55,29.030500411987305,2.443356513977051,2,True
638,detail,2,1.0,115,12,40.132301330566406,1.4217722415924072,4,False
638,detail,2,0.9,118,21,38.464691162109375,1.589207410812378,3,False
638,detail,2,0.8,118,27,38.08235168457031,1.7550733089447021,3,False
638,detail,2,0.7,125,36,37.045982360839844,1.2499141693115234,2,False
638,detail,2,0.6,127,44,36.26275634765625,1.0906636714935303,2,False
638,detail,3,1.0,25,0,38.961273193359375,1.6554393768310547,4,False
638,detail,3,0.9,29,21,37.9505500793457,1.7348086833953857,3,False
638,detail,3,0.8,29,30,36.90806579589844,1.8725683689117432,3,False
638,detail,3,0.7,27,22,36.94324493408203,1.6803038120269775,2,False
638,detail,3,0.6,29,30,35.26662826538086,1.8120646476745605,2,False
639,coarse,1,0.4,34,20,27.97623634338379,,,True
639,coarse,2,0.3,64,10,32.31619644165039,,,True
639,coarse,3,0.4,14,0,34.59028244018555,,,True
639,detail,1,1.0,65,29,35.99485397338867,1.4848511219024658,4,False
639,detail,1,0.9,66,32,32.831207275390625,1.7373526096343994,3,False
639,detail,1,0.8,69,41,29.167776107788086,2.1247060298919678,3,False
639,detail,1,0.7,71,49,29.877717971801758,2.492943048477173,2,False
639,detail,1,0.6,71,55,28.958650588989258,2.540370225906372,2,True
639,detail,2,1.0,115,12,40.08909225463867,1.4406275749206543,4,False
639,detail,2,0.9,118,21,38.47317123413086,1.6186585426330566,3,False
639,detail,2,0.8,118,27,38.01173782348633,1.7841370105743408,3,False
639,detail,2,0.7,125,36,37.11016845703125,1.2673299312591553,2,False
639,detail,2,0.6,127,44,36.19929122924805,1.1181395053863525,2,False
639,detail,3,1.0,25,0,38.71678161621094,1.6795833110809326,4,False
639,detail,3,0.9,29,21,37.87461471557617,1.6839375495910645,3,False
639,detail,3,0.8,29,30,37.00111770629883,1.8044393062591553,3,False
639,detail,3,0.7,27,22,36.86066436767578,1.6741406917572021,2,False
639,detail,3,0.6,29,30,35.281246185302734,1.783186435699463,2,False
640,coarse,1,0.4,34,20,27.903362274169922,,,True
640,coarse,2,0.3,64,10,31.99388313293457,,,True
640,coarse,3,0.4,14,0,34.666656494140625,,,True
640,detail,1,1.0,65,25,35.887428283691406,1.472970724105835,4,False
640,detail,1,0.9,66,32,32.74738311767578,1.7160489559173584,3,False
640,detail,1,0.8,69,41,29.15074348449707,2.0732367038726807,3,False
640,detail,1,0.7,71,49,29.956932067871094,2.412632942199707,2,False
640,detail,1,0.6,71,55,29.12839126586914,2.4396584033966064,2,True
640,detail,2,1.0,115,12,39.97662353515625,1.4293804168701172,4,False
640,detail,2,0.9,118,21,38.362796783447266,1.6317734718322754,3,False
640,detail,2,0.8,118,27,37.892765045166016,1.7840867042541504,3,False
640,detail,2,0.7,125,36,37.111454010009766,1.3234031200408936,2,False
640,detail,2,0.6,127,44,36.32057571411133,1.1914889812469482,2,False
640,detail,3,1.0,25,0,38.775272369384766,1.7040319442749023,4,False
640,detail,3,0.9,23,6,37.772544860839844,1.6331040859222412,3,False
640,detail,3,0.8,29,30,37.066707611083984,1.8810148239135742,3,False
640,detail,3,0.7,27,22,36.88404083251953,1.7470784187316895,2,False
640,detail,3,0.6,29,30,35.37696838378906,1.9468095302581787,2,False
641,coarse,1,0.4,34,20,27.921762466430664,,,True
641,coarse,2,0.3,64,10,31.7484130859375,,,True
641,coarse,3,0.4,14,0,34.45478057861328,,,True
641,detail,1,1.0,65,25,35.8577880859375,1.488767147064209,4,False
641,detail,1,0.9,66,32,32.80989456176758,1.7316734790802002,3,False
641,detail,1,0.8,69,41,29.213531494140625,2.142589569091797,3,False
641,detail,1,0.7,69,49,30.040699005126953,2.2726263999938965,2,False
641,detail,1,0.6,71,55,29.144350051879883,2.5119142532348633,2,True
641,detail,2,1.0,115,12,39.67653274536133,1.4435756206512451,4,False
641,detail,2,0.9,118,21,38.173927307128906,1.6260652542114258,3,False
641,detail,2,0.8,118,27,37.650291442871094,1.7896473407745361,3,False
641,detail,2,0.7,125,36,36.797340393066406,1.2056314945220947,2,False
641,detail,2,0.6,127,44,36.07476043701172,1.0614855289459229,2,False
641,detail,3,1.0,25,0,38.68148422241211,1.5881578922271729,4,False
641,detail,3,0.9,29,21,37.89388656616211,1.700376272201538,3,False
641,detail,3,0.8,29,30,37.10945129394531,1.831045150756836,3,False
641,detail,3,0.7,27,22,36.7899055480957,1.5552315711975098,2,False
641,detail,3,0.6,29,30,35.28837966918945,1.6849536895751953,2,False
642,coarse,1,0.4,34,20,27.653993606567383,,,True
642,coarse,2,0.3,64,10,31.60276222229004,,,True
642,coarse,3,0.4,14,0,34.1903076171875,,,True
642,detail,1,1.0,65,29,35.632076263427734,1.468423843383789,4,False
642,detail,1,0.9,66,32,32.528141021728516,1.7289378643035889,3,False
642,detail,1,0.8,69,41,29.122140884399414,2.139270782470703,3,False
642,detail,1,0.7,69,49,29.679460525512695,2.27303409576416,2,False
642,detail,1,0.6,71,55,29.114295959472656,2.5080785751342773,2,True
642,detail,2,1.0,115,12,39.55083465576172,1.430450439453125,4,False
642,detail,2,0.9,118,21,38.06458282470703,1.6166496276855469,3,False
642,detail,2,0.8,118,27,37.4849739074707,1.7819490432739258,3,False
642,detail,2,0.7,125,36,36.5347900390625,1.2310996055603027,2,False
642,detail,2,0.6,127,44,35.83189392089844,1.0782620906829834,2,False
642,detail,3,1.0,25,0,38.46436309814453,1.5723843574523926,4,False
642,detail,3,0.9,26,9,37.71753692626953,1.491795301437378,3,False
642,detail,3,0.8,29,30,36.92951583862305,1.832350254058838,3,False
642,detail,3,0.7,27,22,36.61151885986328,1.5611486434936523,2,False
642,detail,3,0.6,29,30,35.05107879638672,1.6962571144104004,2,False
643,coarse,1,0.4,34,20,27.660762786865234,,,True
643,coarse,2,0.3,64,10,31.778343200683594,,,True
643,coarse,3,0.4,14,0,34.2633056640625,,,True
643,detail,1,1.0,65,29,35.61612319946289,1.4695210456848145,4,False
643,detail,1,0.9,66,32,32.505104064941406,1.729163408279419,3,False
643,detail,1,0.8,69,41,29.172561645507812,2.1417737007141113,3,False
643,detail,1,0.7,69,49,29.72858428955078,2.2740612030029297,2,False
643,detail,1,0.6,71,55,29.125734329223633,2.509794235229492,2,True
643,detail,2,1.0,115,12,39.4975471496582,1.4337401390075684,4,False
643,detail,2,0.9,118,21,38.1168212890625,1.619443416595459,3,False
643,detail,2,0.8,118,27,37.485599517822266,1.7865161895751953,3,False
643,detail,2,0.7,125,36,36.502201080322266,1.2380967140197754,2,False
643,detail,2,0.6,127,44,35.811790466308594,1.08182692527771,2,False
643,detail,3,1.0,25,0,38.50724792480469,1.5698609352111816,4,False
643,detail,3,0.9,29,21,37.7408561706543,1.7062485218048096,3,False
643,detail,3,0.8,29,30,36.88883972167969,1.8316302299499512,3,False
643,detail,3,0.7,27,22,36.60947036743164,1.5624442100524902,2,False
643,detail,3,0.6,29,30,35.055484771728516,1.6929759979248047,2,False
644,coarse,1,0.4,34,20,27.708843231201172,,,True
644,coarse,2,0.3,64,10,31.778343200683594,,,True
644,coarse,3,0.4,14,0,34.22454071044922,,,True
644,detail,1,1.0,65,25,35.6281852722168,1.4193100929260254,4,False
644,detail,1,0.9,66,32,32.52875518798828,1.6579902172088623,3,False
644,detail,1,0.8,69,41,29.203264236450195,2.063741683959961,3,False
644,detail,1,0.7,69,49,29.8293399810791,2.2196555137634277,2,False
644,detail,1,0.6,71,55,29.17390251159668,2.4460487365722656,2,True
644,detail,2,1.0,115,12,39.5125617980957,1.4373304843902588,4,False
644,detail,2,0.9,118,21,38.12665557861328,1.624363899230957,3,False
644,detail,2,0.8,118,27,37.5091438293457,1.7895240783691406,3,False
644,detail,2,0.7,125,36,36.50345230102539,1.2449240684509277,2,False
644,detail,2,0.6,127,44,35.809303283691406,1.0887391567230225,2,False
644,detail,3,1.0,25,0,38.48554611206055,1.5260498523712158,4,False
644,detail,3,0.9,26,9,37.74939727783203,1.497028112411499,3,False
644,detail,3,0.8,29,30,36.905426025390625,1.9089140892028809,3,False
644,detail,3,0.7,27,22,36.6114501953125,1.5471465587615967,2,False
644,detail,3,0.6,29,30,35.07345199584961,1.6964011192321777,2,False
645,coarse,1,0.4,34,20,27.679811477661133,,,True
645,coarse,2,0.3,64,10,31.75543785095215,,,True
645,coarse,3,0.4,14,0,34.33623504638672,,,True
645,detail,1,1.0,65,25,35.57778549194336,1.4228339195251465,4,False
645,detail,1,0.9,66,32,32.474491119384766,1.6606147289276123,3,False
645,detail,1,0.8,69,41,29.163908004760742,2.064785957336426,3,False
645,detail,1,0.7,69,49,29.792552947998047,2.2195558547973633,2,False
645,detail,1,0.6,71,55,29.152830123901367,2.4453072547912598,2,True
645,detail,2,1.0,115,12,39.474754333496094,1.4363043308258057,4,False
645,detail,2,0.9,118,21,38.08765411376953,1.6241483688354492,3,False
645,detail,2,0.8,118,27,37.47281265258789,1.789198398590088,3,False
645,detail,2,0.7,125,36,36.457027435302734,1.239171028137207,2,False
645,detail,2,0.6,127,44,35.76652526855469,1.0798261165618896,2,False
645,detail,3,1.0,25,0,38.5088005065918,1.55674409866333,4,False
645,detail,3,0.9,23,6,37.37990951538086,1.4638900756835938,3,False
645,detail,3,0.8,29,30,36.77934265136719,1.9712214469909668,3,False
645,detail,3,0.7,27,22,36.65217590332031,1.5707132816314697,2,False
645,detail,3,0.6,29,30,35.00510787963867,1.7164504528045654,2,False
646,coarse,1,0.4,34,20,27.741790771484375,,,True
646,coarse,2,0.3,64,10,31.765146255493164,,,True
646,coarse,3,0.4,14,0,34.3596076965332,,,True
646,detail,1,1.0,65,29,35.61383056640625,1.4206924438476562,4,False
646,detail,1,0.9,66,32,32.509273529052734,1.6729247570037842,3,False
646,detail,1,0.8,69,41,29.21125030517578,2.0707926750183105,3,True
646,detail,1,0.7,69,49,29.806804656982422,2.230203151702881,2,False
646,detail,1,0.6,71,55,29.23248291015625,2.4540905952453613,2,False
646,detail,2,1.0,115,12,39.456878662109375,1.4440405368804932,4,False
646,detail,2,0.9,118,21,38.03383255004883,1.6304192543029785,3,False
646,detail,2,0.8,118,27,37.47454071044922,1.7971458435058594,3,False
646,detail,2,0.7,125,36,36.39913558959961,1.255699634552002,2,False
646,detail,2,0.6,127,44,35.66320037841797,1.0989835262298584,2,False
646,detail,3,1.0,25,0,38.528961181640625,1.5599064826965332,4,False
646,detail,3,0.9,23,6,37.39225387573242,1.4725232124328613,3,False
646,detail,3,0.8,29,30,36.716976165771484,1.9791297912597656,3,False
646,detail,3,0.7,27,22,36.73512268066406,1.5765159130096436,2,False
646,detail,3,0.6,29,30,35.02653884887695,1.7233707904815674,2,False
647,coarse,1,0.4,34,20,27.501646041870117,,,True
647,coarse,2,0.3,64,10,31.6434326171875,,,True
647,coarse,3,0.4,14,0,34.231040954589844,,,True
647,detail,1,1.0,65,29,35.42588424682617,1.4628386497497559,4,False
647,detail,1,0.9,66,32,32.3149528503418,1.7060670852661133,3,False
647,detail,1,0.8,69,41,29.012752532958984,2.0912373065948486,3,True
647,detail,1,0.7,69,49,29.62696075439453,2.239790916442871,2,False
647,detail,1,0.6,71,55,29.08182144165039,2.470000743865967,2,False
647,detail,2,1.0,115,12,39.34795379638672,1.4484312534332275,4,False
647,detail,2,0.9,118,21,37.90037536621094,1.645097255706787,3,False
647,detail,2,0.8,118,27,37.32762908935547,1.8084111213684082,3,False
647,detail,2,0.7,125,36,36.33729553222656,1.2945168018341064,2,False
647,detail,2,0.6,127,44,35.58323287963867,1.1304140090942383,2,False
647,detail,3,1.0,25,0,38.25498580932617,1.561222791671753,4,False
647,detail,3,0.9,26,9,37.51612854003906,1.5504779815673828,3,False
647,detail,3,0.8,29,30,36.3542594909668,1.9799344539642334,3,False
647,detail,3,0.7,27,22,36.41998291015625,1.5594167709350586,2,False
647,detail,3,0.6,29,30,34.700355529785156,1.6934185028076172,2,False
648,coarse,1,0.4,34,20,27.495372772216797,,,True
648,coarse,2,0.3,64,10,31.52261734008789,,,True
648,coarse,3,0.4,14,0,33.981170654296875,,,True
648,detail,1,1.0,65,29,35.36518096923828,1.4759817123413086,4,False
648,detail,1,0.9,66,32,32.25164031982422,1.7164497375488281,3,False
648,detail,1,0.8,69,41,28.923185348510742,2.1071231365203857,3,True
648,detail,1,0.7,69,49,29.606645584106445,2.254481315612793,2,False
648,detail,1,0.6,71,55,29.051694869995117,2.4784297943115234,2,False
648,detail,2,1.0,119,12,37.956336975097656,1.4421839714050293,4,False
648,detail,2,0.9,118,21,37.76282501220703,1.7681374549865723,3,False
648,detail,2,0.8,124,27,35.75153350830078,1.3567664623260498,3,False
648,detail,2,0.7,127,36,34.53746795654297,1.3349227905273438,2,False
648,detail,2,0.6,127,42,33.76154708862305,1.2286992073059082,2,False
648,detail,3,1.0,25,0,38.00376892089844,1.5813853740692139,4,False
648,detail,3,0.9,26,9,37.22654724121094,1.5536012649536133,3,False
648,detail,3,0.8,29,30,36.1724967956543,1.9901819229125977,3,False
648,detail,3,0.7,27,22,36.058876037597656,1.5840950012207031,2,False
648,detail,3,0.6,29,30,34.38814163208008,1.7126805782318115,2,False
649,coarse,1,0.4,34,20,27.561176300048828,,,True
649,coarse,2,0.3,64,10,31.72484016418457,,,True
649,coarse,3,0.4,14,0,34.09415054321289,,,True
649,detail,1,1.0,65,29,35.322757720947266,1.4953076839447021,4,False
649,detail,1,0.9,66,32,32.336647033691406,1.689091682434082,3,False
649,detail,1,0.8,69,41,28.872222900390625,2.052349328994751,3,False
649,detail,1,0.7,71,49,29.537818908691406,2.3934831619262695,2,False
649,detail,1,0.6,71,55,28.763683319091797,2.4545154571533203,2,True
649,detail,2,0.9,118,21,37.63735580444336,1.3414132595062256,3,False
649,detail,2,0.8,118,27,37.26434326171875,1.4813556671142578,3,False
649,detail,2,0.7,119,36,37.6852912902832,1.5382442474365234,2,False
649,detail,2,0.6,121,42,39.16889953613281,1.128946304321289,2,False
649,detail,3,1.0,25,0,37.98854446411133,1.7691137790679932,4,False
649,detail,3,0.9,26,9,37.277732849121094,1.6771478652954102,3,False
649,detail,3,0.8,29,30,35.86428451538086,2.108189821243286,3,False
649,detail,3,0.7,27,22,36.21113586425781,1.6930289268493652,2,False
649,detail,3,0.6,29,30,34.39585494995117,1.788149356842041,2,False
650,coarse,1,0.4,34,20,27.561176300048828,,,True
650,coarse,2,0.3,64,10,31.72484016418457,,,True
650,coarse,3,0.4,14,0,34.09415054321289,,,True
650,detail,1,1.0,65,29,35.322757720947266,1.4953076839447021,4,False
650,detail,1,0.9,66,32,32.336647033691406,1.689091682434082,3,False
650,detail,1,0.8,69,41,28.872222900390625,2.052349328994751,3,False
650,detail,1,0.7,71,49,29.537818908691406,2.3934831619262695,2,False
650,detail,1,0.6,71,55,28.763683319091797,2.4545154571533203,2,True
650,detail,2,0.9,118,21,37.587467193603516,1.3429319858551025,3,False
650,detail,2,0.8,118,27,37.20661926269531,1.4830212593078613,3,False
650,detail,2,0.7,119,36,37.63575744628906,1.539952278137207,2,False
650,detail,2,0.6,121,42,39.16889953613281,1.128946304321289,2,False
650,detail,3,1.0,25,0,37.98854446411133,1.7691137790679932,4,False
650,detail,3,0.9,26,9,37.277732849121094,1.6771478652954102,3,False
650,detail,3,0.8,29,30,35.863956451416016,2.1083662509918213,3,False
650,detail,3,0.7,27,22,36.21113586425781,1.6930289268493652,2,False
650,detail,3,0.6,29,30,34.39585494995117,1.788149356842041,2,False
651,coarse,1,0.4,34,20,27.530696868896484,,,True
651,coarse,2,0.3,64,10,31.72484016418457,,,True
651,coarse,3,0.4,14,0,34.09151840209961,,,True
651,detail,1,1.0,65,29,35.2882080078125,1.4917418956756592,4,False
651,detail,1,0.9,66,32,32.28202438354492,1.6846060752868652,3,False
651,detail,1,0.8,69,41,28.810514450073242,2.0493252277374268,3,False
651,detail,1,0.7,71,49,29.46471405029297,2.3922996520996094,2,False
651,detail,1,0.6,71,55,28.75490951538086,2.454838752746582,2,True
651,detail,2,0.9,118,21,37.60951232910156,1.3439443111419678,3,False
651,detail,2,0.8,118,27,37.22850036621094,1.4842000007629395,3,False
651,detail,2,0.7,119,36,37.6468391418457,1.5416631698608398,2,False
651,detail,2,0.6,121,42,39.15341567993164,1.1299304962158203,2,False
651,detail,3,1.0,25,0,37.992340087890625,1.7688510417938232,4,False
651,detail,3,0.9,26,9,37.269161224365234,1.6769213676452637,3,False
651,detail,3,0.8,29,30,35.86319351196289,2.1080520153045654,3,False
651,detail,3,0.7,27,22,36.21866989135742,1.6928277015686035,2,False
651,detail,3,0.6,29,30,34.39737319946289,1.7878694534301758,2,False
652,coarse,1,0.4,34,20,27.512943267822266,,,True
652,coarse,2,0.3,64,10,31.72484016418457,,,True
652,coarse,3,0.4,14,0,34.09151840209961,,,True
652,detail,1,1.0,65,29,35.372474670410156,1.491499662399292,4,False
652,detail,1,0.9,66,32,32.37879943847656,1.6830801963806152,3,False
652,detail,1,0.8,69,41,28.676210403442383,2.044978380203247,3,False
652,detail,1,0.7,71,49,29.38326072692871,2.390437602996826,2,False
652,detail,1,0.6,71,55,28.648784637451172,2.447155475616455,2,True
652,detail,2,0.9,118,21,37.53376770019531,1.3417060375213623,3,False
652,detail,2,0.8,118,27,37.16523361206055,1.4812426567077637,3,False
652,detail,2,0.7,119,36,37.61252212524414,1.5387372970581055,2,False
652,detail,2,0.6,121,42,39.10200119018555,1.1278228759765625,2,False
652,detail,3,1.0,25,0,37.992591857910156,1.7664587497711182,4,False
652,detail,3,0.9,26,9,37.27397155761719,1.6749978065490723,3,False
652,detail,3,0.8,29,30,35.86567306518555,2.1089556217193604,3,False
652,detail,3,0.7,27,22,36.221099853515625,1.69303560256958,2,False
652,detail,3,0.6,29,30,34.40346908569336,1.7852287292480469,2,False
653,coarse,1,0.4,34,20,27.51909828186035,,,True
653,coarse,2,0.3,64,10,31.747648239135742,,,True
653,coarse,3,0.4,14,0,34.09196853637695,,,True
653,detail,1,1.0,65,29,35.42381286621094,1.4995715618133545,4,False
653,detail,1,0.9,66,32,32.410118103027344,1.690084457397461,3,False
653,detail,1,0.8,69,41,28.5870361328125,2.0570108890533447,3,True
653,detail,1,0.7,71,49,29.26447105407715,2.412031650543213,2,False
653,detail,1,0.6,71,55,28.680768966674805,2.4646267890930176,2,False
653,detail,2,0.9,118,21,37.52382278442383,1.3466103076934814,3,False
653,detail,2,0.8,118,27,37.12003707885742,1.4866132736206055,3,False
653,detail,2,0.7,119,36,37.570068359375,1.5453863143920898,2,False
653,detail,2,0.6,121,42,39.076637268066406,1.1256904602050781,2,False
653,detail,3,1.0,25,0,37.98674011230469,1.772460699081421,4,False
653,detail,3,0.9,26,9,37.243900299072266,1.6784839630126953,3,False
653,detail,3,0.8,29,30,35.81428909301758,2.1075236797332764,3,False
653,detail,3,0.7,27,22,36.20830154418945,1.690030574798584,2,False
653,detail,3,0.6,29,30,34.39982604980469,1.7803564071655273,2,False
654,coarse,1,0.4,34,20,27.51024055480957,,,True
654,coarse,2,0.3,64,10,31.73723030090332,,,True
654,coarse,3,0.4,14,0,34.0583381652832,,,True
654,detail,1,1.0,65,29,35.45918273925781,1.4957902431488037,4,False
654,detail,1,0.9,66,32,32.46706771850586,1.6847081184387207,3,False
654,detail,1,0.8,69,41,28.444805145263672,2.0419023036956787,3,True
654,detail,1,0.7,71,49,29.071279525756836,2.4039273262023926,2,False
654,detail,1,0.6,71,55,28.631710052490234,2.449674129486084,2,False
654,detail,2,0.9,118,21,37.487388610839844,1.3695580959320068,3,False
654,detail,2,0.8,118,27,37.02781677246094,1.513167381286621,3,False
654,detail,2,0.7,119,36,37.416500091552734,1.5770773887634277,2,False
654,detail,2,0.6,121,42,38.87229919433594,1.1699926853179932,2,False
654,detail,3,1.0,25,0,37.94860076904297,1.7851688861846924,4,False
654,detail,3,0.9,26,9,37.20490264892578,1.6915793418884277,3,False
654,detail,3,0.8,29,30,35.74576950073242,2.1105620861053467,3,False
654,detail,3,0.7,27,22,36.19642639160156,1.7008757591247559,2,False
654,detail,3,0.6,29,30,34.39104461669922,1.7873764038085938,2,False
655,coarse,1,0.4,34,20,27.574857711791992,,,True
655,coarse,2,0.3,64,10,31.73723030090332,,,True
655,coarse,3,0.4,14,0,33.99345016479492,,,True
655,detail,1,1.0,65,29,35.589149475097656,1.5077009201049805,4,False
655,detail,1,0.9,66,32,32.58183670043945,1.705737590789795,3,False
655,detail,1,0.8,69,41,28.441679000854492,2.0502331256866455,3,True
655,detail,1,0.7,71,49,29.067909240722656,2.4185006618499756,2,False
655,detail,1,0.6,71,55,28.90443229675293,2.4689271450042725,2,False
655,detail,2,0.9,118,21,37.402278900146484,1.3703501224517822,3,False
655,detail,2,0.8,118,27,36.966880798339844,1.516120433807373,3,False
655,detail,2,0.7,119,36,37.35710906982422,1.577219009399414,2,False
655,detail,2,0.6,121,42,38.783233642578125,1.1753690242767334,2,False
655,detail,3,1.0,25,0,37.902488708496094,1.7681758403778076,4,False
655,detail,3,0.9,29,21,37.14488220214844,1.9253175258636475,3,False
655,detail,3,0.8,29,30,35.604896545410156,2.0840139389038086,3,False
655,detail,3,0.7,31,38,36.12131118774414,2.4367587566375732,2,False
655,detail,3,0.6,29,30,34.39094924926758,1.7649884223937988,2,False
656,coarse,1,0.4,34,20,27.687984466552734,,,True
656,coarse,2,0.3,64,10,31.585098266601562,,,True
656,coarse,3,0.4,14,0,34.075035095214844,,,True
656,detail,1,1.0,65,29,35.682003021240234,1.5232481956481934,4,False
656,detail,1,0.9,66,32,32.71889114379883,1.722052812576294,3,False
656,detail,1,0.8,69,41,28.313220977783203,2.0686514377593994,3,True
656,detail,1,0.7,71,49,28.880165100097656,2.4503085613250732,2,False
656,detail,1,0.6,71,55,28.793148040771484,2.495086431503296,2,False
656,detail,2,0.9,118,21,37.29807662963867,1.406972885131836,3,False
656,detail,2,0.8,118,27,36.936668395996094,1.543060064315796,3,False
656,detail,2,0.7,119,36,37.35204315185547,1.605757236480713,2,False
656,detail,2,0.6,121,42,38.864532470703125,1.2186615467071533,2,False
656,detail,3,1.0,25,0,37.82162094116211,1.7475571632385254,4,False
656,detail,3,0.9,29,21,37.06077575683594,1.956418514251709,3,False
656,detail,3,0.8,29,30,35.6343994140625,2.105621099472046,3,False
656,detail,3,0.7,31,38,36.061683654785156,2.4422621726989746,2,False
656,detail,3,0.6,29,30,34.28140640258789,1.739300012588501,2,False
657,coarse,1,0.4,34,20,28.061079025268555,,,True
657,coarse,2,0.3,64,10,31.53033447265625,,,True
657,coarse,3,0.4,14,0,34.28533935546875,,,True
657,detail,1,1.0,65,29,35.9346809387207,1.4940483570098877,4,False
657,detail,1,0.9,66,32,33.02782440185547,1.688413143157959,3,False
657,detail,1,0.8,69,41,28.647348403930664,2.034806489944458,3,True
657,detail,1,0.7,71,49,29.156259536743164,2.396883964538574,2,False
657,detail,1,0.6,71,55,29.030574798583984,2.4421586990356445,2,False
657,detail,2,0.9,118,21,37.31760025024414,1.3386163711547852,3,False
657,detail,2,0.8,118,27,37.009517669677734,1.4627952575683594,3,False
657,detail,2,0.7,119,36,37.36720275878906,1.5239076614379883,2,False
657,detail,2,0.6,121,42,38.86875915527344,1.117495059967041,2,False
657,detail,3,1.0,25,0,37.97297286987305,1.8669779300689697,4,False
657,detail,3,0.9,26,9,37.27936935424805,1.7887554168701172,3,False
657,detail,3,0.8,29,30,35.925926208496094,2.064723014831543,3,False
657,detail,3,0.7,27,22,36.34482955932617,1.823035478591919,2,False
657,detail,3,0.6,29,30,34.66878890991211,1.9370648860931396,2,False
658,coarse,1,0.4,34,20,28.08246612548828,,,True
658,coarse,2,0.3,64,10,31.498371124267578,,,True
658,coarse,3,0.4,14,0,34.249427795410156,,,True
658,detail,1,1.0,65,29,35.9073371887207,1.4990742206573486,4,False
658,detail,1,0.9,66,32,32.9765510559082,1.69868803024292,3,False
658,detail,1,0.8,69,41,28.580591201782227,2.0396568775177,3,True
658,detail,1,0.7,71,49,29.114700317382812,2.399034023284912,2,False
658,detail,1,0.6,71,55,29.069080352783203,2.437168598175049,2,False
658,detail,2,0.9,118,21,37.24774169921875,1.408674955368042,3,False
658,detail,2,0.8,118,27,36.952239990234375,1.5435283184051514,3,False
658,detail,2,0.7,119,36,37.33249282836914,1.620222568511963,2,False
658,detail,2,0.6,121,42,38.89004135131836,1.2416472434997559,2,False
658,detail,3,1.0,25,0,37.96147155761719,1.859532117843628,4,False
658,detail,3,0.9,26,9,37.27256393432617,1.7800030708312988,3,False
658,detail,3,0.8,29,30,35.97346878051758,2.0656375885009766,3,False
658,detail,3,0.7,27,22,36.333404541015625,1.8425021171569824,2,False
658,detail,3,0.6,29,30,34.69571304321289,1.9544870853424072,2,False
659,coarse,1,0.3,36,26,28.140317916870117,,,True
659,coarse,2,0.3,64,10,31.498371124267578,,,True
659,coarse,3,0.4,14,0,34.29603958129883,,,True
659,detail,1,1.0,67,29,34.16072082519531,1.520747184753418,4,False
659,detail,1,0.9,68,32,31.6700439453125,1.646115779876709,3,False
659,detail,1,0.8,68,41,29.291719436645508,1.9275407791137695,3,False
659,detail,1,0.7,71,49,28.941957473754883,2.360109806060791,2,True
659,detail,1,0.6,71,55,29.04573631286621,2.3860905170440674,2,False
659,detail,2,0.9,118,21,37.34739303588867,1.4326913356781006,3,False
659,detail,2,0.8,118,27,37.072174072265625,1.565934419631958,3,False
659,detail,2,0.7,119,36,37.487205505371094,1.6470391750335693,2,False
659,detail,2,0.6,121,42,38.940677642822266,1.2893879413604736,2,False
659,detail,3,1.0,25,0,37.97263717651367,1.821664810180664,4,False
659,detail,3,0.9,26,9,37.261993408203125,1.7196540832519531,3,False
659,detail,3,0.8,29,30,35.887542724609375,2.084441661834717,3,False
659,detail,3,0.7,27,22,36.301429748535156,1.7889916896820068,2,False
659,detail,3,0.6,29,30,34.63573455810547,1.9043843746185303,2,False
660,coarse,1,0.3,36,28,28.03580665588379,,,True
660,coarse,2,0.3,64,10,31.50150489807129,,,True
660,coarse,3,0.4,14,0,34.296104431152344,,,True
660,detail,1,1.0,67,29,34.146018981933594,1.454364538192749,4,False
660,detail,1,0.9,68,32,31.65891456604004,1.5289225578308105,3,False
660,detail,1,0.8,68,41,29.27821159362793,1.806645154953003,3,False
660,detail,1,0.7,71,49,28.839218139648438,2.217891216278076,2,True
660,detail,1,0.6,71,55,28.891542434692383,2.192610740661621,2,False
660,detail,2,0.9,118,21,37.29053497314453,1.3675298690795898,3,False
660,detail,2,0.8,118,27,37.031917572021484,1.4925329685211182,3,False
660,detail,2,0.7,119,36,37.390045166015625,1.5753836631774902,2,False
660,detail,2,0.6,121,42,38.801292419433594,1.2499799728393555,2,False
660,detail,3,1.0,25,0,37.97798538208008,1.825216293334961,4,False
660,detail,3,0.9,26,9,37.26149368286133,1.7270638942718506,3,False
660,detail,3,0.8,29,30,35.881134033203125,2.0828676223754883,3,False
660,detail,3,0.7,31,38,36.220619201660156,2.36993145942688,2,False
660,detail,3,0.6,29,30,34.64699935913086,1.9106462001800537,2,False
661,coarse,1,0.3,36,28,27.465919494628906,,,True
661,coarse,2,0.3,64,10,31.433238983154297,,,True
661,coarse,3,0.5,34,0,36.214786529541016,,,True
661,detail,1,1.0,67,29,33.97801208496094,1.236337423324585,4,False
661,detail,1,0.9,68,32,31.43004608154297,1.3741872310638428,3,False
661,detail,1,0.8,68,41,29.41083526611328,1.5630147457122803,3,False
661,detail,1,0.7,71,49,28.463886260986328,2.0595967769622803,2,True
661,detail,1,0.6,71,55,28.566450119018555,1.8764233589172363,2,False
661,detail,2,0.8,118,30,38.70155334472656,1.2540686130523682,3,False
661,detail,2,0.7,119,36,37.665279388427734,1.3010172843933105,2,False
661,detail,2,0.6,127,50,38.229244232177734,1.097839117050171,2,False
661,detail,3,1.0,67,18,36.05384063720703,1.3845539093017578,4,False
661,detail,3,0.9,68,27,34.56287384033203,1.4164371490478516,3,False
661,detail,3,0.8,68,33,32.57247543334961,1.577533483505249,3,False
661,detail,3,0.7,71,44,30.140249252319336,2.33329701423645,2,False
661,detail,3,0.6,71,52,30.18243408203125,2.1862728595733643,2,False
662,coarse,1,0.3,36,28,27.465919494628906,,,True
662,coarse,2,0.3,64,10,31.433238983154297,,,True
662,coarse,3,0.5,34,0,36.214786529541016,,,True
662,detail,1,1.0,67,29,33.97801208496094,1.236337423324585,4,False
662,detail,1,0.9,68,32,31.43004608154297,1.3741872310638428,3,False
662,detail,1,0.8,68,41,29.41083526611328,1.5630147457122803,3,False
662,detail,1,0.7,71,49,28.463886260986328,2.0595967769622803,2,True
662,detail,1,0.6,71,55,28.566450119018555,1.8764233589172363,2,False
662,detail,2,0.8,118,30,38.70096969604492,1.2540814876556396,3,False
662,detail,2,0.7,119,36,37.665279388427734,1.3010172843933105,2,False
662,detail,2,0.6,127,50,38.22983169555664,1.0978171825408936,2,False
662,detail,3,1.0,67,18,36.05384063720703,1.3845539093017578,4,False
662,detail,3,0.9,68,27,34.56287384033203,1.4164371490478516,3,False
662,detail,3,0.8,68,33,32.57247543334961,1.577533483505249,3,False
662,detail,3,0.7,71,44,30.140249252319336,2.33329701423645,2,False
662,detail,3,0.6,71,52,30.18243408203125,2.1862728595733643,2,False
663,coarse,1,0.3,36,28,27.549232482910156,,,True
663,coarse,2,0.3,64,10,31.433238983154297,,,True
663,coarse,3,0.5,34,0,36.28525924682617,,,True
663,detail,1,1.0,67,29,34.04391098022461,1.195924997329712,4,False
663,detail,1,0.9,68,32,31.5106201171875,1.3219358921051025,3,False
663,detail,1,0.8,68,41,29.515792846679688,1.5077781677246094,3,False
663,detail,1,0.7,71,49,28.551136016845703,1.9896361827850342,2,True
663,detail,1,0.6,71,55,28.713685989379883,1.803434133529663,2,False
663,detail,2,0.8,118,30,38.70308303833008,1.2067246437072754,3,False
663,detail,2,0.7,119,36,37.65708923339844,1.2342016696929932,2,False
663,detail,2,0.6,121,42,39.0390625,1.1483137607574463,2,False
663,detail,3,1.0,67,18,36.12017822265625,1.3451979160308838,4,False
663,detail,3,0.9,68,27,34.63383483886719,1.3649547100067139,3,False
663,detail,3,0.8,68,33,32.667110443115234,1.5227267742156982,3,False
663,detail,3,0.7,71,44,30.23965835571289,2.2626214027404785,2,False
663,detail,3,0.6,71,52,30.301219940185547,2.1098198890686035,2,False
664,coarse,1,0.3,36,28,27.431673049926758,,,True
664,coarse,2,0.3,64,10,31.433238983154297,,,True
664,coarse,3,0.5,34,0,36.24330139160156,,,True
664,detail,1,1.0,67,29,33.983360290527344,1.1852741241455078,4,False
664,detail,1,0.9,68,32,31.443552017211914,1.331923246383667,3,False
664,detail,1,0.8,68,41,29.576122283935547,1.5145363807678223,3,False
664,detail,1,0.7,71,49,28.5062198638916,1.993661880493164,2,True
664,detail,1,0.6,71,55,28.757055282592773,1.8222150802612305,2,False
664,detail,2,0.8,118,30,38.66814041137695,1.2032127380371094,3,False
664,detail,2,0.7,119,36,37.616241455078125,1.2293927669525146,2,False
664,detail,2,0.6,121,42,38.985626220703125,1.1461222171783447,2,False
664,detail,3,1.0,67,18,36.079837799072266,1.337064504623413,4,False
664,detail,3,0.9,68,27,34.58732986450195,1.3746936321258545,3,False
664,detail,3,0.8,68,33,32.644466400146484,1.5298027992248535,3,False
664,detail,3,0.7,71,44,30.20320701599121,2.2665657997131348,2,False
664,detail,3,0.6,71,52,30.318082809448242,2.126230001449585,2,False
665,coarse,1,0.3,36,28,27.334903717041016,,,True
665,coarse,2,0.3,64,10,31.433238983154297,,,True
665,coarse,3,0.5,34,0,36.22587203979492,,,True
665,detail,1,1.0,67,29,33.90834426879883,1.1824440956115723,4,False
665,detail,1,0.9,68,32,31.37226676940918,1.32649827003479,3,False
665,detail,1,0.8,68,41,29.446138381958008,1.515984058380127,3,False
665,detail,1,0.7,71,49,28.377059936523438,1.9935979843139648,2,True
665,detail,1,0.6,71,55,28.709716796875,1.825242042541504,2,False
665,detail,2,0.8,118,30,38.585079193115234,1.20576810836792,3,False
665,detail,2,0.7,119,36,37.57251739501953,1.2328941822052002,2,False
665,detail,2,0.6,121,42,38.95176315307617,1.146345853805542,2,False
665,detail,3,1.0,67,18,36.053863525390625,1.3330724239349365,4,False
665,detail,3,0.9,68,27,34.54068374633789,1.3690731525421143,3,False
665,detail,3,0.8,68,33,32.58357238769531,1.53114652633667,3,False
665,detail,3,0.7,71,44,30.091588973999023,2.2678661346435547,2,False
665,detail,3,0.6,71,52,30.186298370361328,2.1309988498687744,2,False
666,coarse,1,0.3,36,28,27.228981018066406,,,True
666,coarse,2,0.3,64,10,31.450342178344727,,,True
666,coarse,3,0.5,34,0,36.181922912597656,,,True
666,detail,1,1.0,67,29,33.893131256103516,1.2382328510284424,4,False
666,detail,1,0.9,68,35,31.37364959716797,1.4574556350708008,3,False
666,detail,1,0.8,68,41,29.55559539794922,1.5659339427947998,3,False
666,detail,1,0.7,71,49,28.34133529663086,2.0572147369384766,2,True
666,detail,1,0.6,71,55,28.708538055419922,1.8191063404083252,2,False
666,detail,2,0.8,118,30,38.349342346191406,1.208773136138916,3,False
666,detail,2,0.7,119,36,37.27644348144531,1.2358815670013428,2,False
666,detail,2,0.6,121,42,38.71080780029297,1.1517307758331299,2,False
666,detail,3,1.0,67,18,36.017112731933594,1.3190081119537354,4,False
666,detail,3,0.9,68,27,34.510826110839844,1.4374628067016602,3,False
666,detail,3,0.8,68,33,32.567405700683594,1.5822715759277344,3,False
666,detail,3,0.7,71,44,30.080089569091797,2.3300161361694336,2,False
666,detail,3,0.6,71,52,30.18079376220703,2.123969793319702,2,False
667,coarse,1,0.3,36,28,27.137441635131836,,,True
667,coarse,2,0.3,64,10,31.298137664794922,,,True
667,coarse,3,0.4,14,0,34.09518814086914,,,True
667,detail,1,1.0,67,29,33.83376693725586,1.23628830909729,4,False
667,detail,1,0.9,68,32,31.267187118530273,1.3909690380096436,3,False
667,detail,1,0.8,68,41,29.660242080688477,1.5562331676483154,3,False
667,detail,1,0.7,71,49,28.231260299682617,2.0526647567749023,2,True
667,detail,1,0.6,71,55,28.673004150390625,1.8081433773040771,2,False
667,detail,2,0.8,118,30,38.149967193603516,1.2034382820129395,3,False
667,detail,2,0.7,119,36,37.08980178833008,1.2315161228179932,2,False
667,detail,2,0.6,121,42,38.517696380615234,1.1554157733917236,2,False
667,detail,3,1.0,25,0,37.70909118652344,1.522594690322876,4,False
667,detail,3,0.9,26,9,36.78371810913086,1.6654438972473145,3,False
667,detail,3,0.8,29,30,35.653446197509766,2.0201432704925537,3,False
667,detail,3,0.7,31,38,35.6319694519043,2.3331217765808105,2,False
667,detail,3,0.6,29,30,34.226863861083984,1.567012071609497,2,False
668,coarse,1,0.3,36,28,26.972782135009766,,,True
668,coarse,2,0.3,64,10,31.11443328857422,,,True
668,coarse,3,0.4,14,0,33.953006744384766,,,True
668,detail,1,1.0,67,29,33.677730560302734,1.2224020957946777,4,False
668,detail,1,0.9,68,35,31.11757469177246,1.4414563179016113,3,False
668,detail,1,0.8,68,41,29.57783317565918,1.5382468700408936,3,False
668,detail,1,0.7,71,49,28.125272750854492,2.03117036819458,2,True
668,detail,1,0.6,71,55,28.598880767822266,1.7851951122283936,2,False
668,detail,2,0.8,118,30,38.04579544067383,1.1969695091247559,3,False
668,detail,2,0.7,119,36,36.92416763305664,1.2253587245941162,2,False
668,detail,2,0.6,121,42,38.477298736572266,1.1387269496917725,2,False
668,detail,3,1.0,25,0,37.52714157104492,1.5247783660888672,4,False
668,detail,3,0.9,26,9,36.612632751464844,1.6663570404052734,3,False
668,detail,3,0.8,29,30,35.590362548828125,2.0157713890075684,3,False
668,detail,3,0.7,31,38,35.569580078125,2.3279850482940674,2,False
668,detail,3,0.6,29,30,34.20578384399414,1.5615441799163818,2,False
669,coarse,1,0.3,36,28,26.869094848632812,,,True
669,coarse,2,0.3,64,10,31.05780792236328,,,True
669,coarse,3,0.5,34,0,35.72010040283203,,,True
669,detail,1,1.0,67,29,33.601295471191406,1.2312049865722656,4,False
669,detail,1,0.9,68,35,31.046924591064453,1.4524216651916504,3,False
669,detail,1,0.8,68,41,29.57215118408203,1.551661729812622,3,False
669,detail,1,0.7,71,49,28.09575653076172,2.0391077995300293,2,True
669,detail,1,0.6,71,55,28.66293716430664,1.7944447994232178,2,False
669,detail,2,0.8,118,30,38.13187789916992,1.1954784393310547,3,False
669,detail,2,0.7,119,36,37.05282211303711,1.2243568897247314,2,False
669,detail,2,0.6,121,42,38.46982955932617,1.1412203311920166,2,False
669,detail,3,1.0,67,18,35.63751983642578,1.3417766094207764,4,False
669,detail,3,0.9,68,27,34.208106994628906,1.4248144626617432,3,False
669,detail,3,0.8,68,33,32.30815887451172,1.5682487487792969,3,False
669,detail,3,0.7,71,44,29.86442756652832,2.301797389984131,2,False
669,detail,3,0.6,71,52,30.01777458190918,2.0933077335357666,2,False
670,coarse,1,0.3,36,28,26.957263946533203,,,True
670,coarse,2,0.3,64,10,31.085411071777344,,,True
670,coarse,3,0.5,34,0,35.60294723510742,,,True
670,detail,1,1.0,67,29,33.460899353027344,1.2345077991485596,4,False
670,detail,1,0.9,68,32,30.885669708251953,1.3942761421203613,3,False
670,detail,1,0.8,68,41,29.560253143310547,1.5472321510314941,3,False
670,detail,1,0.7,71,49,28.09868812561035,2.031733274459839,2,True
670,detail,1,0.6,71,55,28.69944953918457,1.7690479755401611,2,False
670,detail,2,0.8,118,30,38.105403900146484,1.1934914588928223,3,False
670,detail,2,0.7,119,36,37.033355712890625,1.222505807876587,2,False
670,detail,2,0.6,121,42,38.43572998046875,1.1387336254119873,2,False
670,detail,3,1.0,67,18,35.56058883666992,1.345611572265625,4,False
670,detail,3,0.9,68,27,34.07137680053711,1.427154302597046,3,False
670,detail,3,0.8,68,33,32.311851501464844,1.5672051906585693,3,False
670,detail,3,0.7,71,44,29.849084854125977,2.2952334880828857,2,False
670,detail,3,0.6,71,52,30.056865692138672,2.0679385662078857,2,False
671,coarse,1,0.3,36,28,26.908193588256836,,,True
671,coarse,2,0.3,64,10,31.153257369995117,,,True
671,coarse,3,0.5,34,0,35.701507568359375,,,True
671,detail,1,1.0,67,29,33.60306930541992,1.230327844619751,4,False
671,detail,1,0.9,68,35,31.01860809326172,1.4383792877197266,3,False
671,detail,1,0.8,68,41,29.850360870361328,1.5307483673095703,3,False
671,detail,1,0.7,71,49,28.041406631469727,2.017979145050049,2,True
671,detail,1,0.6,71,55,28.806962966918945,1.7087271213531494,2,False
671,detail,2,0.8,118,33,40.32683181762695,1.1901443004608154,3,False
671,detail,2,0.7,119,36,37.08001708984375,1.1326756477355957,2,False
671,detail,2,0.6,121,42,38.405311584472656,1.0590808391571045,2,False
671,detail,3,1.0,67,18,35.69164276123047,1.3481602668762207,4,False
671,detail,3,0.9,68,27,34.157222747802734,1.39597749710083,3,False
671,detail,3,0.8,68,33,32.47296142578125,1.5298750400543213,3,False
671,detail,3,0.7,71,44,29.820837020874023,2.254589080810547,2,False
671,detail,3,0.6,71,52,30.086103439331055,1.995110273361206,2,False
672,coarse,1,0.3,36,28,26.890058517456055,,,True
672,coarse,2,0.3,64,10,31.119064331054688,,,True
672,coarse,3,0.5,34,0,35.81961441040039,,,True
672,detail,1,1.0,67,29,33.786590576171875,1.2480146884918213,4,False
672,detail,1,0.9,68,32,31.122756958007812,1.3749256134033203,3,False
672,detail,1,0.8,68,41,29.996719360351562,1.5363316535949707,3,False
672,detail,1,0.7,71,49,28.041257858276367,2.019882917404175,2,True
672,detail,1,0.6,71,55,28.85104751586914,1.7255494594573975,2,False
672,detail,2,0.8,118,33,40.562232971191406,1.1773321628570557,3,False
672,detail,2,0.7,119,36,37.35888671875,1.1204414367675781,2,False
672,detail,2,0.6,121,42,38.577911376953125,1.044687032699585,2,False
672,detail,3,1.0,67,18,35.77299880981445,1.307312250137329,4,False
672,detail,3,0.9,68,27,34.232566833496094,1.3948209285736084,3,False
672,detail,3,0.8,68,33,32.5426139831543,1.526989459991455,3,False
672,detail,3,0.7,71,44,29.84173011779785,2.2553722858428955,2,False
672,detail,3,0.6,71,52,30.039133071899414,2.008455276489258,2,False
673,coarse,1,0.3,36,28,26.717796325683594,,,True
673,coarse,2,0.3,64,10,31.853191375732422,,,True
673,coarse,3,0.5,34,0,36.17192459106445,,,True
673,detail,1,1.0,67,29,33.85389709472656,1.11928391456604,4,False
673,detail,1,0.9,68,32,31.262157440185547,1.1691582202911377,3,False
673,detail,1,0.8,68,41,30.434181213378906,1.3622570037841797,3,False
673,detail,1,0.7,71,49,28.17508888244629,1.864699363708496,2,True
673,detail,1,0.6,71,55,28.768192291259766,1.8409218788146973,2,False
673,detail,2,0.7,115,36,41.93549346923828,1.0069732666015625,2,False
673,detail,2,0.6,119,42,39.907318115234375,1.0528559684753418,2,False
673,detail,3,1.0,63,16,37.92139434814453,1.2023532390594482,4,False
673,detail,3,0.9,68,27,34.37075424194336,1.1853668689727783,3,False
673,detail,3,0.8,68,33,32.80778884887695,1.3554115295410156,3,False
673,detail,3,0.7,71,44,29.795242309570312,2.0652363300323486,2,False
673,detail,3,0.6,71,52,29.73977279663086,2.091747760772705,2,False
674,coarse,1,0.3,36,28,26.944318771362305,,,True
674,coarse,2,0.3,64,10,31.934268951416016,,,True
674,coarse,3,0.5,34,0,36.62451171875,,,True
674,detail,1,1.0,67,29,34.2208251953125,1.114781141281128,4,False
674,detail,1,0.9,68,32,31.633777618408203,1.1677963733673096,3,False
674,detail,1,0.8,68,41,30.689964294433594,1.3619980812072754,3,False
674,detail,1,0.7,71,49,28.382186889648438,1.8602309226989746,2,True
674,detail,1,0.6,71,55,28.978015899658203,1.8376474380493164,2,False
674,detail,2,0.7,115,36,42.1916389465332,0.9993705749511719,2,False
674,detail,2,0.6,119,42,40.02804946899414,1.046696662902832,2,False
674,detail,3,1.0,63,16,38.3213996887207,1.1944565773010254,4,False
674,detail,3,0.9,68,27,34.7351188659668,1.1811611652374268,3,False
674,detail,3,0.8,68,33,33.22578048706055,1.3498191833496094,3,False
674,detail,3,0.7,71,44,30.032739639282227,2.0561230182647705,2,False
674,detail,3,0.6,71,52,29.986923217773438,2.083404541015625,2,False
675,coarse,1,0.3,36,28,26.92180824279785,,,True
675,coarse,2,0.3,64,10,32.17134094238281,,,True
675,coarse,3,0.5,34,0,36.914085388183594,,,True
675,detail,1,1.0,67,29,34.408687591552734,1.1528503894805908,4,False
675,detail,1,0.9,68,35,31.86663246154785,1.2012355327606201,3,False
675,detail,1,0.8,68,41,30.898218154907227,1.3659534454345703,3,False
675,detail,1,0.7,71,49,28.45073890686035,1.8862996101379395,2,True
675,detail,1,0.6,71,55,29.014081954956055,1.8690507411956787,2,False
675,detail,2,0.7,117,36,42.001556396484375,0.9791502952575684,2,False
675,detail,2,0.6,119,42,40.445072174072266,1.0608494281768799,2,False
675,detail,3,1.0,63,16,38.496734619140625,1.1904966831207275,4,False
675,detail,3,0.9,68,27,34.946285247802734,1.2131993770599365,3,False
675,detail,3,0.8,68,33,33.42964172363281,1.3445637226104736,3,False
675,detail,3,0.7,71,44,30.14584732055664,2.0765888690948486,2,False
675,detail,3,0.6,71,52,30.03680992126465,2.1186389923095703,2,False
676,coarse,1,0.3,36,28,27.434968948364258,,,True
676,coarse,2,0.3,64,10,32.64949417114258,,,True
676,coarse,3,0.5,34,0,37.44512176513672,,,True
676,detail,1,1.0,67,29,34.88984680175781,1.1314990520477295,4,False
676,detail,1,0.9,68,32,32.2293586730957,1.1390316486358643,3,False
676,detail,1,0.8,68,41,31.346384048461914,1.3340249061584473,3,False
676,detail,1,0.7,71,49,28.863943099975586,1.8562378883361816,2,True
676,detail,1,0.6,71,55,29.442276000976562,1.8331224918365479,2,False
676,detail,2,0.7,117,36,42.52838897705078,0.9601154327392578,2,False
676,detail,2,0.6,119,42,40.89228439331055,1.0383985042572021,2,False
676,detail,3,1.0,63,16,39.04441833496094,1.1608431339263916,4,False
676,detail,3,0.9,68,27,35.36601257324219,1.1871302127838135,3,False
676,detail,3,0.8,68,33,33.90327072143555,1.3131968975067139,3,False
676,detail,3,0.7,71,44,30.50116729736328,2.04732346534729,2,False
676,detail,3,0.6,71,52,30.452011108398438,2.0809407234191895,2,False
677,coarse,1,0.3,36,28,27.459001541137695,,,True
677,coarse,2,0.3,64,10,33.04247283935547,,,True
677,coarse,3,0.5,34,0,37.702152252197266,,,True
677,detail,1,1.0,67,29,35.05652618408203,1.1579275131225586,4,False
677,detail,1,0.9,68,32,32.430084228515625,1.133005142211914,3,False
677,detail,1,0.8,68,41,31.410446166992188,1.3023061752319336,3,False
677,detail,1,0.7,71,49,28.88011932373047,1.817450761795044,2,True
677,detail,1,0.6,71,55,29.47218894958496,1.7679181098937988,2,False
677,detail,2,0.7,119,36,39.47691345214844,1.0053117275238037,2,False
677,detail,2,0.6,121,42,40.4061164855957,1.0726864337921143,2,False
677,detail,3,1.0,63,16,39.27122497558594,1.188227653503418,4,False
677,detail,3,0.9,68,27,35.58595275878906,1.21522855758667,3,False
677,detail,3,0.8,68,33,34.09801483154297,1.280954360961914,3,False
677,detail,3,0.7,71,44,30.638347625732422,2.0069315433502197,2,False
677,detail,3,0.6,71,52,30.577993392944336,2.010664701461792,2,False
678,coarse,1,0.3,36,28,27.63263511657715,,,True
678,coarse,2,0.4,64,10,35.693603515625,,,True
678,coarse,3,0.5,34,0,37.89498519897461,,,True
678,detail,1,1.0,67,29,35.2147216796875,1.1716675758361816,4,False
678,detail,1,0.9,68,32,32.5522346496582,1.0952773094177246,3,False
678,detail,1,0.8,68,41,31.42385482788086,1.2860534191131592,3,False
678,detail,1,0.7,71,49,29.006912231445312,1.784376859664917,2,True
678,detail,1,0.6,71,55,29.496992111206055,1.7467601299285889,2,False
678,detail,2,0.7,119,37,40.644134521484375,1.0398476123809814,2,False
678,detail,2,0.6,121,43,41.015750885009766,1.1813421249389648,2,False
678,detail,3,1.0,63,16,39.38509750366211,1.1569666862487793,4,False
678,detail,3,0.9,68,27,35.73602294921875,1.1650044918060303,3,False
678,detail,3,0.8,68,33,34.17656326293945,1.2523667812347412,3,False
678,detail,3,0.7,71,44,30.83245849609375,1.96510648727417,2,False
678,detail,3,0.6,71,52,30.608963012695312,1.9760303497314453,2,False
679,coarse,1,0.3,36,28,27.742509841918945,,,True
679,coarse,2,0.3,64,10,33.103790283203125,,,True
679,coarse,3,0.5,34,0,37.63753890991211,,,True
679,detail,1,1.0,67,29,35.19364547729492,1.1860601902008057,4,False
679,detail,1,0.9,68,32,32.49823760986328,1.1212468147277832,3,False
679,detail,1,0.8,68,41,31.245115280151367,1.2690773010253906,3,False
679,detail,1,0.7,71,49,29.0648136138916,1.7384958267211914,2,True
679,detail,1,0.6,71,55,29.435836791992188,1.6608190536499023,2,False
679,detail,2,0.7,119,36,39.77361297607422,1.1008596420288086,2,False
679,detail,2,0.6,121,42,40.72514343261719,1.1519966125488281,2,False
679,detail,3,1.0,63,16,39.20915603637695,1.1719937324523926,4,False
679,detail,3,0.9,68,27,35.65179443359375,1.2071750164031982,3,False
679,detail,3,0.8,68,33,34.01866912841797,1.25636625289917,3,False
679,detail,3,0.7,71,44,30.962249755859375,1.930750846862793,2,False
679,detail,3,0.6,71,52,30.720434188842773,1.8891394138336182,2,False
680,coarse,1,0.3,36,28,27.937761306762695,,,True
680,coarse,2,0.3,64,10,33.117393493652344,,,True
680,coarse,3,0.5,34,0,37.739070892333984,,,True
680,detail,1,1.0,67,29,35.313507080078125,1.2706091403961182,4,False
680,detail,1,0.9,68,32,32.60133743286133,1.21315336227417,3,False
680,detail,1,0.8,68,41,31.261457443237305,1.4059765338897705,3,False
680,detail,1,0.7,71,49,29.31022071838379,1.8981907367706299,2,True
680,detail,1,0.6,71,55,29.649005889892578,1.7782785892486572,2,False
680,detail,2,0.7,119,36,39.7017707824707,1.0154120922088623,2,False
680,detail,2,0.6,121,42,40.78534698486328,1.0593955516815186,2,False
680,detail,3,1.0,67,18,37.328121185302734,1.4062292575836182,4,False
680,detail,3,0.9,68,27,35.73667526245117,1.3155784606933594,3,False
680,detail,3,0.8,68,33,34.089683532714844,1.368314266204834,3,False
680,detail,3,0.7,71,44,31.17363739013672,2.0854578018188477,2,False
680,detail,3,0.6,71,52,30.908309936523438,2.0109691619873047,2,False
681,coarse,1,0.3,36,28,28.018728256225586,,,True
681,coarse,2,0.3,64,10,32.850555419921875,,,True
681,coarse,3,0.5,34,0,37.759071350097656,,,True
681,detail,1,1.0,67,29,35.256805419921875,1.2796111106872559,4,False
681,detail,1,0.9,68,32,32.60279846191406,1.224015474319458,3,False
681,detail,1,0.8,68,41,31.00789451599121,1.4092741012573242,3,False
681,detail,1,0.7,71,49,29.373254776000977,1.9064104557037354,2,True
681,detail,1,0.6,71,55,29.540380477905273,1.786797285079956,2,False
681,detail,2,0.7,119,36,39.48893356323242,1.0016939640045166,2,False
681,detail,2,0.6,121,42,40.51092529296875,1.042419195175171,2,False
681,detail,3,1.0,67,18,37.273075103759766,1.4136676788330078,4,False
681,detail,3,0.9,68,27,35.71652603149414,1.3223061561584473,3,False
681,detail,3,0.8,68,33,34.026283264160156,1.3656997680664062,3,False
681,detail,3,0.7,71,44,31.172069549560547,2.087472677230835,2,False
681,detail,3,0.6,71,52,30.808563232421875,2.017260789871216,2,False
682,coarse,1,0.3,36,28,28.411128997802734,,,True
682,coarse,2,0.3,64,10,32.77444839477539,,,True
682,coarse,3,0.5,34,0,37.695526123046875,,,True
682,detail,1,1.0,67,29,35.33440399169922,1.2119295597076416,4,False
682,detail,1,0.9,68,32,32.66936111450195,1.2639615535736084,3,False
682,detail,1,0.8,68,41,30.942638397216797,1.4891326427459717,3,False
682,detail,1,0.7,71,49,29.519147872924805,1.8934566974639893,2,True
682,detail,1,0.6,71,55,29.691530227661133,1.7972450256347656,2,False
682,detail,2,0.8,115,33,46.440338134765625,1.0604400634765625,3,False
682,detail,2,0.7,119,36,39.19574737548828,1.0795133113861084,2,False
682,detail,2,0.6,121,42,40.364036560058594,1.1097171306610107,2,False
682,detail,3,1.0,67,18,37.323829650878906,1.3425383567810059,4,False
682,detail,3,0.9,68,27,35.812198638916016,1.2690565586090088,3,False
682,detail,3,0.8,68,33,34.064483642578125,1.461881160736084,3,False
682,detail,3,0.7,71,44,31.17071533203125,2.0937774181365967,2,False
682,detail,3,0.6,71,52,31.00459098815918,2.051957845687866,2,False
683,coarse,1,0.3,36,26,28.561967849731445,,,True
683,coarse,2,0.3,64,10,32.97870635986328,,,True
683,detail,1,1.0,67,29,35.36017990112305,1.2115907669067383,4,False
683,detail,1,0.9,68,32,32.66014862060547,1.2639086246490479,3,False
683,detail,1,0.8,68,41,30.768701553344727,1.495727300643921,3,False
683,detail,1,0.7,71,49,29.56370735168457,1.891383409500122,2,True
683,detail,1,0.6,71,55,29.603748321533203,1.7965569496154785,2,False
683,detail,2,0.8,118,33,42.64241409301758,1.1189675331115723,3,False
683,detail,2,0.7,119,36,39.4640998840332,1.1251955032348633,2,False
683,detail,2,0.6,121,42,40.74220275878906,1.0844857692718506,2,False
684,coarse,1,0.3,36,28,28.495685577392578,,,True
684,coarse,2,0.3,64,10,32.89677429199219,,,True
684,detail,1,1.0,67,29,35.29270553588867,1.3862712383270264,4,False
684,detail,1,0.9,68,32,32.63438034057617,1.4633665084838867,3,False
684,detail,1,0.8,68,41,30.502437591552734,1.6965606212615967,3,False
684,detail,1,0.7,71,49,29.48221206665039,2.1449811458587646,2,True
684,detail,1,0.6,71,55,29.50750160217285,2.1273694038391113,2,False
684,detail,2,0.8,118,27,38.749473571777344,1.1972792148590088,3,False
684,detail,2,0.7,119,36,39.15688705444336,1.347135305404663,2,False
684,detail,2,0.6,121,42,40.53860092163086,1.264293909072876,2,False
685,coarse,1,0.3,36,26,28.301097869873047,,,True
685,coarse,2,0.3,64,10,32.06625747680664,,,True
685,coarse,3,0.4,14,0,35.022315979003906,,,True
685,detail,1,1.0,67,29,34.888755798339844,1.6368401050567627,4,False
685,detail,1,0.9,68,32,32.1900634765625,1.809577465057373,3,False
685,detail,1,0.8,68,41,29.778900146484375,2.054469347000122,3,False
685,detail,1,0.7,71,49,29.319726943969727,2.480252981185913,2,False
685,detail,1,0.6,71,55,28.978839874267578,2.2663211822509766,2,True
685,detail,2,0.9,115,21,40.94330978393555,1.3116252422332764,3,False
685,detail,2,0.8,118,27,37.945858001708984,1.3053927421569824,3,False
685,detail,2,0.7,119,36,38.335227966308594,1.4164581298828125,2,False
685,detail,2,0.6,125,44,39.266353607177734,1.1508698463439941,2,False
685,detail,3,1.0,25,0,38.97277069091797,1.8128297328948975,4,False
685,detail,3,0.9,29,21,38.030094146728516,1.739736795425415,3,False
685,detail,3,0.8,29,30,36.87922286987305,1.8705971240997314,3,False
685,detail,3,0.7,31,38,37.14509582519531,2.176298141479492,2,False
685,detail,3,0.6,29,30,35.65430450439453,1.9346239566802979,2,False
686,coarse,1,0.3,36,26,28.23799705505371,,,True
686,coarse,2,0.3,64,10,32.06625747680664,,,True
686,coarse,3,0.4,14,0,34.923709869384766,,,True
686,detail,1,1.0,67,29,34.751976013183594,1.6458051204681396,4,False
686,detail,1,0.9,68,32,32.046424865722656,1.8197240829467773,3,False
686,detail,1,0.8,68,41,29.579008102416992,2.063523054122925,3,False
686,detail,1,0.7,71,49,29.22447395324707,2.4893958568573,2,False
686,detail,1,0.6,71,55,28.785781860351562,2.2811131477355957,2,True
686,detail,2,0.9,115,21,40.73356246948242,1.3171536922454834,3,False
686,detail,2,0.8,118,27,37.90693283081055,1.3136405944824219,3,False
686,detail,2,0.7,119,36,38.30610275268555,1.4221320152282715,2,False
686,detail,2,0.6,125,44,39.19443130493164,1.1657938957214355,2,False
686,detail,3,1.0,25,0,38.88050079345703,1.830418348312378,4,False
686,detail,3,0.9,23,6,37.922523498535156,1.7541096210479736,3,False
686,detail,3,0.8,29,30,36.773685455322266,1.886371374130249,3,False
686,detail,3,0.7,27,22,37.010982513427734,1.901184320449829,2,False
686,detail,3,0.6,29,30,35.50986099243164,1.9607312679290771,2,False
687,coarse,1,0.4,34,20,27.703100204467773,,,True
687,coarse,2,0.3,64,10,31.57342529296875,,,True
687,coarse,3,0.4,14,0,34.26193618774414,,,True
687,detail,1,1.0,65,29,35.540504455566406,1.6268792152404785,4,False
687,detail,1,0.9,66,32,32.609004974365234,1.8291728496551514,3,False
687,detail,1,0.8,69,41,28.460796356201172,2.1919164657592773,3,False
687,detail,1,0.7,71,49,29.006797790527344,2.4989631175994873,2,False
687,detail,1,0.6,71,55,28.422401428222656,2.3098134994506836,2,True
687,detail,2,0.9,115,21,39.8618049621582,1.3422143459320068,3,False
687,detail,2,0.8,118,27,37.04966354370117,1.3410511016845703,3,False
687,detail,2,0.7,119,36,37.4434700012207,1.4518623352050781,2,False
687,detail,2,0.6,125,44,38.21949005126953,1.1829218864440918,2,False
687,detail,3,1.0,25,0,38.19369125366211,1.8537261486053467,4,False
687,detail,3,0.9,23,6,37.072792053222656,1.776794195175171,3,False
687,detail,3,0.8,29,30,36.1129150390625,1.901036024093628,3,False
687,detail,3,0.7,27,22,36.1573600769043,1.9317882061004639,2,False
687,detail,3,0.6,29,30,34.67307662963867,1.9966447353363037,2,False
688,coarse,1,0.4,34,20,27.26280975341797,,,True
688,coarse,2,0.3,64,10,31.036893844604492,,,True
688,coarse,3,0.4,14,0,33.853031158447266,,,True
688,detail,1,1.0,65,29,35.01643753051758,1.6246953010559082,4,False
688,detail,1,0.9,66,32,32.078765869140625,1.8250339031219482,3,False
688,detail,1,0.8,69,41,28.290769577026367,2.2031009197235107,3,False
688,detail,1,0.7,69,49,28.9372501373291,2.136042833328247,2,False
688,detail,1,0.6,71,55,28.19585609436035,2.333494186401367,2,True
688,detail,2,0.9,115,21,39.23219299316406,1.3468739986419678,3,False
688,detail,2,0.8,118,27,36.48871612548828,1.3516454696655273,3,False
688,detail,2,0.7,119,36,36.772701263427734,1.4602031707763672,2,False
688,detail,2,0.6,125,44,37.38396072387695,1.1896157264709473,2,False
688,detail,3,1.0,25,0,37.788700103759766,1.8488953113555908,4,False
688,detail,3,0.9,23,6,36.69650650024414,1.797487735748291,3,False
688,detail,3,0.8,29,30,35.81319808959961,1.8918309211730957,3,False
688,detail,3,0.7,27,22,35.871524810791016,1.9530880451202393,2,False
688,detail,3,0.6,29,30,34.375099182128906,2.02545428276062,2,False
689,coarse,1,0.4,34,20,26.904197692871094,,,True
689,coarse,2,0.3,64,10,31.175317764282227,,,True
689,coarse,3,0.4,14,0,33.45524597167969,,,True
689,detail,1,1.0,65,29,34.46099853515625,1.5843007564544678,4,False
689,detail,1,0.9,66,32,31.48998260498047,1.811452865600586,3,False
689,detail,1,0.8,69,41,28.147279739379883,2.2126595973968506,3,False
689,detail,1,0.7,69,49,28.504276275634766,2.2163608074188232,2,False
689,detail,1,0.6,71,55,27.928298950195312,2.394169330596924,2,True
689,detail,2,0.9,115,21,39.09839630126953,1.349217176437378,3,False
689,detail,2,0.8,118,27,36.681644439697266,1.3636136054992676,3,False
689,detail,2,0.7,119,36,37.07594299316406,1.4773273468017578,2,False
689,detail,2,0.6,125,44,37.472110748291016,1.1489369869232178,2,False
689,detail,3,1.0,25,0,37.583740234375,1.8317489624023438,4,False
689,detail,3,0.9,23,6,36.37479019165039,1.765282154083252,3,False
689,detail,3,0.8,29,30,35.660335540771484,1.9455134868621826,3,False
689,detail,3,0.7,27,22,35.70354461669922,1.933236837387085,2,False
689,detail,3,0.6,29,30,34.096946716308594,2.050795316696167,2,False
690,coarse,1,0.4,34,20,26.697853088378906,,,True
690,coarse,2,0.3,64,10,30.954750061035156,,,True
690,coarse,3,0.4,14,0,33.23936080932617,,,True
690,detail,1,1.0,65,29,34.3013916015625,1.5833280086517334,4,False
690,detail,1,0.9,66,32,31.31155776977539,1.8202872276306152,3,False
690,detail,1,0.8,69,41,28.079063415527344,2.274627923965454,3,False
690,detail,1,0.7,69,49,28.23107147216797,2.32033109664917,2,False
690,detail,1,0.6,71,55,27.87806510925293,2.5222244262695312,2,True
690,detail,2,0.9,115,21,38.69928741455078,1.3969738483428955,3,False
690,detail,2,0.8,118,27,36.39219665527344,1.3736684322357178,3,False
690,detail,2,0.7,119,36,36.79791259765625,1.5035266876220703,2,False
690,detail,2,0.6,125,44,37.045101165771484,1.1139891147613525,2,False
690,detail,3,1.0,25,0,37.3897705078125,1.8441548347473145,4,False
690,detail,3,0.9,26,6,35.43547439575195,2.10992693901062,3,False
690,detail,3,0.8,29,30,35.5449104309082,1.9601783752441406,3,False
690,detail,3,0.7,27,22,35.44664001464844,1.9484784603118896,2,False
690,detail,3,0.6,29,30,33.85185241699219,2.041989326477051,2,False
691,coarse,1,0.4,34,20,26.4191951751709,,,True
691,coarse,2,0.3,64,10,30.88759422302246,,,True
691,coarse,3,0.4,14,0,33.10979080200195,,,True
691,detail,1,1.0,65,29,33.922428131103516,1.6042492389678955,4,False
691,detail,1,0.9,66,32,30.83859634399414,1.814652919769287,3,False
691,detail,1,0.8,69,41,28.30030059814453,2.2765302658081055,3,False
691,detail,1,0.7,69,49,27.879867553710938,2.339972496032715,2,False
691,detail,1,0.6,71,55,27.638154983520508,2.522353172302246,2,True
691,detail,2,0.9,115,21,38.33983612060547,1.390775442123413,3,False
691,detail,2,0.8,118,27,36.1986198425293,1.38399076461792,3,False
691,detail,2,0.7,119,36,36.639068603515625,1.5153529644012451,2,False
691,detail,2,0.6,125,44,36.89374542236328,1.1685607433319092,2,False
691,detail,3,1.0,25,0,37.2301139831543,1.8827095031738281,4,False
691,detail,3,0.9,26,6,35.35335922241211,2.0733890533447266,3,False
691,detail,3,0.8,29,30,35.65155029296875,1.9919195175170898,3,False
691,detail,3,0.7,27,22,35.44477462768555,1.960705041885376,2,False
691,detail,3,0.6,29,30,33.87083435058594,2.0938804149627686,2,False
692,coarse,1,0.4,34,20,26.59102439880371,,,True
692,coarse,2,0.3,64,10,30.8736572265625,,,True
692,coarse,3,0.4,14,0,33.095970153808594,,,True
692,detail,1,1.0,65,29,33.96830749511719,1.4994823932647705,4,False
692,detail,1,0.9,66,32,30.878019332885742,1.6702215671539307,3,False
692,detail,1,0.8,69,41,28.611434936523438,2.1259849071502686,3,False
692,detail,1,0.7,69,49,27.791135787963867,2.434020757675171,2,False
692,detail,1,0.6,71,55,27.744009017944336,2.571747303009033,2,True
692,detail,2,0.9,115,21,38.21360778808594,1.3386726379394531,3,False
692,detail,2,0.8,118,27,36.16408157348633,1.3413538932800293,3,False
692,detail,2,0.7,119,36,36.60205841064453,1.4794256687164307,2,False
692,detail,2,0.6,125,44,36.62225341796875,1.1664493083953857,2,False
692,detail,3,1.0,25,0,37.32477951049805,1.6961445808410645,4,False
692,detail,3,0.9,23,6,35.883758544921875,1.665177822113037,3,False
692,detail,3,0.8,29,30,35.52988052368164,1.9571661949157715,3,False
692,detail,3,0.7,27,22,35.517547607421875,1.7957026958465576,2,False
692,detail,3,0.6,29,30,33.87014389038086,1.918597936630249,2,False
693,coarse,1,0.4,34,20,26.561981201171875,,,True
693,coarse,2,0.3,64,10,30.879974365234375,,,True
693,coarse,3,0.4,14,0,33.119102478027344,,,True
693,detail,1,1.0,65,29,33.91118621826172,1.3738880157470703,4,False
693,detail,1,0.9,66,32,30.857677459716797,1.48695969581604,3,False
693,detail,1,0.8,69,41,28.64418601989746,1.9063386917114258,3,False
693,detail,1,0.7,69,49,27.76714324951172,2.2243969440460205,2,False
693,detail,1,0.6,71,55,27.70347023010254,2.3931686878204346,2,True
693,detail,2,0.9,115,21,38.09486770629883,1.4511733055114746,3,False
693,detail,2,0.8,118,27,36.20191955566406,1.4614839553833008,3,False
693,detail,2,0.7,119,36,36.739315032958984,1.6434059143066406,2,False
693,detail,2,0.6,125,44,36.28290939331055,1.2038419246673584,2,False
693,detail,3,1.0,25,0,37.31104278564453,1.7034931182861328,4,False
693,detail,3,0.9,23,6,35.79403305053711,1.7291078567504883,3,False
693,detail,3,0.8,29,30,35.42803192138672,1.9550623893737793,3,False
693,detail,3,0.7,27,22,35.48421859741211,1.922123670578003,2,False
693,detail,3,0.6,29,30,33.8543815612793,2.050924777984619,2,False
694,coarse,1,0.4,34,20,26.446130752563477,,,True
694,coarse,2,0.3,64,10,30.674362182617188,,,True
694,coarse,3,0.4,14,0,33.156166076660156,,,True
694,detail,1,1.0,65,29,33.730804443359375,1.3866510391235352,4,False
694,detail,1,0.9,66,32,30.63296127319336,1.5036046504974365,3,False
694,detail,1,0.8,69,41,28.777629852294922,1.9240260124206543,3,False
694,detail,1,0.7,69,49,27.629663467407227,2.247121810913086,2,True
694,detail,1,0.6,71,55,27.846708297729492,2.3928747177124023,2,False
694,detail,2,1.0,115,16,39.42988204956055,1.3698205947875977,4,False
694,detail,2,0.9,118,21,36.599971771240234,1.3701722621917725,3,False
694,detail,2,0.8,118,27,36.08231735229492,1.4977967739105225,3,False
694,detail,2,0.7,123,36,36.56907272338867,1.1316957473754883,2,False
694,detail,2,0.6,125,44,36.061161041259766,1.2208151817321777,2,False
694,detail,3,1.0,25,0,37.278770446777344,1.824622631072998,4,False
694,detail,3,0.9,26,6,35.38801956176758,2.0016016960144043,3,False
694,detail,3,0.8,29,30,35.41200637817383,1.8023123741149902,3,False
694,detail,3,0.7,27,22,35.32066345214844,1.984891414642334,2,False
694,detail,3,0.6,29,30,33.730064392089844,2.1025593280792236,2,False
695,coarse,1,0.4,34,20,26.46222496032715,,,True
695,coarse,2,0.3,64,10,30.754072189331055,,,True
695,coarse,3,0.4,14,0,33.15074157714844,,,True
695,detail,1,1.0,65,29,33.623050689697266,1.3837511539459229,4,False
695,detail,1,0.9,66,32,30.51314353942871,1.4996554851531982,3,False
695,detail,1,0.8,69,41,29.007158279418945,1.8973500728607178,3,False
695,detail,1,0.7,69,49,27.493038177490234,2.1899542808532715,2,True
695,detail,1,0.6,71,55,27.954483032226562,2.346858501434326,2,False
695,detail,2,0.9,115,21,37.89611053466797,1.4656474590301514,3,False
695,detail,2,0.8,118,27,36.06684875488281,1.433366298675537,3,False
695,detail,2,0.7,123,36,36.60636901855469,1.1332201957702637,2,False
695,detail,2,0.6,125,44,36.04996109008789,1.241058349609375,2,False
695,detail,3,1.0,25,0,37.349178314208984,1.6204242706298828,4,False
695,detail,3,0.9,26,9,36.774288177490234,1.619230031967163,3,False
695,detail,3,0.8,29,30,35.56224822998047,1.9234509468078613,3,False
695,detail,3,0.7,27,22,35.37491226196289,1.6287634372711182,2,False
695,detail,3,0.6,29,30,33.79336166381836,1.8231689929962158,2,False
696,coarse,1,0.4,34,20,26.467458724975586,,,True
696,coarse,2,0.3,64,10,30.733213424682617,,,True
696,coarse,3,0.4,14,0,33.12639236450195,,,True
696,detail,1,1.0,65,29,33.481571197509766,1.3666248321533203,4,False
696,detail,1,0.9,66,32,30.404356002807617,1.4570574760437012,3,False
696,detail,1,0.8,69,41,29.163002014160156,1.8846435546875,3,False
696,detail,1,0.7,69,49,27.355924606323242,2.1807689666748047,2,True
696,detail,1,0.6,71,55,28.02507781982422,2.3058347702026367,2,False
696,detail,2,0.9,115,21,37.80803298950195,1.4975628852844238,3,False
696,detail,2,0.8,118,27,36.194698333740234,1.3878638744354248,3,False
696,detail,2,0.7,123,36,36.53352355957031,1.2347474098205566,2,False
696,detail,2,0.6,125,44,35.99159240722656,1.2646586894989014,2,False
696,detail,3,1.0,25,0,37.29002380371094,1.5437920093536377,4,False
696,detail,3,0.9,23,9,36.742488861083984,1.6775705814361572,3,False
696,detail,3,0.8,29,30,35.441226959228516,1.9076902866363525,3,False
696,detail,3,0.7,29,38,35.354896545410156,2.1822540760040283,2,False
696,detail,3,0.6,29,30,33.76171112060547,1.7732295989990234,2,False
697,coarse,1,0.4,34,20,26.568225860595703,,,True
697,coarse,2,0.3,64,10,30.804229736328125,,,True
697,coarse,3,0.4,14,0,33.32020950317383,,,True
697,detail,1,1.0,65,29,33.39450454711914,1.1975340843200684,4,False
697,detail,1,0.9,66,32,30.366247177124023,1.3568546772003174,3,False
697,detail,1,0.8,69,41,29.37359619140625,1.6618056297302246,3,False
697,detail,1,0.7,69,49,27.421344757080078,1.9851858615875244,2,True
697,detail,1,0.6,69,55,28.111440658569336,1.8653278350830078,2,False
697,detail,2,0.8,118,30,37.88459014892578,1.248110055923462,3,False
697,detail,2,0.7,119,36,37.067203521728516,1.3693757057189941,2,False
697,detail,2,0.6,119,42,38.07372283935547,1.419881820678711,2,False
697,detail,3,1.0,25,0,37.334590911865234,1.877685308456421,4,False
697,detail,3,0.9,23,9,36.71380615234375,1.4294190406799316,3,False
697,detail,3,0.8,29,30,35.66902542114258,1.5851411819458008,3,False
697,detail,3,0.7,29,38,35.2158317565918,1.7345621585845947,2,False
697,detail,3,0.6,29,30,33.657249450683594,2.0506958961486816,2,False
698,coarse,1,0.4,34,20,26.58250617980957,,,True
698,coarse,2,0.3,64,10,30.804229736328125,,,True
698,coarse,3,0.4,14,0,33.32020950317383,,,True
698,detail,1,1.0,65,29,33.373870849609375,1.197331428527832,4,False
698,detail,1,0.9,66,32,30.344120025634766,1.3559958934783936,3,False
698,detail,1,0.8,69,41,29.388181686401367,1.6609039306640625,3,False
698,detail,1,0.7,69,49,27.44443702697754,1.9844505786895752,2,True
698,detail,1,0.6,69,55,28.144540786743164,1.8645567893981934,2,False
698,detail,2,0.8,118,30,37.88459014892578,1.248110055923462,3,False
698,detail,2,0.7,119,36,37.067203521728516,1.3693757057189941,2,False
698,detail,2,0.6,119,42,38.07372283935547,1.419881820678711,2,False
698,detail,3,1.0,25,0,37.341941833496094,1.8752477169036865,4,False
698,detail,3,0.9,23,9,36.72086715698242,1.4271488189697266,3,False
698,detail,3,0.8,29,30,35.68994903564453,1.5839505195617676,3,False
698,detail,3,0.7,29,38,35.20505142211914,1.7360436916351318,2,False
698,detail,3,0.6,29,30,33.664581298828125,2.0482754707336426,2,False
699,coarse,1,0.4,34,20,26.76102638244629,,,True
699,coarse,2,0.3,64,10,30.99272346496582,,,True
699,coarse,3,0.4,14,0,33.37623977661133,,,True
699,detail,1,1.0,65,29,33.55964279174805,1.1981425285339355,4,False
699,detail,1,0.9,66,32,30.540435791015625,1.361149549484253,3,False
699,detail,1,0.8,69,41,29.61710548400879,1.6611380577087402,3,False
699,detail,1,0.7,69,49,27.51396942138672,1.993295431137085,2,True
699,detail,1,0.6,69,55,28.09760093688965,1.8775591850280762,2,False
699,detail,2,0.8,118,30,38.198089599609375,1.2391068935394287,3,False
699,detail,2,0.7,119,36,37.41450881958008,1.3588190078735352,2,False
699,detail,2,0.6,119,42,38.55338668823242,1.4064598083496094,2,False
699,detail,3,1.0,25,0,37.35821533203125,1.876115083694458,4,False
699,detail,3,0.9,23,9,36.79187774658203,1.423583984375,3,False
699,detail,3,0.8,29,30,35.72606658935547,1.587198257446289,3,False
699,detail,3,0.7,29,38,35.243865966796875,1.7338206768035889,2,False
699,detail,3,0.6,29,30,33.707401275634766,2.047542095184326,2,False
700,coarse,1,0.4,34,20,26.863353729248047,,,True
700,coarse,2,0.3,64,10,31.15277099609375,,,True
700,coarse,3,0.4,14,0,33.63243865966797,,,True
700,detail,1,1.0,65,29,33.59812927246094,1.199249267578125,4,False
700,detail,1,0.9,66,32,30.60370445251465,1.3620679378509521,3,False
700,detail,1,0.8,69,41,29.730138778686523,1.663794994354248,3,False
700,detail,1,0.7,69,49,27.668893814086914,2.0122010707855225,2,True
700,detail,1,0.6,69,55,28.260364532470703,1.8950858116149902,2,False
700,detail,2,0.8,118,30,38.33271026611328,1.2295987606048584,3,False
700,detail,2,0.7,119,36,37.51422119140625,1.3524079322814941,2,False
700,detail,2,0.6,119,42,38.60219955444336,1.4048070907592773,2,False
700,detail,3,1.0,25,0,37.709468841552734,1.8817260265350342,4,False
700,detail,3,0.9,23,9,37.10160827636719,1.4313650131225586,3,False
700,detail,3,0.8,29,30,36.04344940185547,1.590120792388916,3,False
700,detail,3,0.7,29,38,35.31062698364258,1.7313106060028076,2,False
700,detail,3,0.6,29,30,34.047119140625,2.0716300010681152,2,False
701,coarse,1,0.4,34,20,26.805269241333008,,,True
701,coarse,2,0.3,64,10,31.11183738708496,,,True
701,detail,1,1.0,65,29,33.554378509521484,1.1986653804779053,4,False
701,detail,1,0.9,66,32,30.5474910736084,1.3608198165893555,3,False
701,detail,1,0.8,69,41,29.688772201538086,1.6724083423614502,3,False
701,detail,1,0.7,69,49,27.584054946899414,2.0041821002960205,2,True
701,detail,1,0.6,69,55,28.134492874145508,1.8970527648925781,2,False
701,detail,2,0.9,115,24,39.59107208251953,1.2733399868011475,3,False
701,detail,2,0.8,118,27,36.81056213378906,1.2392778396606445,3,False
701,detail,2,0.7,119,36,37.47865295410156,1.4648211002349854,2,False
701,detail,2,0.6,119,42,38.61270523071289,1.5005879402160645,2,False
702,coarse,1,0.4,34,20,26.8122615814209,,,True
702,coarse,2,0.3,64,10,31.021411895751953,,,True
702,detail,1,1.0,65,29,33.50989532470703,1.2023417949676514,4,False
702,detail,1,0.9,66,32,30.507272720336914,1.3628196716308594,3,False
702,detail,1,0.8,69,41,29.71805191040039,1.6779730319976807,3,False
702,detail,1,0.7,69,49,27.564361572265625,2.013908624649048,2,True
702,detail,1,0.6,69,55,28.06252098083496,1.909029483795166,2,False
702,detail,2,0.9,115,24,39.52992630004883,1.2770447731018066,3,False
702,detail,2,0.8,118,27,36.77127456665039,1.2306382656097412,3,False
702,detail,2,0.7,119,36,37.43118667602539,1.458754062652588,2,False
702,detail,2,0.6,119,42,38.55955505371094,1.5031461715698242,2,False
703,coarse,1,0.4,34,20,26.82633399963379,,,True
703,coarse,2,0.3,64,10,31.225563049316406,,,True
703,coarse,3,0.4,14,0,33.56047821044922,,,True
703,detail,1,1.0,65,29,33.43721008300781,1.2139010429382324,4,False
703,detail,1,0.9,66,32,30.427236557006836,1.3685500621795654,3,False
703,detail,1,0.8,69,41,29.847013473510742,1.6794383525848389,3,False
703,detail,1,0.7,69,49,27.551536560058594,2.017367362976074,2,True
703,detail,1,0.6,69,55,28.028606414794922,1.9152283668518066,2,False
703,detail,2,0.9,115,24,39.399017333984375,1.3015921115875244,3,False
703,detail,2,0.8,118,27,36.60515213012695,1.2587461471557617,3,False
703,detail,2,0.7,119,36,37.27643585205078,1.4755167961120605,2,False
703,detail,2,0.6,119,42,38.40983581542969,1.513397455215454,2,False
703,detail,3,1.0,25,0,37.608272552490234,1.9688122272491455,4,False
703,detail,3,0.9,23,9,36.91249465942383,1.5278289318084717,3,False
703,detail,3,0.8,29,30,36.07786178588867,1.6240413188934326,3,False
703,detail,3,0.7,29,38,35.25040817260742,1.7767646312713623,2,False
703,detail,3,0.6,29,30,34.0152587890625,2.1452698707580566,2,False
704,coarse,1,0.4,34,20,26.846160888671875,,,True
704,coarse,2,0.3,64,10,31.295530319213867,,,True
704,coarse,3,0.4,14,0,33.522945404052734,,,True
704,detail,1,1.0,65,29,33.431114196777344,1.2177839279174805,4,False
704,detail,1,0.9,66,32,30.45808219909668,1.372521162033081,3,False
704,detail,1,0.8,69,41,29.84610939025879,1.68306565284729,3,False
704,detail,1,0.7,69,49,27.517221450805664,2.0236406326293945,2,True
704,detail,1,0.6,69,55,27.98365020751953,1.9212336540222168,2,False
704,detail,2,0.9,115,24,39.331703186035156,1.3007290363311768,3,False
704,detail,2,0.8,118,27,36.671653747558594,1.2525649070739746,3,False
704,detail,2,0.7,119,36,37.32062530517578,1.4721760749816895,2,False
704,detail,2,0.6,119,42,38.45075607299805,1.511476755142212,2,False
704,detail,3,1.0,25,0,37.6201057434082,1.963531732559204,4,False
704,detail,3,0.9,23,9,36.900028228759766,1.5257518291473389,3,False
704,detail,3,0.8,29,30,36.13819885253906,1.620136022567749,3,False
704,detail,3,0.7,29,38,35.267208099365234,1.7759740352630615,2,False
704,detail,3,0.6,29,30,34.04548263549805,2.148019313812256,2,False
705,coarse,1,0.4,34,20,26.889345169067383,,,True
705,coarse,2,0.3,64,10,31.218589782714844,,,True
705,coarse,3,0.4,14,0,33.5396614074707,,,True
705,detail,1,1.0,65,29,33.3753662109375,1.2148385047912598,4,False
705,detail,1,0.9,66,32,30.380844116210938,1.3671448230743408,3,False
705,detail,1,0.8,66,41,29.81141471862793,1.479442834854126,3,False
705,detail,1,0.7,69,49,27.493051528930664,2.0199122428894043,2,True
705,detail,1,0.6,69,55,28.059701919555664,1.9185295104980469,2,False
705,detail,2,0.9,115,24,39.25238037109375,1.3005304336547852,3,False
705,detail,2,0.8,118,27,36.62008285522461,1.2574644088745117,3,False
705,detail,2,0.7,117,36,37.280338287353516,1.5784962177276611,2,False
705,detail,2,0.6,123,44,38.42612075805664,1.148008108139038,2,False
705,detail,3,1.0,25,0,37.607810974121094,2.006822109222412,4,False
705,detail,3,0.9,23,9,36.90312957763672,1.580723524093628,3,False
705,detail,3,0.8,29,30,36.095542907714844,1.7304234504699707,3,False
705,detail,3,0.7,29,38,35.325042724609375,1.8952205181121826,2,False
705,detail,3,0.6,29,30,34.09137725830078,2.1577789783477783,2,False
706,coarse,1,0.4,34,20,26.91524887084961,,,True
706,coarse,2,0.3,64,10,31.180139541625977,,,True
706,coarse,3,0.4,14,0,33.47870635986328,,,True
706,detail,1,1.0,65,29,33.32697296142578,1.2161545753479004,4,False
706,detail,1,0.9,66,32,30.38847541809082,1.3692834377288818,3,False
706,detail,1,0.8,66,41,29.753028869628906,1.4817845821380615,3,False
706,detail,1,0.7,69,49,27.505229949951172,2.0268640518188477,2,True
706,detail,1,0.6,69,55,28.12322235107422,1.9266233444213867,2,False
706,detail,2,0.9,115,24,39.194515228271484,1.306081771850586,3,False
706,detail,2,0.8,118,27,36.57233810424805,1.2637672424316406,3,False
706,detail,2,0.7,117,36,37.189483642578125,1.5863521099090576,2,False
706,detail,2,0.6,123,44,38.35484313964844,1.1539781093597412,2,False
706,detail,3,1.0,25,0,37.574058532714844,2.0068559646606445,4,False
706,detail,3,0.9,23,9,36.83777618408203,1.5781176090240479,3,False
706,detail,3,0.8,29,30,36.06904220581055,1.7326550483703613,3,False
706,detail,3,0.7,29,38,35.281951904296875,1.897653341293335,2,False
706,detail,3,0.6,29,30,34.03966522216797,2.1655280590057373,2,False
707,coarse,1,0.3,34,26,26.911964416503906,,,True
707,coarse,2,0.3,64,10,31.17975425720215,,,True
707,coarse,3,0.4,14,0,33.50174331665039,,,True
707,detail,1,1.0,67,29,34.931861877441406,1.2808747291564941,4,False
707,detail,1,0.9,67,32,30.804906845092773,1.478905200958252,3,False
707,detail,1,0.8,67,41,27.606203079223633,1.6885113716125488,3,False
707,detail,1,0.7,69,49,27.497066497802734,2.072639226913452,2,True
707,detail,1,0.6,69,55,28.110355377197266,1.936842441558838,2,False
707,detail,2,0.9,115,24,39.15656280517578,1.3024353981018066,3,False
707,detail,2,0.8,118,27,36.57405471801758,1.2555747032165527,3,False
707,detail,2,0.7,117,36,37.13140869140625,1.5804359912872314,2,False
707,detail,2,0.6,123,44,38.32267379760742,1.1514971256256104,2,False
707,detail,3,1.0,25,0,37.611534118652344,1.994379997253418,4,False
707,detail,3,0.9,23,9,36.84451675415039,1.5515446662902832,3,False
707,detail,3,0.8,29,30,36.02764129638672,1.7750201225280762,3,False
707,detail,3,0.7,29,38,35.2598991394043,1.9499189853668213,2,False
707,detail,3,0.6,29,30,33.988746643066406,2.1492106914520264,2,False
708,coarse,1,0.3,34,26,26.785354614257812,,,True
708,coarse,2,0.3,64,10,31.025463104248047,,,True
708,detail,1,1.0,67,29,34.939151763916016,1.2893023490905762,4,False
708,detail,1,0.9,67,32,30.841110229492188,1.4882850646972656,3,False
708,detail,1,0.8,67,41,27.56378173828125,1.699636459350586,3,False
708,detail,1,0.7,69,49,27.38868522644043,2.0868799686431885,2,True
708,detail,1,0.6,69,55,27.955751419067383,1.9548873901367188,2,False
708,detail,2,0.9,115,24,39.064884185791016,1.300065040588379,3,False
708,detail,2,0.8,118,27,36.5075569152832,1.255368709564209,3,False
708,detail,2,0.7,117,36,37.0242919921875,1.5797359943389893,2,False
708,detail,2,0.6,123,44,38.159332275390625,1.1491105556488037,2,False
709,coarse,1,0.3,34,26,26.97193145751953,,,True
709,coarse,2,0.3,64,10,31.110130310058594,,,True
709,detail,1,1.0,67,29,35.081512451171875,1.2705063819885254,4,False
709,detail,1,0.9,67,32,30.970932006835938,1.3541758060455322,3,False
709,detail,1,0.8,67,41,27.73982810974121,1.5617587566375732,3,False
709,detail,1,0.7,69,49,27.538541793823242,1.9888877868652344,2,True
709,detail,1,0.6,69,55,28.177490234375,1.8663110733032227,2,False
709,detail,2,0.8,115,27,37.9732551574707,1.194547414779663,3,False
709,detail,2,0.7,117,36,37.030269622802734,1.4029474258422852,2,False
709,detail,2,0.6,119,42,38.31568908691406,1.4060173034667969,2,False
710,coarse,1,0.3,34,26,26.96442413330078,,,True
710,coarse,2,0.3,64,10,31.110130310058594,,,True
710,detail,1,1.0,67,29,35.06467056274414,1.2727584838867188,4,False
710,detail,1,0.9,67,32,30.954601287841797,1.357980489730835,3,False
710,detail,1,0.8,67,41,27.725902557373047,1.5664308071136475,3,False
710,detail,1,0.7,69,49,27.536998748779297,1.9927849769592285,2,True
710,detail,1,0.6,69,55,28.173805236816406,1.8725857734680176,2,False
710,detail,2,0.8,115,27,37.981693267822266,1.1943128108978271,3,False
710,detail,2,0.7,117,36,37.060543060302734,1.4026131629943848,2,False
710,detail,2,0.6,119,42,38.323795318603516,1.4056482315063477,2,False
711,coarse,1,0.3,34,26,27.117372512817383,,,True
711,coarse,2,0.4,62,14,33.025733947753906,,,True
711,detail,1,1.0,67,29,35.12919616699219,1.2782652378082275,4,False
711,detail,1,0.9,67,32,31.065929412841797,1.3562686443328857,3,False
711,detail,1,0.8,67,41,27.847049713134766,1.5665507316589355,3,False
711,detail,1,0.7,69,49,27.727937698364258,2.008516788482666,2,True
711,detail,1,0.6,69,55,28.38820457458496,1.9047188758850098,2,False
711,detail,2,0.8,116,29,37.40734100341797,1.2232704162597656,3,False
711,detail,2,0.7,119,35,37.29711151123047,1.2969210147857666,2,False
711,detail,2,0.6,119,43,38.190956115722656,1.5304040908813477,2,False
712,coarse,1,0.3,34,26,27.486713409423828,,,True
712,coarse,2,0.3,64,10,31.70486068725586,,,True
712,detail,1,1.0,67,29,35.45825958251953,1.252819299697876,4,False
712,detail,1,0.9,67,32,31.409711837768555,1.335437536239624,3,False
712,detail,1,0.8,67,41,28.29169273376465,1.5367286205291748,3,False
712,detail,1,0.7,69,49,27.9189395904541,1.9667918682098389,2,True
712,detail,1,0.6,69,55,28.61814308166504,1.8579936027526855,2,False
712,detail,2,0.8,115,27,38.570369720458984,1.162106990814209,3,False
712,detail,2,0.7,119,36,37.57395553588867,1.2332391738891602,2,False
712,detail,2,0.6,119,42,39.033817291259766,1.3576273918151855,2,False
713,coarse,1,0.3,34,26,27.720834732055664,,,True
713,coarse,2,0.4,62,14,34.11913299560547,,,True
713,detail,1,1.0,67,29,35.90736389160156,1.1671929359436035,4,False
713,detail,1,0.9,67,32,31.836999893188477,1.2538905143737793,3,False
713,detail,1,0.8,67,41,28.82203483581543,1.435412883758545,3,False
713,detail,1,0.7,69,49,28.385902404785156,1.8489007949829102,2,True
713,detail,1,0.6,69,55,29.08768081665039,1.77787446975708,2,False
713,detail,2,0.8,116,29,38.911773681640625,1.1260020732879639,3,False
713,detail,2,0.7,119,35,38.79645538330078,1.2505273818969727,2,False
713,detail,2,0.6,119,43,39.5323371887207,1.4911127090454102,2,False
714,coarse,1,0.3,34,26,28.093177795410156,,,True
714,coarse,2,0.3,64,10,32.507423400878906,,,True
714,detail,1,1.0,67,29,36.1187744140625,1.1659698486328125,4,False
714,detail,1,0.9,67,32,32.054927825927734,1.2316827774047852,3,False
714,detail,1,0.8,67,41,29.15854263305664,1.4065282344818115,3,False
714,detail,1,0.7,69,49,28.630170822143555,1.8075661659240723,2,True
714,detail,1,0.6,69,55,29.50257110595703,1.738508939743042,2,False
714,detail,2,0.8,115,27,40.43600082397461,1.071584701538086,3,False
714,detail,2,0.7,119,36,38.86628341674805,1.1874988079071045,2,False
714,detail,2,0.6,119,42,40.53323745727539,1.3321139812469482,2,False
715,coarse,1,0.3,34,26,28.05501937866211,,,True
715,coarse,2,0.3,64,10,32.57987594604492,,,True
715,detail,1,1.0,67,29,36.05580139160156,1.1747448444366455,4,False
715,detail,1,0.9,67,35,31.974170684814453,1.2846574783325195,3,False
715,detail,1,0.8,67,41,29.289440155029297,1.3904118537902832,3,False
715,detail,1,0.7,69,49,28.39336395263672,1.7880654335021973,2,True
715,detail,1,0.6,71,55,29.324373245239258,1.7255377769470215,2,False
715,detail,2,0.8,118,27,38.68426513671875,1.1387176513671875,3,False
715,detail,2,0.7,119,36,39.00550079345703,1.2779932022094727,2,False
715,detail,2,0.6,123,44,40.0426139831543,1.0980870723724365,2,False
716,coarse,1,0.3,34,26,27.90743064880371,,,True
716,coarse,2,0.4,62,14,34.303401947021484,,,True
716,detail,1,1.0,67,29,35.72168731689453,1.2754526138305664,4,False
716,detail,1,0.9,67,35,31.768327713012695,1.4184470176696777,3,False
716,detail,1,0.8,67,41,29.29103660583496,1.5165293216705322,3,False
716,detail,1,0.7,69,49,28.34813117980957,1.8960857391357422,2,True
716,detail,1,0.6,69,55,29.275558471679688,1.7972235679626465,2,False
716,detail,2,0.9,116,23,39.27885818481445,1.2333250045776367,3,False
716,detail,2,0.8,119,29,38.94428253173828,1.2357521057128906,3,False
716,detail,2,0.7,119,37,39.100948333740234,1.4774725437164307,2,False
716,detail,2,0.6,123,43,39.10198211669922,1.091259479522705,2,False
717,coarse,1,0.3,34,26,28.052494049072266,,,True
717,coarse,2,0.4,66,14,34.17738342285156,,,True
717,coarse,3,0.4,14,2,34.92570114135742,,,True
717,detail,1,1.0,67,29,35.56100845336914,1.2764034271240234,4,False
717,detail,1,0.9,67,35,31.677711486816406,1.429382085800171,3,False
717,detail,1,0.8,67,41,29.739530563354492,1.5319340229034424,3,False
717,detail,1,0.7,69,49,28.695955276489258,1.935314416885376,2,True
717,detail,1,0.6,69,55,29.462890625,1.918562889099121,2,False
717,detail,2,0.8,120,32,41.51639938354492,1.2081329822540283,3,False
717,detail,2,0.7,120,35,39.234893798828125,1.3762781620025635,2,False
717,detail,2,0.6,124,43,37.618465423583984,1.2164080142974854,2,False
717,detail,3,1.0,25,0,38.249412536621094,1.8360180854797363,4,False
717,detail,3,0.9,26,9,37.91949462890625,1.7638468742370605,3,False
717,detail,3,0.8,29,30,36.681705474853516,1.8236305713653564,3,False
717,detail,3,0.7,29,38,36.56647872924805,2.2099032402038574,2,False
717,detail,3,0.6,29,30,35.30955505371094,1.7744462490081787,2,False
718,coarse,1,0.3,34,26,28.113534927368164,,,True
718,coarse,2,0.4,66,14,34.01024627685547,,,True
718,coarse,3,0.4,14,2,34.60103225708008,,,True
718,detail,1,1.0,67,29,35.1660270690918,1.2848889827728271,4,False
718,detail,1,0.9,67,35,31.39537239074707,1.431877613067627,3,False
718,detail,1,0.8,67,41,29.74186897277832,1.5260772705078125,3,False
718,detail,1,0.7,69,49,28.703998565673828,1.9285008907318115,2,True
718,detail,1,0.6,69,53,29.439115524291992,2.025294303894043,2,False
718,detail,2,0.8,120,32,41.08180236816406,1.1987216472625732,3,False
718,detail,2,0.7,120,35,38.88404083251953,1.4119699001312256,2,False
718,detail,2,0.6,124,45,39.081966400146484,1.2556610107421875,2,False
718,detail,3,1.0,25,0,38.006248474121094,1.9059207439422607,4,False
718,detail,3,0.9,26,6,36.41112518310547,1.9950428009033203,3,False
718,detail,3,0.8,29,30,36.34585189819336,1.957866907119751,3,False
718,detail,3,0.7,29,38,36.501121520996094,2.342641830444336,2,False
718,detail,3,0.6,29,30,35.31982421875,2.0181543827056885,2,False
719,coarse,1,0.4,34,20,27.707469940185547,,,True
719,coarse,2,0.4,62,14,33.268131256103516,,,True
719,detail,1,1.0,65,29,34.54930114746094,1.2674458026885986,4,False
719,detail,1,0.9,66,35,31.763904571533203,1.4057235717773438,3,False
719,detail,1,0.8,69,41,29.534772872924805,1.6626265048980713,3,False
719,detail,1,0.7,69,49,28.385549545288086,1.9289274215698242,2,True
719,detail,1,0.6,71,55,28.955339431762695,2.0178191661834717,2,False
719,detail,2,0.9,113,23,42.25811767578125,1.1876864433288574,3,False
719,detail,2,0.8,116,29,38.5751838684082,1.239689588546753,3,False
719,detail,2,0.7,119,37,37.8197135925293,1.3688764572143555,2,False
719,detail,2,0.6,119,43,38.881412506103516,1.6631031036376953,2,False
720,coarse,1,0.4,34,20,27.717395782470703,,,True
720,coarse,2,0.3,64,10,31.28946876525879,,,True
720,detail,1,1.0,65,29,34.607906341552734,1.1755790710449219,4,False
720,detail,1,0.9,66,35,31.90892219543457,1.3529243469238281,3,False
720,detail,1,0.8,69,41,29.15943717956543,1.5670278072357178,3,False
720,detail,1,0.7,69,49,28.413942337036133,1.8683691024780273,2,True
720,detail,1,0.6,71,55,28.73646354675293,1.9715726375579834,2,False
720,detail,2,0.8,115,27,40.06589126586914,1.127211570739746,3,False
720,detail,2,0.7,119,36,37.25162887573242,1.2513198852539062,2,False
720,detail,2,0.6,119,44,38.981101989746094,1.540863275527954,2,False
721,coarse,1,0.3,36,26,27.309762954711914,,,True
721,coarse,2,0.3,64,10,31.04383087158203,,,True
721,coarse,3,0.5,12,0,35.30332565307617,,,True
721,detail,1,1.0,67,29,33.980690002441406,1.3498554229736328,4,False
721,detail,1,0.9,68,35,31.40615463256836,1.5923256874084473,3,False
721,detail,1,0.8,68,41,28.269750595092773,1.784869909286499,3,True
721,detail,1,0.7,69,49,28.567827224731445,2.088007926940918,2,False
721,detail,1,0.6,71,55,28.28377914428711,2.405174732208252,2,False
721,detail,2,0.9,115,21,38.22975540161133,1.3504705429077148,3,False
721,detail,2,0.8,118,27,37.175411224365234,1.400496244430542,3,False
721,detail,2,0.7,119,36,36.84185028076172,1.5623719692230225,2,False
721,detail,2,0.6,119,44,38.65766143798828,1.8806426525115967,2,False
721,detail,3,1.0,23,0,37.078887939453125,1.41965651512146,4,False
721,detail,3,0.9,24,9,36.43487548828125,1.5668823719024658,3,False
721,detail,3,0.8,30,30,36.07765579223633,1.9287457466125488,3,False
721,detail,3,0.7,27,24,35.65180587768555,1.795370101928711,2,False
721,detail,3,0.6,29,30,34.20904541015625,1.7260639667510986,2,False
722,coarse,1,0.3,36,26,27.180458068847656,,,True
722,coarse,2,0.3,64,10,31.04383087158203,,,True
722,coarse,3,0.4,14,2,33.45939254760742,,,True
722,detail,1,1.0,67,29,33.854270935058594,1.2724571228027344,4,False
722,detail,1,0.9,68,35,31.26896095275879,1.5129079818725586,3,False
722,detail,1,0.8,68,41,28.194528579711914,1.7042481899261475,3,True
722,detail,1,0.7,69,49,28.55586814880371,2.028989791870117,2,False
722,detail,1,0.6,71,55,28.221742630004883,2.331827402114868,2,False
722,detail,2,0.9,118,21,36.6468391418457,1.3469431400299072,3,False
722,detail,2,0.8,118,27,37.1816520690918,1.4712908267974854,3,False
722,detail,2,0.7,119,36,36.84613037109375,1.6259090900421143,2,False
722,detail,2,0.6,123,44,38.648277282714844,1.0902633666992188,2,False
722,detail,3,1.0,25,0,36.91999053955078,1.6194806098937988,4,False
722,detail,3,0.9,26,9,36.52833938598633,1.5361912250518799,3,False
722,detail,3,0.8,29,30,35.40127182006836,1.8107774257659912,3,False
722,detail,3,0.7,27,24,35.64609146118164,1.7222015857696533,2,False
722,detail,3,0.6,29,30,34.18854522705078,1.6110448837280273,2,False
723,coarse,1,0.3,36,26,27.210205078125,,,True
723,coarse,2,0.4,64,10,33.006526947021484,,,True
723,coarse,3,0.4,14,2,33.493324279785156,,,True
723,detail,1,1.0,67,29,33.889644622802734,1.2637217044830322,4,False
723,detail,1,0.9,68,35,31.294761657714844,1.5043249130249023,3,False
723,detail,1,0.8,68,41,28.268291473388672,1.6939375400543213,3,False
723,detail,1,0.7,69,49,28.65445327758789,2.0073494911193848,2,False
723,detail,1,0.6,71,55,28.246089935302734,2.3130252361297607,2,True
723,detail,2,0.9,117,21,36.62074661254883,1.3708198070526123,3,False
723,detail,2,0.8,117,27,37.4951286315918,1.4697554111480713,3,False
723,detail,2,0.7,119,37,37.08415222167969,1.6543927192687988,2,False
723,detail,2,0.6,119,43,38.358673095703125,1.8911311626434326,2,False
723,detail,3,1.0,25,0,36.906761169433594,1.670729637145996,4,False
723,detail,3,0.9,26,9,36.46738815307617,1.548703670501709,3,False
723,detail,3,0.8,29,30,35.368892669677734,1.800506591796875,3,False
723,detail,3,0.7,27,24,35.61327362060547,1.708646297454834,2,False
723,detail,3,0.6,29,30,34.19255447387695,1.625941514968872,2,False
724,coarse,1,0.3,36,26,27.162494659423828,,,True
724,coarse,2,0.4,64,10,33.000980377197266,,,True
724,coarse,3,0.4,14,2,33.43315887451172,,,True
724,detail,1,1.0,67,29,33.74363327026367,1.2720184326171875,4,False
724,detail,1,0.9,68,35,31.085514068603516,1.50217866897583,3,False
724,detail,1,0.8,68,41,28.275590896606445,1.685105562210083,3,False
724,detail,1,0.7,69,49,28.7611026763916,1.9915051460266113,2,False
724,detail,1,0.6,71,55,28.194204330444336,2.297039270401001,2,True
724,detail,2,0.9,117,21,36.570289611816406,1.3734757900238037,3,False
724,detail,2,0.8,117,27,37.47215270996094,1.473459005355835,3,False
724,detail,2,0.7,119,37,36.90053939819336,1.6584687232971191,2,False
724,detail,2,0.6,119,43,38.23837661743164,1.896974802017212,2,False
724,detail,3,1.0,25,0,36.88618850708008,1.6862449645996094,4,False
724,detail,3,0.9,23,6,35.826446533203125,1.606095314025879,3,False
724,detail,3,0.8,29,30,35.352272033691406,1.8851585388183594,3,False
724,detail,3,0.7,27,24,35.69624328613281,1.7483313083648682,2,False
724,detail,3,0.6,29,30,34.250152587890625,1.6689486503601074,2,False
725,coarse,1,0.3,36,26,27.181488037109375,,,True
725,coarse,2,0.4,64,10,32.97045135498047,,,True
725,coarse,3,0.4,14,2,33.490638732910156,,,True
725,detail,1,1.0,67,29,33.73781204223633,1.3547906875610352,4,False
725,detail,1,0.9,68,35,31.07532501220703,1.596710205078125,3,False
725,detail,1,0.8,68,41,28.363239288330078,1.7861769199371338,3,False
725,detail,1,0.7,69,49,28.81633186340332,2.0126876831054688,2,False
725,detail,1,0.6,71,55,28.20670509338379,2.3417234420776367,2,True
725,detail,2,0.9,117,21,36.57304000854492,1.3845741748809814,3,False
725,detail,2,0.8,117,27,37.50072479248047,1.4855520725250244,3,False
725,detail,2,0.7,119,37,36.87358093261719,1.6737985610961914,2,False
725,detail,2,0.6,119,43,38.29519271850586,1.9130055904388428,2,False
725,detail,3,1.0,25,0,36.926151275634766,1.6738975048065186,4,False
725,detail,3,0.9,23,6,35.891571044921875,1.5937883853912354,3,False
725,detail,3,0.8,29,30,35.42716598510742,1.880324363708496,3,False
725,detail,3,0.7,27,24,35.76014709472656,1.726569414138794,2,False
725,detail,3,0.6,29,30,34.2933349609375,1.6503682136535645,2,False
726,coarse,1,0.3,36,26,27.047956466674805,,,True
726,coarse,2,0.4,64,10,33.04370880126953,,,True
726,coarse,3,0.4,14,2,33.45575714111328,,,True
726,detail,1,1.0,67,29,33.74760437011719,1.3577170372009277,4,False
726,detail,1,0.9,68,35,31.09544563293457,1.5960068702697754,3,False
726,detail,1,0.8,68,41,28.561281204223633,1.7822120189666748,3,False
726,detail,1,0.7,71,49,28.731576919555664,2.24948787689209,2,False
726,detail,1,0.6,71,55,28.29094123840332,2.3391213417053223,2,True
726,detail,2,0.9,117,21,36.754638671875,1.5071070194244385,3,False
726,detail,2,0.8,117,27,37.71961975097656,1.6149299144744873,3,False
726,detail,2,0.7,119,37,36.986698150634766,1.7989656925201416,2,False
726,detail,2,0.6,119,43,38.52949905395508,2.0418031215667725,2,False
726,detail,3,1.0,25,0,36.799720764160156,1.6991300582885742,4,False
726,detail,3,0.9,26,9,36.348445892333984,1.5812914371490479,3,False
726,detail,3,0.8,29,30,35.24278259277344,1.88962721824646,3,False
726,detail,3,0.7,27,24,35.52043151855469,1.7139363288879395,2,False
726,detail,3,0.6,29,30,34.172847747802734,1.6597838401794434,2,False
727,coarse,1,0.3,36,26,27.028728485107422,,,True
727,coarse,2,0.4,64,10,33.06208801269531,,,True
727,coarse,3,0.4,14,2,33.38999938964844,,,True
727,detail,1,1.0,67,29,33.73970031738281,1.387955904006958,4,False
727,detail,1,0.9,68,35,31.102916717529297,1.6010942459106445,3,False
727,detail,1,0.8,68,41,28.578948974609375,1.783205509185791,3,False
727,detail,1,0.7,71,49,28.63219451904297,2.1991140842437744,2,False
727,detail,1,0.6,71,55,28.250226974487305,2.2525475025177,2,True
727,detail,2,0.9,117,21,36.71584701538086,1.4964492321014404,3,False
727,detail,2,0.8,117,27,37.73067855834961,1.6041719913482666,3,False
727,detail,2,0.7,119,37,36.90906524658203,1.784264326095581,2,False
727,detail,2,0.6,119,43,38.51566696166992,2.0299108028411865,2,False
727,detail,3,1.0,25,0,36.706687927246094,1.7509949207305908,4,False
727,detail,3,0.9,26,9,36.26398849487305,1.6333374977111816,3,False
727,detail,3,0.8,29,30,35.10499572753906,1.876845359802246,3,False
727,detail,3,0.7,27,24,35.573402404785156,1.7025525569915771,2,False
727,detail,3,0.6,29,30,34.19456100463867,1.717146396636963,2,False
728,coarse,1,0.3,36,26,27.116958618164062,,,True
728,coarse,2,0.4,64,10,32.99428939819336,,,True
728,coarse,3,0.4,14,2,33.353275299072266,,,True
728,detail,1,1.0,67,29,33.75209426879883,1.3928756713867188,4,False
728,detail,1,0.9,68,35,31.144880294799805,1.6055848598480225,3,False
728,detail,1,0.8,68,41,28.703323364257812,1.7901391983032227,3,False
728,detail,1,0.7,71,49,28.689502716064453,2.236800193786621,2,False
728,detail,1,0.6,71,55,28.354991912841797,2.2836766242980957,2,True
728,detail,2,1.0,117,15,38.10576248168945,1.4492998123168945,4,False
728,detail,2,0.9,117,21,36.716773986816406,1.55283522605896,3,False
728,detail,2,0.8,120,27,37.2999267578125,1.2689979076385498,3,False
728,detail,2,0.7,119,37,36.86427688598633,1.8528409004211426,2,False
728,detail,2,0.6,119,43,38.519126892089844,2.1243655681610107,2,False
728,detail,3,1.0,25,0,36.66522979736328,1.674062967300415,4,False
728,detail,3,0.9,26,9,36.18939208984375,1.554197072982788,3,False
728,detail,3,0.8,29,30,35.07093048095703,1.7869045734405518,3,False
728,detail,3,0.7,27,24,35.51748275756836,1.6520898342132568,2,False
728,detail,3,0.6,29,30,34.14382553100586,1.6509277820587158,2,False
729,coarse,1,0.3,36,26,27.119033813476562,,,True
729,coarse,2,0.3,64,22,31.08045768737793,,,True
729,coarse,3,0.4,14,2,33.353275299072266,,,True
729,detail,1,1.0,67,29,33.77115249633789,1.386453628540039,4,False
729,detail,1,0.9,68,35,31.160442352294922,1.596982717514038,3,False
729,detail,1,0.8,68,41,28.734527587890625,1.783008098602295,3,False
729,detail,1,0.7,71,49,28.681320190429688,2.2367615699768066,2,False
729,detail,1,0.6,71,55,28.43906021118164,2.2842679023742676,2,True
729,detail,2,1.0,115,17,40.1787109375,1.492157220840454,4,False
729,detail,2,0.9,118,20,37.086944580078125,1.5184736251831055,3,False
729,detail,2,0.8,118,29,36.59247970581055,1.7473342418670654,3,False
729,detail,2,0.7,119,37,36.898677825927734,1.8873379230499268,2,False
729,detail,2,0.6,123,43,38.54555130004883,1.0769422054290771,2,False
729,detail,3,1.0,25,0,36.684539794921875,1.671159029006958,4,False
729,detail,3,0.9,26,9,36.214229583740234,1.5510404109954834,3,False
729,detail,3,0.8,29,30,35.037296295166016,1.7899363040924072,3,False
729,detail,3,0.7,27,24,35.55243682861328,1.6489741802215576,2,False
729,detail,3,0.6,29,30,34.16512680053711,1.6446096897125244,2,False
730,coarse,1,0.3,36,26,27.12091636657715,,,True
730,coarse,2,0.4,64,10,33.201087951660156,,,True
730,coarse,3,0.4,14,2,33.64297103881836,,,True
730,detail,1,1.0,67,29,33.877525329589844,1.4074733257293701,4,False
730,detail,1,0.9,68,35,31.219942092895508,1.6273934841156006,3,False
730,detail,1,0.8,68,41,28.822021484375,1.8218605518341064,3,False
730,detail,1,0.7,71,49,28.677804946899414,2.3019800186157227,2,False
730,detail,1,0.6,71,55,28.445402145385742,2.354389190673828,2,True
730,detail,2,1.0,117,15,38.225704193115234,1.4847493171691895,4,False
730,detail,2,0.9,117,21,36.85905075073242,1.5942175388336182,3,False
730,detail,2,0.8,120,27,37.479923248291016,1.304060935974121,3,False
730,detail,2,0.7,119,37,37.0651741027832,1.8865187168121338,2,False
730,detail,2,0.6,119,43,38.716793060302734,2.170469284057617,2,False
730,detail,3,1.0,25,0,36.978004455566406,1.6782293319702148,4,False
730,detail,3,0.9,26,9,36.47970199584961,1.5588691234588623,3,False
730,detail,3,0.8,29,30,35.28355407714844,1.7951781749725342,3,False
730,detail,3,0.7,27,24,35.735836029052734,1.6593067646026611,2,False
730,detail,3,0.6,29,30,34.404090881347656,1.6591365337371826,2,False
731,coarse,1,0.3,36,26,27.273473739624023,,,True
731,coarse,2,0.3,64,10,31.237388610839844,,,True
731,coarse,3,0.4,14,2,33.72149658203125,,,True
731,detail,1,1.0,67,29,34.01504898071289,1.4123156070709229,4,False
731,detail,1,0.9,68,35,31.358978271484375,1.6325862407684326,3,False
731,detail,1,0.8,68,41,29.008241653442383,1.8260829448699951,3,False
731,detail,1,0.7,71,49,28.83732795715332,2.301032543182373,2,False
731,detail,1,0.6,71,55,28.661157608032227,2.350928783416748,2,True
731,detail,2,1.0,115,12,38.76706314086914,1.4372963905334473,4,False
731,detail,2,0.9,118,21,36.67348098754883,1.53383469581604,3,False
731,detail,2,0.8,118,30,37.28593063354492,1.7689967155456543,3,False
731,detail,2,0.7,119,36,36.932193756103516,1.8484306335449219,2,False
731,detail,2,0.6,119,44,38.70058822631836,2.19193172454834,2,False
731,detail,3,1.0,25,0,37.02296447753906,1.679173469543457,4,False
731,detail,3,0.9,26,9,36.55038833618164,1.559614896774292,3,False
731,detail,3,0.8,29,30,35.33147048950195,1.7958228588104248,3,False
731,detail,3,0.7,27,24,35.81816482543945,1.6604034900665283,2,False
731,detail,3,0.6,29,30,34.45407485961914,1.658141851425171,2,False
732,coarse,1,0.3,36,26,27.326013565063477,,,True
732,coarse,2,0.3,64,10,31.237388610839844,,,True
732,coarse,3,0.4,14,2,33.71891784667969,,,True
732,detail,1,1.0,67,29,34.01017761230469,1.4200890064239502,4,False
732,detail,1,0.9,68,35,31.377628326416016,1.6398956775665283,3,False
732,detail,1,0.8,68,41,29.050601959228516,1.833294153213501,3,False
732,detail,1,0.7,71,49,28.86966323852539,2.317286491394043,2,False
732,detail,1,0.6,71,55,28.678476333618164,2.3667688369750977,2,True
732,detail,2,1.0,115,12,38.797088623046875,1.4413666725158691,4,False
732,detail,2,0.9,118,21,36.69942855834961,1.5384581089019775,3,False
732,detail,2,0.8,118,30,37.312198638916016,1.774320125579834,3,False
732,detail,2,0.7,119,36,36.97468566894531,1.853156566619873,2,False
732,detail,2,0.6,119,44,38.73219680786133,2.194790840148926,2,False
732,detail,3,1.0,25,0,37.0291633605957,1.6795001029968262,4,False
732,detail,3,0.9,26,9,36.56199264526367,1.5590722560882568,3,False
732,detail,3,0.8,29,30,35.31068420410156,1.7976953983306885,3,False
732,detail,3,0.7,27,24,35.830894470214844,1.6590702533721924,2,False
732,detail,3,0.6,29,30,34.39008331298828,1.6585915088653564,2,False
733,coarse,1,0.3,36,26,27.195674896240234,,,True
733,coarse,2,0.4,66,14,33.510868072509766,,,True
733,coarse,3,0.4,14,2,33.77186584472656,,,True
733,detail,1,1.0,67,29,34.05487823486328,1.2317979335784912,4,False
733,detail,1,0.9,68,35,31.371204376220703,1.462259292602539,3,False
733,detail,1,0.8,68,41,29.31507682800293,1.5257771015167236,3,False
733,detail,1,0.7,71,49,28.775297164916992,1.9317102432250977,2,False
733,detail,1,0.6,71,57,28.390073776245117,2.0125584602355957,2,True
733,detail,2,0.7,120,37,37.6092529296875,1.3797056674957275,2,False
733,detail,2,0.6,120,43,38.758792877197266,1.507422924041748,2,False
733,detail,3,1.0,25,0,37.14640808105469,1.8007166385650635,4,False
733,detail,3,0.9,26,9,36.573974609375,1.664121150970459,3,False
733,detail,3,0.8,29,30,35.54924011230469,2.176356315612793,3,False
733,detail,3,0.7,27,24,35.88346481323242,1.811227798461914,2,False
733,detail,3,0.6,29,30,34.703277587890625,1.771317958831787,2,False
734,coarse,1,0.3,36,26,27.1392879486084,,,True
734,coarse,2,0.4,66,14,33.40119552612305,,,True
734,coarse,3,0.4,14,2,33.76218032836914,,,True
734,detail,1,1.0,67,29,34.01158142089844,1.2359960079193115,4,False
734,detail,1,0.9,68,35,31.313251495361328,1.4685754776000977,3,False
734,detail,1,0.8,68,41,29.28713035583496,1.5329411029815674,3,False
734,detail,1,0.7,71,49,28.724262237548828,1.9357409477233887,2,False
734,detail,1,0.6,71,57,28.35127830505371,2.0170531272888184,2,True
734,detail,2,0.7,120,37,37.59218978881836,1.3798067569732666,2,False
734,detail,2,0.6,120,43,38.782432556152344,1.505514144897461,2,False
734,detail,3,1.0,25,0,37.11631393432617,1.8061010837554932,4,False
734,detail,3,0.9,26,9,36.55101776123047,1.6699738502502441,3,False
734,detail,3,0.8,29,30,35.56166458129883,2.1742210388183594,3,False
734,detail,3,0.7,27,24,35.87450408935547,1.8177833557128906,2,False
734,detail,3,0.6,29,30,34.7000617980957,1.7771234512329102,2,False
735,coarse,1,0.3,36,26,27.08205795288086,,,True
735,coarse,2,0.4,66,14,33.49871063232422,,,True
735,coarse,3,0.4,14,2,33.689937591552734,,,True
735,detail,1,1.0,67,29,33.958534240722656,1.2599155902862549,4,False
735,detail,1,0.9,68,35,31.258695602416992,1.5064444541931152,3,False
735,detail,1,0.8,68,41,29.25605583190918,1.571610927581787,3,False
735,detail,1,0.7,71,49,28.710840225219727,1.9493381977081299,2,False
735,detail,1,0.6,71,57,28.2797794342041,2.008345365524292,2,True
735,detail,2,0.7,120,37,37.447391510009766,1.3599743843078613,2,False
735,detail,2,0.6,120,43,38.710750579833984,1.4974148273468018,2,False
735,detail,3,1.0,25,0,37.07899856567383,1.8014748096466064,4,False
735,detail,3,0.9,26,9,36.524505615234375,1.6664018630981445,3,False
735,detail,3,0.8,29,30,35.551727294921875,2.1671204566955566,3,False
735,detail,3,0.7,27,24,35.89592742919922,1.8160662651062012,2,False
735,detail,3,0.6,29,32,34.7364616394043,2.1864442825317383,2,False
736,coarse,1,0.3,36,26,26.9161376953125,,,True
736,coarse,2,0.4,66,14,33.2989501953125,,,True
736,coarse,3,0.4,14,2,33.61000061035156,,,True
736,detail,1,1.0,67,29,33.83488464355469,1.264604091644287,4,False
736,detail,1,0.9,68,35,31.06978988647461,1.513782262802124,3,False
736,detail,1,0.8,68,41,29.076704025268555,1.5950992107391357,3,False
736,detail,1,0.7,71,49,28.544601440429688,1.9946630001068115,2,False
736,detail,1,0.6,71,57,28.20813751220703,2.05220627784729,2,True
736,detail,2,0.8,120,38,42.04853820800781,1.212980031967163,3,False
736,detail,2,0.7,120,37,37.29316711425781,1.3742070198059082,2,False
736,detail,2,0.6,120,43,38.628990173339844,1.5264813899993896,2,False
736,detail,3,1.0,25,0,36.971256256103516,1.7762889862060547,4,False
736,detail,3,0.9,26,9,36.440338134765625,1.6380846500396729,3,False
736,detail,3,0.8,29,30,35.51915740966797,2.140883684158325,3,False
736,detail,3,0.7,27,24,35.77069854736328,1.757087230682373,2,False
736,detail,3,0.6,29,32,34.557823181152344,2.112536668777466,2,False
737,coarse,1,0.3,36,26,26.79772186279297,,,True
737,coarse,2,0.4,66,14,32.96482467651367,,,True
737,coarse,3,0.4,14,2,33.21939468383789,,,True
737,detail,1,1.0,67,29,33.76197814941406,1.2621326446533203,4,False
737,detail,1,0.9,68,35,30.97627830505371,1.5101735591888428,3,False
737,detail,1,0.8,68,41,29.083250045776367,1.5908229351043701,3,False
737,detail,1,0.7,71,49,28.4697265625,1.984384298324585,2,False
737,detail,1,0.6,71,57,28.151885986328125,2.0370752811431885,2,True
737,detail,2,0.8,120,32,39.33195495605469,1.202064037322998,3,False
737,detail,2,0.7,120,37,36.99802780151367,1.3871054649353027,2,False
737,detail,2,0.6,120,43,38.424293518066406,1.553299903869629,2,False
737,detail,3,1.0,25,0,36.60685729980469,1.7814431190490723,4,False
737,detail,3,0.9,26,9,36.029319763183594,1.643871545791626,3,False
737,detail,3,0.8,29,30,35.23077392578125,2.143799066543579,3,False
737,detail,3,0.7,27,22,35.386898040771484,1.5492916107177734,2,False
737,detail,3,0.6,29,32,34.12794876098633,2.1169965267181396,2,False
738,coarse,1,0.3,36,26,26.702774047851562,,,True
738,coarse,2,0.3,64,22,30.77425193786621,,,True
738,coarse,3,0.4,14,2,33.21939468383789,,,True
738,detail,1,1.0,67,29,33.70024108886719,1.214045524597168,4,False
738,detail,1,0.9,68,35,30.90325355529785,1.4521408081054688,3,False
738,detail,1,0.8,68,41,29.111459732055664,1.5350229740142822,3,False
738,detail,1,0.7,71,49,28.471492767333984,1.9544291496276855,2,False
738,detail,1,0.6,71,57,28.155210494995117,2.0291993618011475,2,True
738,detail,2,0.9,118,23,37.1053352355957,1.3259050846099854,3,False
738,detail,2,0.8,118,29,36.30187225341797,1.488757610321045,3,False
738,detail,2,0.7,119,37,36.54946517944336,1.6137847900390625,2,False
738,detail,2,0.6,121,69,38.53398895263672,1.655698537826538,2,False
738,detail,3,1.0,25,0,36.6129035949707,1.7433969974517822,4,False
738,detail,3,0.9,26,9,36.036075592041016,1.6453592777252197,3,False
738,detail,3,0.8,29,30,35.272151947021484,2.162569046020508,3,False
738,detail,3,0.7,27,22,35.388790130615234,1.538506269454956,2,False
738,detail,3,0.6,29,32,34.1329460144043,2.129248857498169,2,False
739,coarse,1,0.3,36,26,26.676305770874023,,,True
739,coarse,2,0.3,64,22,30.80460548400879,,,True
739,coarse,3,0.4,14,2,33.2295036315918,,,True
739,detail,1,1.0,67,29,33.6956901550293,1.2060089111328125,4,False
739,detail,1,0.9,68,35,30.89147186279297,1.4583840370178223,3,False
739,detail,1,0.8,68,41,29.1088809967041,1.531188726425171,3,False
739,detail,1,0.7,71,49,28.44388771057129,1.933824062347412,2,False
739,detail,1,0.6,71,57,28.133129119873047,1.968207597732544,2,True
739,detail,2,0.9,118,23,37.067787170410156,1.2949559688568115,3,False
739,detail,2,0.8,118,29,36.27328109741211,1.4574077129364014,3,False
739,detail,2,0.7,119,37,36.502681732177734,1.560157299041748,2,False
739,detail,2,0.6,121,69,38.43521499633789,1.5696015357971191,2,False
739,detail,3,1.0,25,0,36.59336853027344,1.755826473236084,4,False
739,detail,3,0.9,26,9,36.01250076293945,1.6478781700134277,3,False
739,detail,3,0.8,29,30,35.26307678222656,2.1344330310821533,3,False
739,detail,3,0.7,27,22,35.343536376953125,1.5663385391235352,2,False
739,detail,3,0.6,29,32,34.10631561279297,2.048527479171753,2,False
740,coarse,1,0.3,36,26,26.694377899169922,,,True
740,coarse,2,0.3,64,22,30.816852569580078,,,True
740,coarse,3,0.4,14,2,33.10613250732422,,,True
740,detail,1,1.0,67,29,33.652862548828125,1.2492058277130127,4,False
740,detail,1,0.9,68,35,30.836135864257812,1.4972829818725586,3,False
740,detail,1,0.8,68,41,29.152673721313477,1.5742602348327637,3,False
740,detail,1,0.7,71,49,28.440961837768555,1.9612646102905273,2,False
740,detail,1,0.6,71,57,28.204748153686523,2.03254771232605,2,True
740,detail,2,0.9,118,23,37.031681060791016,1.3610496520996094,3,False
740,detail,2,0.8,118,29,36.28779602050781,1.521547555923462,3,False
740,detail,2,0.7,119,37,36.53893280029297,1.6353094577789307,2,False
740,detail,2,0.6,121,69,38.50239562988281,1.5688095092773438,2,False
740,detail,3,1.0,25,0,36.48977279663086,1.7438368797302246,4,False
740,detail,3,0.9,26,9,35.91984939575195,1.6818301677703857,3,False
740,detail,3,0.8,29,30,35.21274185180664,2.188424825668335,3,False
740,detail,3,0.7,27,22,35.18901062011719,1.5441977977752686,2,False
740,detail,3,0.6,29,32,34.01443862915039,2.1271750926971436,2,False
741,coarse,1,0.3,36,26,26.724294662475586,,,True
741,coarse,2,0.3,64,22,30.829883575439453,,,True
741,coarse,3,0.4,14,2,33.1069450378418,,,True
741,detail,1,1.0,67,29,33.59878158569336,1.2424001693725586,4,False
741,detail,1,0.9,68,35,30.79552459716797,1.4912853240966797,3,False
741,detail,1,0.8,68,41,29.198780059814453,1.5703487396240234,3,False
741,detail,1,0.7,71,49,28.405731201171875,1.9578800201416016,2,False
741,detail,1,0.6,71,57,28.155366897583008,2.0265209674835205,2,True
741,detail,2,1.0,115,17,39.95344924926758,1.3602123260498047,4,False
741,detail,2,0.9,118,23,36.98414611816406,1.3839154243469238,3,False
741,detail,2,0.8,118,29,36.250938415527344,1.547410249710083,3,False
741,detail,2,0.7,119,37,36.46360397338867,1.6493849754333496,2,False
741,detail,2,0.6,121,69,38.48163604736328,1.5786190032958984,2,False
741,detail,3,1.0,25,0,36.507144927978516,1.73980712890625,4,False
741,detail,3,0.9,26,9,35.94366455078125,1.6764562129974365,3,False
741,detail,3,0.8,29,30,35.22014236450195,2.1886889934539795,3,False
741,detail,3,0.7,27,22,35.215545654296875,1.5372216701507568,2,False
741,detail,3,0.6,29,32,34.03193664550781,2.12060809135437,2,False
742,coarse,1,0.3,36,26,26.76324462890625,,,True
742,coarse,2,0.3,64,22,30.82196044921875,,,True
742,coarse,3,0.4,14,2,33.096073150634766,,,True
742,detail,1,1.0,67,29,33.530948638916016,1.2498717308044434,4,False
742,detail,1,0.9,68,35,30.716144561767578,1.4991579055786133,3,False
742,detail,1,0.8,68,41,29.110530853271484,1.5777254104614258,3,False
742,detail,1,0.7,71,49,28.356794357299805,1.9716715812683105,2,False
742,detail,1,0.6,71,57,28.170944213867188,2.03674054145813,2,True
742,detail,2,1.0,115,17,39.82728958129883,1.3595285415649414,4,False
742,detail,2,0.9,118,23,36.893577575683594,1.3797860145568848,3,False
742,detail,2,0.8,118,29,36.17338180541992,1.542102575302124,3,False
742,detail,2,0.7,119,37,36.40928649902344,1.6422295570373535,2,False
742,detail,2,0.6,121,69,38.54354476928711,1.5689401626586914,2,False
742,detail,3,1.0,25,0,36.5122184753418,1.7436895370483398,4,False
742,detail,3,0.9,26,9,35.9074821472168,1.680945634841919,3,False
742,detail,3,0.8,29,30,35.15072250366211,2.193293809890747,3,False
742,detail,3,0.7,27,22,35.184268951416016,1.540928602218628,2,False
742,detail,3,0.6,29,32,34.08673858642578,2.123575448989868,2,False
743,coarse,1,0.3,36,26,26.801284790039062,,,True
743,coarse,2,0.3,64,22,30.82196044921875,,,True
743,coarse,3,0.4,14,2,33.22573471069336,,,True
743,detail,1,1.0,67,29,33.52106475830078,1.2520108222961426,4,False
743,detail,1,0.9,68,35,30.737838745117188,1.4996380805969238,3,False
743,detail,1,0.8,68,41,29.189729690551758,1.577265739440918,3,False
743,detail,1,0.7,71,49,28.394847869873047,1.9688706398010254,2,False
743,detail,1,0.6,71,57,28.163692474365234,2.0315511226654053,2,True
743,detail,2,1.0,115,17,39.87351989746094,1.430722951889038,4,False
743,detail,2,0.9,118,23,36.929386138916016,1.467611312866211,3,False
743,detail,2,0.8,118,29,36.25235366821289,1.6397302150726318,3,False
743,detail,2,0.7,119,37,36.456233978271484,1.7491931915283203,2,False
743,detail,2,0.6,121,69,38.57749938964844,1.6669111251831055,2,False
743,detail,3,1.0,25,0,36.57823181152344,1.7481184005737305,4,False
743,detail,3,0.9,26,9,35.95742416381836,1.6851260662078857,3,False
743,detail,3,0.8,29,30,35.125732421875,2.1942543983459473,3,False
743,detail,3,0.7,27,22,35.24657440185547,1.5420987606048584,2,False
743,detail,3,0.6,29,32,34.0921516418457,2.126304864883423,2,False
744,coarse,1,0.3,36,26,26.802352905273438,,,True
744,coarse,2,0.3,64,22,30.755014419555664,,,True
744,coarse,3,0.4,14,2,33.17233657836914,,,True
744,detail,1,1.0,67,29,33.54500961303711,1.283369779586792,4,False
744,detail,1,0.9,68,35,30.757858276367188,1.5373501777648926,3,False
744,detail,1,0.8,68,41,29.24249267578125,1.5956599712371826,3,False
744,detail,1,0.7,71,49,28.383853912353516,2.0076165199279785,2,False
744,detail,1,0.6,71,57,28.17681121826172,2.009714365005493,2,True
744,detail,2,1.0,115,17,39.913368225097656,1.4303419589996338,4,False
744,detail,2,0.9,118,23,36.98637771606445,1.4698395729064941,3,False
744,detail,2,0.8,118,29,36.292850494384766,1.641632318496704,3,False
744,detail,2,0.7,119,37,36.53541946411133,1.7505607604980469,2,False
744,detail,2,0.6,121,69,38.573604583740234,1.6737265586853027,2,False
744,detail,3,1.0,25,0,36.58830261230469,1.7412900924682617,4,False
744,detail,3,0.9,26,9,35.949302673339844,1.6766149997711182,3,False
744,detail,3,0.8,29,30,35.077964782714844,2.191586494445801,3,False
744,detail,3,0.7,27,22,35.26041030883789,1.5253121852874756,2,False
744,detail,3,0.6,29,32,34.11619186401367,2.1108739376068115,2,False
745,coarse,1,0.3,36,26,26.730554580688477,,,True
745,coarse,2,0.4,64,10,33.40951919555664,,,True
745,coarse,3,0.4,14,2,33.937713623046875,,,True
745,detail,1,1.0,67,29,33.839813232421875,1.1664316654205322,4,False
745,detail,1,0.9,68,35,31.02358055114746,1.377718210220337,3,False
745,detail,1,0.8,68,41,29.750703811645508,1.3897604942321777,3,False
745,detail,1,0.7,71,49,28.46180534362793,1.8231456279754639,2,True
745,detail,1,0.6,71,55,28.640731811523438,1.7318286895751953,2,False
745,detail,2,0.9,117,21,37.18793487548828,1.4336700439453125,3,False
745,detail,2,0.8,120,30,38.15498733520508,1.3087327480316162,3,False
745,detail,2,0.7,119,37,36.97666931152344,1.7251598834991455,2,False
745,detail,2,0.6,125,45,37.669376373291016,1.1539437770843506,2,False
745,detail,3,1.0,25,0,37.20603942871094,1.7624022960662842,4,False
745,detail,3,0.9,26,9,36.60966873168945,1.762890338897705,3,False
745,detail,3,0.8,29,30,35.669124603271484,2.282681941986084,3,False
745,detail,3,0.7,31,38,36.05604553222656,2.622244119644165,2,False
745,detail,3,0.6,29,30,34.946144104003906,1.8297607898712158,2,False
746,coarse,1,0.3,36,26,26.768823623657227,,,True
746,coarse,2,0.4,64,10,33.39714431762695,,,True
746,coarse,3,0.4,14,2,33.87245559692383,,,True
746,detail,1,1.0,67,29,33.854156494140625,1.165996789932251,4,False
746,detail,1,0.9,68,35,31.032026290893555,1.3781044483184814,3,False
746,detail,1,0.8,68,41,29.77604103088379,1.3902149200439453,3,False
746,detail,1,0.7,71,49,28.463581085205078,1.8230979442596436,2,True
746,detail,1,0.6,71,55,28.659635543823242,1.7313151359558105,2,False
746,detail,2,0.9,117,21,37.2448844909668,1.39849853515625,3,False
746,detail,2,0.8,120,30,38.24079895019531,1.2927885055541992,3,False
746,detail,2,0.7,119,37,37.054656982421875,1.714371919631958,2,False
746,detail,2,0.6,125,45,37.80897903442383,1.1469333171844482,2,False
746,detail,3,1.0,25,0,37.20553207397461,1.7492702007293701,4,False
746,detail,3,0.9,26,9,36.62329864501953,1.7482938766479492,3,False
746,detail,3,0.8,29,30,35.67155838012695,2.274412155151367,3,False
746,detail,3,0.7,31,38,36.02677536010742,2.6153218746185303,2,False
746,detail,3,0.6,29,30,34.97843551635742,1.8191473484039307,2,False
747,coarse,1,0.3,36,26,27.183805465698242,,,True
747,coarse,2,0.4,64,10,34.38587188720703,,,True
747,coarse,3,0.5,12,0,36.7302360534668,,,True
747,detail,1,1.0,67,29,34.6107063293457,1.191033124923706,4,False
747,detail,1,0.9,68,35,31.715133666992188,1.3991501331329346,3,False
747,detail,1,0.8,68,41,30.423023223876953,1.4183945655822754,3,False
747,detail,1,0.7,71,49,28.910640716552734,1.882606029510498,2,True
747,detail,1,0.6,71,57,29.118202209472656,1.6983366012573242,2,False
747,detail,2,0.9,117,21,38.20555877685547,1.3655517101287842,3,False
747,detail,2,0.8,120,30,39.20995330810547,1.2902863025665283,3,False
747,detail,2,0.7,119,37,38.079750061035156,1.703000783920288,2,False
747,detail,2,0.6,121,43,39.72175598144531,1.2270607948303223,2,False
747,detail,3,1.0,23,0,38.562660217285156,1.6101458072662354,4,False
747,detail,3,0.9,24,9,38.04154968261719,1.7146217823028564,3,False
747,detail,3,0.8,30,30,36.856407165527344,2.295393228530884,3,False
747,detail,3,0.7,31,38,36.75571060180664,2.6058855056762695,2,False
747,detail,3,0.6,29,30,35.742549896240234,1.8580591678619385,2,False
748,coarse,1,0.3,36,26,27.34427261352539,,,True
748,coarse,2,0.4,64,10,34.557125091552734,,,True
748,coarse,3,0.5,12,0,37.039886474609375,,,True
748,detail,1,1.0,67,29,34.66142272949219,1.1668047904968262,4,False
748,detail,1,0.9,68,35,31.839651107788086,1.3865540027618408,3,False
748,detail,1,0.8,68,41,30.586185455322266,1.4050359725952148,3,False
748,detail,1,0.7,71,49,29.079853057861328,1.8694453239440918,2,True
748,detail,1,0.6,71,57,29.30193519592285,1.696995496749878,2,False
748,detail,2,0.9,117,21,38.463191986083984,1.3165135383605957,3,False
748,detail,2,0.8,120,30,39.55879211425781,1.226919174194336,3,False
748,detail,2,0.7,119,37,38.529052734375,1.6162621974945068,2,False
748,detail,2,0.6,121,43,40.131187438964844,1.1320703029632568,2,False
748,detail,3,1.0,23,0,38.91217803955078,1.6304633617401123,4,False
748,detail,3,0.9,24,6,37.30766677856445,1.6017143726348877,3,False
748,detail,3,0.8,30,30,36.97499084472656,2.2601146697998047,3,False
748,detail,3,0.7,31,38,36.81421661376953,2.5545361042022705,2,False
748,detail,3,0.6,29,30,35.82814025878906,1.8420286178588867,2,False
749,coarse,1,0.3,36,26,27.551156997680664,,,True
749,coarse,2,0.4,64,10,35.04274368286133,,,True
749,coarse,3,0.5,12,0,37.40144348144531,,,True
749,detail,1,1.0,67,29,34.99472427368164,1.1468489170074463,4,False
749,detail,1,0.9,68,35,32.12274932861328,1.3577244281768799,3,False
749,detail,1,0.8,68,41,30.727670669555664,1.3779997825622559,3,False
749,detail,1,0.7,71,49,29.125041961669922,1.833019733428955,2,True
749,detail,1,0.6,71,55,29.28447151184082,1.7122225761413574,2,False
749,detail,2,0.9,117,21,38.792362213134766,1.2805204391479492,3,False
749,detail,2,0.8,117,27,39.76012420654297,1.2981979846954346,3,False
749,detail,2,0.7,119,37,38.985496520996094,1.5882947444915771,2,False
749,detail,2,0.6,121,43,40.534603118896484,1.0931262969970703,2,False
749,detail,3,1.0,23,0,39.29734420776367,1.6050081253051758,4,False
749,detail,3,0.9,27,6,37.48185348510742,1.8623735904693604,3,False
749,detail,3,0.8,30,30,37.179988861083984,2.3066670894622803,3,False
749,detail,3,0.7,31,38,36.95471954345703,2.6021461486816406,2,False
749,detail,3,0.6,29,30,35.97696304321289,1.9832890033721924,2,False
750,coarse,1,0.3,36,26,28.006816864013672,,,True
750,coarse,2,0.4,64,10,35.17584228515625,,,True
750,coarse,3,0.5,12,0,37.70522689819336,,,True
750,detail,1,1.0,67,29,35.309261322021484,1.1192817687988281,4,False
750,detail,1,0.9,68,35,32.50661849975586,1.325256586074829,3,False
750,detail,1,0.8,68,41,31.00491714477539,1.3568520545959473,3,False
750,detail,1,0.7,71,49,29.539682388305664,1.790663242340088,2,True
750,detail,1,0.6,71,55,29.56194305419922,1.658421277999878,2,False
750,detail,2,0.9,117,21,38.981048583984375,1.3607325553894043,3,False
750,detail,2,0.8,117,27,39.902618408203125,1.419755220413208,3,False
750,detail,2,0.7,119,37,39.271671295166016,1.700049638748169,2,False
750,detail,2,0.6,121,43,40.61625289916992,1.332160234451294,2,False
750,detail,3,1.0,27,0,39.59443664550781,1.7537331581115723,4,False
750,detail,3,0.9,27,6,37.76983642578125,1.7800617218017578,3,False
750,detail,3,0.8,30,30,37.5582389831543,2.2580878734588623,3,False
750,detail,3,0.7,31,38,37.386165618896484,2.583588123321533,2,False
750,detail,3,0.6,29,30,36.26700210571289,1.919945478439331,2,False
751,coarse,1,0.3,36,26,27.896089553833008,,,True
751,coarse,2,0.4,64,10,35.076393127441406,,,True
751,coarse,3,0.5,12,0,37.56934356689453,,,True
751,detail,1,1.0,67,29,35.065773010253906,1.1226251125335693,4,False
751,detail,1,0.9,68,35,32.323307037353516,1.3336379528045654,3,False
751,detail,1,0.8,68,41,30.76935386657715,1.3658666610717773,3,False
751,detail,1,0.7,71,49,29.327913284301758,1.804417610168457,2,True
751,detail,1,0.6,71,55,29.494693756103516,1.6730365753173828,2,False
751,detail,2,0.9,117,21,38.891136169433594,1.3566780090332031,3,False
751,detail,2,0.8,117,27,39.73931121826172,1.4137461185455322,3,False
751,detail,2,0.7,119,37,39.20574188232422,1.6975538730621338,2,False
751,detail,2,0.6,121,43,40.401302337646484,1.3245184421539307,2,False
751,detail,3,1.0,23,0,39.533016204833984,1.5457444190979004,4,False
751,detail,3,0.9,27,6,37.677127838134766,1.7749896049499512,3,False
751,detail,3,0.8,30,30,37.5919303894043,2.240041494369507,3,False
751,detail,3,0.7,31,38,37.45895004272461,2.549899101257324,2,False
751,detail,3,0.6,29,30,36.12620162963867,1.846364974975586,2,False
752,coarse,1,0.3,36,26,27.575519561767578,,,True
752,coarse,2,0.4,64,10,34.20051956176758,,,True
752,coarse,3,0.5,12,0,36.670326232910156,,,True
752,detail,1,1.0,67,29,34.46684646606445,1.1529967784881592,4,False
752,detail,1,0.9,68,35,31.73638153076172,1.391451120376587,3,False
752,detail,1,0.8,68,41,30.05130386352539,1.4237282276153564,3,False
752,detail,1,0.7,71,49,28.869749069213867,1.8500730991363525,2,True
752,detail,1,0.6,71,55,28.972482681274414,1.6403093338012695,2,False
752,detail,2,0.9,117,21,38.19760513305664,1.3777403831481934,3,False
752,detail,2,0.8,117,27,38.96525955200195,1.4307668209075928,3,False
752,detail,2,0.7,119,37,38.552467346191406,1.7135698795318604,2,False
752,detail,2,0.6,121,43,39.5883903503418,1.310347080230713,2,False
752,detail,3,1.0,23,0,38.66220474243164,1.553694725036621,4,False
752,detail,3,0.9,27,6,36.78059005737305,1.8394744396209717,3,False
752,detail,3,0.8,30,30,36.75629806518555,2.158987045288086,3,False
752,detail,3,0.7,31,38,36.628292083740234,2.4780142307281494,2,False
752,detail,3,0.6,29,30,35.16059875488281,1.7057831287384033,2,False
753,coarse,1,0.3,36,26,27.53838539123535,,,True
753,coarse,2,0.4,64,10,34.257930755615234,,,True
753,detail,1,1.0,67,29,34.3780632019043,1.2247235774993896,4,False
753,detail,1,0.9,68,35,31.67923927307129,1.4340364933013916,3,False
753,detail,1,0.8,68,41,29.99449348449707,1.4500513076782227,3,False
753,detail,1,0.7,71,49,28.814504623413086,1.8269078731536865,2,True
753,detail,1,0.6,71,55,28.92589569091797,1.6699039936065674,2,False
753,detail,2,0.9,117,21,38.02177429199219,1.3763313293457031,3,False
753,detail,2,0.8,117,27,38.69176483154297,1.3884141445159912,3,False
753,detail,2,0.7,119,35,38.394412994384766,1.4093728065490723,2,False
753,detail,2,0.6,121,43,39.63029861450195,1.18599534034729,2,False
754,coarse,1,0.3,36,26,27.61537742614746,,,True
754,coarse,2,0.4,64,10,34.20412826538086,,,True
754,detail,1,1.0,67,29,34.360008239746094,1.200796365737915,4,False
754,detail,1,0.9,68,35,31.735469818115234,1.3951199054718018,3,False
754,detail,1,0.8,68,41,30.043638229370117,1.406559944152832,3,False
754,detail,1,0.7,71,49,28.90152931213379,1.775632381439209,2,True
754,detail,1,0.6,71,55,29.02614402770996,1.614320993423462,2,False
754,detail,2,0.9,117,21,38.07284164428711,1.3547947406768799,3,False
754,detail,2,0.8,117,27,38.72566604614258,1.4200105667114258,3,False
754,detail,2,0.7,119,35,38.38691711425781,1.502039909362793,2,False
754,detail,2,0.6,121,43,39.722782135009766,1.2777681350708008,2,False
755,coarse,1,0.3,36,26,27.440631866455078,,,True
755,coarse,2,0.4,64,10,34.17072296142578,,,True
755,coarse,3,0.5,12,0,36.66285705566406,,,True
755,detail,1,1.0,67,29,34.252498626708984,1.2198550701141357,4,False
755,detail,1,0.9,68,35,31.6385440826416,1.4108984470367432,3,False
755,detail,1,0.8,68,41,29.92652130126953,1.4251484870910645,3,False
755,detail,1,0.7,71,49,28.69868278503418,1.792283058166504,2,True
755,detail,1,0.6,71,55,28.838220596313477,1.6271989345550537,2,False
755,detail,2,0.9,117,21,38.098182678222656,1.414900541305542,3,False
755,detail,2,0.8,120,27,38.116336822509766,1.1375153064727783,3,False
755,detail,2,0.7,119,35,38.44003677368164,1.6403462886810303,2,False
755,detail,2,0.6,121,43,39.75725173950195,1.4266648292541504,2,False
755,detail,3,1.0,23,0,38.68092727661133,1.6088714599609375,4,False
755,detail,3,0.9,27,6,36.64692687988281,1.5760931968688965,3,False
755,detail,3,0.8,30,30,36.6336669921875,2.2950613498687744,3,False
755,detail,3,0.7,27,20,36.504905700683594,1.361220359802246,2,False
755,detail,3,0.6,29,30,35.0195426940918,1.9980194568634033,2,False
756,coarse,1,0.3,36,26,27.473438262939453,,,True
756,coarse,2,0.4,64,10,34.104530334472656,,,True
756,coarse,3,0.5,12,0,36.65901184082031,,,True
756,detail,1,1.0,67,29,34.27793502807617,1.2243759632110596,4,False
756,detail,1,0.9,68,35,31.63663101196289,1.4134023189544678,3,False
756,detail,1,0.8,68,41,30.102724075317383,1.423558235168457,3,False
756,detail,1,0.7,71,49,28.632801055908203,1.7929821014404297,2,True
756,detail,1,0.6,71,55,28.8991756439209,1.6210920810699463,2,False
756,detail,2,0.9,117,21,38.08140563964844,1.4346883296966553,3,False
756,detail,2,0.8,120,27,38.048194885253906,1.144937515258789,3,False
756,detail,2,0.7,119,35,38.35089111328125,1.6508691310882568,2,False
756,detail,2,0.6,121,43,39.669376373291016,1.4196207523345947,2,False
756,detail,3,1.0,23,0,38.69514083862305,1.5941483974456787,4,False
756,detail,3,0.9,27,6,36.628257751464844,1.5704131126403809,3,False
756,detail,3,0.8,30,30,36.66069412231445,2.2600903511047363,3,False
756,detail,3,0.7,27,20,36.50444412231445,1.2917773723602295,2,False
756,detail,3,0.6,29,30,35.050323486328125,1.9144201278686523,2,False
757,coarse,1,0.3,36,26,26.480396270751953,,,True
757,coarse,2,0.3,64,10,30.54511833190918,,,True
757,detail,1,1.0,67,29,33.21846008300781,1.1474924087524414,4,False
757,detail,1,0.9,68,35,30.630929946899414,1.1777966022491455,3,False
757,detail,1,0.8,68,41,29.501184463500977,1.3149783611297607,3,False
757,detail,1,0.7,71,49,27.498512268066406,1.8450300693511963,2,True
757,detail,1,0.6,71,55,28.139869689941406,1.5587513446807861,2,False
757,detail,2,0.8,115,30,42.36637496948242,1.1097345352172852,3,False
757,detail,2,0.7,119,38,38.20316696166992,1.0667133331298828,2,False
757,detail,2,0.6,119,42,39.11958694458008,1.1310162544250488,2,False
758,coarse,1,0.3,36,26,26.4636287689209,,,True
758,coarse,2,0.3,64,10,30.54511833190918,,,True
758,detail,1,1.0,67,29,33.22400665283203,1.14567232131958,4,False
758,detail,1,0.9,68,35,30.619020462036133,1.1757094860076904,3,False
758,detail,1,0.8,68,41,29.505735397338867,1.3146569728851318,3,False
758,detail,1,0.7,71,49,27.449386596679688,1.8437225818634033,2,True
758,detail,1,0.6,71,55,28.120031356811523,1.5566375255584717,2,False
758,detail,2,0.8,115,30,42.36503982543945,1.1097660064697266,3,False
758,detail,2,0.7,119,38,38.200984954833984,1.0667648315429688,2,False
758,detail,2,0.6,119,42,39.11958694458008,1.1310162544250488,2,False
759,coarse,1,0.3,36,28,26.306880950927734,,,True
759,coarse,2,0.3,64,10,30.54511833190918,,,True
759,coarse,3,0.5,34,0,35.238162994384766,,,True
759,detail,1,1.0,67,29,33.19432067871094,1.1599769592285156,4,False
759,detail,1,0.9,68,35,30.58335304260254,1.1915738582611084,3,False
759,detail,1,0.8,68,41,29.667316436767578,1.3264176845550537,3,False
759,detail,1,0.7,71,49,27.355520248413086,1.8566482067108154,2,True
759,detail,1,0.6,71,55,28.06915855407715,1.5698182582855225,2,False
759,detail,2,0.8,118,35,40.342647552490234,1.1266396045684814,3,False
759,detail,2,0.7,119,38,38.1248893737793,1.084942102432251,2,False
759,detail,2,0.6,119,42,39.18703079223633,1.1611285209655762,2,False
759,detail,3,0.9,68,27,33.7581787109375,1.3034825325012207,3,False
759,detail,3,0.8,68,33,32.2924690246582,1.3226912021636963,3,False
759,detail,3,0.7,71,44,29.04589080810547,2.0792717933654785,2,False
759,detail,3,0.6,71,52,29.256786346435547,1.825361967086792,2,False
760,coarse,1,0.3,36,28,26.02791976928711,,,True
760,coarse,2,0.3,64,10,30.366981506347656,,,True
760,coarse,3,0.5,34,0,35.11375427246094,,,True
760,detail,1,1.0,67,29,33.21759033203125,1.1607623100280762,4,False
760,detail,1,0.9,68,35,30.584157943725586,1.1933739185333252,3,False
760,detail,1,0.8,68,41,29.690797805786133,1.3249270915985107,3,False
760,detail,1,0.7,71,49,27.164691925048828,1.8511054515838623,2,True
760,detail,1,0.6,71,55,27.900358200073242,1.5593583583831787,2,False
760,detail,2,0.8,118,35,40.334938049316406,1.1261050701141357,3,False
760,detail,2,0.7,119,38,38.16286849975586,1.08400559425354,2,False
760,detail,2,0.6,119,42,39.326194763183594,1.159881591796875,2,False
760,detail,3,0.9,68,27,33.782752990722656,1.3029522895812988,3,False
760,detail,3,0.8,68,33,32.3645133972168,1.3207409381866455,3,False
760,detail,3,0.7,71,44,28.99036407470703,2.066951274871826,2,False
760,detail,3,0.6,71,52,29.096752166748047,1.8110802173614502,2,False
761,coarse,1,0.3,36,28,26.024843215942383,,,True
761,coarse,2,0.3,64,10,30.198898315429688,,,True
761,coarse,3,0.5,34,0,35.09250259399414,,,True
761,detail,1,1.0,67,29,33.249114990234375,1.1699542999267578,4,False
761,detail,1,0.9,68,35,30.649446487426758,1.199646234512329,3,False
761,detail,1,0.8,68,41,29.975526809692383,1.3219878673553467,3,False
761,detail,1,0.7,71,49,27.293598175048828,1.839812994003296,2,True
761,detail,1,0.6,71,55,28.069929122924805,1.5420582294464111,2,False
761,detail,2,0.8,118,30,37.660606384277344,1.143019437789917,3,False
761,detail,2,0.7,119,36,36.70442199707031,1.1096131801605225,2,False
761,detail,2,0.6,121,44,38.9225959777832,0.9612107276916504,2,False
761,detail,3,1.0,59,18,40.54536056518555,1.2654087543487549,4,False
761,detail,3,0.9,68,27,33.85691833496094,1.3055291175842285,3,False
761,detail,3,0.8,68,33,32.4633903503418,1.3112261295318604,3,False
761,detail,3,0.7,71,44,29.1595516204834,2.042149066925049,2,False
761,detail,3,0.6,71,52,29.1429386138916,1.7809779644012451,2,False
762,coarse,1,0.3,36,28,26.000720977783203,,,True
762,coarse,2,0.3,64,10,30.20219612121582,,,True
762,coarse,3,0.5,34,0,34.98280715942383,,,True
762,detail,1,1.0,67,29,33.361717224121094,1.115931510925293,4,False
762,detail,1,0.9,68,35,30.80202865600586,1.1391432285308838,3,False
762,detail,1,0.8,71,41,30.29998016357422,1.4298410415649414,3,False
762,detail,1,0.7,71,49,27.37347984313965,1.8050084114074707,2,True
762,detail,1,0.6,71,55,28.160953521728516,1.4941303730010986,2,False
762,detail,2,0.8,118,27,36.69895553588867,1.1241638660430908,3,False
762,detail,2,0.7,119,36,36.71055603027344,1.1930060386657715,2,False
762,detail,2,0.6,121,44,38.857322692871094,1.0353639125823975,2,False
762,detail,3,0.9,68,27,33.91095733642578,1.2190651893615723,3,False
762,detail,3,0.8,68,33,32.516361236572266,1.2099218368530273,3,False
762,detail,3,0.7,71,44,29.158618927001953,1.995462417602539,2,False
762,detail,3,0.6,71,52,29.170984268188477,1.726320743560791,2,False
763,coarse,1,0.3,36,28,25.71812629699707,,,True
763,coarse,2,0.3,64,10,30.528945922851562,,,True
763,coarse,3,0.5,34,0,35.00246047973633,,,True
763,detail,1,1.0,67,29,33.214942932128906,1.1668286323547363,4,False
763,detail,1,0.9,68,35,30.648618698120117,1.1709859371185303,3,False
763,detail,1,0.8,71,41,30.043508529663086,1.4609525203704834,3,False
763,detail,1,0.7,71,49,27.229482650756836,1.8277089595794678,2,True
763,detail,1,0.6,71,55,28.09334373474121,1.5130608081817627,2,False
763,detail,2,0.8,118,30,37.62432098388672,1.1906719207763672,3,False
763,detail,2,0.7,119,36,36.681941986083984,1.181208848953247,2,False
763,detail,2,0.6,121,44,38.85636520385742,1.045400857925415,2,False
763,detail,3,0.9,68,27,33.76569366455078,1.279721736907959,3,False
763,detail,3,0.8,68,33,32.38547134399414,1.2734856605529785,3,False
763,detail,3,0.7,71,44,29.048906326293945,2.025069236755371,2,False
763,detail,3,0.6,71,52,28.989431381225586,1.7446660995483398,2,False
764,coarse,1,0.3,36,28,25.41999053955078,,,True
764,coarse,2,0.3,64,10,30.512577056884766,,,True
764,coarse,3,0.5,34,0,34.99828338623047,,,True
764,detail,1,1.0,67,29,33.137123107910156,1.1366629600524902,4,False
764,detail,1,0.9,68,35,30.581087112426758,1.2224082946777344,3,False
764,detail,1,0.8,71,41,29.79213523864746,1.4661674499511719,3,False
764,detail,1,0.7,71,49,27.12613296508789,1.8309926986694336,2,True
764,detail,1,0.6,71,55,28.015472412109375,1.5146830081939697,2,False
764,detail,2,0.8,118,33,39.93334197998047,1.1789064407348633,3,False
764,detail,2,0.7,119,36,36.70682907104492,1.1316123008728027,2,False
764,detail,2,0.6,121,44,38.88733673095703,1.038323163986206,2,False
764,detail,3,1.0,63,16,37.6683235168457,1.2655730247497559,4,False
764,detail,3,0.9,68,27,33.671958923339844,1.2551748752593994,3,False
764,detail,3,0.8,68,33,32.350181579589844,1.3040306568145752,3,False
764,detail,3,0.7,71,44,28.924726486206055,2.036912441253662,2,False
764,detail,3,0.6,71,52,28.938400268554688,1.7520997524261475,2,False
765,coarse,1,0.3,36,28,25.17746353149414,,,True
765,coarse,2,0.3,64,10,30.505992889404297,,,True
765,coarse,3,0.5,34,0,34.92180252075195,,,True
765,detail,1,1.0,67,29,33.06801986694336,1.1196081638336182,4,False
765,detail,1,0.9,68,35,30.48287010192871,1.1605372428894043,3,False
765,detail,1,0.8,71,41,29.553382873535156,1.4694490432739258,3,False
765,detail,1,0.7,71,49,26.838333129882812,1.8391168117523193,2,True
765,detail,1,0.6,71,55,27.8342227935791,1.5256984233856201,2,False
765,detail,2,0.8,115,30,42.3896598815918,1.041313886642456,3,False
765,detail,2,0.7,119,38,38.227500915527344,1.036790132522583,2,False
765,detail,2,0.6,121,44,38.786048889160156,0.962777853012085,2,False
765,detail,3,1.0,63,18,37.6354866027832,1.1855707168579102,4,False
765,detail,3,0.9,68,27,33.56181335449219,1.2035436630249023,3,False
765,detail,3,0.8,68,33,32.17609786987305,1.243457555770874,3,False
765,detail,3,0.7,71,44,28.67070198059082,2.0503921508789062,2,False
765,detail,3,0.6,71,52,28.565017700195312,1.7875754833221436,2,False
766,coarse,1,0.3,36,28,25.4263973236084,,,True
766,coarse,2,0.3,64,10,30.569372177124023,,,True
766,coarse,3,0.5,34,0,35.075592041015625,,,True
766,detail,1,1.0,67,29,33.15130615234375,1.0793867111206055,4,False
766,detail,1,0.9,68,35,30.58162498474121,1.1661341190338135,3,False
766,detail,1,0.8,71,41,29.58465576171875,1.4358634948730469,3,False
766,detail,1,0.7,71,49,27.060335159301758,1.7983574867248535,2,True
766,detail,1,0.6,71,55,28.0795841217041,1.525618076324463,2,False
766,detail,2,0.8,115,30,42.59553909301758,1.1234791278839111,3,False
766,detail,2,0.7,119,36,36.88224411010742,1.1374497413635254,2,False
766,detail,2,0.6,121,42,38.49809646606445,1.0577592849731445,2,False
766,detail,3,1.0,63,16,37.81735610961914,1.1532819271087646,4,False
766,detail,3,0.9,68,27,33.69405746459961,1.1696956157684326,3,False
766,detail,3,0.8,68,33,32.3963623046875,1.2675697803497314,3,False
766,detail,3,0.7,71,44,28.85996437072754,2.0117812156677246,2,False
766,detail,3,0.6,71,52,28.851518630981445,1.7807068824768066,2,False
767,coarse,1,0.3,36,28,26.00065040588379,,,True
767,coarse,2,0.3,64,10,30.899024963378906,,,True
767,coarse,3,0.5,34,0,35.55601501464844,,,True
767,detail,1,1.0,67,29,33.718055725097656,1.090865135192871,4,False
767,detail,1,0.9,68,35,31.168750762939453,1.1419141292572021,3,False
767,detail,1,0.8,71,41,30.00727081298828,1.3916206359863281,3,False
767,detail,1,0.7,71,49,27.73910140991211,1.759779453277588,2,True
767,detail,1,0.6,71,55,28.750093460083008,1.4651389122009277,2,False
767,detail,2,0.8,115,30,42.98609924316406,1.1269702911376953,3,False
767,detail,2,0.7,119,36,37.26818084716797,1.1410207748413086,2,False
767,detail,2,0.6,121,42,38.85365676879883,1.0583584308624268,2,False
767,detail,3,1.0,63,16,38.334381103515625,1.1745147705078125,4,False
767,detail,3,0.9,68,27,34.148136138916016,1.1616160869598389,3,False
767,detail,3,0.8,68,33,32.86302947998047,1.234877347946167,3,False
767,detail,3,0.7,71,44,29.380990982055664,1.9676182270050049,2,False
767,detail,3,0.6,71,52,29.54904556274414,1.7123866081237793,2,False
768,coarse,1,0.3,36,28,26.189983367919922,,,True
768,coarse,2,0.3,64,10,31.25200080871582,,,True
768,coarse,3,0.5,34,0,35.82816696166992,,,True
768,detail,1,1.0,67,29,33.967262268066406,1.1664931774139404,4,False
768,detail,1,0.9,68,35,31.398387908935547,1.0698449611663818,3,False
768,detail,1,0.8,71,41,30.1467342376709,1.2773005962371826,3,False
768,detail,1,0.7,71,49,27.987957000732422,1.6663331985473633,2,True
768,detail,1,0.6,71,55,28.949050903320312,1.3992929458618164,2,False
768,detail,2,0.8,115,30,43.09055709838867,1.105504035949707,3,False
768,detail,2,0.7,119,36,37.384033203125,1.1331284046173096,2,False
768,detail,2,0.6,121,42,38.99135971069336,1.0600016117095947,2,False
768,detail,3,1.0,63,18,38.66094970703125,1.1756069660186768,4,False
768,detail,3,0.9,65,24,37.0772705078125,1.2216765880584717,3,False
768,detail,3,0.8,68,33,33.197540283203125,1.2277069091796875,3,False
768,detail,3,0.7,71,44,29.718259811401367,1.8696954250335693,2,False
768,detail,3,0.6,71,52,29.808837890625,1.6712040901184082,2,False
769,coarse,1,0.3,36,28,26.709529876708984,,,True
769,coarse,2,0.3,64,10,32.18043518066406,,,True
769,coarse,3,0.5,34,0,36.454124450683594,,,True
769,detail,1,1.0,67,29,34.80619430541992,1.0245800018310547,4,False
769,detail,1,0.9,68,35,32.261680603027344,1.164689540863037,3,False
769,detail,1,0.8,71,41,30.72841453552246,1.5166821479797363,3,False
769,detail,1,0.7,71,49,28.73465919494629,1.8940095901489258,2,True
769,detail,1,0.6,73,55,29.602251052856445,2.0693938732147217,2,False
769,detail,2,0.8,118,30,39.38093948364258,1.09855055809021,3,False
769,detail,2,0.7,121,36,38.351348876953125,1.190953016281128,2,False
769,detail,2,0.6,121,42,40.092674255371094,1.4151251316070557,2,False
769,detail,3,1.0,59,16,42.06230926513672,1.0152528285980225,4,False
769,detail,3,0.9,68,27,35.21055221557617,1.1292979717254639,3,False
769,detail,3,0.8,71,33,33.794979095458984,1.5245270729064941,3,False
769,detail,3,0.7,71,44,30.321943283081055,2.0806782245635986,2,False
769,detail,3,0.6,73,52,30.44416618347168,2.338294744491577,2,False
770,coarse,1,0.3,36,28,26.709529876708984,,,True
770,coarse,2,0.3,64,10,32.18043518066406,,,True
770,coarse,3,0.5,34,0,36.45643615722656,,,True
770,detail,1,1.0,67,29,34.814849853515625,1.0233511924743652,4,False
770,detail,1,0.9,68,35,32.27040481567383,1.1632099151611328,3,False
770,detail,1,0.8,71,41,30.726167678833008,1.5160374641418457,3,False
770,detail,1,0.7,71,49,28.743986129760742,1.8929858207702637,2,True
770,detail,1,0.6,73,55,29.602251052856445,2.0693938732147217,2,False
770,detail,2,0.8,118,30,39.38224792480469,1.0984127521514893,3,False
770,detail,2,0.7,121,36,38.351348876953125,1.190953016281128,2,False
770,detail,2,0.6,121,42,40.092674255371094,1.4151251316070557,2,False
770,detail,3,1.0,59,16,42.11374282836914,1.0127391815185547,4,False
770,detail,3,0.9,68,27,35.20248794555664,1.1275050640106201,3,False
770,detail,3,0.8,71,33,33.79854202270508,1.523684024810791,3,False
770,detail,3,0.7,71,44,30.32345962524414,2.079162836074829,2,False
770,detail,3,0.6,73,52,30.44416618347168,2.338294744491577,2,False
771,coarse,1,0.3,36,28,26.709529876708984,,,True
771,coarse,2,0.3,64,10,32.18043518066406,,,True
771,coarse,3,0.5,34,0,36.45012283325195,,,True
771,detail,1,1.0,67,29,34.82926559448242,1.0202956199645996,4,False
771,detail,1,0.9,68,35,32.28530502319336,1.1608824729919434,3,False
771,detail,1,0.8,71,41,30.728500366210938,1.5137524604797363,3,False
771,detail,1,0.7,71,49,28.744529724121094,1.8914141654968262,2,True
771,detail,1,0.6,73,55,29.602251052856445,2.0693938732147217,2,False
771,detail,2,0.8,118,30,39.43587112426758,1.0901124477386475,3,False
771,detail,2,0.7,121,36,38.38582229614258,1.1843183040618896,2,False
771,detail,2,0.6,121,42,40.18256378173828,1.4140503406524658,2,False
771,detail,3,1.0,59,16,42.18897247314453,1.0045676231384277,4,False
771,detail,3,0.9,68,27,35.212615966796875,1.1247642040252686,3,False
771,detail,3,0.8,71,33,33.80872344970703,1.520432472229004,3,False
771,detail,3,0.7,71,44,30.324453353881836,2.076843023300171,2,False
771,detail,3,0.6,73,52,30.44416618347168,2.338294744491577,2,False
772,coarse,1,0.3,36,28,26.702537536621094,,,True
772,coarse,2,0.3,64,10,32.178314208984375,,,True
772,coarse,3,0.5,34,0,36.45012283325195,,,True
772,detail,1,1.0,67,29,34.830448150634766,1.020007610321045,4,False
772,detail,1,0.9,68,35,32.28630447387695,1.1605253219604492,3,False
772,detail,1,0.8,71,41,30.720645904541016,1.5132112503051758,3,False
772,detail,1,0.7,71,49,28.738252639770508,1.8906641006469727,2,True
772,detail,1,0.6,73,55,29.579599380493164,2.0698750019073486,2,False
772,detail,2,0.8,118,30,39.431758880615234,1.0940396785736084,3,False
772,detail,2,0.7,121,36,38.38582229614258,1.1843183040618896,2,False
772,detail,2,0.6,121,42,40.18256378173828,1.4140503406524658,2,False
772,detail,3,1.0,59,16,42.1916618347168,1.00437331199646,4,False
772,detail,3,0.9,68,27,35.21196365356445,1.1241796016693115,3,False
772,detail,3,0.8,71,33,33.80912399291992,1.5199227333068848,3,False
772,detail,3,0.7,71,44,30.319604873657227,2.0753300189971924,2,False
772,detail,3,0.6,73,52,30.44774627685547,2.336524248123169,2,False
773,coarse,1,0.3,36,28,26.754575729370117,,,True
773,coarse,2,0.3,64,10,32.178314208984375,,,True
773,coarse,3,0.5,34,0,36.449405670166016,,,True
773,detail,1,1.0,67,29,34.836830139160156,1.0200152397155762,4,False
773,detail,1,0.9,68,35,32.301734924316406,1.1606898307800293,3,False
773,detail,1,0.8,71,41,30.7669677734375,1.5136899948120117,3,False
773,detail,1,0.7,71,49,28.784711837768555,1.9004883766174316,2,True
773,detail,1,0.6,73,55,29.6138858795166,2.073603868484497,2,False
773,detail,2,0.8,118,30,39.45891189575195,1.0906283855438232,3,False
773,detail,2,0.7,121,36,38.56230545043945,1.1808931827545166,2,False
773,detail,2,0.6,121,42,40.33393478393555,1.4108412265777588,2,False
773,detail,3,1.0,59,16,42.214210510253906,1.0016529560089111,4,False
773,detail,3,0.9,68,27,35.223262786865234,1.1238000392913818,3,False
773,detail,3,0.8,71,33,33.800296783447266,1.5185279846191406,3,False
773,detail,3,0.7,71,44,30.329172134399414,2.086660146713257,2,False
773,detail,3,0.6,73,52,30.46808624267578,2.3400065898895264,2,False
774,coarse,1,0.3,36,28,26.92228889465332,,,True
774,coarse,2,0.3,64,10,32.178314208984375,,,True
774,coarse,3,0.5,34,0,36.4932861328125,,,True
774,detail,1,1.0,67,29,34.804664611816406,1.0249958038330078,4,False
774,detail,1,0.9,68,35,32.27967834472656,1.163935661315918,3,False
774,detail,1,0.8,71,41,30.961071014404297,1.5200386047363281,3,False
774,detail,1,0.7,71,49,28.834508895874023,1.9031925201416016,2,True
774,detail,1,0.6,73,55,29.82659339904785,2.0789783000946045,2,False
774,detail,2,0.8,118,30,39.44756317138672,1.1063120365142822,3,False
774,detail,2,0.7,121,36,38.540103912353516,1.1973021030426025,2,False
774,detail,2,0.6,121,42,40.28982925415039,1.4200823307037354,2,False
774,detail,3,1.0,59,16,42.1869010925293,1.0144519805908203,4,False
774,detail,3,0.9,68,27,35.22951126098633,1.1273410320281982,3,False
774,detail,3,0.8,71,33,33.78762435913086,1.5264205932617188,3,False
774,detail,3,0.7,71,44,30.38823127746582,2.0915567874908447,2,False
774,detail,3,0.6,71,52,30.6307430267334,2.1494860649108887,2,False
775,coarse,1,0.3,36,28,27.117877960205078,,,True
775,coarse,2,0.3,64,10,32.16014099121094,,,True
775,coarse,3,0.5,34,0,36.50686264038086,,,True
775,detail,1,1.0,67,29,34.810855865478516,1.0106117725372314,4,False
775,detail,1,0.9,68,35,32.253074645996094,1.1841683387756348,3,False
775,detail,1,0.8,71,41,31.072729110717773,1.5282196998596191,3,False
775,detail,1,0.7,71,49,28.835866928100586,1.9149739742279053,2,True
775,detail,1,0.6,73,55,29.877328872680664,2.0833771228790283,2,False
775,detail,2,0.8,118,30,39.547237396240234,1.1200201511383057,3,False
775,detail,2,0.7,121,36,38.67138671875,1.2056233882904053,2,False
775,detail,2,0.6,121,42,40.31991195678711,1.4245936870574951,2,False
775,detail,3,1.0,59,16,42.2029914855957,0.963212251663208,4,False
775,detail,3,0.9,68,27,35.21268844604492,1.1462242603302002,3,False
775,detail,3,0.8,68,33,33.85467529296875,1.2569375038146973,3,False
775,detail,3,0.7,71,44,30.28826904296875,2.1067821979522705,2,False
775,detail,3,0.6,71,52,30.589853286743164,2.1290297508239746,2,False
776,coarse,1,0.3,36,28,26.980266571044922,,,True
776,coarse,2,0.3,64,10,31.931549072265625,,,True
776,coarse,3,0.5,34,0,36.39352035522461,,,True
776,detail,1,1.0,67,29,34.44281005859375,1.0112767219543457,4,False
776,detail,1,0.9,68,32,31.876379013061523,1.160696268081665,3,False
776,detail,1,0.8,71,41,31.050832748413086,1.5321037769317627,3,False
776,detail,1,0.7,71,49,28.491777420043945,1.9310400485992432,2,True
776,detail,1,0.6,71,55,29.483760833740234,1.9406578540802002,2,False
776,detail,2,0.8,118,30,39.331016540527344,1.201172113418579,3,False
776,detail,2,0.7,119,36,38.49118423461914,1.3973643779754639,2,False
776,detail,2,0.6,121,42,39.94172286987305,1.517545461654663,2,False
776,detail,3,1.0,59,16,41.6757698059082,0.9411985874176025,4,False
776,detail,3,0.9,68,27,34.91093444824219,1.1572246551513672,3,False
776,detail,3,0.8,68,33,33.563289642333984,1.2839381694793701,3,False
776,detail,3,0.7,71,44,30.12558937072754,2.1076557636260986,2,False
776,detail,3,0.6,71,52,30.365407943725586,2.1675121784210205,2,False
777,coarse,1,0.3,36,28,26.98810577392578,,,True
777,coarse,2,0.3,64,10,32.017250061035156,,,True
777,coarse,3,0.5,34,0,36.49209976196289,,,True
777,detail,1,1.0,67,29,34.340538024902344,1.020045280456543,4,False
777,detail,1,0.9,68,32,31.765140533447266,1.170442819595337,3,False
777,detail,1,0.8,71,41,31.161537170410156,1.5413968563079834,3,False
777,detail,1,0.7,71,49,28.38957977294922,1.9489123821258545,2,True
777,detail,1,0.6,71,55,29.38581085205078,1.960298776626587,2,False
777,detail,2,0.8,118,30,39.36345672607422,1.187326192855835,3,False
777,detail,2,0.7,119,36,38.491947174072266,1.398688554763794,2,False
777,detail,2,0.6,121,42,39.953460693359375,1.5231661796569824,2,False
777,detail,3,1.0,59,16,41.621673583984375,0.9518611431121826,4,False
777,detail,3,0.9,68,27,34.869407653808594,1.1645855903625488,3,False
777,detail,3,0.8,68,33,33.39722442626953,1.2924201488494873,3,False
777,detail,3,0.7,71,44,29.970300674438477,2.127314805984497,2,False
777,detail,3,0.6,71,52,30.280433654785156,2.190237283706665,2,False
778,coarse,1,0.3,36,28,27.142831802368164,,,True
778,coarse,2,0.3,64,10,32.07395553588867,,,True
778,coarse,3,0.5,34,0,36.73112869262695,,,True
778,detail,1,1.0,67,29,34.5347900390625,1.0576231479644775,4,False
778,detail,1,0.9,68,32,31.990415573120117,1.1939914226531982,3,False
778,detail,1,0.8,68,41,31.390527725219727,1.3705999851226807,3,False
778,detail,1,0.7,71,49,28.494558334350586,1.9341318607330322,2,True
778,detail,1,0.6,71,55,29.38572120666504,1.935295820236206,2,False
778,detail,2,0.9,115,24,42.92741775512695,1.2594149112701416,3,False
778,detail,2,0.8,118,27,38.07292175292969,1.226755142211914,3,False
778,detail,2,0.7,119,36,38.406063079833984,1.493067741394043,2,False
778,detail,2,0.6,121,42,39.75896072387695,1.6058878898620605,2,False
778,detail,3,1.0,63,18,39.09503936767578,1.0008907318115234,4,False
778,detail,3,0.9,68,27,35.08323287963867,1.1906800270080566,3,False
778,detail,3,0.8,68,33,33.786373138427734,1.320896863937378,3,False
778,detail,3,0.7,71,44,30.381175994873047,2.1257245540618896,2,False
778,detail,3,0.6,71,52,30.278108596801758,2.171116590499878,2,False
779,coarse,1,0.3,36,28,27.3736515045166,,,True
779,coarse,2,0.3,64,10,32.1394157409668,,,True
779,coarse,3,0.5,34,0,36.82378005981445,,,True
779,detail,1,1.0,67,29,34.41709518432617,1.1671724319458008,4,False
779,detail,1,0.9,68,32,31.835792541503906,1.2995550632476807,3,False
779,detail,1,0.8,68,41,31.298999786376953,1.4938955307006836,3,False
779,detail,1,0.7,71,49,28.583797454833984,1.9530599117279053,2,True
779,detail,1,0.6,71,55,29.24193000793457,1.9071218967437744,2,False
779,detail,2,0.8,118,30,39.328330993652344,1.2576062679290771,3,False
779,detail,2,0.7,119,36,38.353004455566406,1.4293920993804932,2,False
779,detail,2,0.6,121,42,39.489383697509766,1.5458323955535889,2,False
779,detail,3,1.0,67,18,36.480289459228516,1.251967430114746,4,False
779,detail,3,0.9,68,27,34.880733489990234,1.284766674041748,3,False
779,detail,3,0.8,68,33,33.624114990234375,1.4381742477416992,3,False
779,detail,3,0.7,71,44,30.327686309814453,2.1208460330963135,2,False
779,detail,3,0.6,71,52,30.334514617919922,2.122965097427368,2,False
780,coarse,1,0.3,36,26,27.116008758544922,,,True
780,coarse,2,0.3,64,10,32.0899543762207,,,True
780,detail,1,1.0,67,29,34.14121627807617,1.1798136234283447,4,False
780,detail,1,0.9,68,32,31.35939598083496,1.1915111541748047,3,False
780,detail,1,0.8,68,41,30.76789665222168,1.3864684104919434,3,False
780,detail,1,0.7,71,49,28.220422744750977,1.8370275497436523,2,True
780,detail,1,0.6,71,55,28.644859313964844,1.7420673370361328,2,False
780,detail,2,0.9,115,21,40.93488693237305,1.2772598266601562,3,False
780,detail,2,0.8,118,27,37.779258728027344,1.313439130783081,3,False
780,detail,2,0.7,119,36,38.223209381103516,1.5550243854522705,2,False
780,detail,2,0.6,121,42,39.42778396606445,1.6312155723571777,2,False
781,coarse,1,0.3,36,26,27.527517318725586,,,True
781,coarse,2,0.3,64,10,31.632369995117188,,,True
781,coarse,3,0.4,14,0,34.457672119140625,,,True
781,detail,1,1.0,67,29,34.17903137207031,1.6244926452636719,4,False
781,detail,1,0.9,68,32,31.39712905883789,1.7397072315216064,3,False
781,detail,1,0.8,68,41,30.408905029296875,1.9647305011749268,3,False
781,detail,1,0.7,71,49,28.416603088378906,2.446485757827759,2,True
781,detail,1,0.6,71,55,28.687801361083984,2.1993608474731445,2,False
781,detail,2,1.0,115,16,41.53441619873047,1.359478235244751,4,False
781,detail,2,0.9,118,21,37.807861328125,1.3920478820800781,3,False
781,detail,2,0.8,118,27,37.42038345336914,1.5579078197479248,3,False
781,detail,2,0.7,119,36,38.0050048828125,1.6833090782165527,2,False
781,detail,2,0.6,127,50,38.72068786621094,1.3921899795532227,2,False
781,detail,3,1.0,25,0,38.25857925415039,1.8619470596313477,4,False
781,detail,3,0.9,29,21,37.59195327758789,1.8167684078216553,3,False
781,detail,3,0.8,29,30,36.46625518798828,1.9238247871398926,3,False
781,detail,3,0.7,27,22,36.63765335083008,1.8961889743804932,2,False
781,detail,3,0.6,29,30,35.14176940917969,1.9443023204803467,2,False
782,coarse,1,0.3,36,26,27.527517318725586,,,True
782,coarse,2,0.3,64,10,31.611825942993164,,,True
782,detail,1,1.0,67,29,34.16575622558594,1.623373031616211,4,False
782,detail,1,0.9,68,32,31.375690460205078,1.7404673099517822,3,False
782,detail,1,0.8,68,41,30.393327713012695,1.9656212329864502,3,False
782,detail,1,0.7,71,49,28.410451889038086,2.4466278553009033,2,True
782,detail,1,0.6,71,55,28.68198013305664,2.1995372772216797,2,False
782,detail,2,1.0,115,16,41.558380126953125,1.3473517894744873,4,False
782,detail,2,0.9,118,21,37.768924713134766,1.3789477348327637,3,False
782,detail,2,0.8,118,27,37.41387939453125,1.5423495769500732,3,False
782,detail,2,0.7,119,36,37.99729919433594,1.6687359809875488,2,False
782,detail,2,0.6,127,50,38.70058822631836,1.3841948509216309,2,False
783,coarse,1,0.3,36,26,27.50299644470215,,,True
783,coarse,2,0.3,64,10,31.563045501708984,,,True
783,detail,1,1.0,67,29,34.15913009643555,1.6137597560882568,4,False
783,detail,1,0.9,68,32,31.295915603637695,1.741292953491211,3,False
783,detail,1,0.8,68,41,30.18927574157715,1.974693775177002,3,False
783,detail,1,0.7,71,49,28.40363883972168,2.458672046661377,2,True
783,detail,1,0.6,71,55,28.532014846801758,2.258808135986328,2,False
783,detail,2,1.0,115,16,41.559410095214844,1.3181886672973633,4,False
783,detail,2,0.9,118,21,37.81322479248047,1.347794532775879,3,False
783,detail,2,0.8,118,27,37.46910095214844,1.511439323425293,3,False
783,detail,2,0.7,119,36,38.13740921020508,1.632282018661499,2,False
783,detail,2,0.6,127,50,38.96099853515625,1.3530008792877197,2,False
784,coarse,1,0.3,36,26,27.385026931762695,,,True
784,coarse,2,0.3,64,10,31.528459548950195,,,True
784,coarse,3,0.4,14,0,34.332855224609375,,,True
784,detail,1,1.0,67,29,34.185325622558594,1.589367151260376,4,False
784,detail,1,0.9,68,32,31.266010284423828,1.7175579071044922,3,False
784,detail,1,0.8,68,41,30.217792510986328,1.955566644668579,3,False
784,detail,1,0.7,71,49,28.39667320251465,2.4160923957824707,2,True
784,detail,1,0.6,71,55,28.523523330688477,2.220010757446289,2,False
784,detail,2,1.0,115,18,42.36455535888672,1.3102259635925293,4,False
784,detail,2,0.9,118,21,37.99421691894531,1.3434970378875732,3,False
784,detail,2,0.8,118,27,37.65021514892578,1.5020208358764648,3,False
784,detail,2,0.7,119,36,38.32082748413086,1.6124436855316162,2,False
784,detail,2,0.6,125,44,39.1517448425293,1.1488986015319824,2,False
784,detail,3,1.0,25,0,38.27434539794922,1.8462715148925781,4,False
784,detail,3,0.9,26,6,36.39665222167969,2.0181021690368652,3,False
784,detail,3,0.8,29,30,36.722511291503906,1.9567558765411377,3,False
784,detail,3,0.7,27,20,36.500999450683594,2.085942268371582,2,False
784,detail,3,0.6,29,30,35.12714385986328,2.1162469387054443,2,False
785,coarse,1,0.3,36,26,27.628599166870117,,,True
785,coarse,2,0.3,64,10,31.7176513671875,,,True
785,detail,1,1.0,67,29,34.356075286865234,1.6047441959381104,4,False
785,detail,1,0.9,68,32,31.4642333984375,1.7298507690429688,3,False
785,detail,1,0.8,68,41,30.437795639038086,1.9693450927734375,3,False
785,detail,1,0.7,71,49,28.628082275390625,2.4154744148254395,2,True
785,detail,1,0.6,71,55,28.713340759277344,2.2091856002807617,2,False
785,detail,2,1.0,115,18,42.393402099609375,1.3088583946228027,4,False
785,detail,2,0.9,118,21,38.110172271728516,1.3342211246490479,3,False
785,detail,2,0.8,118,27,37.72521209716797,1.4867615699768066,3,False
785,detail,2,0.7,119,36,38.36274719238281,1.6172161102294922,2,False
785,detail,2,0.6,125,44,39.15771484375,1.1631360054016113,2,False
786,coarse,1,0.3,36,26,27.76502227783203,,,True
786,coarse,2,0.3,64,10,32.1682243347168,,,True
786,detail,1,1.0,67,29,34.42859649658203,1.594531536102295,4,False
786,detail,1,0.9,68,32,31.568944931030273,1.7139668464660645,3,False
786,detail,1,0.8,68,41,30.515789031982422,1.956894874572754,3,False
786,detail,1,0.7,71,49,28.799564361572266,2.397369384765625,2,True
786,detail,1,0.6,71,55,28.814775466918945,2.1889915466308594,2,False
786,detail,2,1.0,115,16,41.903865814208984,1.3126649856567383,4,False
786,detail,2,0.9,118,21,38.26715850830078,1.345109224319458,3,False
786,detail,2,0.8,118,27,37.85372543334961,1.4943253993988037,3,False
786,detail,2,0.7,119,36,38.453060150146484,1.6225266456604004,2,False
786,detail,2,0.6,125,44,39.2949333190918,1.1590111255645752,2,False
787,coarse,1,0.3,36,26,27.862239837646484,,,True
787,coarse,2,0.3,64,10,32.25703430175781,,,True
787,coarse,3,0.4,14,0,34.90996551513672,,,True
787,detail,1,1.0,67,29,34.62805938720703,1.6170389652252197,4,False
787,detail,1,0.9,68,32,31.76904296875,1.737321138381958,3,False
787,detail,1,0.8,68,41,30.58159828186035,1.986583948135376,3,False
787,detail,1,0.7,71,49,28.949674606323242,2.4347198009490967,2,False
787,detail,1,0.6,71,55,28.94063949584961,2.236250877380371,2,True
787,detail,2,1.0,115,12,40.133270263671875,1.3199527263641357,4,False
787,detail,2,0.9,118,21,38.42364501953125,1.4264788627624512,3,False
787,detail,2,0.8,118,27,37.990135192871094,1.578688144683838,3,False
787,detail,2,0.7,119,36,38.620487213134766,1.7175006866455078,2,False
787,detail,2,0.6,125,42,37.877601623535156,1.1691653728485107,2,False
787,detail,3,1.0,25,0,38.79427719116211,1.8739001750946045,4,False
787,detail,3,0.9,23,6,37.862552642822266,1.7348079681396484,3,False
787,detail,3,0.8,29,30,37.0478401184082,1.968956470489502,3,False
787,detail,3,0.7,27,22,36.87785720825195,1.9442174434661865,2,False
787,detail,3,0.6,29,30,35.39435577392578,2.1346869468688965,2,False
788,coarse,1,0.3,36,26,27.86817741394043,,,True
788,coarse,2,0.3,64,20,32.3694953918457,,,True
788,coarse,3,0.4,14,0,34.8732795715332,,,True
788,detail,1,1.0,67,29,34.638771057128906,1.6421689987182617,4,False
788,detail,1,0.9,68,32,31.79887580871582,1.7614359855651855,3,False
788,detail,1,0.8,68,41,30.586942672729492,2.0140626430511475,3,False
788,detail,1,0.7,71,49,28.981557846069336,2.4630682468414307,2,True
788,detail,1,0.6,71,55,29.007583618164062,2.2721359729766846,2,False
788,detail,2,1.0,115,15,41.53364181518555,1.363668441772461,4,False
788,detail,2,0.9,118,21,38.406715393066406,1.4275293350219727,3,False
788,detail,2,0.8,118,27,37.94466781616211,1.5800414085388184,3,False
788,detail,2,0.7,119,35,38.055110931396484,1.71929931640625,2,False
788,detail,2,0.6,125,43,38.51084518432617,1.2332656383514404,2,False
788,detail,3,1.0,25,0,38.763545989990234,1.8808410167694092,4,False
788,detail,3,0.9,23,6,37.840755462646484,1.7387447357177734,3,False
788,detail,3,0.8,29,30,37.00339889526367,1.9678115844726562,3,False
788,detail,3,0.7,27,22,36.87892150878906,1.9483025074005127,2,False
788,detail,3,0.6,29,30,35.40113067626953,2.135723114013672,2,False
789,coarse,1,0.3,36,26,27.898006439208984,,,True
789,coarse,2,0.3,64,10,32.34573745727539,,,True
789,coarse,3,0.4,14,0,34.84839630126953,,,True
789,detail,1,1.0,67,29,34.626224517822266,1.6474642753601074,4,False
789,detail,1,0.9,68,32,31.79439926147461,1.7681388854980469,3,False
789,detail,1,0.8,68,41,30.556657791137695,2.0205609798431396,3,False
789,detail,1,0.7,71,49,28.966068267822266,2.4702084064483643,2,True
789,detail,1,0.6,71,55,28.975605010986328,2.2795941829681396,2,False
789,detail,2,1.0,115,12,40.05902862548828,1.3299062252044678,4,False
789,detail,2,0.9,118,21,38.38935852050781,1.4356379508972168,3,False
789,detail,2,0.8,118,27,37.93552017211914,1.589221477508545,3,False
789,detail,2,0.7,119,36,38.50775146484375,1.7278189659118652,2,False
789,detail,2,0.6,125,42,37.86016082763672,1.1865851879119873,2,False
789,detail,3,1.0,25,0,38.75577163696289,1.8816282749176025,4,False
789,detail,3,0.9,23,6,37.81720733642578,1.7398195266723633,3,False
789,detail,3,0.8,29,30,37.0134391784668,1.9653563499450684,3,False
789,detail,3,0.7,27,22,36.86888885498047,1.9480783939361572,2,False
789,detail,3,0.6,29,30,35.42890167236328,2.135514259338379,2,False
790,coarse,1,0.3,36,26,27.90087890625,,,True
790,coarse,2,0.3,64,10,32.34150695800781,,,True
790,coarse,3,0.4,14,0,34.811832427978516,,,True
790,detail,1,1.0,67,29,34.60040283203125,1.6521506309509277,4,False
790,detail,1,0.9,68,32,31.81223487854004,1.7746648788452148,3,False
790,detail,1,0.8,68,41,30.520061492919922,2.0261433124542236,3,False
790,detail,1,0.7,71,49,28.947004318237305,2.4819977283477783,2,True
790,detail,1,0.6,71,55,28.96453285217285,2.295196771621704,2,False
790,detail,2,1.0,115,12,40.061439514160156,1.3289282321929932,4,False
790,detail,2,0.9,118,21,38.37495040893555,1.4346098899841309,3,False
790,detail,2,0.8,118,27,37.922210693359375,1.5888781547546387,3,False
790,detail,2,0.7,119,36,38.51121139526367,1.7266840934753418,2,False
790,detail,2,0.6,125,42,37.85942459106445,1.1887280941009521,2,False
790,detail,3,1.0,25,0,38.74542236328125,1.890770673751831,4,False
790,detail,3,0.9,23,6,37.7685661315918,1.7471613883972168,3,False
790,detail,3,0.8,29,30,36.92469787597656,1.970289707183838,3,False
790,detail,3,0.7,27,22,36.83646011352539,1.954110860824585,2,False
790,detail,3,0.6,29,30,35.4310188293457,2.1385183334350586,2,False
791,coarse,1,0.3,36,26,27.68267822265625,,,True
791,coarse,2,0.3,64,20,32.22554016113281,,,True
791,coarse,3,0.4,14,0,34.75593948364258,,,True
791,detail,1,1.0,67,29,34.47146224975586,1.6560595035552979,4,False
791,detail,1,0.9,68,32,31.683168411254883,1.7808706760406494,3,False
791,detail,1,0.8,68,41,30.381912231445312,2.0341367721557617,3,False
791,detail,1,0.7,71,49,28.765716552734375,2.514294147491455,2,True
791,detail,1,0.6,71,55,28.80673599243164,2.331857442855835,2,False
791,detail,2,1.0,115,15,41.41928482055664,1.379518985748291,4,False
791,detail,2,0.9,118,21,38.378662109375,1.4291141033172607,3,False
791,detail,2,0.8,118,27,37.938385009765625,1.5853965282440186,3,False
791,detail,2,0.7,119,35,38.05481719970703,1.723846673965454,2,False
791,detail,2,0.6,125,43,38.30377197265625,1.2518277168273926,2,False
791,detail,3,1.0,25,0,38.71087646484375,1.903827428817749,4,False
791,detail,3,0.9,23,6,37.74882888793945,1.768601417541504,3,False
791,detail,3,0.8,29,30,36.941009521484375,1.9763312339782715,3,False
791,detail,3,0.7,27,22,36.84977340698242,1.9783828258514404,2,False
791,detail,3,0.6,29,30,35.4195442199707,2.153104066848755,2,False
792,coarse,1,0.3,36,26,27.683284759521484,,,True
792,coarse,2,0.3,64,20,32.234214782714844,,,True
792,coarse,3,0.4,14,0,34.75752639770508,,,True
792,detail,1,1.0,67,29,34.453433990478516,1.6830227375030518,4,False
792,detail,1,0.9,68,32,31.66425323486328,1.8236429691314697,3,False
792,detail,1,0.8,68,41,30.356433868408203,2.082184076309204,3,False
792,detail,1,0.7,71,49,28.788434982299805,2.549598455429077,2,True
792,detail,1,0.6,71,55,28.792415618896484,2.3767757415771484,2,False
792,detail,2,1.0,115,15,41.38065719604492,1.391252040863037,4,False
792,detail,2,0.9,118,21,38.321372985839844,1.4432857036590576,3,False
792,detail,2,0.8,118,27,37.88825988769531,1.5985643863677979,3,False
792,detail,2,0.7,119,35,37.99985885620117,1.737602949142456,2,False
792,detail,2,0.6,125,43,38.250789642333984,1.267115592956543,2,False
792,detail,3,1.0,25,0,38.708309173583984,1.9069404602050781,4,False
792,detail,3,0.9,23,6,37.738624572753906,1.7739205360412598,3,False
792,detail,3,0.8,29,30,36.918216705322266,1.9898641109466553,3,False
792,detail,3,0.7,27,22,36.8560791015625,1.9875397682189941,2,False
792,detail,3,0.6,29,30,35.431907653808594,2.164888381958008,2,False
793,coarse,1,0.3,36,26,27.78227996826172,,,True
793,coarse,2,0.3,64,10,32.13825607299805,,,True
793,coarse,3,0.4,14,0,34.70525360107422,,,True
793,detail,1,1.0,67,29,34.50477981567383,1.6073884963989258,4,False
793,detail,1,0.9,68,32,31.812944412231445,1.7743139266967773,3,False
793,detail,1,0.8,68,41,30.19748878479004,1.9922504425048828,3,False
793,detail,1,0.7,71,49,28.828462600708008,2.428607702255249,2,False
793,detail,1,0.6,71,55,28.602890014648438,2.147120952606201,2,True
793,detail,2,1.0,115,12,39.815643310546875,1.4626197814941406,4,False
793,detail,2,0.9,118,21,38.1584587097168,1.643111228942871,3,False
793,detail,2,0.8,118,27,37.784698486328125,1.8147501945495605,3,False
793,detail,2,0.7,125,36,36.71158981323242,1.3482813835144043,2,False
793,detail,2,0.6,127,44,35.88034439086914,1.197338581085205,2,False
793,detail,3,1.0,25,0,38.67682647705078,1.9393432140350342,4,False
793,detail,3,0.9,23,6,37.712432861328125,1.8661482334136963,3,False
793,detail,3,0.8,29,30,36.66078567504883,2.1244325637817383,3,False
793,detail,3,0.7,27,22,36.77307891845703,2.1092472076416016,2,False
793,detail,3,0.6,29,30,35.200626373291016,2.225870370864868,2,False
794,coarse,1,0.3,36,26,27.78227996826172,,,True
794,coarse,2,0.3,64,10,32.21943283081055,,,True
794,coarse,3,0.4,14,0,34.734718322753906,,,True
794,detail,1,1.0,67,29,34.50194549560547,1.607701301574707,4,False
794,detail,1,0.9,68,32,31.812944412231445,1.7743139266967773,3,False
794,detail,1,0.8,68,41,30.19748878479004,1.9922504425048828,3,False
794,detail,1,0.7,71,49,28.828462600708008,2.428607702255249,2,False
794,detail,1,0.6,71,55,28.602890014648438,2.147120952606201,2,True
794,detail,2,1.0,115,12,39.92754364013672,1.4608895778656006,4,False
794,detail,2,0.9,118,21,38.196102142333984,1.642688512802124,3,False
794,detail,2,0.8,118,27,37.86503601074219,1.813150405883789,3,False
794,detail,2,0.7,125,36,36.7557258605957,1.346968650817871,2,False
794,detail,2,0.6,127,44,35.89751434326172,1.1959228515625,2,False
794,detail,3,1.0,25,0,38.713836669921875,1.9348652362823486,4,False
794,detail,3,0.9,23,6,37.73838424682617,1.8608720302581787,3,False
794,detail,3,0.8,29,30,36.682559967041016,2.12276554107666,3,False
794,detail,3,0.7,27,22,36.79044723510742,2.1019906997680664,2,False
794,detail,3,0.6,29,30,35.21295928955078,2.2186391353607178,2,False
795,coarse,1,0.3,36,26,27.78227996826172,,,True
795,coarse,2,0.3,64,10,32.21943283081055,,,True
795,coarse,3,0.4,14,0,34.734188079833984,,,True
795,detail,1,1.0,67,29,34.52597427368164,1.6024565696716309,4,False
795,detail,1,0.9,68,32,31.821470260620117,1.769012451171875,3,False
795,detail,1,0.8,68,41,30.21717071533203,1.9858145713806152,3,False
795,detail,1,0.7,71,49,28.830873489379883,2.42624831199646,2,False
795,detail,1,0.6,71,55,28.607919692993164,2.144221305847168,2,True
795,detail,2,1.0,115,12,39.93113327026367,1.460212230682373,4,False
795,detail,2,0.9,118,21,38.19657516479492,1.6418647766113281,3,False
795,detail,2,0.8,118,27,37.86503601074219,1.813150405883789,3,False
795,detail,2,0.7,125,36,36.7557258605957,1.346968650817871,2,False
795,detail,2,0.6,127,44,35.89751434326172,1.1959228515625,2,False
795,detail,3,1.0,25,0,38.7330322265625,1.9364101886749268,4,False
795,detail,3,0.9,23,6,37.73464584350586,1.8610687255859375,3,False
795,detail,3,0.8,29,30,36.71586608886719,2.1221466064453125,3,False
795,detail,3,0.7,27,22,36.803924560546875,2.1026206016540527,2,False
795,detail,3,0.6,29,30,35.19409942626953,2.217664957046509,2,False
796,coarse,1,0.3,36,26,27.79772186279297,,,True
796,coarse,2,0.3,64,10,32.34223556518555,,,True
796,coarse,3,0.4,14,0,34.86771011352539,,,True
796,detail,1,1.0,67,29,34.67816162109375,1.5943498611450195,4,False
796,detail,1,0.9,68,32,31.92970085144043,1.7587215900421143,3,False
796,detail,1,0.8,68,41,30.355979919433594,1.9764378070831299,3,False
796,detail,1,0.7,71,49,28.874107360839844,2.4235575199127197,2,False
796,detail,1,0.6,71,55,28.664199829101562,2.1477880477905273,2,True
796,detail,2,1.0,115,12,40.088809967041016,1.484447956085205,4,False
796,detail,2,0.9,118,21,38.33585739135742,1.6785759925842285,3,False
796,detail,2,0.8,118,27,38.02715301513672,1.847486972808838,3,False
796,detail,2,0.7,125,36,36.85613250732422,1.282862663269043,2,False
796,detail,2,0.6,127,44,36.01887130737305,1.1760525703430176,2,False
796,detail,3,1.0,25,0,38.8994140625,1.937854528427124,4,False
796,detail,3,0.9,29,21,37.93825149536133,1.9782345294952393,3,False
796,detail,3,0.8,29,30,36.85787582397461,2.118356704711914,3,False
796,detail,3,0.7,27,22,37.056541442871094,2.102928638458252,2,False
796,detail,3,0.6,29,30,35.40211868286133,2.222527265548706,2,False
797,coarse,1,0.3,36,26,27.79772186279297,,,True
797,coarse,2,0.3,64,10,32.43461990356445,,,True
797,coarse,3,0.4,14,0,34.95633316040039,,,True
797,detail,1,1.0,67,29,34.66361999511719,1.5955133438110352,4,False
797,detail,1,0.9,68,32,31.911027908325195,1.7595021724700928,3,False
797,detail,1,0.8,68,41,30.354808807373047,1.977337121963501,3,False
797,detail,1,0.7,71,49,28.871240615844727,2.4231998920440674,2,False
797,detail,1,0.6,71,55,28.66613006591797,2.1473498344421387,2,True
797,detail,2,1.0,115,12,40.11688232421875,1.4594075679779053,4,False
797,detail,2,0.9,118,21,38.38581466674805,1.6575162410736084,3,False
797,detail,2,0.8,118,27,38.055484771728516,1.8247828483581543,3,False
797,detail,2,0.7,125,36,36.89268493652344,1.2967538833618164,2,False
797,detail,2,0.6,127,44,36.03947830200195,1.1713917255401611,2,False
797,detail,3,1.0,25,0,38.97026062011719,1.933638334274292,4,False
797,detail,3,0.9,29,21,38.01041793823242,1.9804871082305908,3,False
797,detail,3,0.8,29,30,36.88716506958008,2.1214165687561035,3,False
797,detail,3,0.7,27,22,37.08690643310547,2.0971784591674805,2,False
797,detail,3,0.6,29,30,35.403018951416016,2.2183101177215576,2,False
798,coarse,1,0.3,36,26,27.79772186279297,,,True
798,coarse,2,0.3,64,10,32.43461990356445,,,True
798,coarse,3,0.4,14,0,34.93478012084961,,,True
798,detail,1,1.0,67,29,34.6597900390625,1.5947046279907227,4,False
798,detail,1,0.9,68,32,31.916215896606445,1.7605922222137451,3,False
798,detail,1,0.8,68,41,30.34838104248047,1.978630781173706,3,False
798,detail,1,0.7,71,49,28.866859436035156,2.423675298690796,2,False
798,detail,1,0.6,71,55,28.660871505737305,2.147928237915039,2,True
798,detail,2,1.0,115,12,40.12810134887695,1.5018713474273682,4,False
798,detail,2,0.9,118,21,38.40596008300781,1.7078592777252197,3,False
798,detail,2,0.8,118,27,38.07516098022461,1.878767490386963,3,False
798,detail,2,0.7,125,36,36.904380798339844,1.2452692985534668,2,False
798,detail,2,0.6,127,44,36.04989242553711,1.199296236038208,2,False
798,detail,3,1.0,25,0,38.9497184753418,1.9314439296722412,4,False
798,detail,3,0.9,29,21,38.018516540527344,1.979126214981079,3,False
798,detail,3,0.8,29,30,36.90744400024414,2.1204662322998047,3,False
798,detail,3,0.7,27,22,37.07023620605469,2.0962772369384766,2,False
798,detail,3,0.6,29,30,35.4443244934082,2.2163889408111572,2,False
799,coarse,1,0.3,36,26,27.784530639648438,,,True
799,coarse,2,0.3,64,10,32.51651382446289,,,True
799,coarse,3,0.4,14,0,34.95866394042969,,,True
799,detail,1,1.0,67,29,34.70975875854492,1.5663502216339111,4,False
799,detail,1,0.9,68,32,31.964630126953125,1.7495744228363037,3,False
799,detail,1,0.8,68,41,30.37247657775879,1.9664192199707031,3,False
799,detail,1,0.7,71,49,28.870426177978516,2.4261395931243896,2,False
799,detail,1,0.6,71,55,28.693187713623047,2.1661148071289062,2,True
799,detail,2,1.0,115,12,40.19852828979492,1.4755175113677979,4,False
799,detail,2,0.9,118,21,38.50403594970703,1.6743571758270264,3,False
799,detail,2,0.8,118,27,38.14841079711914,1.8445849418640137,3,False
799,detail,2,0.7,125,36,36.97370529174805,1.1486144065856934,2,False
799,detail,2,0.6,127,44,36.1334342956543,1.0830049514770508,2,False
799,detail,3,1.0,25,0,38.982540130615234,1.8732633590698242,4,False
799,detail,3,0.9,26,6,37.03077697753906,2.1224043369293213,3,False
799,detail,3,0.8,29,30,36.976531982421875,2.1813390254974365,3,False
799,detail,3,0.7,27,20,36.99678421020508,2.2216298580169678,2,False
799,detail,3,0.6,29,30,35.51924514770508,2.1889941692352295,2,False
800,coarse,1,0.3,36,26,27.773120880126953,,,True
800,coarse,2,0.3,64,10,32.51651382446289,,,True
800,coarse,3,0.4,14,0,34.96245574951172,,,True
800,detail,1,1.0,67,29,34.748252868652344,1.5750713348388672,4,False
800,detail,1,0.9,68,32,31.99483299255371,1.7596921920776367,3,False
800,detail,1,0.8,68,41,30.406166076660156,1.972815990447998,3,False
800,detail,1,0.7,71,49,28.885343551635742,2.4324939250946045,2,False
800,detail,1,0.6,71,55,28.68289566040039,2.195161819458008,2,True
800,detail,2,1.0,115,12,40.222537994384766,1.5028231143951416,4,False
800,detail,2,0.9,118,21,38.51152801513672,1.7023534774780273,3,False
800,detail,2,0.8,118,27,38.14496612548828,1.876518964767456,3,False
800,detail,2,0.7,125,36,36.977012634277344,1.160712480545044,2,False
800,detail,2,0.6,127,44,36.13920211791992,1.0840795040130615,2,False
800,detail,3,1.0,25,0,39.0058479309082,1.8795075416564941,4,False
800,detail,3,0.9,26,6,37.036529541015625,2.0852088928222656,3,False
800,detail,3,0.8,29,30,37.02946853637695,2.0950372219085693,3,False
800,detail,3,0.7,27,20,37.008548736572266,2.220364809036255,2,False
800,detail,3,0.6,29,30,35.541770935058594,2.172902822494507,2,False
801,coarse,1,0.3,36,26,27.91751480102539,,,True
801,coarse,2,0.3,64,10,32.51651382446289,,,True
801,coarse,3,0.4,14,0,34.97210693359375,,,True
801,detail,1,1.0,67,29,34.813453674316406,1.5674240589141846,4,False
801,detail,1,0.9,68,32,32.04520034790039,1.7232470512390137,3,False
801,detail,1,0.8,68,41,30.443716049194336,1.9310894012451172,3,False
801,detail,1,0.7,71,49,28.992412567138672,2.3686628341674805,2,False
801,detail,1,0.6,71,55,28.775646209716797,2.170891046524048,2,True
801,detail,2,1.0,115,12,40.22990417480469,1.550487995147705,4,False
801,detail,2,0.9,118,21,38.50844192504883,1.7400166988372803,3,False
801,detail,2,0.8,118,27,38.172733306884766,1.9076011180877686,3,False
801,detail,2,0.7,125,36,37.00534439086914,1.1790659427642822,2,False
801,detail,2,0.6,127,44,36.174774169921875,1.095982313156128,2,False
801,detail,3,1.0,25,0,39.022674560546875,1.87910795211792,4,False
801,detail,3,0.9,26,6,37.04869079589844,2.084774971008301,3,False
801,detail,3,0.8,29,30,37.03115463256836,2.097111463546753,3,False
801,detail,3,0.7,27,20,37.01322937011719,2.2215373516082764,2,False
801,detail,3,0.6,29,30,35.526058197021484,2.1724259853363037,2,False
802,coarse,1,0.3,36,26,27.920337677001953,,,True
802,coarse,2,0.3,64,10,32.51610565185547,,,True
802,coarse,3,0.4,14,0,35.0019645690918,,,True
802,detail,1,1.0,67,29,34.80915069580078,1.5687386989593506,4,False
802,detail,1,0.9,68,32,32.019954681396484,1.724679946899414,3,False
802,detail,1,0.8,68,41,30.44305419921875,1.9312362670898438,3,False
802,detail,1,0.7,71,49,29.027360916137695,2.3677802085876465,2,False
802,detail,1,0.6,71,55,28.773046493530273,2.173088788986206,2,True
802,detail,2,1.0,115,12,40.2396240234375,1.544865608215332,4,False
802,detail,2,0.9,118,21,38.53977966308594,1.738511085510254,3,False
802,detail,2,0.8,118,27,38.18730163574219,1.9076974391937256,3,False
802,detail,2,0.7,125,36,37.013038635253906,1.2160768508911133,2,False
802,detail,2,0.6,127,44,36.18079376220703,1.1179215908050537,2,False
802,detail,3,1.0,25,0,39.0955696105957,1.8193163871765137,4,False
802,detail,3,0.9,26,6,37.14548110961914,2.01636004447937,3,False
802,detail,3,0.8,29,30,37.1776008605957,2.124547004699707,3,False
802,detail,3,0.7,27,20,37.076717376708984,2.117375135421753,2,False
802,detail,3,0.6,29,30,35.56056594848633,2.079735517501831,2,False
803,coarse,1,0.3,36,26,28.011077880859375,,,True
803,coarse,2,0.3,64,10,32.52363967895508,,,True
803,coarse,3,0.4,14,0,35.05318832397461,,,True
803,detail,1,1.0,67,29,34.79458999633789,1.5779054164886475,4,False
803,detail,1,0.9,68,32,31.986726760864258,1.7320177555084229,3,False
803,detail,1,0.8,68,41,30.357868194580078,1.9419677257537842,3,False
803,detail,1,0.7,71,49,29.155492782592773,2.3691370487213135,2,False
803,detail,1,0.6,71,55,28.883737564086914,2.1747968196868896,2,True
803,detail,2,1.0,115,12,40.271209716796875,1.5339221954345703,4,False
803,detail,2,0.9,118,21,38.5965461730957,1.7312572002410889,3,False
803,detail,2,0.8,118,27,38.22058868408203,1.8982014656066895,3,False
803,detail,2,0.7,125,36,37.0791015625,1.2575969696044922,2,False
803,detail,2,0.6,127,44,36.25546646118164,1.1785647869110107,2,False
803,detail,3,1.0,25,0,39.21782302856445,1.7958290576934814,4,False
803,detail,3,0.9,26,6,37.2567024230957,2.037238597869873,3,False
803,detail,3,0.8,29,30,37.30913162231445,2.1181986331939697,3,False
803,detail,3,0.7,27,20,37.21089172363281,2.105778932571411,2,False
803,detail,3,0.6,29,30,35.68893814086914,2.061589479446411,2,False
804,coarse,1,0.3,36,26,28.027711868286133,,,True
804,coarse,2,0.3,64,10,32.25457763671875,,,True
804,coarse,3,0.4,14,0,34.89787292480469,,,True
804,detail,1,1.0,67,29,34.57883834838867,1.5813071727752686,4,False
804,detail,1,0.9,68,32,31.76632308959961,1.7202048301696777,3,False
804,detail,1,0.8,68,41,29.925247192382812,1.9455602169036865,3,False
804,detail,1,0.7,71,49,29.039709091186523,2.359419822692871,2,False
804,detail,1,0.6,71,55,28.58768653869629,2.180713415145874,2,True
804,detail,2,1.0,115,12,40.03669738769531,1.5416600704193115,4,False
804,detail,2,0.9,118,21,38.45081329345703,1.7344088554382324,3,False
804,detail,2,0.8,118,27,38.006446838378906,1.8957955837249756,3,False
804,detail,2,0.7,125,36,36.9158935546875,1.292374610900879,2,False
804,detail,2,0.6,127,44,36.11456298828125,1.1953489780426025,2,False
804,detail,3,1.0,25,0,39.07624435424805,1.8162498474121094,4,False
804,detail,3,0.9,29,21,38.02469253540039,1.9754438400268555,3,False
804,detail,3,0.8,29,30,37.18792724609375,2.1004247665405273,3,False
804,detail,3,0.7,27,22,37.05683135986328,1.9364349842071533,2,False
804,detail,3,0.6,29,30,35.46478271484375,2.048470973968506,2,False
805,coarse,1,0.4,34,20,27.96053123474121,,,True
805,coarse,2,0.3,64,10,31.34158706665039,,,True
805,coarse,3,0.4,14,0,33.99010467529297,,,True
805,detail,1,1.0,65,25,36.05550003051758,1.3904235363006592,4,False
805,detail,1,0.9,69,32,32.842010498046875,1.6447408199310303,3,False
805,detail,1,0.8,69,41,28.699983596801758,1.8766472339630127,3,False
805,detail,1,0.7,71,49,29.257427215576172,2.155118227005005,2,False
805,detail,1,0.6,71,55,28.55268669128418,2.025604248046875,2,True
805,detail,2,1.0,115,12,39.369171142578125,1.2899231910705566,4,False
805,detail,2,0.9,118,21,37.91450500488281,1.4508895874023438,3,False
805,detail,2,0.8,118,27,37.36520004272461,1.6154978275299072,3,False
805,detail,2,0.7,119,36,38.09001541137695,1.7374413013458252,2,False
805,detail,2,0.6,123,42,39.11320877075195,1.0101730823516846,2,False
805,detail,3,1.0,25,0,38.50652313232422,1.5767631530761719,4,False
805,detail,3,0.9,26,6,36.52778244018555,1.470499038696289,3,False
805,detail,3,0.8,29,30,37.00886154174805,2.134420394897461,3,False
805,detail,3,0.7,27,22,36.37735366821289,1.4285516738891602,2,False
805,detail,3,0.6,29,30,34.90073013305664,1.7782845497131348,2,False
806,coarse,1,0.4,34,20,27.8026180267334,,,True
806,coarse,2,0.3,64,10,31.808820724487305,,,True
806,coarse,3,0.4,14,0,34.03656005859375,,,True
806,detail,1,1.0,65,25,35.878238677978516,1.3962562084197998,4,False
806,detail,1,0.9,69,32,32.87836837768555,1.655881643295288,3,False
806,detail,1,0.8,69,41,28.731184005737305,1.890044927597046,3,False
806,detail,1,0.7,71,49,29.311729431152344,2.168200731277466,2,False
806,detail,1,0.6,71,55,28.497455596923828,2.044168472290039,2,True
806,detail,2,1.0,115,12,39.37871170043945,1.2724602222442627,4,False
806,detail,2,0.9,118,21,38.030460357666016,1.4399378299713135,3,False
806,detail,2,0.8,118,27,37.38555145263672,1.6093440055847168,3,False
806,detail,2,0.7,119,36,38.08963394165039,1.7390162944793701,2,False
806,detail,2,0.6,123,42,39.03450393676758,0.9799258708953857,2,False
806,detail,3,1.0,25,0,38.570701599121094,1.5668151378631592,4,False
806,detail,3,0.9,26,6,36.57444763183594,1.4606196880340576,3,False
806,detail,3,0.8,29,30,37.01544189453125,2.136617660522461,3,False
806,detail,3,0.7,27,22,36.366729736328125,1.4296822547912598,2,False
806,detail,3,0.6,29,30,34.90082931518555,1.7835054397583008,2,False
807,coarse,1,0.4,34,20,27.860509872436523,,,True
807,coarse,2,0.3,64,10,31.561487197875977,,,True
807,coarse,3,0.4,14,0,34.05593490600586,,,True
807,detail,1,1.0,65,25,35.81406021118164,1.4278521537780762,4,False
807,detail,1,0.9,66,32,32.858917236328125,1.6359262466430664,3,False
807,detail,1,0.8,69,41,29.111486434936523,1.9198977947235107,3,False
807,detail,1,0.7,71,49,29.70918846130371,2.1635026931762695,2,False
807,detail,1,0.6,71,55,28.499120712280273,2.032855749130249,2,True
807,detail,2,1.0,115,12,39.22127151489258,1.2565066814422607,4,False
807,detail,2,0.9,118,21,38.01266098022461,1.430464506149292,3,False
807,detail,2,0.8,118,27,37.3565673828125,1.599877119064331,3,False
807,detail,2,0.7,119,34,38.04617691040039,1.643906593322754,2,False
807,detail,2,0.6,125,44,38.20537185668945,1.0647494792938232,2,False
807,detail,3,1.0,25,0,38.59440231323242,1.5894114971160889,4,False
807,detail,3,0.9,26,6,36.68894958496094,1.4830095767974854,3,False
807,detail,3,0.8,29,30,37.09357833862305,2.0912325382232666,3,False
807,detail,3,0.7,27,22,36.240821838378906,1.432058572769165,2,False
807,detail,3,0.6,29,30,34.73963928222656,1.7452421188354492,2,False
808,coarse,1,0.4,34,20,27.549015045166016,,,True
808,coarse,2,0.3,64,20,31.425832748413086,,,True
808,coarse,3,0.4,14,0,33.78281784057617,,,True
808,detail,1,1.0,65,25,35.298561096191406,1.4238262176513672,4,False
808,detail,1,0.9,66,32,32.31562042236328,1.6320393085479736,3,False
808,detail,1,0.8,69,41,29.144624710083008,1.940873622894287,3,False
808,detail,1,0.7,69,49,29.6201171875,1.9831609725952148,2,False
808,detail,1,0.6,71,55,28.426952362060547,2.086702346801758,2,True
808,detail,2,1.0,115,15,40.17070007324219,1.3488826751708984,4,False
808,detail,2,0.9,118,21,37.67565155029297,1.4903433322906494,3,False
808,detail,2,0.8,118,27,36.92987060546875,1.671750545501709,3,False
808,detail,2,0.7,119,35,37.05610656738281,1.766676425933838,2,False
808,detail,2,0.6,125,43,36.83042907714844,1.0801703929901123,2,False
808,detail,3,1.0,25,0,38.44236373901367,1.6736180782318115,4,False
808,detail,3,0.9,26,6,36.60331344604492,1.551758050918579,3,False
808,detail,3,0.8,29,30,36.7265510559082,2.1989808082580566,3,False
808,detail,3,0.7,27,22,36.07778549194336,1.5390660762786865,2,False
808,detail,3,0.6,29,30,34.62620162963867,1.8643665313720703,2,False
809,coarse,1,0.4,34,20,26.935752868652344,,,True
809,coarse,2,0.3,64,10,31.102397918701172,,,True
809,coarse,3,0.4,14,0,33.52759552001953,,,True
809,detail,1,1.0,65,25,34.6632080078125,1.4131970405578613,4,False
809,detail,1,0.9,66,32,31.683420181274414,1.6175758838653564,3,False
809,detail,1,0.8,69,41,28.8085880279541,1.9197845458984375,3,False
809,detail,1,0.7,69,49,29.096920013427734,2.0045151710510254,2,False
809,detail,1,0.6,71,55,27.976884841918945,2.0955464839935303,2,True
809,detail,2,1.0,115,12,38.502349853515625,1.3294804096221924,4,False
809,detail,2,0.9,118,18,37.49925994873047,1.4350755214691162,3,False
809,detail,2,0.8,118,27,36.782554626464844,1.6820635795593262,3,False
809,detail,2,0.7,119,34,37.21934509277344,1.7295901775360107,2,False
809,detail,2,0.6,125,44,37.626136779785156,1.1588788032531738,2,False
809,detail,3,1.0,25,0,38.21430587768555,1.7719297409057617,4,False
809,detail,3,0.9,26,6,36.448974609375,1.5869193077087402,3,False
809,detail,3,0.8,26,12,35.88703536987305,1.596756935119629,3,False
809,detail,3,0.7,27,22,35.99518585205078,1.6394541263580322,2,False
809,detail,3,0.6,29,30,34.41292953491211,1.9714007377624512,2,False
810,coarse,1,0.4,34,20,26.806791305541992,,,True
810,coarse,2,0.3,64,10,31.183666229248047,,,True
810,coarse,3,0.3,6,6,31.49039649963379,,,True
810,detail,1,1.0,65,25,34.5704345703125,1.4856796264648438,4,False
810,detail,1,0.9,66,32,31.55682373046875,1.6892783641815186,3,False
810,detail,1,0.8,69,41,28.838794708251953,2.0341289043426514,3,False
810,detail,1,0.7,69,49,29.058794021606445,2.1453166007995605,2,False
810,detail,1,0.6,71,55,27.88532829284668,2.2292840480804443,2,True
810,detail,2,1.0,115,12,38.481163024902344,1.3487052917480469,4,False
810,detail,2,0.9,118,18,37.32222366333008,1.452312707901001,3,False
810,detail,2,0.8,118,27,36.9648551940918,1.7120416164398193,3,False
810,detail,2,0.7,119,34,37.31990051269531,1.765028476715088,2,False
810,detail,2,0.6,125,44,37.453495025634766,1.1775665283203125,2,False
810,detail,3,1.0,18,0,41.47125244140625,1.6827969551086426,4,False
810,detail,3,0.9,15,3,38.857845306396484,0.8453037738800049,3,False
810,detail,3,0.8,22,12,38.488548278808594,1.2769577503204346,3,False
810,detail,3,0.7,25,20,36.78527069091797,1.4820380210876465,2,False
810,detail,3,0.6,27,28,35.1016845703125,1.5976762771606445,2,False
811,coarse,1,0.4,34,20,26.739837646484375,,,True
811,coarse,2,0.3,64,20,31.059043884277344,,,True
811,coarse,3,0.4,14,0,33.12088394165039,,,True
811,detail,1,1.0,65,25,34.37342834472656,1.5412225723266602,4,False
811,detail,1,0.9,66,32,31.44121742248535,1.7441484928131104,3,False
811,detail,1,0.8,69,41,28.997587203979492,2.0896589756011963,3,False
811,detail,1,0.7,69,47,28.85366439819336,2.1487553119659424,2,False
811,detail,1,0.6,71,55,27.91838264465332,2.298093318939209,2,True
811,detail,2,1.0,115,15,39.85139846801758,1.441171407699585,4,False
811,detail,2,0.9,118,18,37.28980255126953,1.5221576690673828,3,False
811,detail,2,0.8,118,27,36.94629669189453,1.766197681427002,3,False
811,detail,2,0.7,119,35,37.313377380371094,1.8640758991241455,2,False
811,detail,2,0.6,125,43,36.41069030761719,1.1903555393218994,2,False
811,detail,3,1.0,29,12,37.92190170288086,2.0815606117248535,4,False
811,detail,3,0.9,26,6,36.12065124511719,1.658022403717041,3,False
811,detail,3,0.8,26,12,35.6744499206543,1.666163682937622,3,False
811,detail,3,0.7,27,22,35.763458251953125,1.7247581481933594,2,False
811,detail,3,0.6,29,30,34.26346206665039,2.0464425086975098,2,False
812,coarse,1,0.4,34,20,26.865131378173828,,,True
812,coarse,2,0.3,64,20,31.307226181030273,,,True
812,coarse,3,0.4,14,0,33.264442443847656,,,True
812,detail,1,1.0,65,25,34.53857421875,1.5248141288757324,4,False
812,detail,1,0.9,66,32,31.613943099975586,1.7311019897460938,3,False
812,detail,1,0.8,69,41,29.195219039916992,2.0928001403808594,3,False
812,detail,1,0.7,69,47,28.958003997802734,2.1692044734954834,2,False
812,detail,1,0.6,71,55,28.02392578125,2.3024654388427734,2,True
812,detail,2,1.0,115,15,40.10856246948242,1.438631534576416,4,False
812,detail,2,0.9,118,18,37.509761810302734,1.5112452507019043,3,False
812,detail,2,0.8,118,27,37.1340217590332,1.7571415901184082,3,False
812,detail,2,0.7,119,35,37.50838851928711,1.8521320819854736,2,False
812,detail,2,0.6,125,43,36.60137939453125,1.1782429218292236,2,False
812,detail,3,1.0,29,12,38.094512939453125,2.0885813236236572,4,False
812,detail,3,0.9,26,6,36.34745788574219,1.69295072555542,3,False
812,detail,3,0.8,26,12,35.861148834228516,1.6206374168395996,3,False
812,detail,3,0.7,27,22,35.838111877441406,1.8432986736297607,2,False
812,detail,3,0.6,29,30,34.40006637573242,2.244539976119995,2,False
813,coarse,1,0.4,34,20,26.697559356689453,,,True
813,coarse,2,0.3,64,20,31.117755889892578,,,True
813,coarse,3,0.4,14,0,33.264957427978516,,,True
813,detail,1,1.0,65,25,34.46154022216797,1.491227626800537,4,False
813,detail,1,0.9,66,32,31.61127281188965,1.6910769939422607,3,False
813,detail,1,0.8,69,41,29.11103057861328,2.0599586963653564,3,False
813,detail,1,0.7,69,47,28.767637252807617,2.1445624828338623,2,False
813,detail,1,0.6,71,55,27.888639450073242,2.2593655586242676,2,True
813,detail,2,1.0,115,15,40.05840301513672,1.4255211353302002,4,False
813,detail,2,0.9,118,18,37.42534255981445,1.4337787628173828,3,False
813,detail,2,0.8,118,27,37.08749008178711,1.7113778591156006,3,False
813,detail,2,0.7,119,35,37.46726989746094,1.7683253288269043,2,False
813,detail,2,0.6,125,45,38.20378112792969,1.0385825634002686,2,False
813,detail,3,1.0,29,12,38.21945571899414,2.0898125171661377,4,False
813,detail,3,0.9,26,6,36.41606140136719,1.7715272903442383,3,False
813,detail,3,0.8,26,12,35.9002571105957,1.5798184871673584,3,False
813,detail,3,0.7,27,22,35.879390716552734,1.974951982498169,2,False
813,detail,3,0.6,29,28,34.46584701538086,2.127101182937622,2,False
814,coarse,1,0.4,34,20,26.916349411010742,,,True
814,coarse,2,0.3,64,20,31.3525390625,,,True
814,coarse,3,0.3,6,6,31.649274826049805,,,True
814,detail,1,1.0,65,25,34.68940353393555,1.5286378860473633,4,False
814,detail,1,0.9,66,32,31.835302352905273,1.726060390472412,3,False
814,detail,1,0.8,69,41,29.303836822509766,2.0842556953430176,3,False
814,detail,1,0.7,69,47,28.96981430053711,2.175044536590576,2,False
814,detail,1,0.6,71,55,28.183391571044922,2.2759649753570557,2,True
814,detail,2,1.0,115,15,40.216224670410156,1.421422004699707,4,False
814,detail,2,0.9,118,18,37.606449127197266,1.440932273864746,3,False
814,detail,2,0.8,118,27,37.263484954833984,1.716843843460083,3,False
814,detail,2,0.7,119,35,37.687034606933594,1.7733469009399414,2,False
814,detail,2,0.6,123,41,38.344451904296875,1.135941505432129,2,False
814,detail,3,1.0,8,0,41.463623046875,0.6184372901916504,4,False
814,detail,3,0.9,12,3,38.4781379699707,0.7438709735870361,3,False
814,detail,3,0.8,22,12,38.79298400878906,1.383500576019287,3,False
814,detail,3,0.7,25,18,36.768741607666016,1.410327672958374,2,False
814,detail,3,0.6,27,28,35.29869842529297,1.9498343467712402,2,False
815,coarse,1,0.4,34,20,27.005714416503906,,,True
815,coarse,2,0.3,64,20,31.43327522277832,,,True
815,coarse,3,0.3,6,6,31.700401306152344,,,True
815,detail,1,1.0,65,25,34.70982360839844,1.523946762084961,4,False
815,detail,1,0.9,66,32,31.859113693237305,1.7246026992797852,3,False
815,detail,1,0.8,69,41,29.407297134399414,2.090553045272827,3,False
815,detail,1,0.7,69,47,29.039892196655273,2.1806564331054688,2,False
815,detail,1,0.6,71,55,28.227819442749023,2.277305841445923,2,True
815,detail,2,1.0,115,15,40.36343002319336,1.3877933025360107,4,False
815,detail,2,0.9,118,18,37.703514099121094,1.4146618843078613,3,False
815,detail,2,0.8,118,27,37.42837905883789,1.6902899742126465,3,False
815,detail,2,0.7,119,35,37.842369079589844,1.7484321594238281,2,False
815,detail,2,0.6,125,45,38.42919921875,1.0483617782592773,2,False
815,detail,3,1.0,8,0,41.587100982666016,0.6475474834442139,4,False
815,detail,3,0.9,12,3,38.5428466796875,0.7382180690765381,3,False
815,detail,3,0.8,22,12,38.956520080566406,1.358335256576538,3,False
815,detail,3,0.7,25,18,36.927734375,1.3814120292663574,2,False
815,detail,3,0.6,27,28,35.50756072998047,1.931997299194336,2,False
816,coarse,1,0.4,34,20,27.27254867553711,,,True
816,coarse,2,0.3,64,20,31.871829986572266,,,True
816,coarse,3,0.4,14,0,33.92642593383789,,,True
816,detail,1,1.0,65,25,34.967857360839844,1.5166420936584473,4,False
816,detail,1,0.9,66,32,32.119667053222656,1.7198667526245117,3,False
816,detail,1,0.8,69,41,29.599546432495117,2.1206741333007812,3,False
816,detail,1,0.7,69,47,29.283388137817383,2.255366325378418,2,False
816,detail,1,0.6,71,55,28.39649200439453,2.349315881729126,2,True
816,detail,2,1.0,115,15,40.634559631347656,1.3907852172851562,4,False
816,detail,2,0.9,118,18,38.06612014770508,1.4247384071350098,3,False
816,detail,2,0.8,118,27,37.75507736206055,1.7051360607147217,3,False
816,detail,2,0.7,119,35,38.12262725830078,1.7693777084350586,2,False
816,detail,2,0.6,121,67,39.22551727294922,1.6553676128387451,2,False
816,detail,3,1.0,29,12,38.65827178955078,2.0771305561065674,4,False
816,detail,3,0.9,26,6,37.00177764892578,1.8095636367797852,3,False
816,detail,3,0.8,26,12,36.513301849365234,1.6041240692138672,3,False
816,detail,3,0.7,27,22,36.5086669921875,2.0062785148620605,2,False
816,detail,3,0.6,29,28,35.14570617675781,2.183081865310669,2,False
817,coarse,1,0.4,34,20,27.43709373474121,,,True
817,coarse,2,0.3,64,20,32.407936096191406,,,True
817,coarse,3,0.4,14,0,34.67327117919922,,,True
817,detail,1,1.0,65,25,35.42408752441406,1.3805763721466064,4,False
817,detail,1,0.9,66,32,32.57851028442383,1.5500917434692383,3,False
817,detail,1,0.8,69,41,30.067764282226562,1.9488441944122314,3,False
817,detail,1,0.7,69,47,29.59140396118164,2.094666004180908,2,False
817,detail,1,0.6,71,55,28.66620635986328,2.3444440364837646,2,True
817,detail,2,1.0,115,15,41.187889099121094,1.397507667541504,4,False
817,detail,2,0.9,118,18,38.65159225463867,1.3781518936157227,3,False
817,detail,2,0.8,118,27,38.31179428100586,1.6823420524597168,3,False
817,detail,2,0.7,119,35,38.5899772644043,1.7928566932678223,2,False
817,detail,2,0.6,125,45,39.21783447265625,1.2042438983917236,2,False
817,detail,3,1.0,25,0,39.353641510009766,1.6366662979125977,4,False
817,detail,3,0.9,26,6,37.49537658691406,1.6734263896942139,3,False
817,detail,3,0.8,26,12,37.020816802978516,1.6690716743469238,3,False
817,detail,3,0.7,29,36,37.02017593383789,2.185152053833008,2,False
817,detail,3,0.6,29,30,35.73101043701172,2.0873939990997314,2,False
818,coarse,1,0.4,34,20,27.474843978881836,,,True
818,coarse,2,0.3,64,20,32.407936096191406,,,True
818,coarse,3,0.4,14,0,34.63521957397461,,,True
818,detail,1,1.0,65,25,35.467098236083984,1.3811590671539307,4,False
818,detail,1,0.9,66,32,32.62892532348633,1.5513982772827148,3,False
818,detail,1,0.8,69,41,30.063758850097656,1.971123218536377,3,False
818,detail,1,0.7,69,47,29.60896873474121,2.1189608573913574,2,False
818,detail,1,0.6,71,55,28.669113159179688,2.3463327884674072,2,True
818,detail,2,1.0,115,15,41.20195007324219,1.3986566066741943,4,False
818,detail,2,0.9,118,18,38.629669189453125,1.377593994140625,3,False
818,detail,2,0.8,118,27,38.282371520996094,1.6817240715026855,3,False
818,detail,2,0.7,119,35,38.561363220214844,1.7930798530578613,2,False
818,detail,2,0.6,125,45,39.211734771728516,1.2017953395843506,2,False
818,detail,3,1.0,25,0,39.325706481933594,1.6404049396514893,4,False
818,detail,3,0.9,26,6,37.466590881347656,1.6747829914093018,3,False
818,detail,3,0.8,26,12,36.975990295410156,1.669240951538086,3,False
818,detail,3,0.7,29,36,37.039588928222656,2.1855926513671875,2,False
818,detail,3,0.6,29,30,35.706729888916016,2.0880959033966064,2,False
819,coarse,1,0.4,34,20,27.274791717529297,,,True
819,coarse,2,0.3,64,20,32.091739654541016,,,True
819,coarse,3,0.4,14,0,34.455753326416016,,,True
819,detail,1,1.0,65,25,35.3511962890625,1.4069480895996094,4,False
819,detail,1,0.9,66,32,32.533058166503906,1.5747013092041016,3,False
819,detail,1,0.8,69,41,29.687618255615234,1.9554922580718994,3,False
819,detail,1,0.7,69,47,29.596054077148438,2.0625417232513428,2,False
819,detail,1,0.6,71,55,28.547128677368164,2.3020687103271484,2,True
819,detail,2,1.0,115,15,40.97056579589844,1.378891944885254,4,False
819,detail,2,0.9,118,18,38.312583923339844,1.3846886157989502,3,False
819,detail,2,0.8,118,27,37.947227478027344,1.677839994430542,3,False
819,detail,2,0.7,119,35,38.28010177612305,1.7785415649414062,2,False
819,detail,2,0.6,125,45,39.08575439453125,1.2528598308563232,2,False
819,detail,3,1.0,29,12,39.05501174926758,1.7152392864227295,4,False
819,detail,3,0.9,26,6,37.249664306640625,1.7069907188415527,3,False
819,detail,3,0.8,26,12,36.75579071044922,1.7070763111114502,3,False
819,detail,3,0.7,29,32,36.784725189208984,2.1752405166625977,2,False
819,detail,3,0.6,29,28,35.38322830200195,1.8189053535461426,2,False
820,coarse,1,0.4,34,20,27.178327560424805,,,True
820,coarse,2,0.3,64,20,32.06343078613281,,,True
820,coarse,3,0.4,14,0,34.24919891357422,,,True
820,detail,1,1.0,65,25,35.31174850463867,1.4102416038513184,4,False
820,detail,1,0.9,66,32,32.493934631347656,1.5809383392333984,3,False
820,detail,1,0.8,69,41,29.42432975769043,1.9500682353973389,3,False
820,detail,1,0.7,69,47,29.55087661743164,2.051757574081421,2,False
820,detail,1,0.6,71,55,28.266916275024414,2.3125839233398438,2,True
820,detail,2,1.0,115,15,40.81399154663086,1.3945531845092773,4,False
820,detail,2,0.9,118,18,38.26324462890625,1.3983752727508545,3,False
820,detail,2,0.8,118,27,37.722904205322266,1.689396619796753,3,False
820,detail,2,0.7,119,35,37.98897933959961,1.7863264083862305,2,False
820,detail,2,0.6,125,45,39.0577392578125,1.2760064601898193,2,False
820,detail,3,1.0,29,12,38.881656646728516,1.7997257709503174,4,False
820,detail,3,0.9,26,6,37.084110260009766,1.6945381164550781,3,False
820,detail,3,0.8,26,12,36.60222244262695,1.665276050567627,3,False
820,detail,3,0.7,29,28,36.71399688720703,2.321173906326294,2,False
820,detail,3,0.6,29,28,35.2555046081543,1.908534288406372,2,False
821,coarse,1,0.4,34,20,26.852458953857422,,,True
821,coarse,2,0.3,64,20,31.58104133605957,,,True
821,coarse,3,0.4,14,0,33.67085266113281,,,True
821,detail,1,1.0,65,25,35.01652908325195,1.4598512649536133,4,False
821,detail,1,0.9,66,32,32.203487396240234,1.6114084720611572,3,False
821,detail,1,0.8,69,41,28.837812423706055,1.9858942031860352,3,False
821,detail,1,0.7,71,47,29.2590389251709,2.2191784381866455,2,False
821,detail,1,0.6,71,55,28.002317428588867,2.2925374507904053,2,True
821,detail,2,1.0,115,15,40.49517822265625,1.386873722076416,4,False
821,detail,2,0.9,118,18,37.95658874511719,1.3897244930267334,3,False
821,detail,2,0.8,118,27,37.292091369628906,1.6758792400360107,3,False
821,detail,2,0.7,119,35,37.54077911376953,1.773439884185791,2,False
821,detail,2,0.6,125,45,38.90137481689453,1.2620089054107666,2,False
821,detail,3,1.0,25,0,38.48564529418945,1.7012355327606201,4,False
821,detail,3,0.9,26,6,36.61561584472656,1.7025401592254639,3,False
821,detail,3,0.8,26,12,36.128257751464844,1.681870698928833,3,False
821,detail,3,0.7,29,28,36.41341018676758,2.3073761463165283,2,False
821,detail,3,0.6,29,30,35.12049102783203,2.1710195541381836,2,False
822,coarse,1,0.4,34,20,26.132535934448242,,,True
822,coarse,2,0.3,64,10,30.69301414489746,,,True
822,coarse,3,0.4,14,0,32.890403747558594,,,True
822,detail,1,1.0,65,25,34.22978973388672,1.4235000610351562,4,False
822,detail,1,0.9,66,32,31.44450569152832,1.5987439155578613,3,False
822,detail,1,0.8,69,41,27.774677276611328,1.9558286666870117,3,False
822,detail,1,0.7,71,47,28.44791603088379,2.19158935546875,2,False
822,detail,1,0.6,71,55,27.219253540039062,2.2500758171081543,2,True
822,detail,2,0.9,118,21,36.93306350708008,1.54268217086792,3,False
822,detail,2,0.8,118,27,36.29109191894531,1.6798477172851562,3,False
822,detail,2,0.7,119,34,36.63987731933594,1.7323062419891357,2,False
822,detail,2,0.6,125,44,37.22669219970703,1.2332844734191895,2,False
822,detail,3,1.0,25,0,37.66818618774414,1.802220344543457,4,False
822,detail,3,0.9,26,6,35.6605224609375,1.7273616790771484,3,False
822,detail,3,0.8,26,12,35.26874923706055,1.7088525295257568,3,False
822,detail,3,0.7,27,20,35.52262878417969,1.6404023170471191,2,False
822,detail,3,0.6,29,30,34.28255081176758,2.2617485523223877,2,False
823,coarse,1,0.4,34,20,26.604631423950195,,,True
823,coarse,2,0.3,64,20,30.920560836791992,,,True
823,coarse,3,0.4,14,0,32.970481872558594,,,True
823,detail,1,1.0,65,25,34.63663864135742,1.4071300029754639,4,False
823,detail,1,0.9,66,32,31.85742950439453,1.5805511474609375,3,False
823,detail,1,0.8,69,41,27.86448097229004,1.8980638980865479,3,False
823,detail,1,0.7,71,47,28.661426544189453,2.152212619781494,2,False
823,detail,1,0.6,71,55,27.507949829101562,2.16101336479187,2,True
823,detail,2,0.9,118,21,36.97538375854492,1.4789459705352783,3,False
823,detail,2,0.8,118,27,36.3052864074707,1.6188249588012695,3,False
823,detail,2,0.7,119,35,36.400455474853516,1.7309882640838623,2,False
823,detail,2,0.6,121,67,38.22050857543945,1.8020730018615723,2,False
823,detail,3,1.0,25,0,37.70255661010742,1.7464711666107178,4,False
823,detail,3,0.9,26,6,35.709861755371094,1.6197617053985596,3,False
823,detail,3,0.8,26,12,35.33906173706055,1.4843876361846924,3,False
823,detail,3,0.7,27,20,35.510528564453125,1.565500259399414,2,False
823,detail,3,0.6,29,30,34.34213638305664,2.1731252670288086,2,False
824,coarse,1,0.4,34,20,26.76066017150879,,,True
824,coarse,2,0.3,64,10,30.812589645385742,,,True
824,coarse,3,0.4,14,0,33.03669738769531,,,True
824,detail,1,1.0,65,25,34.91102981567383,1.3015241622924805,4,False
824,detail,1,0.9,69,32,31.791276931762695,1.53751802444458,3,False
824,detail,1,0.8,69,41,27.71563148498535,1.8206987380981445,3,False
824,detail,1,0.7,71,49,28.586957931518555,2.1112823486328125,2,False
824,detail,1,0.6,71,55,27.626461029052734,2.1150007247924805,2,True
824,detail,2,0.9,118,21,37.11922073364258,1.4318156242370605,3,False
824,detail,2,0.8,118,27,36.43313980102539,1.5539216995239258,3,False
824,detail,2,0.7,119,34,37.115516662597656,1.6131808757781982,2,False
824,detail,2,0.6,125,44,37.65245819091797,1.204970359802246,2,False
824,detail,3,1.0,25,0,37.633583068847656,1.7528235912322998,4,False
824,detail,3,0.9,26,6,35.66289520263672,1.6413671970367432,3,False
824,detail,3,0.8,26,12,35.27204895019531,1.491393804550171,3,False
824,detail,3,0.7,27,20,35.48391342163086,1.6089444160461426,2,False
824,detail,3,0.6,29,30,34.231990814208984,2.1862518787384033,2,False
825,coarse,1,0.4,34,20,27.011798858642578,,,True
825,coarse,2,0.3,64,10,30.997785568237305,,,True
825,coarse,3,0.4,14,0,33.03886413574219,,,True
825,detail,1,1.0,65,25,35.10920333862305,1.275829553604126,4,False
825,detail,1,0.9,69,32,31.615026473999023,1.5383524894714355,3,False
825,detail,1,0.8,69,41,27.73019790649414,1.8068008422851562,3,False
825,detail,1,0.7,71,49,28.411834716796875,2.1318516731262207,2,False
825,detail,1,0.6,71,55,27.630762100219727,2.107738494873047,2,True
825,detail,2,0.9,118,21,36.85159683227539,1.3907067775726318,3,False
825,detail,2,0.8,118,27,36.164493560791016,1.513256311416626,3,False
825,detail,2,0.7,119,34,36.81864929199219,1.5338900089263916,2,False
825,detail,2,0.6,119,42,38.03651428222656,1.8407342433929443,2,False
825,detail,3,1.0,25,0,37.53114318847656,1.6681768894195557,4,False
825,detail,3,0.9,26,6,35.42877960205078,1.6655468940734863,3,False
825,detail,3,0.8,26,12,35.09967041015625,1.6889030933380127,3,False
825,detail,3,0.7,27,20,35.37138366699219,1.6931827068328857,2,False
825,detail,3,0.6,29,30,34.10654067993164,2.093769073486328,2,False
826,coarse,1,0.4,34,20,27.144309997558594,,,True
826,coarse,2,0.3,64,20,30.73128318786621,,,True
826,coarse,3,0.4,14,0,32.75693130493164,,,True
826,detail,1,1.0,65,25,35.193851470947266,1.1927876472473145,4,False
826,detail,1,0.9,69,32,31.413076400756836,1.4095933437347412,3,False
826,detail,1,0.8,69,41,27.679563522338867,1.679739236831665,3,True
826,detail,1,0.7,71,49,28.426151275634766,2.0512211322784424,2,False
826,detail,1,0.6,71,55,27.90849494934082,1.937716007232666,2,False
826,detail,2,0.9,115,21,39.2440185546875,1.3538627624511719,3,False
826,detail,2,0.8,118,27,36.097862243652344,1.355661392211914,3,False
826,detail,2,0.7,119,35,36.28940200805664,1.4140832424163818,2,False
826,detail,2,0.6,121,67,38.24279022216797,1.5762887001037598,2,False
826,detail,3,1.0,25,0,37.399845123291016,1.56221604347229,4,False
826,detail,3,0.9,26,6,35.28758239746094,1.4428317546844482,3,False
826,detail,3,0.8,26,12,34.9738655090332,1.3931007385253906,3,False
826,detail,3,0.7,27,20,35.33095169067383,1.403733491897583,2,False
826,detail,3,0.6,29,30,34.050392150878906,2.0135295391082764,2,False
827,coarse,1,0.3,36,26,26.926681518554688,,,True
827,coarse,2,0.3,64,10,30.31287956237793,,,True
827,coarse,3,0.4,14,0,32.8031120300293,,,True
827,detail,1,1.0,67,29,33.084869384765625,1.3201055526733398,4,False
827,detail,1,0.9,68,32,30.179235458374023,1.435720443725586,3,False
827,detail,1,0.8,68,41,28.696910858154297,1.697359323501587,3,False
827,detail,1,0.7,71,49,28.125404357910156,2.1740164756774902,2,False
827,detail,1,0.6,71,55,27.705724716186523,1.9293975830078125,2,True
827,detail,2,0.9,118,21,36.5900764465332,1.3451838493347168,3,False
827,detail,2,0.8,118,27,36.114627838134766,1.4511184692382812,3,False
827,detail,2,0.7,119,36,36.8528938293457,1.589853048324585,2,False
827,detail,2,0.6,121,42,38.000606536865234,1.3272802829742432,2,False
827,detail,3,1.0,25,0,37.35494613647461,1.5660808086395264,4,False
827,detail,3,0.9,26,6,35.25779724121094,1.4140040874481201,3,False
827,detail,3,0.8,26,12,35.024803161621094,1.3535754680633545,3,False
827,detail,3,0.7,27,20,35.32563018798828,1.3669922351837158,2,False
827,detail,3,0.6,29,30,34.0350341796875,1.9982154369354248,2,False
828,coarse,1,0.3,36,26,26.815095901489258,,,True
828,coarse,2,0.3,64,10,30.237754821777344,,,True
828,coarse,3,0.4,14,0,32.78744888305664,,,True
828,detail,1,1.0,67,29,33.030364990234375,1.2956280708312988,4,False
828,detail,1,0.9,68,32,30.112443923950195,1.4247136116027832,3,False
828,detail,1,0.8,68,41,28.703733444213867,1.6824455261230469,3,False
828,detail,1,0.7,71,49,27.917686462402344,2.1565775871276855,2,False
828,detail,1,0.6,71,55,27.6051025390625,1.9127137660980225,2,True
828,detail,2,0.9,118,21,36.257537841796875,1.3227646350860596,3,False
828,detail,2,0.8,118,27,35.76926803588867,1.4355287551879883,3,False
828,detail,2,0.7,119,36,36.390625,1.5902884006500244,2,False
828,detail,2,0.6,121,42,37.542694091796875,1.3518528938293457,2,False
828,detail,3,1.0,25,0,37.2752685546875,1.5264763832092285,4,False
828,detail,3,0.9,26,6,35.192684173583984,1.396817684173584,3,False
828,detail,3,0.8,26,12,34.94014358520508,1.3845386505126953,3,False
828,detail,3,0.7,27,20,35.282108306884766,1.3533520698547363,2,False
828,detail,3,0.6,29,30,34.02024459838867,1.9318780899047852,2,False
829,coarse,1,0.3,36,26,26.303720474243164,,,True
829,coarse,2,0.3,64,10,29.46981430053711,,,True
829,coarse,3,0.4,14,0,32.35174560546875,,,True
829,detail,1,1.0,67,29,32.71994400024414,1.15521240234375,4,False
829,detail,1,0.9,68,32,29.683635711669922,1.2084872722625732,3,False
829,detail,1,0.8,68,41,28.957889556884766,1.3958842754364014,3,False
829,detail,1,0.7,71,49,27.586360931396484,1.848191261291504,2,False
829,detail,1,0.6,71,55,27.4758358001709,1.7443969249725342,2,True
829,detail,2,0.8,118,27,35.363990783691406,1.1712696552276611,3,False
829,detail,2,0.7,119,36,36.190216064453125,1.366194725036621,2,False
829,detail,2,0.6,121,42,37.263648986816406,1.3460519313812256,2,False
829,detail,3,1.0,25,0,36.86434555053711,1.7669575214385986,4,False
829,detail,3,0.9,26,6,34.80799865722656,1.543273687362671,3,False
829,detail,3,0.8,26,12,34.52214813232422,1.3652763366699219,3,False
829,detail,3,0.7,27,20,34.74956512451172,1.3935348987579346,2,False
829,detail,3,0.6,29,30,33.778968811035156,2.1446611881256104,2,False
830,coarse,1,0.3,36,26,26.35275650024414,,,True
830,coarse,2,0.3,64,10,29.494409561157227,,,True
830,coarse,3,0.4,14,0,32.40483856201172,,,True
830,detail,1,1.0,67,29,32.8282470703125,1.20487380027771,4,False
830,detail,1,0.9,68,32,29.787282943725586,1.2899508476257324,3,False
830,detail,1,0.8,68,41,29.063814163208008,1.4799957275390625,3,False
830,detail,1,0.7,71,49,27.635099411010742,1.9396076202392578,2,False
830,detail,1,0.6,71,55,27.536535263061523,1.8540928363800049,2,True
830,detail,2,0.8,118,27,35.55129623413086,1.1670072078704834,3,False
830,detail,2,0.7,119,36,36.40663528442383,1.3604321479797363,2,False
830,detail,2,0.6,121,42,37.455623626708984,1.342602014541626,2,False
830,detail,3,1.0,25,0,36.89078903198242,1.7652766704559326,4,False
830,detail,3,0.9,26,6,34.83047866821289,1.555159568786621,3,False
830,detail,3,0.8,26,12,34.56215286254883,1.3741216659545898,3,False
830,detail,3,0.7,27,20,34.811946868896484,1.4018781185150146,2,False
830,detail,3,0.6,29,30,33.90909194946289,2.1610190868377686,2,False
831,coarse,1,0.3,36,26,26.117008209228516,,,True
831,coarse,2,0.3,64,10,29.5959415435791,,,True
831,coarse,3,0.4,14,0,32.22563171386719,,,True
831,detail,1,1.0,67,29,32.659000396728516,1.2053718566894531,4,False
831,detail,1,0.9,68,32,29.64301872253418,1.310020923614502,3,False
831,detail,1,0.8,68,41,29.005084991455078,1.5081660747528076,3,False
831,detail,1,0.7,71,49,27.409574508666992,2.0099711418151855,2,False
831,detail,1,0.6,71,55,27.276979446411133,1.9031922817230225,2,True
831,detail,2,0.9,115,24,40.95407485961914,1.2304458618164062,3,False
831,detail,2,0.8,118,27,35.44691467285156,1.2137424945831299,3,False
831,detail,2,0.7,119,34,36.29621887207031,1.3493828773498535,2,False
831,detail,2,0.6,121,42,37.13861083984375,1.3723998069763184,2,False
831,detail,3,1.0,25,0,36.78367233276367,1.7157800197601318,4,False
831,detail,3,0.9,26,6,34.6830940246582,1.5005435943603516,3,False
831,detail,3,0.8,26,12,34.45089340209961,1.3806800842285156,3,False
831,detail,3,0.7,27,20,34.743255615234375,1.3453264236450195,2,False
831,detail,3,0.6,29,30,33.852291107177734,2.120760202407837,2,False
832,coarse,1,0.3,36,26,25.852312088012695,,,True
832,coarse,2,0.3,64,10,29.67439842224121,,,True
832,coarse,3,0.4,14,0,32.1806526184082,,,True
832,detail,1,1.0,67,29,32.569915771484375,1.1855061054229736,4,False
832,detail,1,0.9,68,32,29.4792537689209,1.265895128250122,3,False
832,detail,1,0.8,68,41,29.00377082824707,1.4388091564178467,3,False
832,detail,1,0.7,71,49,27.328828811645508,1.918619155883789,2,False
832,detail,1,0.6,71,55,27.300090789794922,1.7640604972839355,2,True
832,detail,2,0.8,118,30,37.57175827026367,1.229790210723877,3,False
832,detail,2,0.7,119,34,36.25248718261719,1.2828450202941895,2,False
832,detail,2,0.6,121,42,37.30821990966797,1.3479249477386475,2,False
832,detail,3,1.0,25,0,36.724884033203125,1.7028188705444336,4,False
832,detail,3,0.9,26,6,34.670562744140625,1.5096347332000732,3,False
832,detail,3,0.8,26,12,34.41250991821289,1.3984429836273193,3,False
832,detail,3,0.7,27,20,34.621822357177734,1.3647379875183105,2,False
832,detail,3,0.6,29,28,33.53029251098633,1.6515767574310303,2,False
833,coarse,1,0.3,36,26,25.728179931640625,,,True
833,coarse,2,0.3,64,10,29.868295669555664,,,True
833,coarse,3,0.4,14,0,32.13077163696289,,,True
833,detail,1,1.0,67,29,32.656307220458984,1.2604873180389404,4,False
833,detail,1,0.9,68,32,29.526744842529297,1.3609116077423096,3,False
833,detail,1,0.8,68,41,29.155452728271484,1.5410761833190918,3,False
833,detail,1,0.7,71,49,27.21445083618164,2.041668176651001,2,True
833,detail,1,0.6,71,55,27.296871185302734,1.8677897453308105,2,False
833,detail,2,0.9,115,18,38.414310455322266,1.2264654636383057,3,False
833,detail,2,0.8,118,27,35.532188415527344,1.3100757598876953,3,False
833,detail,2,0.7,119,34,36.00846481323242,1.4507477283477783,2,False
833,detail,2,0.6,121,42,37.1119270324707,1.5153727531433105,2,False
833,detail,3,1.0,25,0,36.77577590942383,1.7338178157806396,4,False
833,detail,3,0.9,26,6,34.66547775268555,1.5748920440673828,3,False
833,detail,3,0.8,26,12,34.368289947509766,1.4537672996520996,3,False
833,detail,3,0.7,27,20,34.58901596069336,1.4540200233459473,2,False
833,detail,3,0.6,31,30,33.52376937866211,2.3534042835235596,2,False
834,coarse,1,0.3,36,26,25.923215866088867,,,True
834,coarse,2,0.3,64,20,30.851186752319336,,,True
834,coarse,3,0.4,14,0,32.8857536315918,,,True
834,detail,1,1.0,67,29,33.326168060302734,1.3427278995513916,4,False
834,detail,1,0.9,68,32,30.17502212524414,1.4420857429504395,3,False
834,detail,1,0.8,68,41,29.872276306152344,1.6186282634735107,3,False
834,detail,1,0.7,71,47,27.522090911865234,2.078815221786499,2,True
834,detail,1,0.6,71,55,27.632646560668945,1.8607029914855957,2,False
834,detail,2,0.9,115,18,39.110740661621094,1.2085249423980713,3,False
834,detail,2,0.8,118,27,36.30174255371094,1.311312198638916,3,False
834,detail,2,0.7,119,35,36.457374572753906,1.5290770530700684,2,False
834,detail,2,0.6,125,43,37.8052864074707,1.1154379844665527,2,False
834,detail,3,1.0,29,12,37.296268463134766,1.9111464023590088,4,False
834,detail,3,0.9,26,6,35.389957427978516,1.5967028141021729,3,False
834,detail,3,0.8,26,12,35.11450958251953,1.4737670421600342,3,False
834,detail,3,0.7,31,36,35.13051986694336,2.4343457221984863,2,False
834,detail,3,0.6,31,30,33.97657775878906,2.3569610118865967,2,False
835,coarse,1,0.3,36,26,26.61682891845703,,,True
835,coarse,2,0.3,64,20,31.60834503173828,,,True
835,coarse,3,0.4,14,0,33.85491180419922,,,True
835,detail,1,1.0,67,29,34.14901351928711,1.3153588771820068,4,False
835,detail,1,0.9,68,32,31.082033157348633,1.4019882678985596,3,False
835,detail,1,0.8,71,41,30.867250442504883,1.6622259616851807,3,False
835,detail,1,0.7,71,47,28.265134811401367,2.064051866531372,2,True
835,detail,1,0.6,71,55,28.48702049255371,1.8898026943206787,2,False
835,detail,2,0.9,115,18,39.98133087158203,1.2167201042175293,3,False
835,detail,2,0.8,118,27,37.435516357421875,1.3239400386810303,3,False
835,detail,2,0.7,119,35,37.68327713012695,1.5274477005004883,2,False
835,detail,2,0.6,125,43,38.9276237487793,1.1094114780426025,2,False
835,detail,3,1.0,29,12,38.021976470947266,1.8861210346221924,4,False
835,detail,3,0.9,26,6,36.37078857421875,1.570361614227295,3,False
835,detail,3,0.8,26,12,36.14578628540039,1.423262119293213,3,False
835,detail,3,0.7,31,36,35.73811721801758,2.3912835121154785,2,False
835,detail,3,0.6,29,28,34.882713317871094,1.6508090496063232,2,False
836,coarse,1,0.3,36,26,26.923574447631836,,,True
836,coarse,2,0.3,64,20,32.35726547241211,,,True
836,detail,1,1.0,67,25,34.8566780090332,1.2366430759429932,4,False
836,detail,1,0.9,68,32,31.652992248535156,1.3392219543457031,3,False
836,detail,1,0.8,71,41,31.512062072753906,1.6242494583129883,3,False
836,detail,1,0.7,71,47,28.404172897338867,1.9994854927062988,2,True
836,detail,1,0.6,71,55,29.022281646728516,1.868009090423584,2,False
836,detail,2,0.9,115,21,42.23917007446289,1.1901392936706543,3,False
836,detail,2,0.8,118,27,38.54112243652344,1.232109785079956,3,False
836,detail,2,0.7,119,35,38.75475311279297,1.4237675666809082,2,False
836,detail,2,0.6,121,41,39.86008834838867,1.4128303527832031,2,False
837,coarse,1,0.3,36,26,26.841537475585938,,,True
837,coarse,2,0.3,64,20,32.213653564453125,,,True
837,detail,1,1.0,67,25,35.08448791503906,1.1239800453186035,4,False
837,detail,1,0.9,68,32,31.835752487182617,1.2505879402160645,3,False
837,detail,1,0.8,71,41,31.77135467529297,1.5416038036346436,3,False
837,detail,1,0.7,71,47,28.48777961730957,1.8752877712249756,2,True
837,detail,1,0.6,71,55,29.287399291992188,1.6266932487487793,2,False
837,detail,2,0.9,115,21,42.80585861206055,1.1869823932647705,3,False
837,detail,2,0.8,118,27,38.961360931396484,1.200434923171997,3,False
837,detail,2,0.7,119,35,39.32215118408203,1.366926670074463,2,False
837,detail,2,0.6,121,41,40.23710632324219,1.3641624450683594,2,False
838,coarse,1,0.3,36,26,26.957015991210938,,,True
838,coarse,2,0.3,64,20,32.583038330078125,,,True
838,detail,1,1.0,67,25,35.27428436279297,1.1294851303100586,4,False
838,detail,1,0.9,68,32,32.18572998046875,1.2711775302886963,3,False
838,detail,1,0.8,71,41,32.03303146362305,1.57810640335083,3,False
838,detail,1,0.7,71,47,28.59452247619629,1.894505262374878,2,True
838,detail,1,0.6,71,55,29.52362632751465,1.6138432025909424,2,False
838,detail,2,0.9,115,18,41.536216735839844,1.145674467086792,3,False
838,detail,2,0.8,118,27,39.25004196166992,1.2048287391662598,3,False
838,detail,2,0.7,119,35,39.6324577331543,1.3824713230133057,2,False
838,detail,2,0.6,121,41,40.316646575927734,1.3641560077667236,2,False
839,coarse,1,0.3,36,26,27.031675338745117,,,True
839,coarse,2,0.4,64,12,35.425804138183594,,,True
839,detail,1,1.0,67,25,35.442718505859375,1.1675121784210205,4,False
839,detail,1,0.9,68,32,32.427734375,1.3231959342956543,3,False
839,detail,1,0.8,71,41,32.34489059448242,1.5879390239715576,3,False
839,detail,1,0.7,71,47,28.895978927612305,1.9157049655914307,2,True
839,detail,1,0.6,71,55,29.812301635742188,1.6685261726379395,2,False
839,detail,2,0.8,117,25,41.090824127197266,1.0981013774871826,3,False
839,detail,2,0.7,119,33,40.1530876159668,1.215378761291504,2,False
839,detail,2,0.6,121,41,40.927940368652344,1.2484211921691895,2,False
840,coarse,1,0.3,36,26,26.987302780151367,,,True
840,coarse,2,0.4,66,12,35.49510955810547,,,True
840,detail,1,1.0,67,25,35.47079849243164,1.1939828395843506,4,False
840,detail,1,0.9,68,32,32.414005279541016,1.3345472812652588,3,False
840,detail,1,0.8,71,41,32.35313034057617,1.6127252578735352,3,False
840,detail,1,0.7,71,47,28.980087280273438,1.933495044708252,2,True
840,detail,1,0.6,71,53,30.011322021484375,1.7282140254974365,2,False
840,detail,2,0.8,120,34,43.93541717529297,1.1557724475860596,3,False
840,detail,2,0.7,120,33,39.651634216308594,1.232527256011963,2,False
840,detail,2,0.6,120,41,40.83375549316406,1.526118516921997,2,False
841,coarse,1,0.3,36,26,27.175119400024414,,,True
841,coarse,2,0.4,66,12,35.691959381103516,,,True
841,detail,1,1.0,67,25,35.64592361450195,1.5036206245422363,4,False
841,detail,1,0.9,68,32,32.80780792236328,1.6644034385681152,3,False
841,detail,1,0.8,71,38,32.114864349365234,1.8740527629852295,3,False
841,detail,1,0.7,71,47,29.30592155456543,2.2006611824035645,2,True
841,detail,1,0.6,73,53,30.294384002685547,2.313331127166748,2,False
841,detail,2,0.9,120,19,39.997711181640625,1.2473440170288086,3,False
841,detail,2,0.8,120,25,39.529415130615234,1.3875386714935303,3,False
841,detail,2,0.7,120,33,39.875675201416016,1.7664318084716797,2,False
841,detail,2,0.6,126,41,39.04862976074219,1.193617582321167,2,False
842,coarse,1,0.3,36,26,26.96510887145996,,,True
842,coarse,2,0.4,66,12,35.3975944519043,,,True
842,detail,1,1.0,67,25,35.53701400756836,1.514314889907837,4,False
842,detail,1,0.9,68,32,32.71382522583008,1.6715703010559082,3,False
842,detail,1,0.8,71,38,31.864551544189453,1.905094861984253,3,False
842,detail,1,0.7,71,47,29.206565856933594,2.2339165210723877,2,True
842,detail,1,0.6,73,53,30.054706573486328,2.372666597366333,2,False
842,detail,2,0.9,120,19,39.634464263916016,1.2302205562591553,3,False
842,detail,2,0.8,120,25,39.15879440307617,1.3625175952911377,3,False
842,detail,2,0.7,120,33,39.529685974121094,1.7476153373718262,2,False
842,detail,2,0.6,126,41,38.8818473815918,1.2055613994598389,2,False
843,coarse,1,0.3,36,26,26.961406707763672,,,True
843,coarse,2,0.4,66,12,35.73475646972656,,,True
843,detail,1,1.0,67,25,35.79705047607422,1.4818105697631836,4,False
843,detail,1,0.9,68,32,33.07729721069336,1.6407849788665771,3,False
843,detail,1,0.8,71,38,31.73554801940918,1.8876872062683105,3,False
843,detail,1,0.7,71,47,29.250125885009766,2.2104506492614746,2,True
843,detail,1,0.6,73,53,29.93951988220215,2.362915277481079,2,False
843,detail,2,0.9,120,19,40.042442321777344,1.2523572444915771,3,False
843,detail,2,0.8,120,25,39.54765701293945,1.3841593265533447,3,False
843,detail,2,0.7,120,33,39.871681213378906,1.7630672454833984,2,False
843,detail,2,0.6,126,41,39.509037017822266,1.2316315174102783,2,False
844,coarse,1,0.3,36,26,27.07961082458496,,,True
844,coarse,2,0.4,64,12,35.78235626220703,,,True
844,detail,1,1.0,67,25,35.87323760986328,1.4945168495178223,4,False
844,detail,1,0.9,68,32,33.210060119628906,1.6528375148773193,3,False
844,detail,1,0.8,71,38,31.715652465820312,1.8957061767578125,3,False
844,detail,1,0.7,71,47,29.481679916381836,2.1992831230163574,2,True
844,detail,1,0.6,73,53,29.9522762298584,2.3630807399749756,2,False
844,detail,2,0.9,120,19,40.05671310424805,1.2562291622161865,3,False
844,detail,2,0.8,120,25,39.55554962158203,1.3874261379241943,3,False
844,detail,2,0.7,121,33,40.077754974365234,1.7389395236968994,2,False
844,detail,2,0.6,127,47,40.661075592041016,1.0379176139831543,2,False
845,coarse,1,0.3,36,26,26.878713607788086,,,True
845,coarse,2,0.4,66,12,35.75666809082031,,,True
845,detail,1,1.0,67,25,35.96516418457031,1.5318348407745361,4,False
845,detail,1,0.9,68,32,33.35421371459961,1.6868066787719727,3,False
845,detail,1,0.8,71,38,31.545398712158203,1.9315099716186523,3,False
845,detail,1,0.7,71,47,29.501325607299805,2.2321014404296875,2,True
845,detail,1,0.6,73,53,29.67735481262207,2.409734010696411,2,False
845,detail,2,0.9,120,19,39.97246551513672,1.2476794719696045,3,False
845,detail,2,0.8,120,25,39.494354248046875,1.374464750289917,3,False
845,detail,2,0.7,120,33,39.79672622680664,1.7532901763916016,2,False
845,detail,2,0.6,126,41,39.58210754394531,1.206209421157837,2,False
846,coarse,1,0.3,36,26,26.839670181274414,,,True
846,coarse,2,0.4,64,12,35.42695236206055,,,True
846,detail,1,1.0,67,25,35.88576126098633,1.504546880722046,4,False
846,detail,1,0.9,68,32,33.30641174316406,1.6638200283050537,3,False
846,detail,1,0.8,71,38,31.411380767822266,1.9440600872039795,3,False
846,detail,1,0.7,71,47,29.504947662353516,2.2485311031341553,2,True
846,detail,1,0.6,73,53,29.60921859741211,2.458064556121826,2,False
846,detail,2,1.0,117,23,43.7720947265625,1.3410322666168213,4,False
846,detail,2,0.9,117,19,40.94438552856445,1.4339213371276855,3,False
846,detail,2,0.8,120,25,39.461212158203125,1.3578920364379883,3,False
846,detail,2,0.7,121,33,39.965206146240234,1.7010273933410645,2,False
846,detail,2,0.6,127,47,40.65107727050781,1.069462537765503,2,False
847,coarse,1,0.3,36,26,27.529468536376953,,,True
847,coarse,2,0.4,64,12,35.76000213623047,,,True
847,detail,1,1.0,67,25,36.21814727783203,1.6507306098937988,4,False
847,detail,1,0.9,68,32,33.80672073364258,1.810486078262329,3,False
847,detail,1,0.8,71,38,31.80907440185547,2.0121216773986816,3,False
847,detail,1,0.7,71,47,30.005977630615234,2.3149633407592773,2,True
847,detail,1,0.6,73,53,30.210865020751953,2.5395543575286865,2,False
847,detail,2,0.9,120,19,40.21036148071289,1.297518253326416,3,False
847,detail,2,0.8,120,25,39.755577087402344,1.4366302490234375,3,False
847,detail,2,0.7,121,33,40.23639678955078,1.786266803741455,2,False
847,detail,2,0.6,127,47,40.9486198425293,1.0420711040496826,2,False
848,coarse,1,0.3,36,26,27.954618453979492,,,True
848,coarse,2,0.4,64,12,35.401248931884766,,,True
848,detail,1,1.0,67,25,36.43492126464844,1.634049892425537,4,False
848,detail,1,0.9,68,32,34.07835388183594,1.798807144165039,3,False
848,detail,1,0.8,71,38,31.82329750061035,2.070535659790039,3,False
848,detail,1,0.7,71,47,30.524019241333008,2.3972761631011963,2,False
848,detail,1,0.6,73,53,30.48063850402832,2.6484181880950928,2,True
848,detail,2,0.9,120,19,39.9363899230957,1.284318447113037,3,False
848,detail,2,0.8,120,25,39.38557052612305,1.4281835556030273,3,False
848,detail,2,0.7,121,33,39.76617431640625,1.7762343883514404,2,False
848,detail,2,0.6,127,47,40.61306381225586,1.108536720275879,2,False
849,coarse,1,0.3,36,26,27.32718849182129,,,True
849,coarse,2,0.4,64,12,34.89462661743164,,,True
849,detail,1,1.0,67,25,35.59084701538086,1.637371301651001,4,False
849,detail,1,0.9,68,32,33.26599884033203,1.7897682189941406,3,False
849,detail,1,0.8,71,38,31.07890510559082,2.0236213207244873,3,False
849,detail,1,0.7,71,47,30.039573669433594,2.343398332595825,2,True
849,detail,1,0.6,73,53,30.045360565185547,2.5987157821655273,2,False
849,detail,2,0.9,120,19,39.07200622558594,1.273662805557251,3,False
849,detail,2,0.8,120,25,38.362571716308594,1.405961036682129,3,False
849,detail,2,0.7,121,33,38.661834716796875,1.7420399188995361,2,False
849,detail,2,0.6,127,47,40.18779754638672,1.083137035369873,2,False
850,coarse,1,0.3,36,26,26.732967376708984,,,True
850,coarse,2,0.3,64,8,32.50398635864258,,,True
850,detail,1,1.0,67,25,35.13774871826172,1.654353141784668,4,False
850,detail,1,0.9,68,29,32.84896469116211,1.7822506427764893,3,False
850,detail,1,0.8,71,38,30.505462646484375,2.0605502128601074,3,False
850,detail,1,0.7,71,47,29.629589080810547,2.352447509765625,2,False
850,detail,1,0.6,73,53,29.444421768188477,2.561802625656128,2,True
850,detail,2,1.0,115,12,41.70408630371094,1.3244497776031494,4,False
850,detail,2,0.9,118,18,37.989437103271484,1.3676159381866455,3,False
850,detail,2,0.8,121,24,38.09389114379883,1.3578894138336182,3,False
850,detail,2,0.7,121,34,38.34703063964844,1.7193238735198975,2,False
850,detail,2,0.6,121,40,39.131988525390625,1.9354333877563477,2,False
851,coarse,1,0.3,36,26,26.619443893432617,,,True
851,coarse,2,0.3,64,8,32.44036865234375,,,True
851,detail,1,1.0,67,25,35.05548095703125,1.8351702690124512,4,False
851,detail,1,0.9,68,29,32.7396240234375,1.9727582931518555,3,False
851,detail,1,0.8,71,38,30.386985778808594,2.16095232963562,3,False
851,detail,1,0.7,71,47,29.61690902709961,2.481935739517212,2,False
851,detail,1,0.6,73,53,29.374961853027344,2.735706329345703,2,True
851,detail,2,1.0,115,12,41.79729080200195,1.3707778453826904,4,False
851,detail,2,0.9,118,18,37.996891021728516,1.407654047012329,3,False
851,detail,2,0.8,121,24,37.97136688232422,1.3868155479431152,3,False
851,detail,2,0.7,121,34,38.22663116455078,1.7399747371673584,2,False
851,detail,2,0.6,121,40,39.0089111328125,1.942117691040039,2,False
852,coarse,1,0.3,36,26,26.592443466186523,,,True
852,coarse,2,0.3,64,8,32.00846862792969,,,True
852,detail,1,1.0,67,25,34.97645950317383,1.8615679740905762,4,False
852,detail,1,0.9,68,29,32.589900970458984,1.99603271484375,3,False
852,detail,1,0.8,71,38,30.19853401184082,2.1772987842559814,3,False
852,detail,1,0.7,71,47,29.65814208984375,2.4944186210632324,2,False
852,detail,1,0.6,73,53,29.2674503326416,2.7703754901885986,2,True
852,detail,2,1.0,115,12,41.61953353881836,1.3545949459075928,4,False
852,detail,2,0.9,118,18,37.69496536254883,1.3618474006652832,3,False
852,detail,2,0.8,121,24,37.69737243652344,1.2673225402832031,3,False
852,detail,2,0.7,121,34,38.02641296386719,1.605759859085083,2,False
852,detail,2,0.6,121,40,38.76743698120117,1.7990837097167969,2,False
853,coarse,1,0.3,36,26,27.0069637298584,,,True
853,coarse,2,0.3,64,8,32.613914489746094,,,True
853,detail,1,1.0,67,25,35.385704040527344,1.6401007175445557,4,False
853,detail,1,0.9,68,29,33.066917419433594,1.846132516860962,3,False
853,detail,1,0.8,71,38,30.23563575744629,2.1586785316467285,3,False
853,detail,1,0.7,71,47,29.89676856994629,2.3318564891815186,2,False
853,detail,1,0.6,73,53,29.37998390197754,2.600311279296875,2,True
853,detail,2,0.9,118,21,39.87220764160156,1.3154230117797852,3,False
853,detail,2,0.8,118,24,39.159576416015625,1.3939769268035889,3,False
853,detail,2,0.7,121,34,38.59961700439453,1.461956262588501,2,False
853,detail,2,0.6,121,40,39.33855056762695,1.6875779628753662,2,False
854,coarse,1,0.3,36,26,26.83640480041504,,,True
854,coarse,2,0.3,64,8,32.498531341552734,,,True
854,detail,1,1.0,67,25,35.297367095947266,1.6632170677185059,4,False
854,detail,1,0.9,68,29,32.9701042175293,1.8550496101379395,3,False
854,detail,1,0.8,71,38,30.06772232055664,2.143585443496704,3,False
854,detail,1,0.7,71,47,29.761428833007812,2.3109798431396484,2,False
854,detail,1,0.6,73,53,29.217628479003906,2.5952985286712646,2,True
854,detail,2,0.9,118,18,38.39515686035156,1.2471003532409668,3,False
854,detail,2,0.8,121,24,38.442901611328125,1.1945221424102783,3,False
854,detail,2,0.7,121,34,38.698585510253906,1.5173437595367432,2,False
854,detail,2,0.6,121,40,39.415122985839844,1.7429735660552979,2,False
855,coarse,1,0.3,36,26,27.771482467651367,,,True
855,coarse,2,0.4,64,12,35.63017272949219,,,True
855,detail,1,1.0,67,25,36.51905822753906,1.7296416759490967,4,False
855,detail,1,0.9,68,29,34.41961669921875,1.9311652183532715,3,False
855,detail,1,0.8,71,38,31.077556610107422,2.234938383102417,3,False
855,detail,1,0.7,71,47,30.644258499145508,2.406724452972412,2,False
855,detail,1,0.6,73,53,29.993701934814453,2.6838574409484863,2,True
855,detail,2,0.9,117,19,41.331974029541016,1.3378913402557373,3,False
855,detail,2,0.8,120,25,39.41293716430664,1.2652394771575928,3,False
855,detail,2,0.7,121,33,39.6911506652832,1.5229480266571045,2,False
855,detail,2,0.6,121,41,41.203102111816406,1.7973661422729492,2,False
856,coarse,1,0.3,36,26,27.81407356262207,,,True
856,coarse,2,0.4,64,12,35.64394760131836,,,True
856,detail,1,1.0,67,25,36.546226501464844,1.7735278606414795,4,False
856,detail,1,0.9,68,32,34.31610107421875,1.9839260578155518,3,False
856,detail,1,0.8,71,38,31.107723236083984,2.27693772315979,3,False
856,detail,1,0.7,71,47,30.679283142089844,2.464934825897217,2,False
856,detail,1,0.6,73,53,30.01799201965332,2.789767026901245,2,True
856,detail,2,1.0,117,11,41.1475830078125,1.323911190032959,4,False
856,detail,2,0.9,120,19,40.022769927978516,1.2671825885772705,3,False
856,detail,2,0.8,120,25,39.52042770385742,1.3974719047546387,3,False
856,detail,2,0.7,121,33,39.86372375488281,1.6526684761047363,2,False
856,detail,2,0.6,127,47,40.964881896972656,1.0888111591339111,2,False
857,coarse,1,0.3,36,26,27.690114974975586,,,True
857,coarse,2,0.4,64,12,35.708621978759766,,,True
857,detail,1,1.0,67,25,36.43059539794922,1.736171007156372,4,False
857,detail,1,0.9,68,32,34.16901397705078,1.9478495121002197,3,False
857,detail,1,0.8,71,38,30.98837661743164,2.2341761589050293,3,False
857,detail,1,0.7,71,47,30.548620223999023,2.3957102298736572,2,False
857,detail,1,0.6,73,53,29.921689987182617,2.7142419815063477,2,True
857,detail,2,0.9,117,19,41.35391616821289,1.4214069843292236,3,False
857,detail,2,0.8,120,25,39.503173828125,1.3520686626434326,3,False
857,detail,2,0.7,121,33,39.81722640991211,1.5942449569702148,2,False
857,detail,2,0.6,121,41,41.24833679199219,1.8771462440490723,2,False
858,coarse,1,0.3,36,26,27.532869338989258,,,True
858,coarse,2,0.4,64,12,35.74483871459961,,,True
858,detail,1,1.0,67,25,36.335670471191406,1.7566962242126465,4,False
858,detail,1,0.9,68,32,34.07210159301758,1.9613707065582275,3,False
858,detail,1,0.8,71,38,31.13534164428711,2.2542519569396973,3,False
858,detail,1,0.7,71,47,30.403146743774414,2.428088665008545,2,False
858,detail,1,0.6,73,53,29.801488876342773,2.7412471771240234,2,True
858,detail,2,0.9,117,19,41.424339294433594,1.4262192249298096,3,False
858,detail,2,0.8,120,25,39.63893508911133,1.3629791736602783,3,False
858,detail,2,0.7,121,33,40.00006866455078,1.603623867034912,2,False
858,detail,2,0.6,121,41,41.403167724609375,1.8883237838745117,2,False
859,coarse,1,0.3,36,26,27.483356475830078,,,True
859,coarse,2,0.4,64,12,35.50861358642578,,,True
859,detail,1,1.0,67,25,35.95014572143555,1.7468993663787842,4,False
859,detail,1,0.9,68,32,33.65042495727539,1.9499797821044922,3,False
859,detail,1,0.8,71,38,31.143312454223633,2.252373218536377,3,False
859,detail,1,0.7,71,47,30.113035202026367,2.425191879272461,2,False
859,detail,1,0.6,73,53,29.945722579956055,2.714688539505005,2,True
859,detail,2,1.0,117,11,40.908565521240234,1.4048380851745605,4,False
859,detail,2,0.9,120,19,39.8813591003418,1.3896558284759521,3,False
859,detail,2,0.8,120,25,39.37029266357422,1.5063886642456055,3,False
859,detail,2,0.7,125,33,38.9062614440918,1.2277109622955322,2,False
859,detail,2,0.6,127,41,38.0540657043457,1.1646153926849365,2,False
860,coarse,1,0.3,36,26,26.943252563476562,,,True
860,coarse,2,0.4,64,12,34.902591705322266,,,True
860,detail,1,1.0,67,25,35.56040954589844,1.7160537242889404,4,False
860,detail,1,0.9,68,32,33.15010070800781,1.9333994388580322,3,False
860,detail,1,0.8,71,38,31.146345138549805,2.256380558013916,3,False
860,detail,1,0.7,71,47,29.495031356811523,2.4774210453033447,2,True
860,detail,1,0.6,73,53,29.51579475402832,2.7483983039855957,2,False
860,detail,2,1.0,117,11,40.229373931884766,1.3766767978668213,4,False
860,detail,2,0.9,120,19,39.16776657104492,1.3689055442810059,3,False
860,detail,2,0.8,120,25,38.60601806640625,1.488898754119873,3,False
860,detail,2,0.7,121,33,38.99970245361328,1.7512767314910889,2,False
860,detail,2,0.6,127,41,37.19690704345703,1.0906345844268799,2,False
861,coarse,1,0.3,36,26,26.927021026611328,,,True
861,coarse,2,0.4,64,12,34.85895538330078,,,True
861,detail,1,1.0,67,25,35.22028350830078,1.6604995727539062,4,False
861,detail,1,0.9,68,32,32.7615852355957,1.8788492679595947,3,False
861,detail,1,0.8,71,38,31.08536720275879,2.1941444873809814,3,False
861,detail,1,0.7,71,47,29.3768253326416,2.552152395248413,2,True
861,detail,1,0.6,73,53,29.70236587524414,2.8108224868774414,2,False
861,detail,2,1.0,117,11,40.09592819213867,1.3888814449310303,4,False
861,detail,2,0.9,120,19,39.157859802246094,1.381467342376709,3,False
861,detail,2,0.8,120,25,38.561283111572266,1.5033459663391113,3,False
861,detail,2,0.7,121,33,38.94660568237305,1.766099214553833,2,False
861,detail,2,0.6,127,41,36.98698806762695,1.0871188640594482,2,False
862,coarse,1,0.3,36,26,26.554489135742188,,,True
862,coarse,2,0.4,64,12,34.471282958984375,,,True
862,detail,1,1.0,67,25,34.5790901184082,1.5603487491607666,4,False
862,detail,1,0.9,68,32,32.142730712890625,1.7801039218902588,3,False
862,detail,1,0.8,71,38,30.9025821685791,2.08414626121521,3,False
862,detail,1,0.7,71,47,28.900249481201172,2.447357416152954,2,True
862,detail,1,0.6,73,53,29.42963409423828,2.6345903873443604,2,False
862,detail,2,1.0,117,11,39.68233871459961,1.3925256729125977,4,False
862,detail,2,0.9,120,19,38.782962799072266,1.3300106525421143,3,False
862,detail,2,0.8,120,25,38.186065673828125,1.4572060108184814,3,False
862,detail,2,0.7,121,33,38.533714294433594,1.7224860191345215,2,False
862,detail,2,0.6,127,41,36.343658447265625,1.0906546115875244,2,False
863,coarse,1,0.3,36,26,25.88823890686035,,,True
863,coarse,2,0.4,66,12,33.51953125,,,True
863,detail,1,1.0,67,25,33.672950744628906,1.4739725589752197,4,False
863,detail,1,0.9,68,32,31.182159423828125,1.6970281600952148,3,False
863,detail,1,0.8,71,38,30.298423767089844,2.0207083225250244,3,False
863,detail,1,0.7,71,47,28.074050903320312,2.4035425186157227,2,True
863,detail,1,0.6,71,53,28.868051528930664,2.356766939163208,2,False
863,detail,2,0.9,120,19,37.911712646484375,1.2995266914367676,3,False
863,detail,2,0.8,120,25,37.29713439941406,1.4347310066223145,3,False
863,detail,2,0.7,120,33,37.21736526489258,1.7873494625091553,2,False
863,detail,2,0.6,126,41,36.99970626831055,1.357980489730835,2,False
864,coarse,1,0.3,36,26,25.435476303100586,,,True
864,coarse,2,0.4,66,12,33.35613250732422,,,True
864,detail,1,1.0,67,25,33.27326202392578,1.4787826538085938,4,False
864,detail,1,0.9,68,32,30.72415542602539,1.676771640777588,3,False
864,detail,1,0.8,68,38,30.15800666809082,1.7444074153900146,3,False
864,detail,1,0.7,71,47,27.656896591186523,2.358795166015625,2,True
864,detail,1,0.6,71,53,28.362247467041016,2.209388494491577,2,False
864,detail,2,0.9,120,22,39.74150466918945,1.3443036079406738,3,False
864,detail,2,0.8,120,25,37.00730514526367,1.386153221130371,3,False
864,detail,2,0.7,120,33,36.90245819091797,1.7333366870880127,2,False
864,detail,2,0.6,126,41,36.48548126220703,1.3744127750396729,2,False
865,coarse,1,0.3,36,26,25.838565826416016,,,True
865,coarse,2,0.3,64,8,30.383554458618164,,,True
865,coarse,3,0.4,14,0,32.75503921508789,,,True
865,detail,1,1.0,67,25,32.770912170410156,1.3689050674438477,4,False
865,detail,1,0.9,68,32,30.23693084716797,1.5470147132873535,3,False
865,detail,1,0.8,68,38,29.25336456298828,1.7063801288604736,3,False
865,detail,1,0.7,71,47,27.64128875732422,2.324687957763672,2,True
865,detail,1,0.6,71,53,27.872045516967773,2.169041872024536,2,False
865,detail,2,0.8,118,27,37.27103805541992,1.170978307723999,3,False
865,detail,2,0.7,119,34,36.99533462524414,1.292670488357544,2,False
865,detail,2,0.6,121,40,37.90059280395508,1.3957953453063965,2,False
865,detail,3,1.0,29,12,37.15550994873047,1.6125338077545166,4,False
865,detail,3,0.9,26,6,35.66598129272461,1.4905509948730469,3,False
865,detail,3,0.8,29,27,35.38759994506836,1.9034373760223389,3,False
865,detail,3,0.7,27,18,34.988285064697266,1.640242338180542,2,False
865,detail,3,0.6,29,28,33.73135757446289,1.866546630859375,2,False
866,coarse,1,0.3,36,26,25.934982299804688,,,True
866,coarse,2,0.3,64,8,30.245018005371094,,,True
866,detail,1,1.0,67,25,32.75881576538086,1.3943498134613037,4,False
866,detail,1,0.9,68,32,30.251384735107422,1.5797865390777588,3,False
866,detail,1,0.8,68,38,29.11272621154785,1.7494421005249023,3,False
866,detail,1,0.7,71,47,27.666629791259766,2.3910961151123047,2,True
866,detail,1,0.6,71,53,27.730009078979492,2.2441415786743164,2,False
866,detail,2,0.8,118,27,37.467857360839844,1.180321455001831,3,False
866,detail,2,0.7,119,32,37.08440399169922,1.269892930984497,2,False
866,detail,2,0.6,121,40,38.068359375,1.4033079147338867,2,False
867,coarse,1,0.3,36,26,25.678688049316406,,,True
867,coarse,2,0.3,64,8,30.239686965942383,,,True
867,coarse,3,0.4,14,0,32.65721893310547,,,True
867,detail,1,1.0,67,25,32.408016204833984,1.3477699756622314,4,False
867,detail,1,0.9,68,32,29.92585563659668,1.5293076038360596,3,False
867,detail,1,0.8,68,38,28.657873153686523,1.7162046432495117,3,False
867,detail,1,0.7,71,47,27.536413192749023,2.321597099304199,2,False
867,detail,1,0.6,71,53,27.46141815185547,2.099902629852295,2,True
867,detail,2,0.8,118,27,37.01191711425781,1.218308925628662,3,False
867,detail,2,0.7,119,32,36.40099334716797,1.3157877922058105,2,False
867,detail,2,0.6,121,40,37.55441665649414,1.429753065109253,2,False
867,detail,3,1.0,29,12,36.8538932800293,1.6871721744537354,4,False
867,detail,3,0.9,26,6,35.64677429199219,1.5109117031097412,3,False
867,detail,3,0.8,29,27,35.008087158203125,1.9574177265167236,3,False
867,detail,3,0.7,27,18,34.968833923339844,1.6354985237121582,2,False
867,detail,3,0.6,29,28,33.785308837890625,1.8602321147918701,2,False
868,coarse,1,0.3,36,26,25.580121994018555,,,True
868,coarse,2,0.3,64,8,30.34429931640625,,,True
868,coarse,3,0.4,14,0,32.75555419921875,,,True
868,detail,1,1.0,67,25,32.4811897277832,1.3703937530517578,4,False
868,detail,1,0.9,68,32,30.09292221069336,1.5269148349761963,3,False
868,detail,1,0.8,68,38,28.6242733001709,1.7179150581359863,3,False
868,detail,1,0.7,71,47,27.664649963378906,2.3337934017181396,2,False
868,detail,1,0.6,71,53,27.272947311401367,2.1092331409454346,2,True
868,detail,2,0.8,118,27,37.51209259033203,1.2526519298553467,3,False
868,detail,2,0.7,119,32,36.68267059326172,1.3477861881256104,2,False
868,detail,2,0.6,121,40,38.113895416259766,1.4402823448181152,2,False
868,detail,3,1.0,29,12,36.991127014160156,1.7293193340301514,4,False
868,detail,3,0.9,26,6,35.93164825439453,1.5399537086486816,3,False
868,detail,3,0.8,29,27,34.899017333984375,1.9983644485473633,3,False
868,detail,3,0.7,27,18,35.0671501159668,1.5375993251800537,2,False
868,detail,3,0.6,29,28,33.84377670288086,1.8591077327728271,2,False
869,coarse,1,0.3,36,26,25.84246826171875,,,True
869,coarse,2,0.3,64,8,30.502532958984375,,,True
869,coarse,3,0.4,14,0,32.94453048706055,,,True
869,detail,1,1.0,67,25,32.634517669677734,1.434532642364502,4,False
869,detail,1,0.9,68,32,30.378067016601562,1.602982759475708,3,False
869,detail,1,0.8,68,38,28.72484588623047,1.800279140472412,3,False
869,detail,1,0.7,71,47,27.847190856933594,2.3881564140319824,2,False
869,detail,1,0.6,71,53,27.512710571289062,2.176020383834839,2,True
869,detail,2,0.8,118,27,37.69504928588867,1.2763712406158447,3,False
869,detail,2,0.7,119,32,36.69572067260742,1.3758001327514648,2,False
869,detail,2,0.6,121,40,38.2421875,1.4686565399169922,2,False
869,detail,3,1.0,29,12,37.17427444458008,1.7462878227233887,4,False
869,detail,3,0.9,23,3,35.89064407348633,1.515890121459961,3,False
869,detail,3,0.8,29,27,35.129188537597656,2.025479555130005,3,False
869,detail,3,0.7,27,18,35.22611999511719,1.5981714725494385,2,False
869,detail,3,0.6,29,28,34.015480041503906,1.907287836074829,2,False
870,coarse,1,0.3,36,26,25.842039108276367,,,True
870,coarse,2,0.3,64,8,30.518878936767578,,,True
870,coarse,3,0.4,14,0,33.12382888793945,,,True
870,detail,1,1.0,67,25,32.751155853271484,1.4440877437591553,4,False
870,detail,1,0.9,68,29,30.414100646972656,1.574904203414917,3,False
870,detail,1,0.8,68,38,28.752004623413086,1.8142147064208984,3,False
870,detail,1,0.7,71,47,28.056713104248047,2.4150407314300537,2,False
870,detail,1,0.6,71,53,27.56511688232422,2.2098560333251953,2,True
870,detail,2,0.8,118,27,37.77411651611328,1.22369384765625,3,False
870,detail,2,0.7,119,32,36.66383743286133,1.3647239208221436,2,False
870,detail,2,0.6,121,40,38.37157440185547,1.421949863433838,2,False
870,detail,3,1.0,29,12,37.44989776611328,1.7433664798736572,4,False
870,detail,3,0.9,23,3,36.14475631713867,1.50606107711792,3,False
870,detail,3,0.8,29,27,35.298606872558594,2.03096079826355,3,False
870,detail,3,0.7,27,18,35.29283142089844,1.5835444927215576,2,False
870,detail,3,0.6,29,28,34.17361831665039,1.8892638683319092,2,False
871,coarse,1,0.3,36,26,26.033586502075195,,,True
871,coarse,2,0.3,64,8,30.59271812438965,,,True
871,coarse,3,0.4,14,0,33.24308776855469,,,True
871,detail,1,1.0,67,25,32.760841369628906,1.4711990356445312,4,False
871,detail,1,0.9,68,29,30.422733306884766,1.61734938621521,3,False
871,detail,1,0.8,68,38,28.821550369262695,1.8597187995910645,3,False
871,detail,1,0.7,71,45,28.117361068725586,2.4022042751312256,2,False
871,detail,1,0.6,71,53,27.758939743041992,2.2232139110565186,2,True
871,detail,2,0.8,118,24,36.30224609375,1.133786916732788,3,False
871,detail,2,0.7,119,32,36.628204345703125,1.3859162330627441,2,False
871,detail,2,0.6,121,40,38.32817840576172,1.4502248764038086,2,False
871,detail,3,1.0,29,12,37.491851806640625,1.7448415756225586,4,False
871,detail,3,0.9,23,3,36.20870590209961,1.5076394081115723,3,False
871,detail,3,0.8,29,27,35.39164733886719,2.0327975749969482,3,False
871,detail,3,0.7,27,18,35.40606689453125,1.5970737934112549,2,False
871,detail,3,0.6,29,26,34.316680908203125,1.6788156032562256,2,False
872,coarse,1,0.3,36,26,26.15837860107422,,,True
872,coarse,2,0.3,64,8,30.60257911682129,,,True
872,coarse,3,0.4,14,0,33.27142333984375,,,True
872,detail,1,1.0,67,25,32.770076751708984,1.467857837677002,4,False
872,detail,1,0.9,68,29,30.481813430786133,1.6135461330413818,3,False
872,detail,1,0.8,68,38,28.82969856262207,1.8549766540527344,3,False
872,detail,1,0.7,71,45,28.200658798217773,2.4000179767608643,2,False
872,detail,1,0.6,71,53,27.850601196289062,2.2191250324249268,2,True
872,detail,2,0.8,118,24,36.25089645385742,1.1445338726043701,3,False
872,detail,2,0.7,119,32,36.58657455444336,1.3910326957702637,2,False
872,detail,2,0.6,121,40,38.263275146484375,1.4553070068359375,2,False
872,detail,3,1.0,29,12,37.48038864135742,1.7472748756408691,4,False
872,detail,3,0.9,23,3,36.20399856567383,1.5080718994140625,3,False
872,detail,3,0.8,29,27,35.362213134765625,2.0356342792510986,3,False
872,detail,3,0.7,27,18,35.398067474365234,1.5987303256988525,2,False
872,detail,3,0.6,29,26,34.29024124145508,1.6847412586212158,2,False
873,coarse,1,0.3,36,26,26.181970596313477,,,True
873,coarse,2,0.3,64,8,30.61381721496582,,,True
873,coarse,3,0.4,14,0,33.27192687988281,,,True
873,detail,1,1.0,67,25,32.843204498291016,1.468428134918213,4,False
873,detail,1,0.9,68,29,30.562496185302734,1.6146042346954346,3,False
873,detail,1,0.8,68,38,28.91196060180664,1.856161117553711,3,False
873,detail,1,0.7,71,45,28.294296264648438,2.399876356124878,2,False
873,detail,1,0.6,71,53,27.907642364501953,2.2180769443511963,2,True
873,detail,2,0.8,118,24,36.25310516357422,1.143911600112915,3,False
873,detail,2,0.7,119,32,36.5851936340332,1.3909249305725098,2,False
873,detail,2,0.6,121,40,38.263275146484375,1.4553070068359375,2,False
873,detail,3,1.0,29,12,37.48123550415039,1.7467494010925293,4,False
873,detail,3,0.9,23,3,36.21138381958008,1.5048799514770508,3,False
873,detail,3,0.8,29,27,35.35868453979492,2.034374475479126,3,False
873,detail,3,0.7,27,18,35.403987884521484,1.59572434425354,2,False
873,detail,3,0.6,29,26,34.27112579345703,1.6817600727081299,2,False
874,coarse,1,0.3,36,26,26.027679443359375,,,True
874,coarse,2,0.3,64,8,30.61381721496582,,,True
874,coarse,3,0.4,14,0,33.272369384765625,,,True
874,detail,1,1.0,67,25,32.785736083984375,1.4738373756408691,4,False
874,detail,1,0.9,68,29,30.56965446472168,1.6208598613739014,3,False
874,detail,1,0.8,68,38,28.943584442138672,1.8638992309570312,3,False
874,detail,1,0.7,71,45,28.263111114501953,2.4072959423065186,2,False
874,detail,1,0.6,71,53,27.985485076904297,2.219533681869507,2,True
874,detail,2,0.8,118,24,36.28960418701172,1.1600098609924316,3,False
874,detail,2,0.7,119,32,36.643375396728516,1.4172368049621582,2,False
874,detail,2,0.6,121,40,38.26060485839844,1.4890990257263184,2,False
874,detail,3,1.0,29,12,37.459877014160156,1.755864143371582,4,False
874,detail,3,0.9,23,3,36.21236801147461,1.5036935806274414,3,False
874,detail,3,0.8,29,27,35.334388732910156,2.044677972793579,3,False
874,detail,3,0.7,27,18,35.35954284667969,1.596693754196167,2,False
874,detail,3,0.6,29,26,34.3194694519043,1.6791269779205322,2,False
875,coarse,1,0.3,36,26,25.99933433532715,,,True
875,coarse,2,0.3,64,8,30.592388153076172,,,True
875,coarse,3,0.4,14,0,33.21287536621094,,,True
875,detail,1,1.0,67,25,32.78953552246094,1.4720220565795898,4,False
875,detail,1,0.9,68,29,30.548114776611328,1.619293451309204,3,False
875,detail,1,0.8,68,38,28.937604904174805,1.8595829010009766,3,False
875,detail,1,0.7,71,45,28.26871109008789,2.402991533279419,2,False
875,detail,1,0.6,71,53,27.963134765625,2.2153160572052,2,True
875,detail,2,0.8,118,24,36.249366760253906,1.168473720550537,3,False
875,detail,2,0.7,119,32,36.63276290893555,1.4245853424072266,2,False
875,detail,2,0.6,121,40,38.08386993408203,1.497044563293457,2,False
875,detail,3,1.0,29,12,37.43210220336914,1.7814099788665771,4,False
875,detail,3,0.9,23,3,36.13547897338867,1.5063161849975586,3,False
875,detail,3,0.8,29,27,35.25536346435547,2.0633528232574463,3,False
875,detail,3,0.7,27,18,35.25938034057617,1.6008293628692627,2,False
875,detail,3,0.6,29,26,34.184146881103516,1.6851251125335693,2,False
876,coarse,1,0.3,36,26,25.9197940826416,,,True
876,coarse,2,0.3,64,8,30.50556755065918,,,True
876,coarse,3,0.4,14,0,33.12409973144531,,,True
876,detail,1,1.0,67,25,32.67304611206055,1.47053861618042,4,False
876,detail,1,0.9,68,29,30.43205451965332,1.6052193641662598,3,False
876,detail,1,0.8,68,38,28.89983558654785,1.8493499755859375,3,False
876,detail,1,0.7,71,47,28.131725311279297,2.3930981159210205,2,False
876,detail,1,0.6,71,53,27.961524963378906,2.1815662384033203,2,True
876,detail,2,0.8,118,24,36.06163787841797,1.1727581024169922,3,False
876,detail,2,0.7,119,32,36.416534423828125,1.408543586730957,2,False
876,detail,2,0.6,121,40,37.90532302856445,1.4965219497680664,2,False
876,detail,3,1.0,29,12,37.28532028198242,1.7558927536010742,4,False
876,detail,3,0.9,23,3,35.99447250366211,1.5538990497589111,3,False
876,detail,3,0.8,29,27,35.07551574707031,2.027853488922119,3,False
876,detail,3,0.7,27,18,35.01488494873047,1.6598856449127197,2,False
876,detail,3,0.6,29,26,33.898555755615234,1.736654281616211,2,False
877,coarse,1,0.3,36,26,25.17642593383789,,,True
877,coarse,2,0.3,64,8,30.473623275756836,,,True
877,coarse,3,0.4,14,0,32.869239807128906,,,True
877,detail,1,1.0,67,25,32.15183639526367,1.3427751064300537,4,False
877,detail,1,0.9,68,32,29.881067276000977,1.2751836776733398,3,False
877,detail,1,0.8,68,38,28.555280685424805,1.2374465465545654,3,False
877,detail,1,0.7,71,47,27.295326232910156,1.7243053913116455,2,False
877,detail,1,0.6,71,53,27.291013717651367,1.4382514953613281,2,True
877,detail,2,0.8,118,30,39.71293258666992,1.3075344562530518,3,False
877,detail,2,0.7,119,32,36.621681213378906,1.2962117195129395,2,False
877,detail,2,0.6,121,40,37.999229431152344,1.4294919967651367,2,False
877,detail,3,1.0,29,12,37.19865798950195,1.9687693119049072,4,False
877,detail,3,0.9,26,3,34.77222442626953,1.984266757965088,3,False
877,detail,3,0.8,29,27,35.00090789794922,2.2602055072784424,3,False
877,detail,3,0.7,27,18,35.130889892578125,1.8094305992126465,2,False
877,detail,3,0.6,29,26,33.89802551269531,1.8587164878845215,2,False
878,coarse,1,0.3,36,26,25.13909912109375,,,True
878,coarse,2,0.3,64,8,30.473623275756836,,,True
878,coarse,3,0.4,14,0,32.871665954589844,,,True
878,detail,1,1.0,67,29,33.631282806396484,1.297551155090332,4,False
878,detail,1,0.9,68,32,29.909984588623047,1.2560250759124756,3,False
878,detail,1,0.8,68,38,28.634525299072266,1.2368533611297607,3,False
878,detail,1,0.7,71,47,27.31336784362793,1.7415874004364014,2,True
878,detail,1,0.6,71,53,27.354393005371094,1.4668173789978027,2,False
878,detail,2,0.8,118,27,37.45440673828125,1.2858498096466064,3,False
878,detail,2,0.7,119,32,36.610958099365234,1.3425929546356201,2,False
878,detail,2,0.6,121,40,37.95024490356445,1.470893144607544,2,False
878,detail,3,1.0,29,12,37.23491287231445,1.9613354206085205,4,False
878,detail,3,0.9,26,3,34.788265228271484,1.954991102218628,3,False
878,detail,3,0.8,29,27,35.08513259887695,2.2551238536834717,3,False
878,detail,3,0.7,27,18,35.16315841674805,1.7483344078063965,2,False
878,detail,3,0.6,29,26,33.94875717163086,1.7949748039245605,2,False
879,coarse,1,0.3,36,26,25.140647888183594,,,True
879,coarse,2,0.3,64,8,30.473623275756836,,,True
879,coarse,3,0.4,14,0,32.871315002441406,,,True
879,detail,1,1.0,67,29,33.679229736328125,1.298128604888916,4,False
879,detail,1,0.9,68,32,29.95147705078125,1.2563540935516357,3,False
879,detail,1,0.8,68,38,28.684459686279297,1.2357780933380127,3,False
879,detail,1,0.7,71,47,27.309762954711914,1.7420599460601807,2,True
879,detail,1,0.6,71,53,27.37392807006836,1.4669113159179688,2,False
879,detail,2,0.8,118,27,37.41915512084961,1.2881896495819092,3,False
879,detail,2,0.7,119,32,36.62833023071289,1.3453524112701416,2,False
879,detail,2,0.6,121,40,37.8539924621582,1.4801380634307861,2,False
879,detail,3,1.0,29,12,37.20603561401367,1.9722545146942139,4,False
879,detail,3,0.9,26,3,34.78776550292969,1.9630296230316162,3,False
879,detail,3,0.8,29,27,35.02967834472656,2.2684566974639893,3,False
879,detail,3,0.7,27,18,35.10604476928711,1.7590031623840332,2,False
879,detail,3,0.6,29,26,33.91189193725586,1.809394359588623,2,False
880,coarse,1,0.3,36,26,25.09315299987793,,,True
880,coarse,2,0.3,64,8,30.473623275756836,,,True
880,coarse,3,0.4,14,0,32.86738967895508,,,True
880,detail,1,1.0,67,29,33.66299819946289,1.3027653694152832,4,False
880,detail,1,0.9,68,32,29.935123443603516,1.2602603435516357,3,False
880,detail,1,0.8,68,38,28.744386672973633,1.238736867904663,3,False
880,detail,1,0.7,71,47,27.321325302124023,1.746964693069458,2,True
880,detail,1,0.6,71,53,27.409400939941406,1.4742770195007324,2,False
880,detail,2,0.8,118,27,37.40739059448242,1.2887237071990967,3,False
880,detail,2,0.7,119,32,36.64242172241211,1.346276044845581,2,False
880,detail,2,0.6,121,40,37.79798126220703,1.479170560836792,2,False
880,detail,3,1.0,29,12,37.17970657348633,1.96421217918396,4,False
880,detail,3,0.9,26,3,34.801605224609375,1.9543135166168213,3,False
880,detail,3,0.8,29,27,35.07848358154297,2.259655237197876,3,False
880,detail,3,0.7,27,18,35.12369155883789,1.7521147727966309,2,False
880,detail,3,0.6,29,26,33.920658111572266,1.8009581565856934,2,False
881,coarse,1,0.3,36,26,25.124114990234375,,,True
881,coarse,2,0.3,64,8,30.452783584594727,,,True
881,detail,1,1.0,67,25,32.24934387207031,1.2662699222564697,4,False
881,detail,1,0.9,68,32,30.008384704589844,1.1976642608642578,3,False
881,detail,1,0.8,68,38,28.789260864257812,1.2936155796051025,3,False
881,detail,1,0.7,71,47,27.374109268188477,1.738800048828125,2,True
881,detail,1,0.6,71,53,27.401317596435547,1.4155700206756592,2,False
881,detail,2,0.8,118,27,37.356449127197266,1.2877285480499268,3,False
881,detail,2,0.7,119,32,36.590213775634766,1.3468725681304932,2,False
881,detail,2,0.6,121,40,37.726497650146484,1.4812805652618408,2,False
882,coarse,1,0.3,36,26,25.082828521728516,,,True
882,coarse,2,0.3,64,8,30.384937286376953,,,True
882,detail,1,1.0,67,25,32.323055267333984,1.2721703052520752,4,False
882,detail,1,0.9,68,32,30.06229591369629,1.2038660049438477,3,False
882,detail,1,0.8,68,38,28.892318725585938,1.2959935665130615,3,False
882,detail,1,0.7,71,47,27.337059020996094,1.746622085571289,2,True
882,detail,1,0.6,71,53,27.386178970336914,1.4220945835113525,2,False
882,detail,2,0.8,118,27,37.46049880981445,1.2837159633636475,3,False
882,detail,2,0.7,119,32,36.710819244384766,1.3420307636260986,2,False
882,detail,2,0.6,121,40,37.76839065551758,1.4765541553497314,2,False
883,coarse,1,0.3,36,26,24.9502010345459,,,True
883,coarse,2,0.3,64,8,30.364639282226562,,,True
883,coarse,3,0.4,14,0,32.765506744384766,,,True
883,detail,1,1.0,67,25,32.25422668457031,1.276684045791626,4,False
883,detail,1,0.9,68,32,29.986833572387695,1.2081294059753418,3,False
883,detail,1,0.8,68,38,28.94182014465332,1.2981846332550049,3,False
883,detail,1,0.7,71,47,27.265541076660156,1.7448906898498535,2,True
883,detail,1,0.6,71,53,27.40457534790039,1.420182466506958,2,False
883,detail,2,0.8,118,27,37.33243942260742,1.2736504077911377,3,False
883,detail,2,0.7,119,32,36.49323654174805,1.3349549770355225,2,False
883,detail,2,0.6,121,40,37.54180145263672,1.474454641342163,2,False
883,detail,3,1.0,29,12,37.16215133666992,1.9318244457244873,4,False
883,detail,3,0.9,26,3,34.74622344970703,1.9387953281402588,3,False
883,detail,3,0.8,29,27,35.15528869628906,2.223371744155884,3,False
883,detail,3,0.7,27,18,35.0196418762207,1.7281365394592285,2,False
883,detail,3,0.6,29,26,33.8319206237793,1.7743234634399414,2,False
884,coarse,1,0.3,36,26,24.98211669921875,,,True
884,coarse,2,0.3,64,8,30.364639282226562,,,True
884,coarse,3,0.4,14,0,32.765506744384766,,,True
884,detail,1,1.0,67,25,32.28919219970703,1.2737963199615479,4,False
884,detail,1,0.9,68,32,30.05211639404297,1.2031097412109375,3,False
884,detail,1,0.8,68,38,29.064329147338867,1.293431043624878,3,False
884,detail,1,0.7,71,47,27.35350227355957,1.740036964416504,2,True
884,detail,1,0.6,71,53,27.519445419311523,1.413120985031128,2,False
884,detail,2,0.8,118,27,37.35502624511719,1.2703025341033936,3,False
884,detail,2,0.7,119,32,36.514888763427734,1.3322937488555908,2,False
884,detail,2,0.6,121,40,37.560935974121094,1.4732367992401123,2,False
884,detail,3,1.0,29,12,37.186038970947266,1.9332995414733887,4,False
884,detail,3,0.9,26,3,34.74814987182617,1.9372031688690186,3,False
884,detail,3,0.8,29,27,35.22620391845703,2.226810932159424,3,False
884,detail,3,0.7,27,18,35.015079498291016,1.7249388694763184,2,False
884,detail,3,0.6,29,26,33.84092330932617,1.7698512077331543,2,False
885,coarse,1,0.3,36,26,24.97333526611328,,,True
885,coarse,2,0.3,64,8,30.364639282226562,,,True
885,coarse,3,0.4,14,0,32.7733268737793,,,True
885,detail,1,1.0,67,25,32.33552932739258,1.270411729812622,4,False
885,detail,1,0.9,68,29,30.06023597717285,1.195021629333496,3,False
885,detail,1,0.8,68,38,29.130842208862305,1.288494348526001,3,False
885,detail,1,0.7,71,47,27.448593139648438,1.7260808944702148,2,True
885,detail,1,0.6,71,53,27.57132911682129,1.3965027332305908,2,False
885,detail,2,0.8,118,27,37.31531524658203,1.2722241878509521,3,False
885,detail,2,0.7,119,32,36.536380767822266,1.3353517055511475,2,False
885,detail,2,0.6,121,40,37.47526931762695,1.4738218784332275,2,False
885,detail,3,1.0,29,12,37.22184371948242,1.9283981323242188,4,False
885,detail,3,0.9,26,3,34.74491882324219,1.9337108135223389,3,False
885,detail,3,0.8,29,27,35.29933547973633,2.2179646492004395,3,False
885,detail,3,0.7,27,18,35.023502349853516,1.7210173606872559,2,False
885,detail,3,0.6,29,26,33.83776092529297,1.7646126747131348,2,False
886,coarse,1,0.3,36,26,24.856184005737305,,,True
886,coarse,2,0.3,64,8,30.287973403930664,,,True
886,coarse,3,0.4,14,0,32.786773681640625,,,True
886,detail,1,1.0,67,25,32.36537170410156,1.261615514755249,4,False
886,detail,1,0.9,68,29,30.085155487060547,1.1870198249816895,3,False
886,detail,1,0.8,68,38,29.22074317932129,1.2831623554229736,3,False
886,detail,1,0.7,71,47,27.420259475708008,1.7189431190490723,2,True
886,detail,1,0.6,71,53,27.54655647277832,1.3874948024749756,2,False
886,detail,2,0.8,118,27,37.347686767578125,1.2714312076568604,3,False
886,detail,2,0.7,119,32,36.595462799072266,1.3347136974334717,2,False
886,detail,2,0.6,121,40,37.53742599487305,1.4695708751678467,2,False
886,detail,3,1.0,29,12,37.21464920043945,1.9523065090179443,4,False
886,detail,3,0.9,26,3,34.762611389160156,1.9370324611663818,3,False
886,detail,3,0.8,29,27,35.307132720947266,2.2235145568847656,3,False
886,detail,3,0.7,27,18,35.037818908691406,1.7217779159545898,2,False
886,detail,3,0.6,29,26,33.899070739746094,1.7622246742248535,2,False
887,coarse,1,0.3,36,26,24.832040786743164,,,True
887,coarse,2,0.4,14,0,32.81458282470703,,,True
887,coarse,3,0.4,64,8,32.872066497802734,,,True
887,detail,1,1.0,67,25,32.34884262084961,1.237452507019043,4,False
887,detail,1,0.9,68,29,30.048540115356445,1.1526360511779785,3,False
887,detail,1,0.8,68,38,29.30385971069336,1.3349573612213135,3,False
887,detail,1,0.7,71,47,27.45452308654785,1.7859435081481934,2,True
887,detail,1,0.6,71,53,27.540098190307617,1.4578194618225098,2,False
887,detail,2,1.0,29,12,37.18801498413086,1.9486186504364014,4,False
887,detail,2,0.9,26,3,34.754249572753906,1.920179843902588,3,False
887,detail,2,0.8,29,27,35.171146392822266,2.221071481704712,3,False
887,detail,2,0.7,27,18,35.049137115478516,1.7112526893615723,2,False
887,detail,2,0.6,29,26,33.8349494934082,1.7445669174194336,2,False
887,detail,3,0.8,117,27,38.71516799926758,1.3223721981048584,3,False
887,detail,3,0.7,119,32,36.668212890625,1.3951926231384277,2,False
887,detail,3,0.6,121,40,37.59505844116211,1.5464401245117188,2,False
888,coarse,1,0.3,36,26,24.94269371032715,,,True
888,coarse,2,0.4,14,0,32.83112335205078,,,True
888,coarse,3,0.4,64,8,32.852699279785156,,,True
888,detail,1,1.0,67,25,32.3632926940918,1.2416400909423828,4,False
888,detail,1,0.9,68,29,30.0740909576416,1.1567251682281494,3,False
888,detail,1,0.8,68,38,29.41801643371582,1.3375885486602783,3,False
888,detail,1,0.7,71,45,27.58171272277832,1.7647006511688232,2,True
888,detail,1,0.6,71,53,27.71758460998535,1.450368881225586,2,False
888,detail,2,1.0,29,12,37.19025421142578,1.975484848022461,4,False
888,detail,2,0.9,26,3,34.744056701660156,1.9206204414367676,3,False
888,detail,2,0.8,29,27,35.24857711791992,2.255735158920288,3,False
888,detail,2,0.7,27,18,35.058685302734375,1.7143497467041016,2,False
888,detail,2,0.6,29,26,33.81015396118164,1.7522001266479492,2,False
888,detail,3,0.8,117,27,38.85374450683594,1.3250937461853027,3,False
888,detail,3,0.7,119,32,36.76082992553711,1.3951528072357178,2,False
888,detail,3,0.6,121,40,37.89798355102539,1.551551103591919,2,False
889,coarse,1,0.3,36,26,25.559545516967773,,,True
889,coarse,2,0.3,64,8,31.153085708618164,,,True
889,detail,1,1.0,67,25,33.121524810791016,1.2721829414367676,4,False
889,detail,1,0.9,68,29,30.837392807006836,1.1466619968414307,3,False
889,detail,1,0.8,71,38,29.973112106323242,1.3683578968048096,3,False
889,detail,1,0.7,71,45,28.036964416503906,1.8395893573760986,2,True
889,detail,1,0.6,71,53,28.50901222229004,1.831409215927124,2,False
889,detail,2,0.8,118,30,40.327964782714844,1.4630751609802246,3,False
889,detail,2,0.7,119,32,37.39657974243164,1.2700490951538086,2,False
889,detail,2,0.6,121,40,38.22793197631836,1.447031021118164,2,False
890,coarse,1,0.3,36,26,25.575593948364258,,,True
890,coarse,2,0.3,64,8,31.153085708618164,,,True
890,detail,1,1.0,67,25,33.12600326538086,1.2721467018127441,4,False
890,detail,1,0.9,68,29,30.842687606811523,1.1466052532196045,3,False
890,detail,1,0.8,71,38,29.97770118713379,1.3682024478912354,3,False
890,detail,1,0.7,71,45,28.048133850097656,1.8392488956451416,2,True
890,detail,1,0.6,71,53,28.521127700805664,1.8302333354949951,2,False
890,detail,2,0.8,118,30,40.32434844970703,1.476466178894043,3,False
890,detail,2,0.7,119,32,37.39146041870117,1.2496087551116943,2,False
890,detail,2,0.6,121,40,38.2186393737793,1.4231421947479248,2,False
891,coarse,1,0.3,36,26,25.575258255004883,,,True
891,coarse,2,0.3,64,8,31.23958969116211,,,True
891,detail,1,1.0,67,25,33.17151641845703,1.2034859657287598,4,False
891,detail,1,0.9,68,29,30.881786346435547,1.1600258350372314,3,False
891,detail,1,0.8,71,38,29.95344352722168,1.4224069118499756,3,False
891,detail,1,0.7,71,45,28.0950870513916,1.8713796138763428,2,True
891,detail,1,0.6,71,53,28.6019287109375,1.8534395694732666,2,False
891,detail,2,0.8,118,27,38.2395133972168,1.2876043319702148,3,False
891,detail,2,0.7,119,32,37.35264205932617,1.3210816383361816,2,False
891,detail,2,0.6,121,40,38.131839752197266,1.4707305431365967,2,False
892,coarse,1,0.3,36,26,25.545045852661133,,,True
892,coarse,2,0.4,64,12,33.6195182800293,,,True
892,detail,1,1.0,67,25,33.24409484863281,1.172607421875,4,False
892,detail,1,0.9,68,29,30.900129318237305,1.1796047687530518,3,False
892,detail,1,0.8,71,38,29.955612182617188,1.4167437553405762,3,False
892,detail,1,0.7,71,45,28.154781341552734,1.8813354969024658,2,True
892,detail,1,0.6,71,53,28.601165771484375,1.8959500789642334,2,False
892,detail,2,0.8,120,28,39.10636901855469,1.3832371234893799,3,False
892,detail,2,0.7,119,33,37.290401458740234,1.3797571659088135,2,False
892,detail,2,0.6,121,39,38.517581939697266,1.4367249011993408,2,False
893,coarse,1,0.3,36,26,25.53010368347168,,,True
893,coarse,2,0.4,64,12,33.557823181152344,,,True
893,detail,1,1.0,67,25,33.194087982177734,1.1417365074157715,4,False
893,detail,1,0.9,68,29,30.84320831298828,1.2114715576171875,3,False
893,detail,1,0.8,71,38,29.910167694091797,1.4493443965911865,3,False
893,detail,1,0.7,71,45,28.148601531982422,1.9308857917785645,2,True
893,detail,1,0.6,71,53,28.66120147705078,1.972228765487671,2,False
893,detail,2,0.8,120,28,39.02667999267578,1.3865606784820557,3,False
893,detail,2,0.7,119,33,37.18645477294922,1.401258945465088,2,False
893,detail,2,0.6,121,39,38.435943603515625,1.4724388122558594,2,False
894,coarse,1,0.3,36,26,25.53010368347168,,,True
894,coarse,2,0.4,64,8,33.64405059814453,,,True
894,detail,1,1.0,67,25,33.194087982177734,1.1417365074157715,4,False
894,detail,1,0.9,68,29,30.84320831298828,1.2114715576171875,3,False
894,detail,1,0.8,71,38,29.910167694091797,1.4493443965911865,3,False
894,detail,1,0.7,71,45,28.148601531982422,1.9308857917785645,2,True
894,detail,1,0.6,71,53,28.66120147705078,1.972228765487671,2,False
894,detail,2,0.8,117,27,39.53116226196289,1.2884986400604248,3,False
894,detail,2,0.7,121,32,37.24167251586914,1.2161335945129395,2,False
894,detail,2,0.6,121,40,38.050445556640625,1.513396978378296,2,False
895,coarse,1,0.3,36,26,25.53010368347168,,,True
895,coarse,2,0.4,64,8,33.64570236206055,,,True
895,detail,1,1.0,67,25,33.19447708129883,1.1415657997131348,4,False
895,detail,1,0.9,68,29,30.84320831298828,1.2114715576171875,3,False
895,detail,1,0.8,71,38,29.909696578979492,1.4492099285125732,3,False
895,detail,1,0.7,71,45,28.148601531982422,1.9308857917785645,2,True
895,detail,1,0.6,71,53,28.66120147705078,1.972228765487671,2,False
895,detail,2,0.8,117,27,39.53116226196289,1.2884986400604248,3,False
895,detail,2,0.7,121,32,37.24167251586914,1.2161335945129395,2,False
895,detail,2,0.6,121,40,38.050445556640625,1.513396978378296,2,False
896,coarse,1,0.3,36,26,25.606252670288086,,,True
896,coarse,2,0.4,64,8,33.64570236206055,,,True
896,detail,1,1.0,67,25,33.15873718261719,1.1368622779846191,4,False
896,detail,1,0.9,68,29,30.804967880249023,1.2057476043701172,3,False
896,detail,1,0.8,71,38,29.99313735961914,1.4391281604766846,3,False
896,detail,1,0.7,71,45,28.1217098236084,1.924546718597412,2,True
896,detail,1,0.6,71,53,28.63288688659668,1.9652764797210693,2,False
896,detail,2,0.8,117,27,39.51139450073242,1.2896592617034912,3,False
896,detail,2,0.7,119,32,37.261207580566406,1.3372371196746826,2,False
896,detail,2,0.6,121,40,38.13138198852539,1.5123693943023682,2,False
897,coarse,1,0.3,36,26,25.60761260986328,,,True
897,coarse,2,0.4,64,12,33.56399154663086,,,True
897,detail,1,1.0,67,25,33.08172607421875,1.1461353302001953,4,False
897,detail,1,0.9,68,29,30.7410831451416,1.216226577758789,3,False
897,detail,1,0.8,71,38,29.96664810180664,1.4463136196136475,3,False
897,detail,1,0.7,71,45,28.086036682128906,1.9352669715881348,2,True
897,detail,1,0.6,71,53,28.552841186523438,1.9775850772857666,2,False
897,detail,2,0.8,120,28,38.91393280029297,1.3847296237945557,3,False
897,detail,2,0.7,119,33,37.04155349731445,1.3989534378051758,2,False
897,detail,2,0.6,121,39,38.40431594848633,1.4673376083374023,2,False
898,coarse,1,0.3,36,26,25.617876052856445,,,True
898,coarse,2,0.4,64,12,33.544246673583984,,,True
898,detail,1,1.0,67,25,33.102149963378906,1.1420402526855469,4,False
898,detail,1,0.9,68,29,30.765592575073242,1.2125225067138672,3,False
898,detail,1,0.8,71,38,29.945247650146484,1.4458301067352295,3,False
898,detail,1,0.7,71,45,28.10077476501465,1.9353127479553223,2,True
898,detail,1,0.6,71,53,28.565200805664062,1.9776413440704346,2,False
898,detail,2,0.8,120,28,38.884422302246094,1.3890502452850342,3,False
898,detail,2,0.7,119,33,37.05038833618164,1.4008073806762695,2,False
898,detail,2,0.6,121,39,38.430850982666016,1.4724702835083008,2,False
899,coarse,1,0.3,36,26,25.651905059814453,,,True
899,coarse,2,0.4,64,12,33.313079833984375,,,True
899,detail,1,1.0,67,25,33.08644485473633,1.1909427642822266,4,False
899,detail,1,0.9,68,29,30.79249382019043,1.2442286014556885,3,False
899,detail,1,0.8,71,38,29.930614471435547,1.4545280933380127,3,False
899,detail,1,0.7,71,47,28.082088470458984,1.978654384613037,2,True
899,detail,1,0.6,71,53,28.498674392700195,1.9808745384216309,2,False
899,detail,2,0.8,117,25,38.07999801635742,1.1702260971069336,3,False
899,detail,2,0.7,119,33,36.91732406616211,1.390840768814087,2,False
899,detail,2,0.6,121,39,38.388858795166016,1.474428653717041,2,False
900,coarse,1,0.3,36,26,26.19672203063965,,,True
900,coarse,2,0.3,64,8,31.791234970092773,,,True
900,detail,1,1.0,67,25,33.74789810180664,1.0703375339508057,4,False
900,detail,1,0.9,68,29,31.486005783081055,1.128403663635254,3,False
900,detail,1,0.8,71,38,30.43122100830078,1.3582370281219482,3,False
900,detail,1,0.7,71,47,28.522544860839844,1.859994649887085,2,True
900,detail,1,0.6,71,53,28.99517059326172,1.880441427230835,2,False
900,detail,2,0.8,118,27,38.50311279296875,1.2475173473358154,3,False
900,detail,2,0.7,121,32,37.84041213989258,1.2019219398498535,2,False
900,detail,2,0.6,121,40,38.52516555786133,1.4931583404541016,2,False
901,coarse,1,0.3,36,26,26.500885009765625,,,True
901,coarse,2,0.3,64,8,31.9836368560791,,,True
901,detail,1,1.0,67,25,34.30733871459961,1.4277067184448242,4,False
901,detail,1,0.9,68,32,31.950281143188477,1.60219144821167,3,False
901,detail,1,0.8,71,38,30.860614776611328,1.737520694732666,3,False
901,detail,1,0.7,71,47,28.817867279052734,2.164161205291748,2,True
901,detail,1,0.6,71,53,29.45745277404785,1.9538707733154297,2,False
901,detail,2,0.8,115,27,43.97016906738281,1.0419340133666992,3,False
901,detail,2,0.7,119,32,38.65970230102539,1.0946846008300781,2,False
901,detail,2,0.6,121,40,39.322540283203125,1.2721171379089355,2,False
902,coarse,1,0.3,36,26,26.34714126586914,,,True
902,coarse,2,0.4,64,12,34.63372802734375,,,True
902,detail,1,1.0,67,25,34.53882598876953,1.4239444732666016,4,False
902,detail,1,0.9,68,32,32.07718276977539,1.6032168865203857,3,False
902,detail,1,0.8,71,38,30.92085838317871,1.7342209815979004,3,False
902,detail,1,0.7,71,47,28.60787010192871,2.121032953262329,2,True
902,detail,1,0.6,71,53,29.402124404907227,1.867527961730957,2,False
902,detail,2,0.8,117,25,40.10145950317383,1.020941972732544,3,False
902,detail,2,0.7,121,33,38.86054992675781,1.0776267051696777,2,False
902,detail,2,0.6,121,41,40.599395751953125,1.4179115295410156,2,False
903,coarse,1,0.3,36,26,26.261226654052734,,,True
903,coarse,2,0.4,64,12,34.449363708496094,,,True
903,detail,1,1.0,67,25,34.673519134521484,1.4717628955841064,4,False
903,detail,1,0.9,68,32,31.98780059814453,1.6514301300048828,3,False
903,detail,1,0.8,71,38,31.049406051635742,1.7785992622375488,3,False
903,detail,1,0.7,71,47,28.437847137451172,2.1758363246917725,2,True
903,detail,1,0.6,71,53,29.326189041137695,1.966618537902832,2,False
903,detail,2,0.8,117,25,39.87114334106445,1.0657029151916504,3,False
903,detail,2,0.7,121,33,38.67612075805664,1.143193244934082,2,False
903,detail,2,0.6,121,41,40.34081268310547,1.4726147651672363,2,False
904,coarse,1,0.3,36,26,26.272615432739258,,,True
904,coarse,2,0.4,64,12,34.43447494506836,,,True
904,detail,1,1.0,67,25,34.36343765258789,1.3855395317077637,4,False
904,detail,1,0.9,68,32,31.654125213623047,1.5671844482421875,3,False
904,detail,1,0.8,71,38,31.135560989379883,1.6945407390594482,3,False
904,detail,1,0.7,71,47,28.170583724975586,2.097447395324707,2,True
904,detail,1,0.6,71,53,29.202394485473633,1.9069678783416748,2,False
904,detail,2,0.8,117,25,39.62666702270508,1.066216230392456,3,False
904,detail,2,0.7,121,33,38.607635498046875,1.1566016674041748,2,False
904,detail,2,0.6,121,41,40.13570785522461,1.4821863174438477,2,False
905,coarse,1,0.3,36,26,26.079187393188477,,,True
905,coarse,2,0.4,64,12,34.195396423339844,,,True
905,detail,1,1.0,67,25,34.24331283569336,1.4047060012817383,4,False
905,detail,1,0.9,68,32,31.437393188476562,1.584632158279419,3,False
905,detail,1,0.8,71,38,31.07449722290039,1.7112360000610352,3,False
905,detail,1,0.7,71,47,27.861967086791992,2.1750996112823486,2,True
905,detail,1,0.6,71,53,29.027618408203125,2.0686750411987305,2,False
905,detail,2,0.8,117,25,39.45499801635742,1.1248540878295898,3,False
905,detail,2,0.7,119,33,38.48574447631836,1.3748698234558105,2,False
905,detail,2,0.6,121,41,39.96583938598633,1.5298891067504883,2,False
906,coarse,1,0.3,36,26,26.085689544677734,,,True
906,coarse,2,0.4,64,12,34.12279510498047,,,True
906,detail,1,1.0,67,25,33.96271896362305,1.4278228282928467,4,False
906,detail,1,0.9,68,32,31.096920013427734,1.610442876815796,3,False
906,detail,1,0.8,68,38,31.11372947692871,1.7267975807189941,3,False
906,detail,1,0.7,71,47,27.72055435180664,2.2303073406219482,2,True
906,detail,1,0.6,71,55,28.674776077270508,2.0978596210479736,2,False
906,detail,2,0.8,117,25,38.952537536621094,1.136573314666748,3,False
906,detail,2,0.7,119,33,38.15425491333008,1.3822627067565918,2,False
906,detail,2,0.6,121,41,39.5814323425293,1.530714988708496,2,False
907,coarse,1,0.3,36,26,26.317840576171875,,,True
907,coarse,2,0.3,64,20,31.70119285583496,,,True
907,coarse,3,0.4,14,0,34.38152313232422,,,True
907,detail,1,1.0,67,25,34.08519744873047,1.4964120388031006,4,False
907,detail,1,0.9,68,32,31.198469161987305,1.6975014209747314,3,False
907,detail,1,0.8,68,38,30.940814971923828,1.7934155464172363,3,False
907,detail,1,0.7,71,47,27.760250091552734,2.3342320919036865,2,True
907,detail,1,0.6,71,55,28.60032844543457,2.1247053146362305,2,False
907,detail,2,0.9,115,24,43.544105529785156,1.189070701599121,3,False
907,detail,2,0.8,118,27,38.26679611206055,1.2063632011413574,3,False
907,detail,2,0.7,119,33,38.119693756103516,1.418241262435913,2,False
907,detail,2,0.6,121,41,39.391822814941406,1.5577223300933838,2,False
907,detail,3,1.0,29,12,38.557552337646484,1.900489091873169,4,False
907,detail,3,0.9,26,6,37.256752014160156,1.6752300262451172,3,False
907,detail,3,0.8,29,27,36.75883865356445,2.174483299255371,3,False
907,detail,3,0.7,31,36,36.489505767822266,2.4847352504730225,2,False
907,detail,3,0.6,29,28,34.98259353637695,1.9556488990783691,2,False
908,coarse,1,0.3,36,26,26.595979690551758,,,True
908,coarse,2,0.3,64,20,31.522109985351562,,,True
908,coarse,3,0.4,14,0,34.312591552734375,,,True
908,detail,1,1.0,67,25,34.15724563598633,1.567185640335083,4,False
908,detail,1,0.9,68,32,31.09760093688965,1.7911758422851562,3,False
908,detail,1,0.8,68,38,30.835346221923828,1.9479141235351562,3,False
908,detail,1,0.7,71,47,27.862764358520508,2.557752847671509,2,True
908,detail,1,0.6,71,55,28.54659652709961,2.3232996463775635,2,False
908,detail,2,0.9,115,21,42.116031646728516,1.2509434223175049,3,False
908,detail,2,0.8,118,27,38.283573150634766,1.3125200271606445,3,False
908,detail,2,0.7,119,33,38.173187255859375,1.5209689140319824,2,False
908,detail,2,0.6,121,41,39.46382141113281,1.6223053932189941,2,False
908,detail,3,1.0,29,12,38.60805892944336,1.924297571182251,4,False
908,detail,3,0.9,26,6,37.196876525878906,1.721357822418213,3,False
908,detail,3,0.8,26,12,36.76347351074219,1.55686354637146,3,False
908,detail,3,0.7,27,18,36.503597259521484,1.541804313659668,2,False
908,detail,3,0.6,29,28,34.9838981628418,1.999854326248169,2,False
909,coarse,1,0.3,36,26,26.715442657470703,,,True
909,coarse,2,0.3,64,20,31.33370018005371,,,True
909,coarse,3,0.4,14,0,34.246578216552734,,,True
909,detail,1,1.0,67,25,33.85261917114258,1.5657951831817627,4,False
909,detail,1,0.9,68,32,30.880056381225586,1.793125867843628,3,False
909,detail,1,0.8,68,38,30.33492660522461,1.9548578262329102,3,False
909,detail,1,0.7,71,47,27.886825561523438,2.574369192123413,2,True
909,detail,1,0.6,71,55,28.376066207885742,2.3540329933166504,2,False
909,detail,2,0.9,118,21,38.71290588378906,1.238814115524292,3,False
909,detail,2,0.8,118,27,38.045230865478516,1.4119980335235596,3,False
909,detail,2,0.7,119,33,38.05903625488281,1.6323521137237549,2,False
909,detail,2,0.6,125,43,39.444244384765625,1.0968058109283447,2,False
909,detail,3,1.0,29,12,38.52667999267578,1.8977034091949463,4,False
909,detail,3,0.9,26,3,36.48052978515625,1.7888166904449463,3,False
909,detail,3,0.8,29,27,36.6923828125,2.1717543601989746,3,False
909,detail,3,0.7,31,36,36.475154876708984,2.476733922958374,2,False
909,detail,3,0.6,29,28,34.94816970825195,2.0621659755706787,2,False
910,coarse,1,0.3,36,26,26.565914154052734,,,True
910,coarse,2,0.3,64,20,31.167802810668945,,,True
910,coarse,3,0.4,14,0,33.788360595703125,,,True
910,detail,1,1.0,67,25,33.70635223388672,1.6592848300933838,4,False
910,detail,1,0.9,68,32,30.74819564819336,1.891435146331787,3,False
910,detail,1,0.8,68,38,29.886991500854492,2.0807321071624756,3,False
910,detail,1,0.7,71,47,27.662094116210938,2.619978904724121,2,True
910,detail,1,0.6,71,55,27.84587287902832,2.461679458618164,2,False
910,detail,2,0.9,118,18,37.28290557861328,1.263545036315918,3,False
910,detail,2,0.8,118,27,37.722774505615234,1.5181758403778076,3,False
910,detail,2,0.7,123,33,37.71741485595703,1.1155476570129395,2,False
910,detail,2,0.6,125,41,36.8959846496582,1.1038169860839844,2,False
910,detail,3,1.0,29,12,38.199745178222656,1.823408842086792,4,False
910,detail,3,0.9,26,3,36.04154968261719,1.7491555213928223,3,False
910,detail,3,0.8,26,12,36.32981872558594,1.70097017288208,3,False
910,detail,3,0.7,27,18,36.13324737548828,1.5231046676635742,2,False
910,detail,3,0.6,29,28,34.71261215209961,2.1509969234466553,2,False
911,coarse,1,0.3,36,26,26.75019645690918,,,True
911,coarse,2,0.3,64,20,31.0400390625,,,True
911,coarse,3,0.4,14,0,33.664424896240234,,,True
911,detail,1,1.0,67,25,33.77285385131836,1.728316068649292,4,False
911,detail,1,0.9,68,32,30.78036880493164,1.9684200286865234,3,False
911,detail,1,0.8,68,41,29.660696029663086,2.2486636638641357,3,False
911,detail,1,0.7,71,47,27.872634887695312,2.6852240562438965,2,True
911,detail,1,0.6,71,55,27.930770874023438,2.573040723800659,2,False
911,detail,2,0.9,118,21,38.240570068359375,1.3258476257324219,3,False
911,detail,2,0.8,118,27,37.41298294067383,1.512880802154541,3,False
911,detail,2,0.7,119,33,37.47555160522461,1.697441577911377,2,False
911,detail,2,0.6,125,43,38.52471160888672,1.0734922885894775,2,False
911,detail,3,1.0,29,12,38.08518981933594,1.814396858215332,4,False
911,detail,3,0.9,26,3,35.9946174621582,1.7244033813476562,3,False
911,detail,3,0.8,29,27,36.18265914916992,2.101555585861206,3,False
911,detail,3,0.7,27,18,36.069000244140625,1.4834814071655273,2,False
911,detail,3,0.6,29,28,34.559791564941406,2.205324172973633,2,False
912,coarse,1,0.3,36,26,26.928133010864258,,,True
912,coarse,2,0.3,64,20,30.95105743408203,,,True
912,coarse,3,0.4,14,0,33.48078918457031,,,True
912,detail,1,1.0,67,25,33.59358215332031,1.7654426097869873,4,False
912,detail,1,0.9,68,32,30.70995330810547,2.008854389190674,3,False
912,detail,1,0.8,68,41,29.251047134399414,2.2753994464874268,3,False
912,detail,1,0.7,71,47,27.9272518157959,2.662231206893921,2,False
912,detail,1,0.6,71,55,27.87898063659668,2.4896676540374756,2,True
912,detail,2,0.9,118,21,38.026161193847656,1.3006553649902344,3,False
912,detail,2,0.8,118,27,37.15274429321289,1.491403341293335,3,False
912,detail,2,0.7,119,33,37.28676986694336,1.6995491981506348,2,False
912,detail,2,0.6,123,41,38.57939529418945,1.443915605545044,2,False
912,detail,3,1.0,29,12,37.917640686035156,1.8578081130981445,4,False
912,detail,3,0.9,26,3,35.82929992675781,1.7575242519378662,3,False
912,detail,3,0.8,29,27,35.9561882019043,2.1475706100463867,3,False
912,detail,3,0.7,27,20,35.93364334106445,1.914597511291504,2,False
912,detail,3,0.6,29,28,34.39543151855469,2.278411865234375,2,False
913,coarse,1,0.4,34,20,25.956995010375977,,,True
913,coarse,2,0.3,64,20,30.40252685546875,,,True
913,coarse,3,0.4,14,0,32.725738525390625,,,True
913,detail,1,1.0,65,25,34.268070220947266,1.0091841220855713,4,False
913,detail,1,0.9,66,32,31.684494018554688,1.238034725189209,3,False
913,detail,1,0.8,69,41,27.99138832092285,1.5525836944580078,3,False
913,detail,1,0.7,71,47,27.760866165161133,1.855729579925537,2,False
913,detail,1,0.6,71,55,27.103654861450195,1.8483831882476807,2,True
913,detail,2,0.9,115,21,39.49643325805664,1.267249584197998,3,False
913,detail,2,0.8,118,27,36.60955810546875,1.2265973091125488,3,False
913,detail,2,0.7,119,33,36.835567474365234,1.199970006942749,2,False
913,detail,2,0.6,119,41,37.85901641845703,1.5418763160705566,2,False
913,detail,3,1.0,29,12,37.40602493286133,1.699030876159668,4,False
913,detail,3,0.9,26,6,35.925933837890625,2.026172637939453,3,False
913,detail,3,0.8,26,12,35.45979309082031,2.129164695739746,3,False
913,detail,3,0.7,27,20,35.42652893066406,2.1702768802642822,2,False
913,detail,3,0.6,29,28,33.79127883911133,2.341519594192505,2,False
914,coarse,1,0.4,34,20,25.928119659423828,,,True
914,coarse,2,0.3,64,20,30.459428787231445,,,True
914,coarse,3,0.4,14,0,32.67906188964844,,,True
914,detail,1,1.0,65,25,34.15885543823242,1.0199620723724365,4,False
914,detail,1,0.9,66,32,31.558080673217773,1.247868537902832,3,False
914,detail,1,0.8,69,41,28.086904525756836,1.566300868988037,3,False
914,detail,1,0.7,71,47,27.906389236450195,1.8608851432800293,2,False
914,detail,1,0.6,71,55,27.161340713500977,1.8626844882965088,2,True
914,detail,2,0.9,115,21,39.418521881103516,1.269430160522461,3,False
914,detail,2,0.8,118,27,36.66533279418945,1.226715087890625,3,False
914,detail,2,0.7,119,33,36.913021087646484,1.199237585067749,2,False
914,detail,2,0.6,119,41,37.933509826660156,1.5404338836669922,2,False
914,detail,3,1.0,29,12,37.371280670166016,1.7106480598449707,4,False
914,detail,3,0.9,26,6,35.888267517089844,2.027369976043701,3,False
914,detail,3,0.8,26,12,35.43142318725586,2.1315183639526367,3,False
914,detail,3,0.7,27,20,35.408058166503906,2.173330068588257,2,False
914,detail,3,0.6,29,28,33.76039505004883,2.355433225631714,2,False
915,coarse,1,0.4,34,20,25.885231018066406,,,True
915,coarse,2,0.3,64,20,30.199567794799805,,,True
915,coarse,3,0.4,14,0,32.97383499145508,,,True
915,detail,1,1.0,65,25,33.91765594482422,1.0754389762878418,4,False
915,detail,1,0.9,66,32,31.28195571899414,1.3073525428771973,3,False
915,detail,1,0.8,69,41,28.386558532714844,1.6268844604492188,3,False
915,detail,1,0.7,69,47,27.885757446289062,1.6298980712890625,2,False
915,detail,1,0.6,71,55,27.40569305419922,1.9101049900054932,2,True
915,detail,2,0.9,115,21,39.27506637573242,1.2553620338439941,3,False
915,detail,2,0.8,118,27,36.554359436035156,1.2143309116363525,3,False
915,detail,2,0.7,119,33,36.80974578857422,1.2068376541137695,2,False
915,detail,2,0.6,119,41,37.84823989868164,1.5418670177459717,2,False
915,detail,3,1.0,29,12,37.5552864074707,1.7288150787353516,4,False
915,detail,3,0.9,26,6,36.13526916503906,2.055250883102417,3,False
915,detail,3,0.8,26,12,35.6378059387207,2.1761693954467773,3,False
915,detail,3,0.7,27,20,35.567420959472656,2.2177581787109375,2,False
915,detail,3,0.6,29,28,33.97473907470703,2.42404842376709,2,False
916,coarse,1,0.4,34,20,25.689613342285156,,,True
916,coarse,2,0.3,64,20,30.04442596435547,,,True
916,coarse,3,0.4,14,0,32.702701568603516,,,True
916,detail,1,1.0,65,25,33.6243782043457,1.1386983394622803,4,False
916,detail,1,0.9,66,32,31.010934829711914,1.365612268447876,3,False
916,detail,1,0.8,69,41,28.44330406188965,1.6525347232818604,3,False
916,detail,1,0.7,69,47,27.686552047729492,1.6617991924285889,2,False
916,detail,1,0.6,71,55,27.361520767211914,1.9229769706726074,2,True
916,detail,2,0.9,115,21,38.89820861816406,1.2620010375976562,3,False
916,detail,2,0.8,118,27,36.19603729248047,1.232375144958496,3,False
916,detail,2,0.7,119,33,36.4427604675293,1.2479832172393799,2,False
916,detail,2,0.6,119,41,37.403907775878906,1.5698516368865967,2,False
916,detail,3,1.0,29,12,37.348236083984375,1.77962064743042,4,False
916,detail,3,0.9,26,6,35.928958892822266,2.021110773086548,3,False
916,detail,3,0.8,26,12,35.408817291259766,2.164666175842285,3,False
916,detail,3,0.7,27,20,35.341609954833984,2.2150723934173584,2,False
916,detail,3,0.6,29,28,33.771881103515625,2.4458088874816895,2,False
917,coarse,1,0.4,34,20,25.693265914916992,,,True
917,coarse,2,0.3,64,20,30.11284828186035,,,True
917,coarse,3,0.4,14,0,32.699424743652344,,,True
917,detail,1,1.0,65,25,33.535606384277344,1.2049715518951416,4,False
917,detail,1,0.9,66,32,30.887598037719727,1.4347965717315674,3,False
917,detail,1,0.8,69,41,28.63969612121582,1.7419230937957764,3,False
917,detail,1,0.7,69,47,27.6403865814209,1.7757644653320312,2,False
917,detail,1,0.6,71,55,27.598392486572266,2.0396931171417236,2,True
917,detail,2,0.9,115,21,38.72172546386719,1.2795863151550293,3,False
917,detail,2,0.8,118,27,36.32234191894531,1.2417736053466797,3,False
917,detail,2,0.7,119,33,36.52595520019531,1.2550327777862549,2,False
917,detail,2,0.6,119,41,37.475589752197266,1.573333501815796,2,False
917,detail,3,1.0,29,12,37.32416534423828,1.8118958473205566,4,False
917,detail,3,0.9,26,6,36.06611633300781,2.0385372638702393,3,False
917,detail,3,0.8,26,12,35.51031494140625,2.1769490242004395,3,False
917,detail,3,0.7,27,20,35.5511474609375,2.2300736904144287,2,False
917,detail,3,0.6,29,28,33.74517059326172,2.46555495262146,2,False
918,coarse,1,0.4,34,20,25.68146514892578,,,True
918,coarse,2,0.3,64,20,30.30289077758789,,,True
918,coarse,3,0.4,14,0,32.84312438964844,,,True
918,detail,1,1.0,65,25,33.63230895996094,1.300560712814331,4,False
918,detail,1,0.9,66,32,30.89836311340332,1.5311086177825928,3,False
918,detail,1,0.8,69,41,28.777633666992188,1.8386621475219727,3,False
918,detail,1,0.7,69,47,27.60710334777832,1.922135353088379,2,True
918,detail,1,0.6,71,55,27.63157081604004,2.1170053482055664,2,False
918,detail,2,0.9,115,21,38.610618591308594,1.3136820793151855,3,False
918,detail,2,0.8,118,27,36.31497573852539,1.2983307838439941,3,False
918,detail,2,0.7,119,33,36.54591369628906,1.3267385959625244,2,False
918,detail,2,0.6,119,41,37.47620391845703,1.6236951351165771,2,False
918,detail,3,1.0,29,12,37.57109069824219,1.8213927745819092,4,False
918,detail,3,0.9,26,6,36.248172760009766,2.0424163341522217,3,False
918,detail,3,0.8,26,12,35.74567413330078,2.1671199798583984,3,False
918,detail,3,0.7,27,20,35.71659469604492,2.2238614559173584,2,False
918,detail,3,0.6,29,28,33.970096588134766,2.4796159267425537,2,False
919,coarse,1,0.4,34,20,26.260257720947266,,,True
919,coarse,2,0.3,64,20,30.908203125,,,True
919,coarse,3,0.4,14,0,33.22477722167969,,,True
919,detail,1,1.0,65,25,34.11306381225586,1.304847240447998,4,False
919,detail,1,0.9,66,32,31.41424560546875,1.5410375595092773,3,False
919,detail,1,0.8,69,41,29.39522933959961,1.8788118362426758,3,False
919,detail,1,0.7,69,47,28.039846420288086,2.0183491706848145,2,True
919,detail,1,0.6,71,55,28.04459571838379,2.2186286449432373,2,False
919,detail,2,0.9,115,21,38.92588806152344,1.3614435195922852,3,False
919,detail,2,0.8,118,27,36.79039001464844,1.3185040950775146,3,False
919,detail,2,0.7,119,33,37.060916900634766,1.3628764152526855,2,False
919,detail,2,0.6,119,41,37.94606399536133,1.6745643615722656,2,False
919,detail,3,1.0,29,12,37.96416091918945,1.744196891784668,4,False
919,detail,3,0.9,26,6,36.63092803955078,2.0271732807159424,3,False
919,detail,3,0.8,26,12,36.0391960144043,2.010782241821289,3,False
919,detail,3,0.7,27,22,35.9531364440918,1.8502476215362549,2,False
919,detail,3,0.6,29,28,34.13539123535156,2.159564733505249,2,False
920,coarse,1,0.4,34,20,26.37167739868164,,,True
920,coarse,2,0.3,64,20,31.222219467163086,,,True
920,coarse,3,0.4,14,0,33.79759979248047,,,True
920,detail,1,1.0,65,25,34.396240234375,1.2190196514129639,4,False
920,detail,1,0.9,66,32,31.722631454467773,1.4365229606628418,3,False
920,detail,1,0.8,69,41,29.496349334716797,1.7728519439697266,3,False
920,detail,1,0.7,69,47,28.18848419189453,1.918534755706787,2,False
920,detail,1,0.6,71,55,27.972810745239258,2.1397013664245605,2,True
920,detail,2,0.9,115,21,39.71269989013672,1.3030681610107422,3,False
920,detail,2,0.8,118,27,37.60725784301758,1.2504522800445557,3,False
920,detail,2,0.7,119,33,38.073211669921875,1.3180277347564697,2,False
920,detail,2,0.6,119,41,38.903717041015625,1.6289916038513184,2,False
920,detail,3,1.0,29,12,38.45342254638672,1.7895407676696777,4,False
920,detail,3,0.9,26,6,37.24322509765625,1.9579317569732666,3,False
920,detail,3,0.8,26,12,36.5763053894043,2.0183305740356445,3,False
920,detail,3,0.7,29,36,36.39209747314453,2.4227848052978516,2,False
920,detail,3,0.6,29,28,34.667213439941406,2.18359375,2,False
921,coarse,1,0.4,34,20,26.327272415161133,,,True
921,coarse,2,0.3,64,20,31.457006454467773,,,True
921,coarse,3,0.4,14,0,33.845252990722656,,,True
921,detail,1,1.0,65,25,34.374637603759766,1.223839521408081,4,False
921,detail,1,0.9,66,32,31.55720329284668,1.439122200012207,3,False
921,detail,1,0.8,69,41,29.40936279296875,1.7776265144348145,3,False
921,detail,1,0.7,69,47,27.965959548950195,1.9275767803192139,2,False
921,detail,1,0.6,71,55,27.90603256225586,2.121647834777832,2,True
921,detail,2,0.9,115,21,39.757808685302734,1.2929444313049316,3,False
921,detail,2,0.8,118,27,37.73283004760742,1.26149320602417,3,False
921,detail,2,0.7,119,35,38.28445053100586,1.3203179836273193,2,False
921,detail,2,0.6,119,41,39.07741165161133,1.6279571056365967,2,False
921,detail,3,1.0,29,12,38.660404205322266,1.9013864994049072,4,False
921,detail,3,0.9,23,3,37.01346969604492,1.7671403884887695,3,False
921,detail,3,0.8,26,12,36.673980712890625,1.7241897583007812,3,False
921,detail,3,0.7,29,36,36.51789855957031,2.626594066619873,2,False
921,detail,3,0.6,29,28,34.7230110168457,2.2367215156555176,2,False
922,coarse,1,0.4,34,20,26.163410186767578,,,True
922,coarse,2,0.3,64,20,31.412940979003906,,,True
922,coarse,3,0.4,14,0,33.31365203857422,,,True
922,detail,1,1.0,65,25,34.140350341796875,1.2398645877838135,4,False
922,detail,1,0.9,66,32,31.316225051879883,1.463210105895996,3,False
922,detail,1,0.8,69,41,29.33616065979004,1.8054885864257812,3,False
922,detail,1,0.7,69,47,27.99321174621582,1.9018573760986328,2,False
922,detail,1,0.6,71,55,27.802026748657227,2.125859022140503,2,True
922,detail,2,0.9,115,18,38.47740173339844,1.349045991897583,3,False
922,detail,2,0.8,118,27,37.50769805908203,1.415299892425537,3,False
922,detail,2,0.7,119,35,37.968746185302734,1.5265440940856934,2,False
922,detail,2,0.6,119,41,38.72495651245117,1.850830078125,2,False
922,detail,3,1.0,29,12,38.388553619384766,1.9979383945465088,4,False
922,detail,3,0.9,26,3,36.06557083129883,1.958726167678833,3,False
922,detail,3,0.8,26,12,36.2291374206543,1.7689268589019775,3,False
922,detail,3,0.7,27,22,36.09078598022461,2.10430908203125,2,False
922,detail,3,0.6,29,28,34.389991760253906,2.3407716751098633,2,False
923,coarse,1,0.4,34,20,26.01710319519043,,,True
923,coarse,2,0.3,64,20,31.042129516601562,,,True
923,coarse,3,0.4,14,0,33.12250518798828,,,True
923,detail,1,1.0,65,25,33.99443817138672,1.3244986534118652,4,False
923,detail,1,0.9,66,32,31.176889419555664,1.5433580875396729,3,False
923,detail,1,0.8,69,41,29.195941925048828,1.9066612720489502,3,False
923,detail,1,0.7,69,47,27.967514038085938,2.0013539791107178,2,False
923,detail,1,0.6,71,55,27.87128448486328,2.243137836456299,2,True
923,detail,2,0.9,115,18,38.20349884033203,1.340395212173462,3,False
923,detail,2,0.8,118,27,37.1053352355957,1.3775889873504639,3,False
923,detail,2,0.7,119,35,37.5424690246582,1.4923624992370605,2,False
923,detail,2,0.6,119,41,38.48267364501953,1.7643117904663086,2,False
923,detail,3,1.0,29,12,38.189796447753906,2.0594210624694824,4,False
923,detail,3,0.9,26,3,35.83418655395508,1.9960200786590576,3,False
923,detail,3,0.8,26,12,35.911155700683594,1.8094098567962646,3,False
923,detail,3,0.7,27,22,35.825172424316406,2.151547431945801,2,False
923,detail,3,0.6,29,28,34.26000213623047,2.4077019691467285,2,False
924,coarse,1,0.4,34,20,26.081466674804688,,,True
924,coarse,2,0.3,64,20,31.166601181030273,,,True
924,coarse,3,0.4,14,0,33.0240478515625,,,True
924,detail,1,1.0,65,25,33.91082000732422,1.381803274154663,4,False
924,detail,1,0.9,66,32,31.02674102783203,1.6098105907440186,3,False
924,detail,1,0.8,69,41,29.164352416992188,1.8953981399536133,3,False
924,detail,1,0.7,69,47,27.991260528564453,2.039825916290283,2,False
924,detail,1,0.6,71,55,27.946378707885742,2.3469555377960205,2,True
924,detail,2,0.9,115,18,38.015743255615234,1.367175817489624,3,False
924,detail,2,0.8,118,27,36.87060546875,1.4062602519989014,3,False
924,detail,2,0.7,119,35,37.29643249511719,1.520334243774414,2,False
924,detail,2,0.6,121,67,38.27278137207031,1.4908485412597656,2,False
924,detail,3,1.0,29,12,38.135948181152344,2.062516927719116,4,False
924,detail,3,0.9,26,3,35.79706573486328,2.0122835636138916,3,False
924,detail,3,0.8,26,12,35.840633392333984,1.8257625102996826,3,False
924,detail,3,0.7,27,22,35.8482666015625,2.1716604232788086,2,False
924,detail,3,0.6,29,28,34.46848678588867,2.4293360710144043,2,False
925,coarse,1,0.4,34,20,25.33893394470215,,,True
925,coarse,2,0.3,6,6,30.60268783569336,,,True
925,coarse,3,0.3,64,20,30.640966415405273,,,True
925,detail,1,1.0,65,25,33.43058776855469,1.394416093826294,4,False
925,detail,1,0.9,66,32,30.372289657592773,1.5196051597595215,3,False
925,detail,1,0.8,69,41,28.567182540893555,1.8410134315490723,3,False
925,detail,1,0.7,69,47,27.498807907104492,1.997187852859497,2,False
925,detail,1,0.6,71,55,27.389995574951172,2.0870795249938965,2,True
925,detail,2,1.0,18,0,41.02928161621094,1.3268916606903076,4,False
925,detail,2,0.9,20,6,39.028106689453125,1.2429380416870117,3,False
925,detail,2,0.8,22,12,37.706912994384766,1.2566838264465332,3,False
925,detail,2,0.7,25,20,35.79637145996094,1.3827688694000244,2,False
925,detail,2,0.6,27,28,34.371891021728516,1.7161672115325928,2,False
925,detail,3,1.0,115,23,40.1907958984375,1.396780014038086,4,False
925,detail,3,0.9,115,18,37.82233428955078,1.4642250537872314,3,False
925,detail,3,0.8,118,27,36.467037200927734,1.4628496170043945,3,False
925,detail,3,0.7,119,35,36.952781677246094,1.6614508628845215,2,False
925,detail,3,0.6,125,45,37.448219299316406,1.4642374515533447,2,False
926,coarse,1,0.4,34,20,25.33453369140625,,,True
926,coarse,2,0.3,6,6,30.60268783569336,,,True
926,coarse,3,0.3,64,20,30.640966415405273,,,True
926,detail,1,1.0,65,25,33.43503189086914,1.3928515911102295,4,False
926,detail,1,0.9,66,32,30.377788543701172,1.5180959701538086,3,False
926,detail,1,0.8,69,41,28.572063446044922,1.8400650024414062,3,False
926,detail,1,0.7,69,47,27.505266189575195,1.9958045482635498,2,False
926,detail,1,0.6,71,55,27.38984489440918,2.0867061614990234,2,True
926,detail,2,1.0,18,0,40.96226119995117,1.3411569595336914,4,False
926,detail,2,0.9,20,6,38.96940994262695,1.2603566646575928,3,False
926,detail,2,0.8,22,12,37.653602600097656,1.2679147720336914,3,False
926,detail,2,0.7,25,20,35.754981994628906,1.3924572467803955,2,False
926,detail,2,0.6,27,28,34.349586486816406,1.7249977588653564,2,False
926,detail,3,1.0,115,23,40.07791519165039,1.404477596282959,4,False
926,detail,3,0.9,115,18,37.67144775390625,1.468059778213501,3,False
926,detail,3,0.8,118,27,36.33952331542969,1.467355728149414,3,False
926,detail,3,0.7,119,35,36.765403747558594,1.6669483184814453,2,False
926,detail,3,0.6,125,45,37.4075927734375,1.4679176807403564,2,False
927,coarse,1,0.4,34,20,25.34290885925293,,,True
927,coarse,2,0.3,64,20,30.667789459228516,,,True
927,coarse,3,0.3,6,6,30.791725158691406,,,True
927,detail,1,1.0,65,25,33.432029724121094,1.399261236190796,4,False
927,detail,1,0.9,66,32,30.366439819335938,1.5253219604492188,3,False
927,detail,1,0.8,69,41,28.540943145751953,1.8495402336120605,3,False
927,detail,1,0.7,69,47,27.511180877685547,2.008535623550415,2,False
927,detail,1,0.6,71,55,27.37670135498047,2.1018223762512207,2,True
927,detail,2,1.0,115,23,40.10514450073242,1.3994355201721191,4,False
927,detail,2,0.9,115,18,37.70386505126953,1.4672434329986572,3,False
927,detail,2,0.8,118,27,36.31859588623047,1.4632973670959473,3,False
927,detail,2,0.7,119,35,36.7404670715332,1.6643199920654297,2,False
927,detail,2,0.6,125,45,37.354393005371094,1.4698045253753662,2,False
927,detail,3,1.0,18,0,40.97626876831055,1.341719627380371,4,False
927,detail,3,0.9,20,6,38.99904251098633,1.2559359073638916,3,False
927,detail,3,0.8,22,12,37.65812683105469,1.2667531967163086,3,False
927,detail,3,0.7,25,20,35.77204895019531,1.3924968242645264,2,False
927,detail,3,0.6,27,28,34.349586486816406,1.7249977588653564,2,False
928,coarse,1,0.4,34,20,25.275489807128906,,,True
928,coarse,2,0.3,64,20,30.673595428466797,,,True
928,coarse,3,0.3,6,6,30.779991149902344,,,True
928,detail,1,1.0,65,25,33.32770538330078,1.3900277614593506,4,False
928,detail,1,0.9,66,32,30.271100997924805,1.5164244174957275,3,False
928,detail,1,0.8,69,41,28.502670288085938,1.8415138721466064,3,False
928,detail,1,0.7,69,47,27.48830223083496,2.0011656284332275,2,False
928,detail,1,0.6,71,55,27.37623405456543,2.0927534103393555,2,True
928,detail,2,1.0,115,31,41.48058319091797,1.4668831825256348,4,False
928,detail,2,0.9,115,18,37.717445373535156,1.457573652267456,3,False
928,detail,2,0.8,118,27,36.30656814575195,1.4491400718688965,3,False
928,detail,2,0.7,119,35,36.715335845947266,1.6596872806549072,2,False
928,detail,2,0.6,125,45,37.28207778930664,1.53853178024292,2,False
928,detail,3,1.0,18,0,40.848602294921875,1.324676513671875,4,False
928,detail,3,0.9,20,6,38.84796142578125,1.2312397956848145,3,False
928,detail,3,0.8,22,12,37.491912841796875,1.241560459136963,3,False
928,detail,3,0.7,25,20,35.61469268798828,1.3641936779022217,2,False
928,detail,3,0.6,27,28,34.10880661010742,1.7255477905273438,2,False
929,coarse,1,0.4,34,20,25.31244659423828,,,True
929,coarse,2,0.3,64,20,30.70028305053711,,,True
929,coarse,3,0.3,6,6,30.74751091003418,,,True
929,detail,1,1.0,65,25,33.33081817626953,1.3897511959075928,4,False
929,detail,1,0.9,66,32,30.298120498657227,1.5139811038970947,3,False
929,detail,1,0.8,69,41,28.503488540649414,1.8398964405059814,3,False
929,detail,1,0.7,69,47,27.489990234375,1.9983742237091064,2,False
929,detail,1,0.6,71,55,27.425148010253906,2.0925164222717285,2,True
929,detail,2,1.0,115,31,41.51318359375,1.4603657722473145,4,False
929,detail,2,0.9,115,18,37.74856185913086,1.452617883682251,3,False
929,detail,2,0.8,118,27,36.30939483642578,1.4443707466125488,3,False
929,detail,2,0.7,119,35,36.719364166259766,1.654944658279419,2,False
929,detail,2,0.6,125,45,37.21311569213867,1.5267372131347656,2,False
929,detail,3,1.0,18,0,40.83830642700195,1.2980186939239502,4,False
929,detail,3,0.9,20,6,38.84765625,1.2085342407226562,3,False
929,detail,3,0.8,22,12,37.51802444458008,1.2356548309326172,3,False
929,detail,3,0.7,25,20,35.73711013793945,1.3607537746429443,2,False
929,detail,3,0.6,27,28,34.317237854003906,1.7215766906738281,2,False
930,coarse,1,0.4,34,20,25.273921966552734,,,True
930,coarse,2,0.3,64,20,30.716815948486328,,,True
930,coarse,3,0.3,6,6,30.745500564575195,,,True
930,detail,1,1.0,65,25,33.42380905151367,1.3919923305511475,4,False
930,detail,1,0.9,66,32,30.366500854492188,1.5106322765350342,3,False
930,detail,1,0.8,69,41,28.43240737915039,1.8403165340423584,3,False
930,detail,1,0.7,69,47,27.471370697021484,1.9978115558624268,2,False
930,detail,1,0.6,71,55,27.350833892822266,2.089167594909668,2,True
930,detail,2,1.0,115,23,40.18778610229492,1.403400182723999,4,False
930,detail,2,0.9,115,18,37.92347717285156,1.4519095420837402,3,False
930,detail,2,0.8,118,27,36.36448669433594,1.4432897567749023,3,False
930,detail,2,0.7,119,35,36.753692626953125,1.6460576057434082,2,False
930,detail,2,0.6,125,45,37.26871109008789,1.5070953369140625,2,False
930,detail,3,1.0,18,0,40.768802642822266,1.3157455921173096,4,False
930,detail,3,0.9,20,6,38.72555160522461,1.230412483215332,3,False
930,detail,3,0.8,22,12,37.420013427734375,1.363171100616455,3,False
930,detail,3,0.7,25,20,35.60833740234375,1.5037295818328857,2,False
930,detail,3,0.6,27,28,34.35160827636719,1.6900980472564697,2,False
931,coarse,1,0.4,34,20,25.99810028076172,,,True
931,coarse,2,0.3,6,6,30.8682804107666,,,True
931,coarse,3,0.4,64,10,33.231285095214844,,,True
931,detail,1,1.0,65,25,33.9248046875,1.3326070308685303,4,False
931,detail,1,0.9,66,32,30.72533416748047,1.4668993949890137,3,False
931,detail,1,0.8,69,41,28.962936401367188,1.8279705047607422,3,False
931,detail,1,0.7,69,47,28.142986297607422,2.0264651775360107,2,False
931,detail,1,0.6,71,55,27.957040786743164,2.1406326293945312,2,True
931,detail,2,1.0,18,0,40.980716705322266,1.3016951084136963,4,False
931,detail,2,0.9,20,6,38.99594497680664,1.2087340354919434,3,False
931,detail,2,0.8,22,12,37.721534729003906,1.2630906105041504,3,False
931,detail,2,0.7,25,20,36.04031753540039,1.3958096504211426,2,False
931,detail,2,0.6,27,28,34.961299896240234,1.7099454402923584,2,False
931,detail,3,0.9,117,21,37.1854248046875,1.4952154159545898,3,False
931,detail,3,0.8,117,27,36.596649169921875,1.6456878185272217,3,False
931,detail,3,0.7,119,35,37.027523040771484,1.753192663192749,2,False
931,detail,3,0.6,125,45,37.650699615478516,1.4127552509307861,2,False
932,coarse,1,0.4,34,20,26.517715454101562,,,True
932,coarse,2,0.4,14,0,33.988033294677734,,,True
932,coarse,3,0.4,64,10,34.024818420410156,,,True
932,detail,1,1.0,65,25,34.65717315673828,1.3208613395690918,4,False
932,detail,1,0.9,66,32,31.509965896606445,1.4564788341522217,3,False
932,detail,1,0.8,69,41,29.34627914428711,1.8145837783813477,3,False
932,detail,1,0.7,69,49,28.60388946533203,2.038675546646118,2,False
932,detail,1,0.6,71,55,28.343631744384766,2.125058889389038,2,True
932,detail,2,1.0,25,0,38.71571731567383,1.592789649963379,4,False
932,detail,2,0.9,26,6,36.978919982910156,1.7348978519439697,3,False
932,detail,2,0.8,26,12,36.470035552978516,1.7344655990600586,3,False
932,detail,2,0.7,29,28,36.772518157958984,2.1180500984191895,2,False
932,detail,2,0.6,29,30,35.28236770629883,2.1183555126190186,2,False
932,detail,3,0.9,117,21,38.1783332824707,1.520066499710083,3,False
932,detail,3,0.8,117,27,37.58523178100586,1.6662933826446533,3,False
932,detail,3,0.7,119,35,37.953250885009766,1.749122142791748,2,False
932,detail,3,0.6,125,45,38.50206756591797,1.438572883605957,2,False
933,coarse,1,0.4,34,20,26.661781311035156,,,True
933,coarse,2,0.4,64,10,34.053916931152344,,,True
933,coarse,3,0.4,14,0,34.217525482177734,,,True
933,detail,1,1.0,65,25,34.797122955322266,1.3081929683685303,4,False
933,detail,1,0.9,66,32,31.696548461914062,1.4493684768676758,3,False
933,detail,1,0.8,69,41,29.35707664489746,1.8053066730499268,3,False
933,detail,1,0.7,69,49,28.86554718017578,2.030621290206909,2,False
933,detail,1,0.6,71,55,28.548778533935547,2.1250808238983154,2,True
933,detail,2,0.9,117,21,38.181060791015625,1.5139334201812744,3,False
933,detail,2,0.8,117,27,37.66633987426758,1.6642918586730957,3,False
933,detail,2,0.7,119,35,37.99896240234375,1.7632520198822021,2,False
933,detail,2,0.6,125,45,38.514774322509766,1.3368024826049805,2,False
933,detail,3,1.0,25,0,38.85190963745117,1.597212553024292,4,False
933,detail,3,0.9,26,6,37.05852508544922,1.7413694858551025,3,False
933,detail,3,0.8,26,12,36.56559753417969,1.729912519454956,3,False
933,detail,3,0.7,29,28,36.971588134765625,2.1170125007629395,2,False
933,detail,3,0.6,29,30,35.3759765625,2.092052698135376,2,False
934,coarse,1,0.4,34,20,26.641611099243164,,,True
934,coarse,2,0.4,64,10,33.997459411621094,,,True
934,coarse,3,0.4,14,0,34.10816955566406,,,True
934,detail,1,1.0,65,25,34.86769485473633,1.3483734130859375,4,False
934,detail,1,0.9,66,32,31.74358558654785,1.4771981239318848,3,False
934,detail,1,0.8,69,41,29.244380950927734,1.7917280197143555,3,False
934,detail,1,0.7,69,49,28.882816314697266,1.9817774295806885,2,False
934,detail,1,0.6,71,55,28.5081787109375,2.0624468326568604,2,True
934,detail,2,0.9,117,21,38.0451774597168,1.4473950862884521,3,False
934,detail,2,0.8,117,27,37.51445770263672,1.5894241333007812,3,False
934,detail,2,0.7,119,35,37.81180191040039,1.6781196594238281,2,False
934,detail,2,0.6,125,45,38.4833869934082,1.3270471096038818,2,False
934,detail,3,1.0,25,0,38.760658264160156,1.6465744972229004,4,False
934,detail,3,0.9,26,6,36.94363784790039,1.8290534019470215,3,False
934,detail,3,0.8,26,12,36.43303680419922,1.8191642761230469,3,False
934,detail,3,0.7,29,28,36.79380798339844,2.043020486831665,2,False
934,detail,3,0.6,29,30,35.17096710205078,1.9666297435760498,2,False
935,coarse,1,0.4,34,20,26.648584365844727,,,True
935,coarse,2,0.4,64,10,33.95248031616211,,,True
935,coarse,3,0.4,14,0,34.06138229370117,,,True
935,detail,1,1.0,65,25,34.88706970214844,1.331387996673584,4,False
935,detail,1,0.9,66,32,31.865577697753906,1.4692103862762451,3,False
935,detail,1,0.8,69,41,29.117460250854492,1.797274112701416,3,False
935,detail,1,0.7,69,49,28.866661071777344,1.980882167816162,2,False
935,detail,1,0.6,71,55,28.50438690185547,2.073988199234009,2,True
935,detail,2,0.9,117,21,37.93950653076172,1.4569544792175293,3,False
935,detail,2,0.8,117,27,37.50831985473633,1.6009080410003662,3,False
935,detail,2,0.7,119,35,37.75553512573242,1.6666114330291748,2,False
935,detail,2,0.6,125,45,38.49492645263672,1.290701150894165,2,False
935,detail,3,1.0,25,0,38.72626495361328,1.6540510654449463,4,False
935,detail,3,0.9,26,6,36.83610153198242,1.833981990814209,3,False
935,detail,3,0.8,26,12,36.27729415893555,1.8117852210998535,3,False
935,detail,3,0.7,29,28,36.63370132446289,2.061537027359009,2,False
935,detail,3,0.6,29,30,34.94015121459961,1.975095272064209,2,False
936,coarse,1,0.4,34,20,26.772602081298828,,,True
936,coarse,2,0.3,64,10,31.90443229675293,,,True
936,coarse,3,0.4,14,0,34.23019027709961,,,True
936,detail,1,1.0,65,25,35.020450592041016,1.4385218620300293,4,False
936,detail,1,0.9,66,32,31.99090003967285,1.5927889347076416,3,False
936,detail,1,0.8,69,41,29.04462242126465,1.937903881072998,3,False
936,detail,1,0.7,69,49,29.09746551513672,2.156859874725342,2,False
936,detail,1,0.6,71,55,28.44400978088379,2.241889238357544,2,True
936,detail,2,1.0,115,12,39.174076080322266,1.453110694885254,4,False
936,detail,2,0.9,118,21,38.34297561645508,1.4932918548583984,3,False
936,detail,2,0.8,118,27,37.55760192871094,1.6375410556793213,3,False
936,detail,2,0.7,119,34,38.29535675048828,1.80953049659729,2,False
936,detail,2,0.6,125,44,37.50823974609375,1.2809114456176758,2,False
936,detail,3,1.0,25,0,38.77117156982422,1.6824445724487305,4,False
936,detail,3,0.9,26,6,36.867469787597656,1.8358886241912842,3,False
936,detail,3,0.8,26,12,36.370452880859375,1.8462886810302734,3,False
936,detail,3,0.7,27,22,36.72113800048828,1.6754283905029297,2,False
936,detail,3,0.6,29,30,34.988494873046875,1.98795747756958,2,False
937,coarse,1,0.4,34,20,27.00980567932129,,,True
937,coarse,2,0.4,64,10,33.72813415527344,,,True
937,coarse,3,0.4,14,0,33.928401947021484,,,True
937,detail,1,1.0,65,25,35.08921432495117,1.4005298614501953,4,False
937,detail,1,0.9,66,32,31.973371505737305,1.5914459228515625,3,False
937,detail,1,0.8,69,41,28.94164276123047,1.8663299083709717,3,False
937,detail,1,0.7,69,49,29.21525764465332,2.0532960891723633,2,False
937,detail,1,0.6,71,55,28.5152587890625,2.323836326599121,2,True
937,detail,2,1.0,117,21,41.226287841796875,1.314572811126709,4,False
937,detail,2,0.9,117,21,38.041927337646484,1.5372884273529053,3,False
937,detail,2,0.8,117,27,37.65406799316406,1.7101194858551025,3,False
937,detail,2,0.7,119,35,37.83238983154297,1.7937853336334229,2,False
937,detail,2,0.6,123,41,39.66576385498047,1.0848805904388428,2,False
937,detail,3,1.0,25,0,38.4513053894043,1.5717782974243164,4,False
937,detail,3,0.9,26,6,36.54257583618164,1.6531493663787842,3,False
937,detail,3,0.8,29,30,37.019004821777344,1.913304090499878,3,False
937,detail,3,0.7,27,22,36.35382080078125,1.5031392574310303,2,False
937,detail,3,0.6,29,30,34.78327560424805,1.7294750213623047,2,False
938,coarse,1,0.4,34,20,26.97092056274414,,,True
938,coarse,2,0.4,64,10,33.73398971557617,,,True
938,coarse,3,0.4,14,0,33.768768310546875,,,True
938,detail,1,1.0,65,25,35.11486053466797,1.3963818550109863,4,False
938,detail,1,0.9,66,32,32.02042770385742,1.5851421356201172,3,False
938,detail,1,0.8,69,41,28.86354637145996,1.8597996234893799,3,False
938,detail,1,0.7,69,49,29.220142364501953,2.0350098609924316,2,False
938,detail,1,0.6,71,55,28.470611572265625,2.308763027191162,2,True
938,detail,2,1.0,117,21,41.132625579833984,1.3122296333312988,4,False
938,detail,2,0.9,117,21,37.91368103027344,1.5366942882537842,3,False
938,detail,2,0.8,117,27,37.538211822509766,1.7093403339385986,3,False
938,detail,2,0.7,119,35,37.72013473510742,1.7908670902252197,2,False
938,detail,2,0.6,123,41,39.65791320800781,1.0785953998565674,2,False
938,detail,3,1.0,25,0,38.37424850463867,1.5700373649597168,4,False
938,detail,3,0.9,26,6,36.45987319946289,1.6522114276885986,3,False
938,detail,3,0.8,29,30,36.96090316772461,1.906005620956421,3,False
938,detail,3,0.7,27,22,36.2957763671875,1.500028371810913,2,False
938,detail,3,0.6,29,30,34.75947189331055,1.7240042686462402,2,False
939,coarse,1,0.4,34,20,26.961748123168945,,,True
939,coarse,2,0.4,64,10,33.72074890136719,,,True
939,coarse,3,0.4,14,0,33.80450439453125,,,True
939,detail,1,1.0,65,25,35.22739028930664,1.3806288242340088,4,False
939,detail,1,0.9,66,32,32.17380142211914,1.5700066089630127,3,False
939,detail,1,0.8,69,41,28.738122940063477,1.8437716960906982,3,False
939,detail,1,0.7,69,49,29.318098068237305,2.0151824951171875,2,False
939,detail,1,0.6,71,55,28.45484161376953,2.295907974243164,2,True
939,detail,2,1.0,117,15,39.87086868286133,1.292316198348999,4,False
939,detail,2,0.9,117,21,37.8863410949707,1.5178008079528809,3,False
939,detail,2,0.8,117,27,37.5812873840332,1.6885697841644287,3,False
939,detail,2,0.7,119,35,37.63129425048828,1.7749793529510498,2,False
939,detail,2,0.6,123,41,39.65388488769531,1.0686285495758057,2,False
939,detail,3,1.0,25,0,38.37439727783203,1.5719366073608398,4,False
939,detail,3,0.9,26,6,36.456932067871094,1.6537954807281494,3,False
939,detail,3,0.8,29,30,36.86243438720703,1.9010937213897705,3,False
939,detail,3,0.7,27,22,36.2869873046875,1.499945878982544,2,False
939,detail,3,0.6,29,30,34.761322021484375,1.718489170074463,2,False
940,coarse,1,0.4,34,20,26.680883407592773,,,True
940,coarse,2,0.3,64,10,31.44603157043457,,,True
940,coarse,3,0.4,14,0,33.39117431640625,,,True
940,detail,1,1.0,65,25,35.097198486328125,1.4043912887573242,4,False
940,detail,1,0.9,66,32,32.08451843261719,1.5848045349121094,3,False
940,detail,1,0.8,69,41,28.180145263671875,1.832784652709961,3,False
940,detail,1,0.7,71,49,29.111366271972656,2.138770580291748,2,False
940,detail,1,0.6,71,55,28.061389923095703,2.2439193725585938,2,True
940,detail,2,1.0,115,12,38.70502471923828,1.3455207347869873,4,False
940,detail,2,0.9,118,21,37.54721450805664,1.4235124588012695,3,False
940,detail,2,0.8,118,27,36.92985916137695,1.6115543842315674,3,False
940,detail,2,0.7,119,36,37.92205047607422,1.7863407135009766,2,False
940,detail,2,0.6,123,42,38.83626937866211,1.0915236473083496,2,False
940,detail,3,1.0,25,0,37.927852630615234,1.5631732940673828,4,False
940,detail,3,0.9,26,6,35.95599365234375,1.6616690158843994,3,False
940,detail,3,0.8,29,30,36.50761795043945,1.8737833499908447,3,False
940,detail,3,0.7,27,20,35.93327331542969,1.8550655841827393,2,False
940,detail,3,0.6,29,30,34.36896896362305,1.7375774383544922,2,False
941,coarse,1,0.4,34,20,26.88006019592285,,,True
941,coarse,2,0.4,64,10,33.48086929321289,,,True
941,coarse,3,0.4,14,0,33.57489013671875,,,True
941,detail,1,1.0,65,25,35.230873107910156,1.3542778491973877,4,False
941,detail,1,0.9,66,32,32.21962356567383,1.5454368591308594,3,False
941,detail,1,0.8,69,41,28.199010848999023,1.764676570892334,3,False
941,detail,1,0.7,71,49,28.91262435913086,2.0991103649139404,2,False
941,detail,1,0.6,71,55,27.930438995361328,2.2542312145233154,2,True
941,detail,2,0.9,117,21,37.36752700805664,1.4960641860961914,3,False
941,detail,2,0.8,117,27,37.29410171508789,1.6883645057678223,3,False
941,detail,2,0.7,119,35,37.140594482421875,1.8334736824035645,2,False
941,detail,2,0.6,119,43,39.34231948852539,2.1650233268737793,2,False
941,detail,3,1.0,25,0,37.90370559692383,1.6424529552459717,4,False
941,detail,3,0.9,26,6,35.917991638183594,1.6649706363677979,3,False
941,detail,3,0.8,29,30,36.220455169677734,1.9455490112304688,3,False
941,detail,3,0.7,27,20,35.89078140258789,1.822385311126709,2,False
941,detail,3,0.6,29,30,34.344505310058594,1.7658517360687256,2,False
942,coarse,1,0.4,34,20,26.89630889892578,,,True
942,coarse,2,0.4,64,10,33.260643005371094,,,True
942,coarse,3,0.4,14,0,33.4043083190918,,,True
942,detail,1,1.0,65,25,35.213340759277344,1.363635778427124,4,False
942,detail,1,0.9,66,32,32.10539627075195,1.5554208755493164,3,False
942,detail,1,0.8,69,41,27.93015480041504,1.7644095420837402,3,False
942,detail,1,0.7,71,49,28.58269691467285,2.1094272136688232,2,False
942,detail,1,0.6,71,55,27.819814682006836,2.2625491619110107,2,True
942,detail,2,0.9,117,21,37.129722595214844,1.5101609230041504,3,False
942,detail,2,0.8,117,27,36.98323059082031,1.7070741653442383,3,False
942,detail,2,0.7,119,35,36.91274642944336,1.855891227722168,2,False
942,detail,2,0.6,119,43,38.9321174621582,2.185394763946533,2,False
942,detail,3,1.0,25,0,37.55010223388672,1.658409595489502,4,False
942,detail,3,0.9,26,6,35.52997970581055,1.6789844036102295,3,False
942,detail,3,0.8,29,30,35.91794967651367,1.9598445892333984,3,False
942,detail,3,0.7,27,20,35.523616790771484,1.8310410976409912,2,False
942,detail,3,0.6,29,30,33.99993896484375,1.774379014968872,2,False
943,coarse,1,0.4,34,20,27.01539421081543,,,True
943,coarse,2,0.4,14,0,33.43741226196289,,,True
943,coarse,3,0.4,64,10,33.4701042175293,,,True
943,detail,1,1.0,65,25,35.2276611328125,1.3799817562103271,4,False
943,detail,1,0.9,66,32,32.19577407836914,1.5794663429260254,3,False
943,detail,1,0.8,69,41,27.945159912109375,1.7844045162200928,3,False
943,detail,1,0.7,71,49,28.50971794128418,2.135985851287842,2,False
943,detail,1,0.6,71,55,27.940134048461914,2.2823069095611572,2,True
943,detail,2,1.0,25,0,37.58385467529297,1.75337553024292,4,False
943,detail,2,0.9,26,6,35.50777053833008,1.6541926860809326,3,False
943,detail,2,0.8,29,30,35.728397369384766,2.0593299865722656,3,False
943,detail,2,0.7,27,20,35.643863677978516,1.8329966068267822,2,False
943,detail,2,0.6,29,30,33.98882293701172,1.8306400775909424,2,False
943,detail,3,0.9,117,21,37.214576721191406,1.5334229469299316,3,False
943,detail,3,0.8,120,27,37.173851013183594,1.264406681060791,3,False
943,detail,3,0.7,119,35,37.04930877685547,1.8821954727172852,2,False
943,detail,3,0.6,119,43,38.849700927734375,2.21614933013916,2,False
