frame,stage,roi,template_scale,x,y,score,variance_distance,stride,selected
1,coarse,1,0.3,38,0,19.610519409179688,,,True
1,coarse,2,0.3,73,4,19.681324005126953,,,True
1,detail,1,1.0,79,0,29.444787979125977,1.1898887157440186,4,False
1,detail,1,0.9,81,0,27.710309982299805,0.9521884918212891,3,False
1,detail,1,0.8,69,0,25.958120346069336,1.1262519359588623,3,False
1,detail,1,0.7,71,6,25.77623748779297,1.0223746299743652,2,False
1,detail,1,0.6,75,12,25.882404327392578,1.2069017887115479,2,False
1,detail,2,1.0,120,0,26.596418380737305,1.3831074237823486,4,False
1,detail,2,0.9,129,6,25.67252540588379,1.5459461212158203,3,False
1,detail,2,0.8,129,12,25.92911720275879,1.689591646194458,3,False
1,detail,2,0.7,128,12,24.981508255004883,2.36446213722229,2,False
1,detail,2,0.6,128,18,24.21994972229004,2.495650053024292,2,True
2,coarse,1,0.3,38,0,19.185028076171875,,,True
2,coarse,2,0.3,73,4,19.297325134277344,,,True
2,detail,1,1.0,79,0,29.134721755981445,1.2192811965942383,4,False
2,detail,1,0.9,81,0,27.416780471801758,0.9811437129974365,3,False
2,detail,1,0.8,69,0,25.475984573364258,1.1587944030761719,3,False
2,detail,1,0.7,69,6,25.15974235534668,1.1564078330993652,2,False
2,detail,1,0.6,75,12,25.598220825195312,1.2058062553405762,2,False
2,detail,2,1.0,120,0,26.11534309387207,1.3619980812072754,4,False
2,detail,2,0.9,129,6,25.438566207885742,1.5778515338897705,3,False
2,detail,2,0.8,129,9,25.72037124633789,1.6627426147460938,3,False
2,detail,2,0.7,130,18,25.341968536376953,1.6313040256500244,2,False
2,detail,2,0.6,128,20,24.59803009033203,2.1830639839172363,2,True
3,coarse,1,0.3,72,4,19.416156768798828,,,True
3,coarse,2,0.3,48,4,19.41816520690918,,,True
3,detail,1,1.0,128,0,26.379528045654297,1.222775936126709,4,False
3,detail,1,0.9,129,6,25.241430282592773,1.2494568824768066,3,False
3,detail,1,0.8,129,12,25.734098434448242,1.3091955184936523,3,False
3,detail,1,0.7,130,20,25.2576904296875,1.4536950588226318,2,False
3,detail,1,0.6,132,26,24.55482292175293,1.367330551147461,2,True
3,detail,2,1.0,99,18,31.111560821533203,1.1855695247650146,4,False
3,detail,2,0.9,83,12,29.60701560974121,0.857342004776001,3,False
3,detail,2,0.8,83,6,26.859710693359375,0.7747044563293457,3,False
3,detail,2,0.7,85,12,26.601268768310547,0.9521024227142334,2,False
3,detail,2,0.6,85,18,27.573171615600586,0.8380391597747803,2,False
4,coarse,1,0.3,38,0,19.232755661010742,,,True
4,coarse,2,0.3,58,6,19.31907844543457,,,True
4,detail,1,1.0,71,0,29.020601272583008,1.1263363361358643,4,False
4,detail,1,0.9,69,0,27.493383407592773,1.2380151748657227,3,False
4,detail,1,0.8,69,0,25.562299728393555,1.0204682350158691,3,False
4,detail,1,0.7,77,6,25.849811553955078,1.081423044204712,2,False
4,detail,1,0.6,71,14,25.51494026184082,1.0690839290618896,2,False
4,detail,2,1.0,119,4,28.01479148864746,1.2266294956207275,4,False
4,detail,2,0.9,121,9,26.374767303466797,1.2426741123199463,3,False
4,detail,2,0.8,121,15,26.205373764038086,1.1068856716156006,3,False
4,detail,2,0.7,127,16,25.97822380065918,1.679638147354126,2,False
4,detail,2,0.6,127,22,25.170305252075195,1.9005842208862305,2,True
5,coarse,1,0.3,38,0,19.28646469116211,,,True
5,coarse,2,0.3,64,6,19.373825073242188,,,True
5,detail,1,1.0,81,8,30.22653579711914,0.9722883701324463,4,False
5,detail,1,0.9,72,3,27.98899269104004,0.9375097751617432,3,False
5,detail,1,0.8,72,0,26.696910858154297,0.9992179870605469,3,False
5,detail,1,0.7,71,8,25.8597412109375,0.8380167484283447,2,False
5,detail,1,0.6,71,14,25.428321838378906,1.1155567169189453,2,False
5,detail,2,1.0,119,0,26.09856414794922,1.4218809604644775,4,False
5,detail,2,0.9,130,6,25.1241397857666,1.3656094074249268,3,False
5,detail,2,0.8,130,12,25.206016540527344,1.4584147930145264,3,False
5,detail,2,0.7,131,18,24.905807495117188,1.5774736404418945,2,False
5,detail,2,0.6,127,20,24.036989212036133,2.3740580081939697,2,True
6,coarse,1,0.3,38,0,20.000446319580078,,,True
6,coarse,2,0.3,72,4,20.12516975402832,,,True
6,detail,1,1.0,81,8,30.703662872314453,0.9361088275909424,4,False
6,detail,1,0.9,78,0,29.1085205078125,0.9762959480285645,3,False
6,detail,1,0.8,72,0,27.187700271606445,0.955909252166748,3,False
6,detail,1,0.7,77,6,26.511409759521484,1.0420267581939697,2,False
6,detail,1,0.6,71,14,26.178001403808594,1.27565598487854,2,False
6,detail,2,1.0,120,0,26.525737762451172,1.5314788818359375,4,False
6,detail,2,0.9,129,6,26.23208999633789,1.481261968612671,3,False
6,detail,2,0.8,132,12,26.297880172729492,1.4038009643554688,3,False
6,detail,2,0.7,132,18,25.376842498779297,1.5675022602081299,2,False
6,detail,2,0.6,128,20,24.745220184326172,2.2708535194396973,2,True
7,coarse,1,0.3,48,4,19.451780319213867,,,True
7,coarse,2,0.3,72,4,19.534603118896484,,,True
7,detail,1,1.0,99,18,30.927383422851562,1.0947718620300293,4,False
7,detail,1,0.9,83,18,30.83839225769043,0.7452037334442139,3,False
7,detail,1,0.8,83,18,30.226226806640625,0.695354700088501,3,False
7,detail,1,0.7,83,12,28.42344856262207,0.5533695220947266,2,False
7,detail,1,0.6,85,18,27.920303344726562,0.657459020614624,2,False
7,detail,2,1.0,120,0,26.21379852294922,1.6274919509887695,4,False
7,detail,2,0.9,132,6,26.271024703979492,1.4070396423339844,3,False
7,detail,2,0.8,132,12,25.833091735839844,1.4719102382659912,3,False
7,detail,2,0.7,128,12,24.512271881103516,2.4736037254333496,2,False
7,detail,2,0.6,128,18,23.96664047241211,2.6764729022979736,2,True
8,coarse,1,0.3,38,0,19.250553131103516,,,True
8,coarse,2,0.3,58,6,19.377086639404297,,,True
8,detail,1,1.0,81,8,30.57978630065918,0.9609174728393555,4,False
8,detail,1,0.9,78,0,28.710224151611328,0.9685249328613281,3,False
8,detail,1,0.8,72,0,26.367952346801758,0.9481549263000488,3,False
8,detail,1,0.7,73,6,25.907747268676758,0.9846439361572266,2,False
8,detail,1,0.6,73,14,25.753860473632812,1.0138602256774902,2,False
8,detail,2,1.0,121,0,26.17560577392578,1.5434529781341553,4,False
8,detail,2,0.9,121,6,25.95183753967285,1.5280497074127197,3,False
8,detail,2,0.8,124,12,26.25636100769043,1.7018239498138428,3,False
8,detail,2,0.7,127,12,24.108341217041016,2.588880777359009,2,False
8,detail,2,0.6,129,18,23.891773223876953,2.595038890838623,2,True
9,coarse,1,0.3,38,0,19.258556365966797,,,True
9,coarse,2,0.3,73,4,19.4199161529541,,,True
9,detail,1,1.0,81,8,30.49046516418457,0.9068593978881836,4,False
9,detail,1,0.9,78,0,28.549381256103516,0.971820592880249,3,False
9,detail,1,0.8,72,3,27.1646785736084,0.9880776405334473,3,False
9,detail,1,0.7,73,8,26.43701171875,0.991182804107666,2,False
9,detail,1,0.6,73,14,25.72291374206543,1.1803152561187744,2,False
9,detail,2,1.0,120,0,25.91129493713379,1.577204704284668,4,False
9,detail,2,0.9,129,3,25.855430603027344,1.7428271770477295,3,False
9,detail,2,0.8,132,12,25.418800354003906,1.5180611610412598,3,False
9,detail,2,0.7,128,12,24.000064849853516,2.4744133949279785,2,False
9,detail,2,0.6,128,18,23.620237350463867,2.6232247352600098,2,True
10,coarse,1,0.3,38,0,19.28529930114746,,,True
10,coarse,2,0.3,73,4,19.457704544067383,,,True
10,detail,1,1.0,81,16,30.30425453186035,1.4571857452392578,4,False
10,detail,1,0.9,78,0,28.433053970336914,0.9925856590270996,3,False
10,detail,1,0.8,72,3,27.046894073486328,1.005934715270996,3,False
10,detail,1,0.7,73,8,26.241607666015625,1.0017385482788086,2,False
10,detail,1,0.6,73,14,25.541032791137695,1.2046024799346924,2,False
10,detail,2,1.0,120,0,25.93031120300293,1.7011744976043701,4,False
10,detail,2,0.9,132,6,25.626667022705078,1.5515131950378418,3,False
10,detail,2,0.8,132,12,25.248435974121094,1.6238369941711426,3,False
10,detail,2,0.7,128,12,24.17202377319336,2.576279401779175,2,False
10,detail,2,0.6,132,18,23.681079864501953,2.4686062335968018,2,True
11,coarse,1,0.3,38,0,18.88031768798828,,,True
11,coarse,2,0.3,58,6,19.10687255859375,,,True
11,detail,1,1.0,75,0,29.34312629699707,1.0184097290039062,4,False
11,detail,1,0.9,72,3,27.445194244384766,0.9426975250244141,3,False
11,detail,1,0.8,72,0,25.32737922668457,0.9440100193023682,3,False
11,detail,1,0.7,73,8,25.6688289642334,0.9341042041778564,2,False
11,detail,1,0.6,79,14,25.382173538208008,1.059861421585083,2,False
11,detail,2,1.0,121,0,25.660215377807617,1.6603028774261475,4,False
11,detail,2,0.9,121,6,25.611114501953125,1.624443531036377,3,False
11,detail,2,0.8,124,12,25.667455673217773,1.7287893295288086,3,False
11,detail,2,0.7,127,12,23.644001007080078,2.7085094451904297,2,False
11,detail,2,0.6,129,18,23.314748764038086,2.7952919006347656,2,True
12,coarse,1,0.3,38,0,19.724058151245117,,,True
12,coarse,2,0.3,62,6,19.813749313354492,,,True
12,detail,1,1.0,75,0,29.93886375427246,1.0816690921783447,4,False
12,detail,1,0.9,75,3,28.714553833007812,1.100545883178711,3,False
12,detail,1,0.8,72,3,27.156003952026367,1.0155980587005615,3,False
12,detail,1,0.7,73,8,26.34512710571289,0.8151838779449463,2,False
12,detail,1,0.6,75,14,26.765748977661133,0.9066200256347656,2,False
12,detail,2,1.0,119,0,26.518810272216797,1.49558424949646,4,False
12,detail,2,0.9,131,6,25.460298538208008,1.4578418731689453,3,False
12,detail,2,0.8,132,12,25.479787826538086,1.478071689605713,3,False
12,detail,2,0.7,129,14,25.34625244140625,2.1415116786956787,2,False
12,detail,2,0.6,129,20,24.276859283447266,2.3737943172454834,2,True
13,coarse,1,0.3,38,0,19.36862564086914,,,True
13,coarse,2,0.3,58,6,19.434951782226562,,,True
13,detail,1,1.0,81,0,29.00971031188965,1.4677271842956543,4,False
13,detail,1,0.9,83,0,27.20625877380371,1.289644479751587,3,False
13,detail,1,0.8,72,0,25.823665618896484,1.5220727920532227,3,False
13,detail,1,0.7,71,6,25.106401443481445,1.1936683654785156,2,False
13,detail,1,0.6,77,12,25.444110870361328,1.3748199939727783,2,False
13,detail,2,1.0,121,0,25.896690368652344,1.558316707611084,4,False
13,detail,2,0.9,123,6,25.88846206665039,1.6374797821044922,3,False
13,detail,2,0.8,124,12,25.926177978515625,1.7525193691253662,3,False
13,detail,2,0.7,128,10,23.729896545410156,2.527573823928833,2,True
13,detail,2,0.6,129,18,23.97452735900879,2.2828962802886963,2,False
14,coarse,1,0.3,38,0,19.204599380493164,,,True
14,coarse,2,0.3,58,6,19.31899070739746,,,True
14,detail,1,1.0,81,0,28.950151443481445,1.5097863674163818,4,False
14,detail,1,0.9,83,0,27.095367431640625,1.3581295013427734,3,False
14,detail,1,0.8,72,0,25.577716827392578,1.552598476409912,3,False
14,detail,1,0.7,71,6,24.995121002197266,1.139068841934204,2,False
14,detail,1,0.6,79,12,24.19610595703125,1.4775207042694092,2,False
14,detail,2,1.0,121,0,25.68622398376465,1.5010309219360352,4,False
14,detail,2,0.9,123,6,25.595924377441406,1.6041159629821777,3,False
14,detail,2,0.8,124,12,25.689071655273438,1.7243971824645996,3,False
14,detail,2,0.7,128,10,23.476842880249023,2.372734785079956,2,True
14,detail,2,0.6,129,18,23.734472274780273,2.1431164741516113,2,False
15,coarse,1,0.3,38,0,19.221418380737305,,,True
15,coarse,2,0.3,58,6,19.376264572143555,,,True
15,detail,1,1.0,81,0,29.03261947631836,1.5216469764709473,4,False
15,detail,1,0.9,83,0,27.220670700073242,1.3361730575561523,3,False
15,detail,1,0.8,72,0,25.508363723754883,1.5405309200286865,3,False
15,detail,1,0.7,73,6,25.137357711791992,1.1929552555084229,2,False
15,detail,1,0.6,79,12,24.23935317993164,1.407602310180664,2,False
15,detail,2,1.0,121,0,25.83625602722168,1.567579746246338,4,False
15,detail,2,0.9,123,6,25.75849151611328,1.6548335552215576,3,False
15,detail,2,0.8,124,12,25.778432846069336,1.772233009338379,3,False
15,detail,2,0.7,128,10,23.57537078857422,2.570927143096924,2,True
15,detail,2,0.6,129,18,23.690446853637695,2.315823554992676,2,False
16,coarse,1,0.3,24,0,19.405990600585938,,,True
16,coarse,2,0.3,52,6,19.4904842376709,,,True
16,coarse,3,0.3,73,0,19.60556983947754,,,True
16,detail,1,1.0,43,16,33.542816162109375,0.9891500473022461,4,False
16,detail,1,0.9,53,27,30.718996047973633,0.9059286117553711,3,False
16,detail,1,0.8,35,0,27.70734214782715,1.2008285522460938,3,False
16,detail,1,0.7,35,0,26.241050720214844,1.63148832321167,2,False
16,detail,1,0.6,39,2,23.971532821655273,1.8100337982177734,2,False
16,detail,2,1.0,99,18,30.49838638305664,1.4140880107879639,4,False
16,detail,2,0.9,103,27,30.706098556518555,1.2877237796783447,3,False
16,detail,2,0.8,94,12,26.92589569091797,1.7871856689453125,3,False
16,detail,2,0.7,93,12,24.906068801879883,1.7847330570220947,2,False
16,detail,2,0.6,95,20,24.93334197998047,1.8277127742767334,2,False
16,detail,3,1.0,120,0,26.19676971435547,1.3716552257537842,4,False
16,detail,3,0.9,132,6,25.20506477355957,1.5973165035247803,3,False
16,detail,3,0.8,132,12,24.956308364868164,1.699571132659912,3,False
16,detail,3,0.7,128,12,24.048742294311523,2.4228627681732178,2,False
16,detail,3,0.6,134,18,23.52311134338379,2.2656610012054443,2,True
17,coarse,1,0.3,38,0,19.11968231201172,,,True
17,coarse,2,0.3,58,6,19.28466796875,,,True
17,detail,1,1.0,81,0,28.93999671936035,1.7232646942138672,4,False
17,detail,1,0.9,83,0,27.02364158630371,1.510603666305542,3,False
17,detail,1,0.8,72,0,25.215049743652344,1.612689733505249,3,False
17,detail,1,0.7,73,6,24.841005325317383,1.2449030876159668,2,False
17,detail,1,0.6,79,12,24.247953414916992,1.7068839073181152,2,False
17,detail,2,1.0,121,0,25.66259002685547,1.5242350101470947,4,False
17,detail,2,0.9,123,6,25.476890563964844,1.5844759941101074,3,False
17,detail,2,0.8,124,15,25.465160369873047,1.7471683025360107,3,False
17,detail,2,0.7,128,12,23.73820686340332,2.4319517612457275,2,False
17,detail,2,0.6,130,18,23.428125381469727,2.4281089305877686,2,True
18,coarse,1,0.3,42,2,19.35277557373047,,,True
18,coarse,2,0.4,64,0,21.222272872924805,,,True
18,detail,1,1.0,83,0,27.81123161315918,1.3166275024414062,4,False
18,detail,1,0.9,86,0,26.007810592651367,1.1144979000091553,3,False
18,detail,1,0.8,71,0,25.222158432006836,1.3826377391815186,3,False
18,detail,1,0.7,73,6,25.0034122467041,1.2210633754730225,2,False
18,detail,1,0.6,79,12,24.54770851135254,1.6122245788574219,2,False
18,detail,2,1.0,121,0,25.701793670654297,1.3963079452514648,4,False
18,detail,2,0.9,132,6,24.87139892578125,1.5038304328918457,3,False
18,detail,2,0.8,132,12,24.968339920043945,1.5877048969268799,3,False
18,detail,2,0.7,129,12,23.936208724975586,2.1782712936401367,2,False
18,detail,2,0.6,131,18,23.723255157470703,2.1539857387542725,2,True
19,coarse,1,0.3,38,0,18.957843780517578,,,True
19,coarse,2,0.3,58,6,19.15915298461914,,,True
19,detail,1,1.0,75,0,28.88819122314453,1.577716588973999,4,False
19,detail,1,0.9,83,0,26.912391662597656,1.4385132789611816,3,False
19,detail,1,0.8,72,0,24.98651885986328,1.479848861694336,3,False
19,detail,1,0.7,73,6,24.58844566345215,1.3854517936706543,2,False
19,detail,1,0.6,79,12,24.222002029418945,1.6936368942260742,2,False
19,detail,2,1.0,121,4,27.3718318939209,1.4400784969329834,4,False
19,detail,2,0.9,123,6,25.295330047607422,1.4457345008850098,3,False
19,detail,2,0.8,124,15,25.248193740844727,1.5672383308410645,3,False
19,detail,2,0.7,128,14,24.714082717895508,1.8606305122375488,2,False
19,detail,2,0.6,129,20,23.82379722595215,1.8132128715515137,2,True
20,coarse,1,0.3,38,0,19.276140213012695,,,True
20,coarse,2,0.3,72,6,19.306299209594727,,,True
20,detail,1,1.0,75,0,29.222396850585938,1.7188239097595215,4,False
20,detail,1,0.9,83,0,27.309974670410156,1.6832597255706787,3,False
20,detail,1,0.8,72,0,25.30903434753418,1.5925865173339844,3,False
20,detail,1,0.7,73,6,24.949495315551758,1.416088342666626,2,False
20,detail,1,0.6,79,12,24.623849868774414,1.6761410236358643,2,False
20,detail,2,1.0,132,0,26.142820358276367,1.5867481231689453,4,False
20,detail,2,0.9,132,6,25.273273468017578,1.717008113861084,3,False
20,detail,2,0.8,132,12,25.534568786621094,1.8331577777862549,3,False
20,detail,2,0.7,128,12,23.8825626373291,2.0172300338745117,2,False
20,detail,2,0.6,130,18,23.206735610961914,2.073275566101074,2,True
21,coarse,1,0.3,73,6,19.36992073059082,,,True
21,coarse,2,0.3,34,0,19.420246124267578,,,True
21,coarse,3,0.5,50,2,25.466876983642578,,,True
21,detail,1,1.0,132,0,26.174711227416992,1.6183619499206543,4,False
21,detail,1,0.9,132,6,25.369976043701172,1.7801554203033447,3,False
21,detail,1,0.8,129,3,23.848228454589844,2.2639753818511963,3,False
21,detail,1,0.7,130,10,23.362926483154297,2.3199472427368164,2,False
21,detail,1,0.6,130,18,23.251113891601562,2.1845617294311523,2,True
21,detail,2,1.0,73,0,28.786296844482422,1.5843966007232666,4,False
21,detail,2,0.9,70,0,27.581581115722656,1.6075654029846191,3,False
21,detail,2,0.8,73,0,25.89862823486328,1.6745619773864746,3,False
21,detail,2,0.7,73,6,25.050708770751953,1.3956129550933838,2,False
21,detail,2,0.6,79,12,24.82944107055664,1.6355082988739014,2,False
21,detail,3,1.0,103,18,30.532352447509766,1.0899147987365723,4,False
21,detail,3,0.9,94,12,27.891551971435547,1.8643066883087158,3,False
21,detail,3,0.8,94,15,27.354463577270508,1.9464411735534668,3,False
21,detail,3,0.7,93,12,25.477657318115234,2.038041830062866,2,False
21,detail,3,0.6,95,20,25.300199508666992,2.088467597961426,2,False
22,coarse,1,0.3,73,6,19.37405014038086,,,True
22,coarse,2,0.3,24,0,19.599201202392578,,,True
22,coarse,3,0.3,48,4,19.736976623535156,,,True
22,detail,1,1.0,132,0,26.340770721435547,1.7980523109436035,4,False
22,detail,1,0.9,132,6,25.704349517822266,1.9621706008911133,3,False
22,detail,1,0.8,129,3,24.013193130493164,2.2621495723724365,3,False
22,detail,1,0.7,140,10,23.52848243713379,2.7528202533721924,2,False
22,detail,1,0.6,132,16,23.12185287475586,2.916686534881592,2,True
22,detail,2,1.0,43,12,32.02959442138672,1.2668917179107666,4,False
22,detail,2,0.9,53,27,29.835092544555664,1.1148688793182373,3,False
22,detail,2,0.8,53,33,27.61452293395996,1.0630474090576172,3,False
22,detail,2,0.7,43,0,25.535850524902344,1.2374939918518066,2,False
22,detail,2,0.6,41,4,24.512399673461914,1.6223561763763428,2,False
22,detail,3,1.0,87,0,27.318864822387695,1.4287161827087402,4,False
22,detail,3,0.9,86,0,26.310884475708008,1.3471221923828125,3,False
22,detail,3,0.8,89,6,25.74359130859375,1.513561487197876,3,False
22,detail,3,0.7,87,6,25.22754669189453,1.6834039688110352,2,False
22,detail,3,0.6,95,20,25.311626434326172,2.015085458755493,2,False
23,coarse,1,0.3,48,4,19.158056259155273,,,True
23,coarse,2,0.4,71,0,21.340394973754883,,,True
23,detail,1,1.0,87,0,26.750534057617188,1.4829068183898926,4,False
23,detail,1,0.9,86,0,25.7430419921875,1.4386539459228516,3,False
23,detail,1,0.8,89,6,25.169048309326172,1.58481764793396,3,False
23,detail,1,0.7,87,6,24.5878963470459,1.7396697998046875,2,False
23,detail,1,0.6,83,12,23.355789184570312,1.9395785331726074,2,False
23,detail,2,1.0,132,0,26.155887603759766,1.8146862983703613,4,False
23,detail,2,0.9,132,6,25.55048370361328,2.0007412433624268,3,False
23,detail,2,0.8,129,3,23.74335289001465,2.2898614406585693,3,False
23,detail,2,0.7,130,10,23.412921905517578,2.397113800048828,2,False
23,detail,2,0.6,132,16,22.889558792114258,2.9745655059814453,2,True
24,coarse,1,0.3,38,0,19.14311408996582,,,True
24,coarse,2,0.3,58,8,19.202606201171875,,,True
24,detail,1,1.0,75,0,28.662704467773438,1.9468200206756592,4,False
24,detail,1,0.9,83,0,27.154117584228516,1.94822096824646,3,False
24,detail,1,0.8,72,0,24.908267974853516,1.827256441116333,3,False
24,detail,1,0.7,79,4,24.106454849243164,2.0978755950927734,2,False
24,detail,1,0.6,81,12,23.61009407043457,1.9671456813812256,2,False
24,detail,2,1.0,121,0,25.92403221130371,1.6095373630523682,4,False
24,detail,2,0.9,123,9,25.654335021972656,1.8215367794036865,3,False
24,detail,2,0.8,124,15,25.467899322509766,1.8623383045196533,3,False
24,detail,2,0.7,128,12,24.166719436645508,2.0624806880950928,2,False
24,detail,2,0.6,130,18,23.324787139892578,2.147195816040039,2,True
25,coarse,1,0.3,38,0,19.218372344970703,,,True
25,coarse,2,0.3,60,4,19.328113555908203,,,True
25,detail,1,1.0,75,0,28.49356460571289,1.8223984241485596,4,False
25,detail,1,0.9,83,0,27.148719787597656,1.661893606185913,3,False
25,detail,1,0.8,72,0,25.025230407714844,1.8259456157684326,3,False
25,detail,1,0.7,79,4,24.244461059570312,1.895702600479126,2,False
25,detail,1,0.6,81,12,23.675151824951172,1.757699728012085,2,False
25,detail,2,1.0,123,0,26.162965774536133,2.0093517303466797,4,False
25,detail,2,0.9,122,9,26.15256690979004,1.8407349586486816,3,False
25,detail,2,0.8,128,0,23.315662384033203,2.9889438152313232,3,False
25,detail,2,0.7,129,8,23.014320373535156,3.304478645324707,2,False
25,detail,2,0.6,131,14,22.809459686279297,3.811918020248413,2,True
26,coarse,1,0.3,24,0,19.179485321044922,,,True
26,coarse,2,0.3,52,6,19.26603889465332,,,True
26,coarse,3,0.4,71,0,21.539175033569336,,,True
26,detail,1,1.0,43,16,32.26180648803711,1.0364491939544678,4,False
26,detail,1,0.9,35,24,31.694610595703125,1.41721773147583,3,False
26,detail,1,0.8,38,3,27.355255126953125,1.115858554840088,3,False
26,detail,1,0.7,37,0,26.127063751220703,1.5021345615386963,2,False
26,detail,1,0.6,35,2,24.886138916015625,1.5897388458251953,2,False
26,detail,2,1.0,99,18,30.212766647338867,1.0175502300262451,4,False
26,detail,2,0.9,103,27,29.862730026245117,0.980903148651123,3,False
26,detail,2,0.8,106,33,31.681055068969727,0.9074554443359375,3,False
26,detail,2,0.7,91,16,27.009265899658203,1.663661241531372,2,False
26,detail,2,0.6,91,20,26.167076110839844,1.6443893909454346,2,False
26,detail,3,1.0,132,0,26.168424606323242,1.933126449584961,4,False
26,detail,3,0.9,132,6,25.75143814086914,2.0646655559539795,3,False
26,detail,3,0.8,126,0,23.370908737182617,3.2300033569335938,3,False
26,detail,3,0.7,130,8,23.114826202392578,3.3021857738494873,2,False
26,detail,3,0.6,130,16,22.743040084838867,3.1697847843170166,2,True
27,coarse,1,0.3,24,0,19.2408390045166,,,True
27,coarse,2,0.3,52,6,19.269956588745117,,,True
27,coarse,3,0.4,71,0,21.54071044921875,,,True
27,detail,1,1.0,43,16,32.3922004699707,1.1175861358642578,4,False
27,detail,1,0.9,35,24,31.784605026245117,1.494748830795288,3,False
27,detail,1,0.8,38,3,27.515748977661133,1.1924757957458496,3,False
27,detail,1,0.7,37,0,26.28382110595703,1.5296447277069092,2,False
27,detail,1,0.6,41,4,24.20972442626953,1.7202889919281006,2,False
27,detail,2,1.0,99,18,30.242385864257812,1.059319019317627,4,False
27,detail,2,0.9,103,27,29.878448486328125,1.0398147106170654,3,False
27,detail,2,0.8,106,33,31.740489959716797,0.9920172691345215,3,False
27,detail,2,0.7,91,16,26.91777229309082,1.7385187149047852,2,False
27,detail,2,0.6,91,20,26.073266983032227,1.715667963027954,2,False
27,detail,3,1.0,132,0,26.184974670410156,1.937223196029663,4,False
27,detail,3,0.9,132,6,25.875951766967773,2.0712509155273438,3,False
27,detail,3,0.8,129,0,23.558820724487305,2.865488052368164,3,False
27,detail,3,0.7,130,8,23.29155158996582,3.1825263500213623,2,False
27,detail,3,0.6,130,14,22.979066848754883,3.8874948024749756,2,True
28,coarse,1,0.3,24,0,19.45018768310547,,,True
28,coarse,2,0.3,54,6,19.509672164916992,,,True
28,detail,1,1.0,43,16,32.3831901550293,1.1522934436798096,4,False
28,detail,1,0.9,35,24,31.738847732543945,1.5151002407073975,3,False
28,detail,1,0.8,38,3,27.719375610351562,1.259279727935791,3,False
28,detail,1,0.7,37,0,26.45323944091797,1.6251640319824219,2,False
28,detail,1,0.6,41,4,24.476280212402344,1.777989387512207,2,True
28,detail,2,1.0,99,18,30.323135375976562,1.101569652557373,4,False
28,detail,2,0.9,104,27,29.85528564453125,1.0044066905975342,3,False
28,detail,2,0.8,107,33,31.702083587646484,1.0021405220031738,3,False
28,detail,2,0.7,109,38,32.20191192626953,0.8158910274505615,2,False
28,detail,2,0.6,95,32,29.91311264038086,1.9888701438903809,2,False
29,coarse,1,0.3,24,0,19.4249267578125,,,True
29,coarse,2,0.3,54,6,19.447376251220703,,,True
29,detail,1,1.0,43,16,32.24029541015625,1.1226882934570312,4,False
29,detail,1,0.9,35,24,31.540428161621094,1.512263298034668,3,False
29,detail,1,0.8,38,3,27.62738609313965,1.2619163990020752,3,False
29,detail,1,0.7,37,0,26.33237648010254,1.6271142959594727,2,False
29,detail,1,0.6,41,4,24.45629119873047,1.7360296249389648,2,True
29,detail,2,1.0,99,18,30.395984649658203,1.1147432327270508,4,False
29,detail,2,0.9,104,27,29.87564468383789,1.0231859683990479,3,False
29,detail,2,0.8,107,33,31.662485122680664,0.9874341487884521,3,False
29,detail,2,0.7,95,32,31.937509536743164,1.9536967277526855,2,False
29,detail,2,0.6,99,30,29.153982162475586,2.1583120822906494,2,False
30,coarse,1,0.3,38,0,19.054609298706055,,,True
30,coarse,2,0.3,58,6,19.17410659790039,,,True
30,detail,1,1.0,75,0,28.179183959960938,1.8277606964111328,4,False
30,detail,1,0.9,83,0,27.00908088684082,1.6399109363555908,3,False
30,detail,1,0.8,72,0,24.73002815246582,1.8124361038208008,3,False
30,detail,1,0.7,79,4,24.292396545410156,1.8946959972381592,2,False
30,detail,1,0.6,81,12,23.688186645507812,1.8112647533416748,2,False
30,detail,2,1.0,121,0,26.097938537597656,1.8928163051605225,4,False
30,detail,2,0.9,123,9,25.808361053466797,2.0967769622802734,3,False
30,detail,2,0.8,125,3,24.277536392211914,2.3896825313568115,3,False
30,detail,2,0.7,128,8,23.506099700927734,3.3556830883026123,2,False
30,detail,2,0.6,130,14,23.020082473754883,3.789836883544922,2,True
31,coarse,1,0.3,73,6,19.391050338745117,,,True
31,coarse,2,0.3,50,4,19.46415138244629,,,True
31,coarse,3,0.3,24,0,19.570560455322266,,,True
31,detail,1,1.0,132,0,26.326522827148438,2.024519443511963,4,False
31,detail,1,0.9,123,9,25.879653930664062,2.102874755859375,3,False
31,detail,1,0.8,126,0,23.597454071044922,3.188922643661499,3,False
31,detail,1,0.7,130,8,23.434221267700195,3.217393398284912,2,False
31,detail,1,0.6,130,16,22.923690795898438,3.0662994384765625,2,True
31,detail,2,1.0,87,8,29.071632385253906,1.1801173686981201,4,False
31,detail,2,0.9,87,0,25.738019943237305,1.1993465423583984,3,False
31,detail,2,0.8,87,6,25.86138916015625,1.331430196762085,3,False
31,detail,2,0.7,91,14,25.78569793701172,1.7133755683898926,2,False
31,detail,2,0.6,87,14,25.333833694458008,1.5367205142974854,2,False
31,detail,3,1.0,35,16,32.2709846496582,1.364417552947998,4,False
31,detail,3,0.9,35,24,31.544010162353516,1.4988913536071777,3,False
31,detail,3,0.8,35,0,27.627918243408203,1.294804334640503,3,False
31,detail,3,0.7,37,0,26.294784545898438,1.5192663669586182,2,False
31,detail,3,0.6,41,4,24.666357040405273,1.6227638721466064,2,False
32,coarse,1,0.3,50,4,19.11121940612793,,,True
32,coarse,2,0.4,71,0,21.64900779724121,,,True
32,coarse,3,0.4,26,0,22.85555076599121,,,True
32,detail,1,1.0,87,8,28.778745651245117,1.2281148433685303,4,False
32,detail,1,0.9,87,0,25.419748306274414,1.2665822505950928,3,False
32,detail,1,0.8,87,6,25.58104133605957,1.3571326732635498,3,False
32,detail,1,0.7,91,14,25.504802703857422,1.6541810035705566,2,False
32,detail,1,0.6,93,20,25.75010871887207,1.815295696258545,2,False
32,detail,2,1.0,132,0,26.2459774017334,2.0341835021972656,4,False
32,detail,2,0.9,123,9,25.849302291870117,2.1352107524871826,3,False
32,detail,2,0.8,126,0,23.446083068847656,3.266282796859741,3,False
32,detail,2,0.7,132,6,23.39655876159668,4.062453269958496,2,False
32,detail,2,0.6,130,16,23.013160705566406,3.1486639976501465,2,True
32,detail,3,1.0,59,16,32.12779998779297,1.2661912441253662,4,False
32,detail,3,0.9,61,27,29.546541213989258,1.4503934383392334,3,False
32,detail,3,0.8,63,33,28.346240997314453,1.5715575218200684,3,False
32,detail,3,0.7,66,6,25.057287216186523,1.3645248413085938,2,False
32,detail,3,0.6,68,6,23.99652862548828,1.7622590065002441,2,False
33,coarse,1,0.3,24,0,19.685102462768555,,,True
33,coarse,2,0.3,73,6,19.758108139038086,,,True
33,coarse,3,0.3,50,4,19.785978317260742,,,True
33,detail,1,1.0,35,16,32.509910583496094,1.380394458770752,4,False
33,detail,1,0.9,35,24,31.919797897338867,1.5251195430755615,3,False
33,detail,1,0.8,41,3,27.96146011352539,1.3660671710968018,3,False
33,detail,1,0.7,43,0,25.837257385253906,1.3299140930175781,2,False
33,detail,1,0.6,41,4,25.10540771484375,1.9535956382751465,2,False
33,detail,2,1.0,124,0,26.590242385864258,2.0325193405151367,4,False
33,detail,2,0.9,123,9,26.23691749572754,2.0267670154571533,3,False
33,detail,2,0.8,126,0,23.737640380859375,3.2844371795654297,3,False
33,detail,2,0.7,132,6,23.491008758544922,4.168111801147461,2,False
33,detail,2,0.6,130,16,23.365814208984375,3.1613874435424805,2,True
33,detail,3,1.0,87,8,29.264976501464844,1.2265625,4,False
33,detail,3,0.9,87,0,25.984729766845703,1.295149564743042,3,False
33,detail,3,0.8,87,6,26.15384864807129,1.2993566989898682,3,False
33,detail,3,0.7,91,14,26.0319766998291,1.6708900928497314,2,False
33,detail,3,0.6,93,20,26.334592819213867,1.8746435642242432,2,False
34,coarse,1,0.3,73,6,19.798725128173828,,,True
34,coarse,2,0.3,38,0,19.963281631469727,,,True
34,detail,1,1.0,132,0,26.550235748291016,1.852043867111206,4,False
34,detail,1,0.9,123,9,26.430009841918945,1.8355522155761719,3,False
34,detail,1,0.8,129,0,23.707897186279297,3.164839744567871,3,False
34,detail,1,0.7,130,8,23.55286979675293,3.534404993057251,2,False
34,detail,1,0.6,132,14,23.293964385986328,4.321229934692383,2,True
34,detail,2,1.0,75,0,28.644865036010742,1.6977272033691406,4,False
34,detail,2,0.9,72,0,27.648235321044922,1.7894370555877686,3,False
34,detail,2,0.8,72,0,25.44747543334961,1.5890014171600342,3,False
34,detail,2,0.7,79,4,25.182369232177734,1.877394676208496,2,False
34,detail,2,0.6,81,12,24.40133285522461,1.8445866107940674,2,False
35,coarse,1,0.3,50,4,19.739707946777344,,,True
35,coarse,2,0.3,73,6,19.753385543823242,,,True
35,coarse,3,0.5,28,2,26.166410446166992,,,True
35,detail,1,1.0,87,4,28.627233505249023,1.5682995319366455,4,False
35,detail,1,0.9,87,0,26.09203338623047,1.5515084266662598,3,False
35,detail,1,0.8,90,6,25.551538467407227,1.8525373935699463,3,False
35,detail,1,0.7,91,14,26.060482025146484,1.8684678077697754,2,False
35,detail,1,0.6,87,14,25.550146102905273,1.852942943572998,2,False
35,detail,2,1.0,132,0,26.472110748291016,1.815178632736206,4,False
35,detail,2,0.9,135,6,26.33892059326172,1.7840347290039062,3,False
35,detail,2,0.8,129,3,24.38898468017578,2.4498584270477295,3,False
35,detail,2,0.7,130,10,23.98619270324707,2.525794267654419,2,False
35,detail,2,0.6,134,16,23.66841697692871,2.8550779819488525,2,True
35,detail,3,1.0,65,4,29.397563934326172,1.777787208557129,4,False
35,detail,3,0.9,65,3,28.015071868896484,1.8551416397094727,3,False
35,detail,3,0.8,68,0,27.230972290039062,1.762603998184204,3,False
35,detail,3,0.7,72,2,26.094295501708984,1.8821804523468018,2,False
35,detail,3,0.6,74,8,24.886606216430664,1.8872711658477783,2,False
36,coarse,1,0.3,28,0,19.190715789794922,,,True
36,coarse,2,0.3,50,4,19.286521911621094,,,True
36,coarse,3,0.4,71,0,21.673961639404297,,,True
36,detail,1,1.0,61,18,32.04411697387695,1.2926888465881348,4,False
36,detail,1,0.9,63,27,29.140649795532227,1.4639816284179688,3,False
36,detail,1,0.8,65,33,27.435626983642578,1.5964629650115967,3,False
36,detail,1,0.7,43,0,25.359420776367188,1.5091006755828857,2,False
36,detail,1,0.6,43,6,25.067651748657227,1.5897886753082275,2,False
36,detail,2,1.0,87,0,26.668989181518555,1.5990643501281738,4,False
36,detail,2,0.9,90,0,25.760452270507812,1.9415016174316406,3,False
36,detail,2,0.8,90,6,25.206926345825195,1.863011121749878,3,False
36,detail,2,0.7,99,14,24.853134155273438,2.397484540939331,2,False
36,detail,2,0.6,101,20,23.85259437561035,2.243403673171997,2,False
36,detail,3,1.0,132,0,26.03549575805664,1.8878979682922363,4,False
36,detail,3,0.9,135,6,25.879968643188477,1.859083890914917,3,False
36,detail,3,0.8,129,3,23.932010650634766,2.552959680557251,3,False
36,detail,3,0.7,132,10,23.517969131469727,2.5533361434936523,2,False
36,detail,3,0.6,134,16,22.667743682861328,3.031768560409546,2,True
37,coarse,1,0.3,46,2,19.618330001831055,,,True
37,coarse,2,0.4,66,0,22.36581039428711,,,True
37,detail,1,1.0,87,0,27.148786544799805,1.096846580505371,4,False
37,detail,1,0.9,88,6,27.04120445251465,1.1098546981811523,3,False
37,detail,1,0.8,88,6,26.102802276611328,1.2528154850006104,3,False
37,detail,1,0.7,81,4,24.342517852783203,1.949289321899414,2,False
37,detail,1,0.6,83,12,24.035615921020508,1.8812627792358398,2,True
37,detail,2,1.0,124,0,26.590356826782227,1.7921645641326904,4,False
37,detail,2,0.9,135,6,26.344886779785156,1.734300136566162,3,False
37,detail,2,0.8,135,12,25.831382751464844,1.9007494449615479,3,False
37,detail,2,0.7,130,12,25.02652359008789,2.6425065994262695,2,False
37,detail,2,0.6,136,18,24.14011001586914,2.5791234970092773,2,False
38,coarse,1,0.3,46,2,19.57927894592285,,,True
38,coarse,2,0.3,26,0,19.743932723999023,,,True
38,coarse,3,0.4,66,0,21.932580947875977,,,True
38,detail,1,1.0,87,4,28.901620864868164,1.066178321838379,4,False
38,detail,1,0.9,88,6,27.03170394897461,1.0470483303070068,3,False
38,detail,1,0.8,88,6,26.05499839782715,1.18505859375,3,False
38,detail,1,0.7,81,4,24.436635971069336,1.9688746929168701,2,False
38,detail,1,0.6,81,12,24.963518142700195,1.9754035472869873,2,False
38,detail,2,1.0,43,12,32.956565856933594,1.1147246360778809,4,False
38,detail,2,0.9,39,24,33.54367446899414,1.4748010635375977,3,False
38,detail,2,0.8,39,3,27.957237243652344,1.4701623916625977,3,False
38,detail,2,0.7,43,0,26.260868072509766,1.6528618335723877,2,False
38,detail,2,0.6,39,2,25.371938705444336,1.9356634616851807,2,False
38,detail,3,1.0,124,0,26.36956214904785,1.8439760208129883,4,False
38,detail,3,0.9,135,6,26.008150100708008,1.783942699432373,3,False
38,detail,3,0.8,135,12,25.613834381103516,1.8602268695831299,3,False
38,detail,3,0.7,130,12,24.836063385009766,2.534174680709839,2,False
38,detail,3,0.6,136,18,23.96802520751953,2.5442116260528564,2,True
39,coarse,1,0.3,46,2,19.36228370666504,,,True
39,coarse,2,0.4,66,0,22.112525939941406,,,True
39,detail,1,1.0,87,0,26.88211441040039,1.107865571975708,4,False
39,detail,1,0.9,88,0,25.765634536743164,1.0418062210083008,3,False
39,detail,1,0.8,88,6,25.953083038330078,1.2383551597595215,3,False
39,detail,1,0.7,81,4,24.316116333007812,1.9394385814666748,2,True
39,detail,1,0.6,81,12,24.911914825439453,2.00504732131958,2,False
39,detail,2,1.0,124,0,26.211835861206055,1.710557460784912,4,False
39,detail,2,0.9,135,6,25.6739559173584,1.6379814147949219,3,False
39,detail,2,0.8,135,12,25.325910568237305,1.703559398651123,3,False
39,detail,2,0.7,132,12,24.844501495361328,2.1621270179748535,2,False
39,detail,2,0.6,136,20,24.57173728942871,1.972780704498291,2,False
40,coarse,1,0.3,60,6,20.121652603149414,,,True
40,coarse,2,0.3,36,0,20.230745315551758,,,True
40,detail,1,1.0,123,0,26.74877166748047,1.6461668014526367,4,False
40,detail,1,0.9,125,9,26.54450035095215,1.5935001373291016,3,False
40,detail,1,0.8,125,15,26.823978424072266,1.369659423828125,3,False
40,detail,1,0.7,131,14,25.86719512939453,2.100674867630005,2,False
40,detail,1,0.6,131,20,25.551542282104492,2.134474039077759,2,False
40,detail,2,1.0,75,0,29.415664672851562,1.9237496852874756,4,False
40,detail,2,0.9,74,0,28.51338768005371,2.1323816776275635,3,False
40,detail,2,0.8,74,0,26.157052993774414,2.1013541221618652,3,False
40,detail,2,0.7,81,4,25.22650909423828,2.0291786193847656,2,False
40,detail,2,0.6,83,12,24.715106964111328,1.9882004261016846,2,True
41,coarse,1,0.3,68,0,20.59236717224121,,,True
41,coarse,2,0.3,46,2,20.99311065673828,,,True
41,coarse,3,0.3,16,26,21.064306259155273,,,True
41,detail,1,1.0,124,0,27.127986907958984,1.6142194271087646,4,False
41,detail,1,0.9,135,6,26.323352813720703,1.5721888542175293,3,False
41,detail,1,0.8,135,12,26.11665916442871,1.6724214553833008,3,False
41,detail,1,0.7,132,12,25.489112854003906,2.0370452404022217,2,False
41,detail,1,0.6,136,20,25.522140502929688,1.743795394897461,2,False
41,detail,2,1.0,87,0,28.280277252197266,1.0770480632781982,4,False
41,detail,2,0.9,88,0,27.370361328125,1.000058650970459,3,False
41,detail,2,0.8,88,6,27.71968650817871,1.1822638511657715,3,False
41,detail,2,0.7,81,4,26.052366256713867,1.9467418193817139,2,False
41,detail,2,0.6,81,12,26.718990325927734,1.9389317035675049,2,False
41,detail,3,1.0,23,35,29.83735466003418,1.4611527919769287,4,False
41,detail,3,0.9,25,23,28.339263916015625,1.6667215824127197,3,False
41,detail,3,0.8,28,47,27.302907943725586,1.5564720630645752,3,False
41,detail,3,0.7,31,47,24.51145362854004,1.7458138465881348,2,False
41,detail,3,0.6,31,47,22.745376586914062,1.4385333061218262,2,True
42,coarse,1,0.3,46,2,19.839738845825195,,,True
42,coarse,2,0.4,66,0,22.06599998474121,,,True
42,detail,1,1.0,87,8,29.861095428466797,1.016615390777588,4,False
42,detail,1,0.9,85,0,28.134294509887695,1.589184284210205,3,False
42,detail,1,0.8,88,6,26.996959686279297,0.9684431552886963,3,False
42,detail,1,0.7,81,4,25.187246322631836,1.876974105834961,2,False
42,detail,1,0.6,83,12,24.672163009643555,1.7989068031311035,2,True
42,detail,2,1.0,124,0,26.85270118713379,1.5438711643218994,4,False
42,detail,2,0.9,135,6,25.949993133544922,1.5444090366363525,3,False
42,detail,2,0.8,135,12,25.68297576904297,1.702509880065918,3,False
42,detail,2,0.7,136,18,25.48451042175293,1.7467148303985596,2,False
42,detail,2,0.6,136,20,25.003639221191406,1.753347635269165,2,False
43,coarse,1,0.3,48,2,19.77897071838379,,,True
43,coarse,2,0.3,26,0,19.883663177490234,,,True
43,coarse,3,0.3,68,0,19.893592834472656,,,True
43,detail,1,1.0,83,0,30.08557891845703,1.4584834575653076,4,False
43,detail,1,0.9,86,0,27.52886962890625,1.1308093070983887,3,False
43,detail,1,0.8,89,6,26.248645782470703,1.0389988422393799,3,False
43,detail,1,0.7,85,6,25.316877365112305,1.241877555847168,2,False
43,detail,1,0.6,85,14,25.969276428222656,1.411390781402588,2,False
43,detail,2,1.0,43,16,33.835548400878906,1.3185021877288818,4,False
43,detail,2,0.9,39,24,33.53800582885742,1.4924712181091309,3,False
43,detail,2,0.8,42,3,28.755107879638672,1.4668138027191162,3,False
43,detail,2,0.7,43,0,27.120948791503906,1.5660676956176758,2,False
43,detail,2,0.6,43,4,24.990434646606445,2.06234073638916,2,True
43,detail,3,1.0,132,0,27.239511489868164,1.5866482257843018,4,False
43,detail,3,0.9,126,9,26.53220558166504,1.307023525238037,3,False
43,detail,3,0.8,135,15,26.20595359802246,1.4609782695770264,3,False
43,detail,3,0.7,136,18,25.203418731689453,1.7671597003936768,2,False
43,detail,3,0.6,136,26,25.157339096069336,1.515537977218628,2,False
44,coarse,1,0.3,68,2,19.580854415893555,,,True
44,coarse,2,0.3,26,0,19.76171112060547,,,True
44,coarse,3,0.3,48,2,19.82754135131836,,,True
44,detail,1,1.0,132,4,28.440876007080078,1.405616044998169,4,False
44,detail,1,0.9,132,9,27.676239013671875,1.5233280658721924,3,False
44,detail,1,0.8,135,15,25.93166732788086,1.479109287261963,3,False
44,detail,1,0.7,136,20,25.10052490234375,1.6905875205993652,2,False
44,detail,1,0.6,136,26,25.000534057617188,1.5343682765960693,2,True
44,detail,2,1.0,43,16,33.969444274902344,1.276972770690918,4,False
44,detail,2,0.9,39,24,33.44043731689453,1.4983885288238525,3,False
44,detail,2,0.8,42,3,28.65032196044922,1.5357484817504883,3,False
44,detail,2,0.7,43,0,27.113737106323242,1.6521854400634766,2,False
44,detail,2,0.6,39,2,25.669103622436523,1.9673614501953125,2,False
44,detail,3,1.0,83,0,30.237136840820312,1.3641517162322998,4,False
44,detail,3,0.9,86,0,27.63878059387207,1.033205509185791,3,False
44,detail,3,0.8,83,0,27.103084564208984,1.5269179344177246,3,False
44,detail,3,0.7,83,6,25.447879791259766,1.562340497970581,2,False
44,detail,3,0.6,85,14,25.8846492767334,1.3751378059387207,2,False
45,coarse,1,0.3,52,4,20.34858512878418,,,True
45,coarse,2,0.4,71,0,23.706525802612305,,,True
45,detail,1,1.0,103,18,31.49147605895996,0.9763176441192627,4,False
45,detail,1,0.9,106,27,31.75415802001953,1.0120446681976318,3,False
45,detail,1,0.8,109,33,33.58522033691406,0.9513778686523438,3,False
45,detail,1,0.7,91,22,30.363597869873047,0.8752536773681641,2,False
45,detail,1,0.6,91,20,28.28527069091797,0.7960219383239746,2,False
45,detail,2,1.0,124,8,30.00568389892578,1.101419448852539,4,False
45,detail,2,0.9,135,12,28.513160705566406,1.2534871101379395,3,False
45,detail,2,0.8,135,18,28.105201721191406,1.2476534843444824,3,False
45,detail,2,0.7,136,22,26.39040184020996,1.4425384998321533,2,False
45,detail,2,0.6,136,28,26.24251365661621,1.3354382514953613,2,True
46,coarse,1,0.3,36,0,20.15334129333496,,,True
46,coarse,2,0.3,56,6,20.2596492767334,,,True
46,detail,1,1.0,77,0,29.40275764465332,1.1495742797851562,4,False
46,detail,1,0.9,74,0,28.394514083862305,1.2798142433166504,3,False
46,detail,1,0.8,74,0,26.047420501708984,0.988306999206543,3,False
46,detail,1,0.7,84,6,25.83989143371582,1.2316052913665771,2,True
46,detail,1,0.6,85,14,26.327774047851562,1.2497355937957764,2,False
46,detail,2,1.0,103,18,31.537574768066406,1.037186861038208,4,False
46,detail,2,0.9,108,27,31.73938751220703,1.0567505359649658,3,False
46,detail,2,0.8,121,30,33.377620697021484,0.8620498180389404,3,False
46,detail,2,0.7,124,36,33.95549392700195,0.9431846141815186,2,False
46,detail,2,0.6,99,52,34.4801139831543,1.7559382915496826,2,False
47,coarse,1,0.3,28,0,19.767192840576172,,,True
47,coarse,2,0.3,68,4,19.77171516418457,,,True
47,coarse,3,0.3,48,2,19.812955856323242,,,True
47,detail,1,1.0,43,16,34.51200485229492,1.1797139644622803,4,False
47,detail,1,0.9,49,27,34.223121643066406,0.7013468742370605,3,False
47,detail,1,0.8,43,33,31.613039016723633,1.470402479171753,3,False
47,detail,1,0.7,45,0,26.69810676574707,1.695770025253296,2,False
47,detail,1,0.6,43,4,25.500198364257812,2.2760069370269775,2,False
47,detail,2,1.0,132,8,29.60762596130371,1.2988805770874023,4,False
47,detail,2,0.9,135,12,27.87264060974121,1.234954595565796,3,False
47,detail,2,0.8,135,18,27.501911163330078,1.3159675598144531,3,False
47,detail,2,0.7,136,24,26.492996215820312,1.3463077545166016,2,False
47,detail,2,0.6,138,28,25.297855377197266,1.5637118816375732,2,True
47,detail,3,1.0,83,0,30.867687225341797,1.093642234802246,4,False
47,detail,3,0.9,86,0,28.196638107299805,0.9411532878875732,3,False
47,detail,3,0.8,83,0,27.502126693725586,1.2836875915527344,3,False
47,detail,3,0.7,83,6,25.963218688964844,1.3575172424316406,2,False
47,detail,3,0.6,85,14,26.121496200561523,1.3127269744873047,2,False
48,coarse,1,0.3,68,4,19.60205841064453,,,True
48,coarse,2,0.3,48,2,19.64752960205078,,,True
48,coarse,3,0.3,28,0,19.74874496459961,,,True
48,detail,1,1.0,132,8,29.287567138671875,1.1600584983825684,4,False
48,detail,1,0.9,135,12,27.547834396362305,1.1266939640045166,3,False
48,detail,1,0.8,135,21,28.33977699279785,1.3980488777160645,3,False
48,detail,1,0.7,136,24,26.31037712097168,1.178373098373413,2,False
48,detail,1,0.6,136,34,26.209592819213867,1.5313053131103516,2,False
48,detail,2,1.0,83,0,30.62356185913086,1.0801808834075928,4,False
48,detail,2,0.9,86,0,28.08832359313965,0.9158570766448975,3,False
48,detail,2,0.8,86,0,27.25790023803711,0.9457716941833496,3,False
48,detail,2,0.7,83,6,25.63707160949707,1.3414809703826904,2,False
48,detail,2,0.6,85,14,25.80327606201172,1.341336727142334,2,False
48,detail,3,1.0,43,16,34.77347946166992,1.214592456817627,4,False
48,detail,3,0.9,49,27,34.5750732421875,0.7265152931213379,3,False
48,detail,3,0.8,43,33,31.814823150634766,1.4910495281219482,3,False
48,detail,3,0.7,45,0,26.629518508911133,1.6125762462615967,2,False
48,detail,3,0.6,43,4,25.529964447021484,2.239405393600464,2,True
49,coarse,1,0.3,56,6,19.990140914916992,,,True
49,coarse,2,0.3,36,0,20.07626724243164,,,True
49,detail,1,1.0,107,18,32.08396530151367,1.206313133239746,4,False
49,detail,1,0.9,108,27,32.328895568847656,1.3194570541381836,3,False
49,detail,1,0.8,111,30,33.27741622924805,0.8228373527526855,3,False
49,detail,1,0.7,113,26,29.331939697265625,0.9641075134277344,2,False
49,detail,1,0.6,113,30,29.266904830932617,1.018066644668579,2,False
49,detail,2,1.0,77,0,29.38137435913086,1.2533888816833496,4,False
49,detail,2,0.9,74,0,28.389095306396484,1.2760250568389893,3,False
49,detail,2,0.8,74,0,26.327739715576172,1.0877318382263184,3,False
49,detail,2,0.7,84,6,25.79349708557129,1.3439581394195557,2,True
49,detail,2,0.6,77,14,26.101512908935547,1.1415154933929443,2,False
50,coarse,1,0.3,58,6,19.639753341674805,,,True
50,detail,1,1.0,107,18,32.03810501098633,1.2437984943389893,4,False
50,detail,1,0.9,123,21,32.381614685058594,0.8265361785888672,3,False
50,detail,1,0.8,124,27,32.63435745239258,0.8689548969268799,3,False
50,detail,1,0.7,113,24,28.370962142944336,1.076505422592163,2,False
50,detail,1,0.6,103,22,26.9293155670166,1.554415225982666,2,True
51,coarse,1,0.3,68,6,19.7506160736084,,,True
51,coarse,2,0.3,28,0,19.851438522338867,,,True
51,coarse,3,0.3,48,2,19.91173553466797,,,True
51,detail,1,1.0,132,8,29.657270431518555,1.272881031036377,4,False
51,detail,1,0.9,135,12,28.251123428344727,1.291869878768921,3,False
51,detail,1,0.8,135,18,28.15517234802246,1.3400328159332275,3,False
51,detail,1,0.7,138,24,26.65287971496582,1.435565710067749,2,False
51,detail,1,0.6,138,28,25.223302841186523,1.6766400337219238,2,True
51,detail,2,1.0,47,16,33.9624137878418,0.8938751220703125,4,False
51,detail,2,0.9,55,27,31.657461166381836,0.7590913772583008,3,False
51,detail,2,0.8,58,33,28.32577896118164,0.820946455001831,3,False
51,detail,2,0.7,43,0,27.908117294311523,1.4286749362945557,2,False
51,detail,2,0.6,61,48,26.927705764770508,1.0815579891204834,2,False
51,detail,3,1.0,87,0,28.87855339050293,1.1370680332183838,4,False
51,detail,3,0.9,89,6,28.100183486938477,0.9662065505981445,3,False
51,detail,3,0.8,92,6,26.45846176147461,1.1289596557617188,3,False
51,detail,3,0.7,95,14,26.83504867553711,1.460967779159546,2,False
51,detail,3,0.6,85,14,26.070480346679688,1.3020086288452148,2,False
52,coarse,1,0.3,68,6,20.147655487060547,,,True
52,coarse,2,0.3,14,26,20.29273223876953,,,True
52,coarse,3,0.3,46,2,20.5252742767334,,,True
52,detail,1,1.0,132,12,30.05375099182129,1.1581594944000244,4,False
52,detail,1,0.9,132,18,29.84027099609375,1.1429097652435303,3,False
52,detail,1,0.8,135,21,28.962543487548828,1.2961723804473877,3,False
52,detail,1,0.7,138,26,27.942459106445312,1.4791016578674316,2,False
52,detail,1,0.6,138,32,27.0975399017334,1.431046485900879,2,False
52,detail,2,1.0,23,33,29.912466049194336,1.1744725704193115,4,False
52,detail,2,0.9,18,44,28.126388549804688,1.1483447551727295,3,False
52,detail,2,0.8,18,47,27.124387741088867,1.5072510242462158,3,False
52,detail,2,0.7,21,47,24.367294311523438,1.3794803619384766,2,False
52,detail,2,0.6,29,53,22.714962005615234,1.7692592144012451,2,True
52,detail,3,1.0,87,18,31.6112117767334,1.457144021987915,4,False
52,detail,3,0.9,85,3,30.185997009277344,0.9980859756469727,3,False
52,detail,3,0.8,79,3,29.098941802978516,0.8658597469329834,3,False
52,detail,3,0.7,93,14,27.57393455505371,1.3280572891235352,2,False
52,detail,3,0.6,83,14,27.641498565673828,1.1927077770233154,2,False
53,coarse,1,0.3,70,0,19.914993286132812,,,True
53,coarse,2,0.3,14,26,20.373458862304688,,,True
53,coarse,3,0.3,46,2,20.5303897857666,,,True
53,detail,1,1.0,132,16,30.913352966308594,1.12650728225708,4,False
53,detail,1,0.9,132,21,30.325815200805664,1.0944545269012451,3,False
53,detail,1,0.8,135,21,29.370363235473633,1.465512990951538,3,False
53,detail,1,0.7,136,28,28.86418914794922,1.3875339031219482,2,False
53,detail,1,0.6,138,32,27.4680233001709,1.5105764865875244,2,False
53,detail,2,1.0,19,21,29.970352172851562,1.0801968574523926,4,False
53,detail,2,0.9,18,44,27.993513107299805,1.1443848609924316,3,False
53,detail,2,0.8,18,47,26.996858596801758,1.4659695625305176,3,False
53,detail,2,0.7,21,47,24.05951499938965,1.3052380084991455,2,False
53,detail,2,0.6,31,47,22.712129592895508,1.2548930644989014,2,True
53,detail,3,1.0,83,0,31.41694450378418,1.012920618057251,4,False
53,detail,3,0.9,88,0,28.7478084564209,1.0189714431762695,3,False
53,detail,3,0.8,85,0,28.0331974029541,0.9943065643310547,3,False
53,detail,3,0.7,79,8,27.451181411743164,0.8964269161224365,2,False
53,detail,3,0.6,85,14,26.88595962524414,1.3085591793060303,2,False
54,coarse,1,0.3,70,2,20.117467880249023,,,True
54,coarse,2,0.3,2,26,20.200464248657227,,,True
54,coarse,3,0.3,28,0,20.350955963134766,,,True
54,detail,1,1.0,132,16,30.382640838623047,0.9911317825317383,4,False
54,detail,1,0.9,132,21,30.234249114990234,1.079798936843872,3,False
54,detail,1,0.8,135,24,29.088443756103516,1.2486603260040283,3,False
54,detail,1,0.7,138,28,28.275842666625977,1.3944871425628662,2,False
54,detail,1,0.6,138,34,27.049840927124023,1.3065152168273926,2,False
54,detail,2,1.0,18,21,30.362884521484375,1.045179843902588,4,False
54,detail,2,0.9,18,44,27.913127899169922,1.2995431423187256,3,False
54,detail,2,0.8,18,47,26.781112670898438,1.5585720539093018,3,False
54,detail,2,0.7,20,47,24.024654388427734,1.4825243949890137,2,False
54,detail,2,0.6,22,47,22.92251968383789,1.4337234497070312,2,True
54,detail,3,1.0,47,16,34.49357986450195,0.9619948863983154,4,False
54,detail,3,0.9,52,27,34.023860931396484,0.7726767063140869,3,False
54,detail,3,0.8,58,35,30.29509735107422,0.7118430137634277,3,False
54,detail,3,0.7,68,42,29.14983558654785,0.7487630844116211,2,False
54,detail,3,0.6,63,48,27.09981918334961,0.8774733543395996,2,False
55,coarse,1,0.3,70,0,19.627288818359375,,,True
55,coarse,2,0.3,2,26,20.31111717224121,,,True
55,coarse,3,0.3,28,0,20.57378578186035,,,True
55,detail,1,1.0,132,16,30.57929801940918,1.048738956451416,4,False
55,detail,1,0.9,135,18,30.171417236328125,1.2739620208740234,3,False
55,detail,1,0.8,135,21,29.39425277709961,1.3731493949890137,3,False
55,detail,1,0.7,138,26,27.815826416015625,1.5639355182647705,2,False
55,detail,1,0.6,138,28,26.431880950927734,1.8525891304016113,2,False
55,detail,2,1.0,18,21,30.532560348510742,1.0561189651489258,4,False
55,detail,2,0.9,18,44,27.86256217956543,1.3626117706298828,3,False
55,detail,2,0.8,18,47,26.79970359802246,1.6728873252868652,3,False
55,detail,2,0.7,20,47,24.152692794799805,1.588197946548462,2,False
55,detail,2,0.6,27,47,23.96537971496582,1.5668506622314453,2,True
55,detail,3,1.0,47,16,34.74382400512695,1.1090919971466064,4,False
55,detail,3,0.9,52,27,34.429718017578125,0.710660457611084,3,False
55,detail,3,0.8,43,3,29.54523468017578,1.2625970840454102,3,False
55,detail,3,0.7,47,0,27.53158950805664,1.24155592918396,2,False
55,detail,3,0.6,45,4,26.263593673706055,2.175258159637451,2,False
56,coarse,1,0.3,70,0,19.8861083984375,,,True
56,coarse,2,0.3,2,26,19.957130432128906,,,True
56,coarse,3,0.3,46,0,20.517915725708008,,,True
56,detail,1,1.0,132,12,30.150394439697266,1.0632076263427734,4,False
56,detail,1,0.9,135,15,29.41390609741211,1.1720788478851318,3,False
56,detail,1,0.8,135,18,29.084213256835938,1.3645012378692627,3,False
56,detail,1,0.7,138,22,26.410491943359375,1.5798442363739014,2,False
56,detail,1,0.6,140,26,25.421110153198242,1.469435453414917,2,False
56,detail,2,1.0,8,33,30.510042190551758,0.803922176361084,4,False
56,detail,2,0.9,18,44,27.998119354248047,1.2198326587677002,3,False
56,detail,2,0.8,3,50,26.681615829467773,1.426048755645752,3,False
56,detail,2,0.7,22,47,23.970483779907227,1.377655029296875,2,False
56,detail,2,0.6,2,51,23.29352378845215,1.5224263668060303,2,True
56,detail,3,1.0,91,12,31.66946792602539,0.834968090057373,4,False
56,detail,3,0.9,79,0,29.667346954345703,0.8587141036987305,3,False
56,detail,3,0.8,79,3,28.457725524902344,0.9071369171142578,3,False
56,detail,3,0.7,85,8,28.244239807128906,1.051384449005127,2,False
56,detail,3,0.6,85,14,27.210853576660156,1.126476526260376,2,False
57,coarse,1,0.3,2,26,20.02086067199707,,,True
57,coarse,2,0.3,70,0,20.1453914642334,,,True
57,coarse,3,0.3,42,0,20.835708618164062,,,True
57,detail,1,1.0,8,33,30.46002960205078,0.8141148090362549,4,False
57,detail,1,0.9,18,44,27.938114166259766,0.9727065563201904,3,False
57,detail,1,0.8,3,50,26.70226287841797,1.2417898178100586,3,False
57,detail,1,0.7,22,47,23.723098754882812,1.275707483291626,2,False
57,detail,1,0.6,4,51,22.26625633239746,1.5007877349853516,2,True
57,detail,2,1.0,132,12,30.343358993530273,1.187577724456787,4,False
57,detail,2,0.9,135,15,29.535602569580078,1.2967658042907715,3,False
57,detail,2,0.8,138,18,27.80988883972168,1.4303042888641357,3,False
57,detail,2,0.7,138,20,26.619815826416016,1.7770006656646729,2,False
57,detail,2,0.6,140,26,25.394670486450195,1.564453125,2,False
57,detail,3,1.0,89,0,29.511531829833984,0.990462064743042,4,False
57,detail,3,0.9,91,6,28.9901123046875,0.8735337257385254,3,False
57,detail,3,0.8,77,0,26.80189323425293,1.0499889850616455,3,False
57,detail,3,0.7,79,8,27.28202247619629,1.1762380599975586,2,False
57,detail,3,0.6,73,50,26.550048828125,1.2723863124847412,2,False
58,coarse,1,0.3,70,2,19.989086151123047,,,True
58,coarse,2,0.3,2,26,20.22333335876465,,,True
58,coarse,3,0.3,42,0,20.53706932067871,,,True
58,detail,1,1.0,132,12,30.042461395263672,1.3497486114501953,4,False
58,detail,1,0.9,135,12,28.887964248657227,1.6513383388519287,3,False
58,detail,1,0.8,138,18,27.87032127380371,1.6055762767791748,3,False
58,detail,1,0.7,140,20,25.951570510864258,1.9395263195037842,2,False
58,detail,1,0.6,140,26,25.50947380065918,1.7819364070892334,2,False
58,detail,2,1.0,8,33,30.39596176147461,0.8388826847076416,4,False
58,detail,2,0.9,18,44,27.83951759338379,1.1149063110351562,3,False
58,detail,2,0.8,6,50,26.541738510131836,1.4057466983795166,3,False
58,detail,2,0.7,22,47,23.616262435913086,1.3185877799987793,2,False
58,detail,2,0.6,4,51,22.446687698364258,1.4303390979766846,2,True
58,detail,3,1.0,89,0,29.40728759765625,1.0220286846160889,4,False
58,detail,3,0.9,77,0,28.829374313354492,1.276109218597412,3,False
58,detail,3,0.8,77,0,26.51422691345215,1.0990724563598633,3,False
58,detail,3,0.7,79,8,26.861431121826172,1.161813497543335,2,False
58,detail,3,0.6,87,14,26.62754249572754,1.2737748622894287,2,False
59,coarse,1,0.3,70,2,19.71700668334961,,,True
59,coarse,2,0.3,28,0,19.8074893951416,,,True
59,coarse,3,0.3,48,2,19.894691467285156,,,True
59,detail,1,1.0,132,12,29.475923538208008,1.3234360218048096,4,False
59,detail,1,0.9,138,15,28.62445640563965,1.391982078552246,3,False
59,detail,1,0.8,138,21,28.13512420654297,1.3756542205810547,3,False
59,detail,1,0.7,140,24,25.905874252319336,1.5265963077545166,2,False
59,detail,1,0.6,140,28,24.866785049438477,1.607043743133545,2,True
59,detail,2,1.0,43,16,34.7831916809082,1.0197279453277588,4,False
59,detail,2,0.9,43,24,33.86489486694336,1.0764613151550293,3,False
59,detail,2,0.8,46,35,31.62394142150879,1.3017101287841797,3,False
59,detail,2,0.7,43,4,28.242122650146484,1.3324697017669678,2,False
59,detail,2,0.6,70,50,27.481504440307617,0.7701735496520996,2,False
59,detail,3,1.0,91,18,31.18865394592285,1.1498737335205078,4,False
59,detail,3,0.9,83,6,29.509408950805664,0.9130604267120361,3,False
59,detail,3,0.8,89,6,28.81767463684082,0.7192010879516602,3,False
59,detail,3,0.7,89,10,28.4389705657959,0.7551519870758057,2,False
59,detail,3,0.6,87,16,27.64763641357422,1.1173121929168701,2,False
60,coarse,1,0.3,42,0,19.644073486328125,,,True
60,coarse,2,0.3,70,2,19.707155227661133,,,True
60,detail,1,1.0,89,18,31.048940658569336,1.4347381591796875,4,False
60,detail,1,0.9,80,0,28.28396224975586,0.9427850246429443,3,False
60,detail,1,0.8,80,3,27.11391258239746,0.945244312286377,3,False
60,detail,1,0.7,87,8,26.724609375,0.9982824325561523,2,False
60,detail,1,0.6,81,16,26.613250732421875,0.992725133895874,2,False
60,detail,2,1.0,132,16,30.160457611083984,1.2124521732330322,4,False
60,detail,2,0.9,138,15,28.577892303466797,1.4593908786773682,3,False
60,detail,2,0.8,138,18,27.2451229095459,1.7139561176300049,3,False
60,detail,2,0.7,140,20,25.20307159423828,1.9689223766326904,2,False
60,detail,2,0.6,140,28,25.15285873413086,1.769592046737671,2,True
61,coarse,1,0.3,42,0,19.361146926879883,,,True
61,coarse,2,0.3,62,6,19.47508430480957,,,True
61,detail,1,1.0,79,0,28.41401481628418,1.1617343425750732,4,False
61,detail,1,0.9,91,0,27.276124954223633,1.1377623081207275,3,False
61,detail,1,0.8,80,0,25.698715209960938,1.259265422821045,3,False
61,detail,1,0.7,79,8,25.574954986572266,1.2110371589660645,2,False
61,detail,1,0.6,87,14,25.108701705932617,1.3737165927886963,2,False
61,detail,2,1.0,129,8,28.420745849609375,1.3679921627044678,4,False
61,detail,2,0.9,131,15,28.51158332824707,1.226935625076294,3,False
61,detail,2,0.8,133,15,26.18999481201172,1.4744455814361572,3,False
61,detail,2,0.7,135,20,26.37488555908203,1.7614002227783203,2,False
61,detail,2,0.6,137,22,24.528873443603516,2.2278215885162354,2,True
62,coarse,1,0.3,42,0,19.42932891845703,,,True
62,coarse,2,0.3,62,6,19.5770263671875,,,True
62,detail,1,1.0,89,0,28.85752296447754,1.2140922546386719,4,False
62,detail,1,0.9,80,0,27.788898468017578,1.0284502506256104,3,False
62,detail,1,0.8,80,0,25.567203521728516,1.010850191116333,3,False
62,detail,1,0.7,81,8,25.76283836364746,1.0585448741912842,2,False
62,detail,1,0.6,87,14,25.12849998474121,1.350111484527588,2,False
62,detail,2,1.0,129,12,30.41149139404297,1.399932861328125,4,False
62,detail,2,0.9,131,15,28.39159393310547,1.38313889503479,3,False
62,detail,2,0.8,133,18,27.350406646728516,1.5216000080108643,3,False
62,detail,2,0.7,115,16,25.60074806213379,1.857597827911377,2,False
62,detail,2,0.6,111,22,24.725317001342773,1.6829969882965088,2,True
63,coarse,1,0.3,42,0,20.174755096435547,,,True
63,coarse,2,0.3,70,2,20.274797439575195,,,True
63,detail,1,1.0,89,0,29.543601989746094,1.185302495956421,4,False
63,detail,1,0.9,91,3,28.844799041748047,1.0346806049346924,3,False
63,detail,1,0.8,80,3,26.971715927124023,0.8511145114898682,3,False
63,detail,1,0.7,87,8,26.861820220947266,0.9780018329620361,2,False
63,detail,1,0.6,81,16,26.46559715270996,1.0700452327728271,2,False
63,detail,2,1.0,136,12,30.129905700683594,1.3575632572174072,4,False
63,detail,2,0.9,138,12,27.81721305847168,1.4742670059204102,3,False
63,detail,2,0.8,142,15,26.913536071777344,1.4412665367126465,3,False
63,detail,2,0.7,142,22,26.039600372314453,1.5409996509552002,2,False
63,detail,2,0.6,142,26,25.0212459564209,1.7949929237365723,2,True
64,coarse,1,0.3,42,0,19.29507827758789,,,True
64,coarse,2,0.4,70,0,20.89634895324707,,,True
64,detail,1,1.0,89,18,31.47359275817871,1.4804811477661133,4,False
64,detail,1,0.9,91,6,28.459815979003906,0.9565036296844482,3,False
64,detail,1,0.8,89,3,27.528926849365234,0.8413784503936768,3,False
64,detail,1,0.7,85,8,26.53789710998535,1.0570261478424072,2,False
64,detail,1,0.6,81,16,25.887197494506836,0.9492526054382324,2,False
64,detail,2,1.0,136,16,30.069856643676758,1.0875697135925293,4,False
64,detail,2,0.9,138,15,28.1577091217041,1.402259349822998,3,False
64,detail,2,0.8,138,18,27.48208999633789,1.6117713451385498,3,False
64,detail,2,0.7,140,22,25.82505226135254,1.6590065956115723,2,False
64,detail,2,0.6,142,28,24.706796646118164,1.7715973854064941,2,True
65,coarse,1,0.3,42,0,19.663772583007812,,,True
65,coarse,2,0.3,70,6,19.75229263305664,,,True
65,detail,1,1.0,89,4,31.558364868164062,1.2084012031555176,4,False
65,detail,1,0.9,91,3,28.701454162597656,1.0431866645812988,3,False
65,detail,1,0.8,80,6,27.73875617980957,1.0200715065002441,3,False
65,detail,1,0.7,81,10,26.591794967651367,1.1405000686645508,2,False
65,detail,1,0.6,87,14,26.007869720458984,1.4589345455169678,2,False
65,detail,2,1.0,136,16,29.943361282348633,1.1208488941192627,4,False
65,detail,2,0.9,138,18,29.099143981933594,1.3727095127105713,3,False
65,detail,2,0.8,138,24,28.185470581054688,1.2700445652008057,3,False
65,detail,2,0.7,140,24,26.507164001464844,1.5810699462890625,2,False
65,detail,2,0.6,142,30,25.27651596069336,1.5239617824554443,2,True
66,coarse,1,0.3,4,26,19.90414810180664,,,True
66,coarse,2,0.3,70,6,19.980253219604492,,,True
66,coarse,3,0.3,30,0,20.409610748291016,,,True
66,detail,1,1.0,16,21,30.405397415161133,0.8671972751617432,4,False
66,detail,1,0.9,6,41,28.6312255859375,0.823317289352417,3,False
66,detail,1,0.8,6,50,26.597145080566406,0.9023377895355225,3,False
66,detail,1,0.7,4,51,26.539566040039062,1.1751680374145508,2,False
66,detail,1,0.6,6,51,23.025428771972656,0.8837156295776367,2,True
66,detail,2,1.0,136,16,30.22421646118164,1.1831142902374268,4,False
66,detail,2,0.9,138,15,28.836685180664062,1.528958797454834,3,False
66,detail,2,0.8,141,18,27.25470542907715,1.6201610565185547,3,False
66,detail,2,0.7,142,20,25.540485382080078,1.931767463684082,2,False
66,detail,2,0.6,142,28,25.25027084350586,1.7232158184051514,2,False
66,detail,3,1.0,51,16,34.20712661743164,0.8827381134033203,4,False
66,detail,3,0.9,56,27,33.734588623046875,0.7799265384674072,3,False
66,detail,3,0.8,62,35,29.290443420410156,0.7906692028045654,3,False
66,detail,3,0.7,49,0,27.374984741210938,1.5338683128356934,2,False
66,detail,3,0.6,74,50,26.911970138549805,1.0012917518615723,2,False
67,coarse,1,0.3,42,0,19.856815338134766,,,True
67,coarse,2,0.3,72,0,19.931974411010742,,,True
67,detail,1,1.0,89,0,30.306856155395508,1.133836030960083,4,False
67,detail,1,0.9,80,0,28.229412078857422,0.9434256553649902,3,False
67,detail,1,0.8,89,0,27.036890029907227,1.0630385875701904,3,False
67,detail,1,0.7,91,8,26.932565689086914,0.9797446727752686,2,False
67,detail,1,0.6,89,14,25.650571823120117,1.2659010887145996,2,False
67,detail,2,1.0,136,12,29.716535568237305,1.4579870700836182,4,False
67,detail,2,0.9,138,15,28.87725257873535,1.4969565868377686,3,False
67,detail,2,0.8,141,18,27.341798782348633,1.5720734596252441,3,False
67,detail,2,0.7,142,20,25.553749084472656,1.8387868404388428,2,False
67,detail,2,0.6,142,28,25.443973541259766,1.6674551963806152,2,True
68,coarse,1,0.3,4,26,19.872814178466797,,,True
68,coarse,2,0.3,72,6,19.89501953125,,,True
68,coarse,3,0.3,32,0,20.411640167236328,,,True
68,detail,1,1.0,16,21,30.136144638061523,0.9348597526550293,4,False
68,detail,1,0.9,6,41,28.602603912353516,1.0245563983917236,3,False
68,detail,1,0.8,6,50,26.769071578979492,1.0981664657592773,3,False
68,detail,1,0.7,8,51,25.066370010375977,1.2355873584747314,2,False
68,detail,1,0.6,8,51,22.994125366210938,1.1677656173706055,2,True
68,detail,2,1.0,136,16,29.799970626831055,1.078131914138794,4,False
68,detail,2,0.9,138,18,29.10854148864746,1.312394142150879,3,False
68,detail,2,0.8,141,18,27.234130859375,1.4501430988311768,3,False
68,detail,2,0.7,142,20,25.524566650390625,1.7185049057006836,2,False
68,detail,2,0.6,142,22,25.24213981628418,1.863386631011963,2,False
68,detail,3,1.0,51,16,34.584102630615234,0.9119091033935547,4,False
68,detail,3,0.9,71,27,30.967266082763672,0.9896969795227051,3,False
68,detail,3,0.8,73,35,28.596147537231445,1.0804316997528076,3,False
68,detail,3,0.7,76,42,28.09952735900879,1.1693575382232666,2,False
68,detail,3,0.6,75,50,26.728742599487305,0.9033942222595215,2,False
69,coarse,1,0.3,72,2,19.85690689086914,,,True
69,coarse,2,0.3,4,26,19.943899154663086,,,True
69,coarse,3,0.3,42,0,20.439228057861328,,,True
69,detail,1,1.0,136,12,29.660295486450195,1.1905317306518555,4,False
69,detail,1,0.9,140,15,28.804153442382812,1.164409875869751,3,False
69,detail,1,0.8,141,15,26.284414291381836,1.38922119140625,3,False
69,detail,1,0.7,142,20,25.90078353881836,1.393448829650879,2,False
69,detail,1,0.6,140,22,25.529748916625977,1.7640101909637451,2,False
69,detail,2,1.0,16,21,30.18810272216797,0.9011893272399902,4,False
69,detail,2,0.9,20,44,28.31072425842285,0.9685139656066895,3,False
69,detail,2,0.8,6,50,26.7692928314209,1.1673376560211182,3,False
69,detail,2,0.7,25,45,24.646331787109375,0.7673461437225342,2,False
69,detail,2,0.6,8,51,22.98162269592285,1.0716784000396729,2,True
69,detail,3,1.0,83,0,29.356210708618164,1.0414178371429443,4,False
69,detail,3,0.9,80,0,28.490089416503906,1.1793696880340576,3,False
69,detail,3,0.8,83,0,27.440664291381836,1.177724838256836,3,False
69,detail,3,0.7,81,8,26.568817138671875,1.292675256729126,2,False
69,detail,3,0.6,89,14,26.31119728088379,1.4247486591339111,2,False
70,coarse,1,0.3,72,2,19.736309051513672,,,True
70,coarse,2,0.3,32,0,19.83784294128418,,,True
70,coarse,3,0.3,52,2,19.926294326782227,,,True
70,detail,1,1.0,136,16,29.73517417907715,1.245720386505127,4,False
70,detail,1,0.9,140,15,28.58770179748535,1.4555065631866455,3,False
70,detail,1,0.8,142,15,25.918832778930664,1.6838738918304443,3,False
70,detail,1,0.7,142,18,25.874177932739258,1.8249680995941162,2,False
70,detail,1,0.6,142,22,25.196802139282227,1.9681782722473145,2,True
70,detail,2,1.0,51,16,34.425392150878906,0.906395435333252,4,False
70,detail,2,0.9,71,27,31.01266860961914,1.0843071937561035,3,False
70,detail,2,0.8,73,35,29.02025032043457,1.1989455223083496,3,False
70,detail,2,0.7,51,2,27.534252166748047,1.4371545314788818,2,False
70,detail,2,0.6,77,50,26.97983169555664,1.3435049057006836,2,False
70,detail,3,1.0,91,0,29.48569679260254,1.2758734226226807,4,False
70,detail,3,0.9,94,0,27.61157989501953,1.2495779991149902,3,False
70,detail,3,0.8,97,6,26.912458419799805,1.3868756294250488,3,False
70,detail,3,0.7,107,14,25.36539649963379,1.791105031967163,2,False
70,detail,3,0.6,111,22,25.39310073852539,1.5733482837677002,2,False
71,coarse,1,0.3,72,0,19.721574783325195,,,True
71,coarse,2,0.3,50,2,19.914897918701172,,,True
71,detail,1,1.0,136,12,29.6068058013916,1.4526393413543701,4,False
71,detail,1,0.9,140,12,28.104284286499023,1.5865113735198975,3,False
71,detail,1,0.8,142,15,26.08915138244629,1.6774029731750488,3,False
71,detail,1,0.7,144,20,25.96766471862793,1.7511589527130127,2,False
71,detail,1,0.6,144,20,24.260906219482422,2.08280086517334,2,True
71,detail,2,1.0,95,12,31.072538375854492,1.0220022201538086,4,False
71,detail,2,0.9,93,0,28.1784725189209,1.2125821113586426,3,False
71,detail,2,0.8,96,9,28.06363296508789,1.2362303733825684,3,False
71,detail,2,0.7,107,14,25.62505531311035,1.822911262512207,2,False
71,detail,2,0.6,111,22,25.651845932006836,1.561567783355713,2,False
72,coarse,1,0.3,72,0,19.55744743347168,,,True
72,coarse,2,0.3,46,0,19.800199508666992,,,True
72,detail,1,1.0,136,12,29.45770263671875,1.471320390701294,4,False
72,detail,1,0.9,140,12,27.922473907470703,1.5963997840881348,3,False
72,detail,1,0.8,142,15,26.011030197143555,1.6743173599243164,3,False
72,detail,1,0.7,144,20,25.45308494567871,1.724184274673462,2,False
72,detail,1,0.6,144,28,24.940670013427734,1.5850813388824463,2,False
72,detail,2,1.0,95,4,29.861225128173828,1.4736721515655518,4,False
72,detail,2,0.9,97,0,26.772449493408203,1.512988567352295,3,False
72,detail,2,0.8,101,6,26.11260223388672,1.7184510231018066,3,False
72,detail,2,0.7,104,14,26.27777671813965,1.9132299423217773,2,False
72,detail,2,0.6,106,16,24.725954055786133,2.7807576656341553,2,True
73,coarse,1,0.3,6,26,20.0557918548584,,,True
73,coarse,2,0.3,54,4,20.135465621948242,,,True
73,detail,1,1.0,12,33,30.279050827026367,1.0526375770568848,4,False
73,detail,1,0.9,9,41,28.483749389648438,1.0089643001556396,3,False
73,detail,1,0.8,9,50,26.534374237060547,1.0854694843292236,3,False
73,detail,1,0.7,25,45,24.901365280151367,0.7507500648498535,2,False
73,detail,1,0.6,8,53,22.519262313842773,1.6603453159332275,2,True
73,detail,2,1.0,95,0,28.12763023376465,1.1218490600585938,4,False
73,detail,2,0.9,110,0,27.050647735595703,2.072925329208374,3,False
73,detail,2,0.8,113,6,24.848552703857422,2.2706151008605957,3,False
73,detail,2,0.7,120,16,26.21247100830078,2.1084699630737305,2,False
73,detail,2,0.6,111,22,26.07074546813965,1.7814476490020752,2,False
74,coarse,1,0.3,46,0,19.846134185791016,,,True
74,coarse,2,0.3,72,2,19.853910446166992,,,True
74,coarse,3,0.3,6,26,19.927568435668945,,,True
74,detail,1,1.0,95,4,29.921981811523438,1.1858158111572266,4,False
74,detail,1,0.9,97,3,28.07796859741211,1.1613259315490723,3,False
74,detail,1,0.8,91,0,26.66385841369629,1.351071834564209,3,False
74,detail,1,0.7,93,8,26.624696731567383,1.4005725383758545,2,False
74,detail,1,0.6,91,14,25.498676300048828,1.8890974521636963,2,False
74,detail,2,1.0,136,0,27.842552185058594,2.0076658725738525,4,False
74,detail,2,0.9,135,9,26.719343185424805,1.6886563301086426,3,False
74,detail,2,0.8,141,6,25.734867095947266,2.436828374862671,3,False
74,detail,2,0.7,124,16,25.276615142822266,2.1005330085754395,2,False
74,detail,2,0.6,144,20,24.293472290039062,2.2405357360839844,2,False
74,detail,3,1.0,12,33,30.27549171447754,1.0424659252166748,4,False
74,detail,3,0.9,9,41,28.39702796936035,0.9056482315063477,3,False
74,detail,3,0.8,9,50,26.541213989257812,0.9313650131225586,3,False
74,detail,3,0.7,8,51,25.11760902404785,1.0954031944274902,2,False
74,detail,3,0.6,10,51,23.15986442565918,1.2330405712127686,2,True
75,coarse,1,0.3,72,6,19.946462631225586,,,True
75,coarse,2,0.3,14,24,19.980756759643555,,,True
75,coarse,3,0.3,34,0,20.104440689086914,,,True
75,detail,1,1.0,138,8,29.363584518432617,1.493872880935669,4,False
75,detail,1,0.9,140,6,27.421218872070312,1.7824664115905762,3,False
75,detail,1,0.8,142,12,26.602136611938477,1.7059996128082275,3,False
75,detail,1,0.7,142,14,25.260269165039062,2.1018006801605225,2,False
75,detail,1,0.6,144,22,25.532318115234375,1.8498713970184326,2,False
75,detail,2,1.0,31,35,29.097583770751953,0.9299921989440918,4,False
75,detail,2,0.9,35,23,28.51504135131836,1.1604399681091309,3,False
75,detail,2,0.8,37,47,27.47491455078125,1.0510501861572266,3,False
75,detail,2,0.7,40,49,24.957923889160156,1.0224277973175049,2,False
75,detail,2,0.6,41,47,23.620567321777344,1.2115657329559326,2,True
75,detail,3,0.8,76,35,28.192731857299805,0.9051148891448975,3,False
75,detail,3,0.7,79,42,28.27208709716797,1.0061686038970947,2,False
75,detail,3,0.6,77,50,26.45429229736328,0.6696579456329346,2,False
76,coarse,1,0.3,30,0,19.712875366210938,,,True
76,coarse,2,0.3,72,4,19.777963638305664,,,True
76,coarse,3,0.3,50,2,19.913557052612305,,,True
76,detail,1,0.9,47,27,33.509273529052734,0.8755230903625488,3,False
76,detail,1,0.8,50,35,31.289369583129883,0.8646097183227539,3,False
76,detail,1,0.7,47,40,28.71154022216797,1.0730695724487305,2,False
76,detail,1,0.6,47,48,26.741016387939453,1.2883543968200684,2,False
76,detail,2,1.0,138,8,28.8264102935791,1.7434601783752441,4,False
76,detail,2,0.9,140,3,26.999256134033203,2.069382429122925,3,False
76,detail,2,0.8,142,12,26.528318405151367,1.843407154083252,3,False
76,detail,2,0.7,142,14,24.898880004882812,2.2367217540740967,2,False
76,detail,2,0.6,144,20,23.827890396118164,2.203948497772217,2,True
76,detail,3,1.0,91,0,29.93722915649414,1.4277877807617188,4,False
76,detail,3,0.9,96,0,27.215152740478516,1.415649175643921,3,False
76,detail,3,0.8,96,6,27.91462516784668,1.2234294414520264,3,False
76,detail,3,0.7,91,8,26.312618255615234,1.532346248626709,2,False
76,detail,3,0.6,111,22,25.131282806396484,1.8826935291290283,2,False
77,coarse,1,0.3,56,6,19.68783187866211,,,True
77,detail,1,1.0,99,8,29.703481674194336,1.1896545886993408,4,False
77,detail,1,0.9,99,3,27.49339485168457,1.2059402465820312,3,False
77,detail,1,0.8,99,6,26.60147476196289,1.0924360752105713,3,False
77,detail,1,0.7,101,14,26.822612762451172,1.138786792755127,2,False
77,detail,1,0.6,111,22,24.803525924682617,1.7179040908813477,2,True
78,coarse,1,0.3,56,6,19.36608123779297,,,True
78,detail,1,1.0,99,12,30.148717880249023,1.0789308547973633,4,False
78,detail,1,0.9,99,9,27.44766616821289,1.141369104385376,3,False
78,detail,1,0.8,99,9,26.55535125732422,1.0770342350006104,3,False
78,detail,1,0.7,101,14,26.48980712890625,1.0763840675354004,2,False
78,detail,1,0.6,111,22,24.245929718017578,1.606506586074829,2,True
79,coarse,1,0.3,40,0,19.262779235839844,,,True
79,coarse,2,0.3,60,8,19.301891326904297,,,True
79,detail,1,1.0,79,18,31.95553207397461,1.1630580425262451,4,False
79,detail,1,0.9,85,3,27.639089584350586,0.9931426048278809,3,False
79,detail,1,0.8,85,6,27.165306091308594,0.9762387275695801,3,False
79,detail,1,0.7,87,10,26.578279495239258,0.9886412620544434,2,False
79,detail,1,0.6,91,16,26.045299530029297,1.2235667705535889,2,False
79,detail,2,1.0,115,16,31.186647415161133,1.1440842151641846,4,False
79,detail,2,0.9,116,24,31.664060592651367,1.1014928817749023,3,False
79,detail,2,0.8,119,30,32.255985260009766,1.1041169166564941,3,False
79,detail,2,0.7,121,24,27.57427406311035,1.5171518325805664,2,False
79,detail,2,0.6,125,24,24.729555130004883,1.8689303398132324,2,True
80,coarse,1,0.3,44,0,19.42502212524414,,,True
80,coarse,2,0.3,64,8,19.5034236907959,,,True
80,detail,1,1.0,93,0,28.92479133605957,1.1477971076965332,4,False
80,detail,1,0.9,95,0,27.43216323852539,0.9863438606262207,3,False
80,detail,1,0.8,84,6,26.955053329467773,0.9644145965576172,3,False
80,detail,1,0.7,87,10,26.586978912353516,0.9846758842468262,2,False
80,detail,1,0.6,91,16,26.29596519470215,1.159426212310791,2,False
80,detail,2,1.0,133,8,28.1419620513916,1.6451168060302734,4,False
80,detail,2,0.9,135,12,26.64491844177246,1.7356364727020264,3,False
80,detail,2,0.8,137,15,25.744524002075195,1.8031580448150635,3,False
80,detail,2,0.7,140,16,25.635913848876953,2.1619760990142822,2,False
80,detail,2,0.6,142,20,23.711267471313477,2.3548388481140137,2,True
81,coarse,1,0.3,44,0,19.097211837768555,,,True
81,coarse,2,0.3,64,8,19.23036766052246,,,True
81,detail,1,1.0,93,0,28.652782440185547,1.1888303756713867,4,False
81,detail,1,0.9,95,0,27.129287719726562,1.0729668140411377,3,False
81,detail,1,0.8,84,6,26.76540756225586,0.9719772338867188,3,False
81,detail,1,0.7,87,10,26.391294479370117,1.0020301342010498,2,False
81,detail,1,0.6,91,16,26.110244750976562,1.1782841682434082,2,False
81,detail,2,1.0,133,8,28.103893280029297,1.5915563106536865,4,False
81,detail,2,0.9,135,9,25.45573616027832,1.7991538047790527,3,False
81,detail,2,0.8,137,15,25.59273910522461,1.7530333995819092,3,False
81,detail,2,0.7,140,14,24.27924156188965,2.3582401275634766,2,False
81,detail,2,0.6,142,20,23.590986251831055,2.3120768070220947,2,True
82,coarse,1,0.3,54,4,19.114683151245117,,,True
82,coarse,2,0.3,34,0,19.184289932250977,,,True
82,detail,1,1.0,95,0,27.448650360107422,1.2077901363372803,4,False
82,detail,1,0.9,95,0,27.13446617126465,1.0358123779296875,3,False
82,detail,1,0.8,98,12,27.511240005493164,0.9785077571868896,3,False
82,detail,1,0.7,101,16,26.25420379638672,1.129596471786499,2,False
82,detail,1,0.6,109,22,24.653318405151367,1.5936830043792725,2,True
82,detail,2,0.8,77,35,27.915782928466797,1.2148761749267578,3,False
82,detail,2,0.7,79,42,28.078754425048828,1.2802181243896484,2,False
82,detail,2,0.6,79,50,26.289669036865234,1.189180850982666,2,False
83,coarse,1,0.3,32,0,18.930879592895508,,,True
83,coarse,2,0.3,52,4,19.026060104370117,,,True
83,coarse,3,0.4,71,0,21.5103816986084,,,True
83,detail,1,0.9,51,27,33.945556640625,1.122706413269043,3,False
83,detail,1,0.8,54,35,30.925174713134766,1.0464081764221191,3,False
83,detail,1,0.7,51,4,27.12643814086914,1.4035134315490723,2,False
83,detail,1,0.6,51,8,25.853984832763672,1.3752586841583252,2,False
83,detail,2,1.0,95,0,27.169485092163086,1.2351155281066895,4,False
83,detail,2,0.9,97,6,26.67591094970703,1.0513558387756348,3,False
83,detail,2,0.8,97,9,27.053773880004883,0.8732428550720215,3,False
83,detail,2,0.7,101,16,25.967636108398438,1.1565589904785156,2,False
83,detail,2,0.6,93,16,25.096370697021484,0.9484846591949463,2,False
83,detail,3,1.0,136,0,25.917879104614258,2.19569730758667,4,False
83,detail,3,0.9,135,9,25.05091667175293,2.014116048812866,3,False
83,detail,3,0.8,141,3,23.094614028930664,2.8902249336242676,3,False
83,detail,3,0.7,144,10,23.329517364501953,3.2256062030792236,2,False
83,detail,3,0.6,144,18,22.818532943725586,3.030972719192505,2,True
84,coarse,1,0.3,40,0,19.12386703491211,,,True
84,coarse,2,0.3,62,8,19.33781623840332,,,True
84,detail,1,1.0,85,0,27.38585090637207,1.0378634929656982,4,False
84,detail,1,0.9,82,0,26.843488693237305,1.119032621383667,3,False
84,detail,1,0.8,85,3,25.62468147277832,1.1463024616241455,3,False
84,detail,1,0.7,85,10,25.26523780822754,0.9171466827392578,2,False
84,detail,1,0.6,87,16,25.207008361816406,0.9906136989593506,2,False
84,detail,2,1.0,115,16,30.29274559020996,1.290290117263794,4,False
84,detail,2,0.9,117,27,30.64057159423828,1.363572597503662,3,False
84,detail,2,0.8,114,21,27.210538864135742,1.8016917705535889,3,False
84,detail,2,0.7,121,24,26.71272087097168,1.7353966236114502,2,False
84,detail,2,0.6,111,22,23.82395362854004,2.087252140045166,2,True
85,coarse,1,0.3,46,2,19.071578979492188,,,True
85,coarse,2,0.3,66,8,19.158018112182617,,,True
85,detail,1,1.0,87,0,27.136581420898438,1.208178997039795,4,False
85,detail,1,0.9,97,3,26.80817413330078,1.0381426811218262,3,False
85,detail,1,0.8,85,0,24.52577781677246,1.2570202350616455,3,False
85,detail,1,0.7,85,8,24.612123489379883,1.3099803924560547,2,False
85,detail,1,0.6,85,10,24.405471801757812,1.5622737407684326,2,False
85,detail,2,1.0,135,0,25.66347885131836,2.1230883598327637,4,False
85,detail,2,0.9,137,9,25.3118839263916,1.9033176898956299,3,False
85,detail,2,0.8,141,0,22.793731689453125,3.7663145065307617,3,False
85,detail,2,0.7,141,10,22.33466339111328,3.2568747997283936,2,False
85,detail,2,0.6,143,14,22.10323715209961,4.06904411315918,2,True
86,coarse,1,0.3,56,6,19.021957397460938,,,True
86,coarse,2,0.3,30,0,19.112995147705078,,,True
86,detail,1,1.0,99,18,30.14866828918457,1.125284194946289,4,False
86,detail,1,0.9,117,27,30.112411499023438,0.9437441825866699,3,False
86,detail,1,0.8,99,15,27.44283676147461,0.8358039855957031,3,False
86,detail,1,0.7,101,14,25.708162307739258,1.051604986190796,2,False
86,detail,1,0.6,103,22,26.20894432067871,1.101776123046875,2,False
86,detail,2,1.0,47,16,32.33781051635742,1.2994132041931152,4,False
86,detail,2,0.9,47,24,31.51436996459961,1.4811725616455078,3,False
86,detail,2,0.8,47,0,26.604984283447266,1.9328110218048096,3,False
86,detail,2,0.7,49,0,25.275224685668945,2.080249071121216,2,False
86,detail,2,0.6,49,4,24.246829986572266,2.351306915283203,2,True
87,coarse,1,0.3,56,6,19.021957397460938,,,True
87,coarse,2,0.3,30,0,19.136762619018555,,,True
87,detail,1,1.0,99,18,30.093013763427734,1.0853424072265625,4,False
87,detail,1,0.9,117,27,30.11288833618164,0.9053430557250977,3,False
87,detail,1,0.8,99,21,29.09657859802246,0.8170151710510254,3,False
87,detail,1,0.7,101,14,25.80323028564453,0.9972171783447266,2,False
87,detail,1,0.6,103,22,26.329967498779297,1.181586503982544,2,False
87,detail,2,1.0,47,16,32.39299774169922,1.3820083141326904,4,False
87,detail,2,0.9,47,0,28.176633834838867,1.854945182800293,3,False
87,detail,2,0.8,47,0,26.787841796875,1.7476098537445068,3,False
87,detail,2,0.7,55,2,25.04584503173828,1.820673942565918,2,False
87,detail,2,0.6,51,4,24.29688262939453,2.137158155441284,2,True
88,coarse,1,0.3,30,0,19.037076950073242,,,True
88,coarse,2,0.3,66,8,19.397098541259766,,,True
88,detail,1,1.0,55,16,32.25143051147461,1.1235032081604004,4,False
88,detail,1,0.9,47,24,31.49301528930664,1.5511794090270996,3,False
88,detail,1,0.8,47,0,26.741775512695312,1.704005241394043,3,False
88,detail,1,0.7,53,0,25.30582046508789,1.7768511772155762,2,False
88,detail,1,0.6,49,4,24.3869686126709,1.903442144393921,2,False
88,detail,2,1.0,135,0,25.74782371520996,2.0881612300872803,4,False
88,detail,2,0.9,137,9,25.158613204956055,1.865180253982544,3,False
88,detail,2,0.8,140,3,22.943933486938477,2.9733009338378906,3,False
88,detail,2,0.7,141,10,22.522336959838867,3.2779312133789062,2,False
88,detail,2,0.6,143,18,22.32394790649414,2.937739610671997,2,True
89,coarse,1,0.3,44,0,18.937400817871094,,,True
89,coarse,2,0.3,64,8,19.061080932617188,,,True
89,detail,1,1.0,87,0,27.126598358154297,1.3242912292480469,4,False
89,detail,1,0.9,84,0,26.6566219329834,1.5781056880950928,3,False
89,detail,1,0.8,84,0,24.46666145324707,1.2785522937774658,3,False
89,detail,1,0.7,91,6,24.469755172729492,1.5736684799194336,2,False
89,detail,1,0.6,93,14,23.879840850830078,1.4698424339294434,2,False
89,detail,2,1.0,133,4,26.703805923461914,1.7912602424621582,4,False
89,detail,2,0.9,135,9,25.360126495361328,1.7884838581085205,3,False
89,detail,2,0.8,137,15,25.042573928833008,1.7367291450500488,3,False
89,detail,2,0.7,140,16,25.267126083374023,2.5162761211395264,2,False
89,detail,2,0.6,142,20,23.23421287536621,2.6428515911102295,2,True
90,coarse,1,0.3,32,0,18.99601173400879,,,True
90,coarse,2,0.3,54,4,19.009071350097656,,,True
90,detail,1,1.0,55,16,32.34635543823242,1.0707688331604004,4,False
90,detail,1,0.9,51,27,33.77165222167969,1.506103515625,3,False
90,detail,1,0.8,51,3,27.258098602294922,1.57969069480896,3,False
90,detail,1,0.7,55,2,25.29634666442871,1.6298375129699707,2,False
90,detail,1,0.6,51,4,24.589828491210938,2.181333541870117,2,True
90,detail,2,1.0,95,0,27.946706771850586,1.2889127731323242,4,False
90,detail,2,0.9,95,0,27.279993057250977,1.3180019855499268,3,False
90,detail,2,0.8,95,0,25.035202026367188,1.1398191452026367,3,False
90,detail,2,0.7,95,8,24.791833877563477,1.305067539215088,2,False
90,detail,2,0.6,95,16,25.436630249023438,1.5971815586090088,2,False
91,coarse,1,0.3,30,0,18.920923233032227,,,True
91,coarse,2,0.3,54,4,19.059284210205078,,,True
91,detail,1,1.0,47,16,32.098419189453125,1.3663413524627686,4,False
91,detail,1,0.9,47,0,28.410037994384766,1.7502284049987793,3,False
91,detail,1,0.8,47,0,27.163660049438477,1.6538512706756592,3,False
91,detail,1,0.7,55,2,25.255918502807617,1.7094805240631104,2,False
91,detail,1,0.6,49,2,24.39173126220703,2.4741551876068115,2,False
91,detail,2,1.0,95,0,27.94658660888672,1.3381009101867676,4,False
91,detail,2,0.9,98,6,26.722633361816406,0.9529378414154053,3,False
91,detail,2,0.8,95,0,25.051319122314453,1.1781868934631348,3,False
91,detail,2,0.7,95,8,24.85120391845703,1.381723165512085,2,False
91,detail,2,0.6,95,14,23.418010711669922,1.5298879146575928,2,True
92,coarse,1,0.3,42,0,18.988956451416016,,,True
92,coarse,2,0.3,64,8,19.10219383239746,,,True
92,detail,1,1.0,87,0,27.38616180419922,1.382265567779541,4,False
92,detail,1,0.9,83,0,26.987058639526367,1.4839489459991455,3,False
92,detail,1,0.8,86,0,24.72743797302246,1.5527331829071045,3,False
92,detail,1,0.7,87,6,24.74188232421875,1.4448840618133545,2,False
92,detail,1,0.6,93,14,24.16189956665039,1.6011104583740234,2,False
92,detail,2,1.0,133,8,27.93502426147461,1.5452492237091064,4,False
92,detail,2,0.9,135,12,26.508699417114258,1.559493064880371,3,False
92,detail,2,0.8,137,15,25.06685447692871,1.6382296085357666,3,False
92,detail,2,0.7,140,22,25.028358459472656,1.6307868957519531,2,False
92,detail,2,0.6,142,22,23.693002700805664,2.2838151454925537,2,True
93,coarse,1,0.3,30,0,19.02716827392578,,,True
93,coarse,2,0.3,64,8,19.1229190826416,,,True
93,detail,1,1.0,47,16,32.09994888305664,1.384368896484375,4,False
93,detail,1,0.9,47,0,28.42288589477539,1.7349181175231934,3,False
93,detail,1,0.8,50,3,27.06182098388672,1.6436903476715088,3,False
93,detail,1,0.7,55,2,25.126953125,1.6799781322479248,2,False
93,detail,1,0.6,49,4,24.366100311279297,2.005002975463867,2,False
93,detail,2,1.0,133,12,29.92266845703125,1.3056566715240479,4,False
93,detail,2,0.9,135,15,27.777603149414062,1.31453537940979,3,False
93,detail,2,0.8,137,15,25.13015365600586,1.601745367050171,3,False
93,detail,2,0.7,140,22,24.994081497192383,1.5935420989990234,2,False
93,detail,2,0.6,142,22,23.723543167114258,2.2853028774261475,2,True
94,coarse,1,0.3,42,0,19.120513916015625,,,True
94,coarse,2,0.3,66,8,19.171119689941406,,,True
94,detail,1,1.0,87,0,27.40520477294922,1.4099011421203613,4,False
94,detail,1,0.9,83,0,27.064010620117188,1.4784595966339111,3,False
94,detail,1,0.8,86,0,24.733592987060547,1.5446171760559082,3,False
94,detail,1,0.7,93,6,23.559898376464844,1.4595215320587158,2,False
94,detail,1,0.6,95,14,23.36503028869629,1.5238289833068848,2,False
94,detail,2,1.0,135,0,25.462453842163086,2.0003881454467773,4,False
94,detail,2,0.9,137,9,24.864858627319336,1.76192045211792,3,False
94,detail,2,0.8,140,6,23.91237449645996,2.889446973800659,3,False
94,detail,2,0.7,141,12,23.0721492767334,3.0724995136260986,2,False
94,detail,2,0.6,143,18,22.25984764099121,3.514784097671509,2,True
95,coarse,1,0.3,64,8,19.2603816986084,,,True
95,coarse,2,0.3,40,0,19.303394317626953,,,True
95,detail,1,1.0,133,8,28.172048568725586,1.3461811542510986,4,False
95,detail,1,0.9,135,12,26.822263717651367,1.3809638023376465,3,False
95,detail,1,0.8,137,15,25.23761749267578,1.4908266067504883,3,False
95,detail,1,0.7,140,22,25.168529510498047,1.6375043392181396,2,False
95,detail,1,0.6,142,22,23.861722946166992,2.319615602493286,2,False
95,detail,2,1.0,85,0,28.675134658813477,1.4159770011901855,4,False
95,detail,2,0.9,85,0,26.99345588684082,1.594947338104248,3,False
95,detail,2,0.8,85,0,24.465795516967773,1.4321393966674805,3,False
95,detail,2,0.7,92,6,24.328630447387695,1.6874327659606934,2,False
95,detail,2,0.6,94,14,23.779460906982422,1.687910556793213,2,True
96,coarse,1,0.3,62,8,19.183685302734375,,,True
96,coarse,2,0.3,30,0,19.32284164428711,,,True
96,detail,1,1.0,129,16,30.515560150146484,1.1158864498138428,4,False
96,detail,1,0.9,117,27,29.920639038085938,0.8680176734924316,3,False
96,detail,1,0.8,133,30,31.383420944213867,1.0621869564056396,3,False
96,detail,1,0.7,136,34,30.914546966552734,1.1685261726379395,2,False
96,detail,1,0.6,138,36,30.295610427856445,1.1394164562225342,2,False
96,detail,2,1.0,47,16,32.144920349121094,1.4248650074005127,4,False
96,detail,2,0.9,47,0,28.454587936401367,1.7654743194580078,3,False
96,detail,2,0.8,50,3,26.96833610534668,1.6296331882476807,3,False
96,detail,2,0.7,49,0,25.341169357299805,1.797027826309204,2,False
96,detail,2,0.6,49,4,24.38009262084961,1.9939079284667969,2,True
97,coarse,1,0.3,56,6,19.303232192993164,,,True
97,coarse,2,0.3,30,0,19.41671371459961,,,True
97,detail,1,1.0,99,12,29.792346954345703,0.968238115310669,4,False
97,detail,1,0.9,99,0,26.05634307861328,0.9640040397644043,3,False
97,detail,1,0.8,102,6,25.368106842041016,1.1645777225494385,3,False
97,detail,1,0.7,103,14,25.66469955444336,1.3641188144683838,2,False
97,detail,1,0.6,101,16,25.830156326293945,1.1442103385925293,2,False
97,detail,2,1.0,47,16,32.1409912109375,1.339324951171875,4,False
97,detail,2,0.9,47,24,31.886165618896484,1.4752583503723145,3,False
97,detail,2,0.8,50,0,27.324628829956055,1.401630163192749,3,False
97,detail,2,0.7,55,0,24.798824310302734,1.5725984573364258,2,False
97,detail,2,0.6,55,6,23.94951057434082,1.7140214443206787,2,True
98,coarse,1,0.3,42,0,19.449399948120117,,,True
98,coarse,2,0.3,66,8,19.463098526000977,,,True
98,detail,1,1.0,87,0,27.691133499145508,1.2019760608673096,4,False
98,detail,1,0.9,86,0,27.248313903808594,1.3717892169952393,3,False
98,detail,1,0.8,86,0,24.75060272216797,1.2360866069793701,3,False
98,detail,1,0.7,87,8,24.760353088378906,1.0975162982940674,2,False
98,detail,1,0.6,97,14,23.6830997467041,1.3528003692626953,2,False
98,detail,2,1.0,135,0,25.837312698364258,1.7391939163208008,4,False
98,detail,2,0.9,137,9,25.12578582763672,1.6074273586273193,3,False
98,detail,2,0.8,141,6,24.351999282836914,2.3565099239349365,3,False
98,detail,2,0.7,144,10,23.014495849609375,2.9248690605163574,2,False
98,detail,2,0.6,143,18,22.88353157043457,2.983933448791504,2,True
99,coarse,1,0.3,58,6,19.273508071899414,,,True
99,coarse,2,0.5,34,2,25.678930282592773,,,True
99,detail,1,1.0,103,18,30.685447692871094,1.1730709075927734,4,False
99,detail,1,0.9,118,27,30.15533447265625,0.7990388870239258,3,False
99,detail,1,0.8,103,12,27.756576538085938,1.0893409252166748,3,False
99,detail,1,0.7,103,14,25.7856388092041,1.4127044677734375,2,False
99,detail,1,0.6,103,16,25.76593589782715,1.2719390392303467,2,True
99,detail,2,1.0,77,18,32.33437728881836,1.321251630783081,4,False
99,detail,2,0.9,77,27,30.888036727905273,1.161487340927124,3,False
99,detail,2,0.8,77,35,29.596033096313477,1.0243690013885498,3,False
99,detail,2,0.7,84,8,26.933828353881836,1.3938982486724854,2,False
99,detail,2,0.6,86,14,25.982589721679688,1.3034875392913818,2,False
100,coarse,1,0.3,54,4,19.20880889892578,,,True
100,coarse,2,0.3,30,0,19.22039222717285,,,True
100,detail,1,1.0,95,0,29.033729553222656,1.3543508052825928,4,False
100,detail,1,0.9,98,0,26.651634216308594,1.167292594909668,3,False
100,detail,1,0.8,95,0,25.262691497802734,1.38193941116333,3,False
100,detail,1,0.7,95,8,25.089841842651367,1.5899789333343506,2,False
100,detail,1,0.6,95,14,23.638565063476562,1.4013640880584717,2,True
100,detail,2,1.0,47,16,31.980995178222656,1.3298053741455078,4,False
100,detail,2,0.9,47,0,28.892765045166016,1.4218504428863525,3,False
100,detail,2,0.8,50,0,27.333221435546875,1.3189725875854492,3,False
100,detail,2,0.7,55,0,25.051513671875,1.5090434551239014,2,False
100,detail,2,0.6,53,4,24.11469841003418,1.780592918395996,2,False
101,coarse,1,0.3,42,0,19.035964965820312,,,True
101,coarse,2,0.3,64,8,19.073057174682617,,,True
101,detail,1,1.0,89,0,27.621854782104492,1.2991535663604736,4,False
101,detail,1,0.9,86,0,27.040164947509766,1.4663960933685303,3,False
101,detail,1,0.8,86,0,24.558305740356445,1.3317210674285889,3,False
101,detail,1,0.7,87,6,24.6221866607666,1.2793631553649902,2,False
101,detail,1,0.6,95,14,23.512290954589844,1.3630437850952148,2,True
101,detail,2,1.0,133,8,28.33059310913086,1.4676342010498047,4,False
101,detail,2,0.9,135,12,27.162872314453125,1.5400664806365967,3,False
101,detail,2,0.8,137,18,26.90685272216797,1.4469783306121826,3,False
101,detail,2,0.7,140,22,26.03380012512207,1.570803165435791,2,False
101,detail,2,0.6,142,24,26.17381477355957,1.9743239879608154,2,False
102,coarse,1,0.3,42,0,19.04075050354004,,,True
102,coarse,2,0.3,64,8,19.057262420654297,,,True
102,detail,1,1.0,89,0,27.6246280670166,1.442469835281372,4,False
102,detail,1,0.9,86,0,27.091646194458008,1.6089775562286377,3,False
102,detail,1,0.8,86,0,24.655786514282227,1.459662675857544,3,False
102,detail,1,0.7,93,6,24.051952362060547,1.4648935794830322,2,False
102,detail,1,0.6,97,14,23.372631072998047,1.424954891204834,2,True
102,detail,2,1.0,133,8,28.17522621154785,1.4758942127227783,4,False
102,detail,2,0.9,135,15,27.980026245117188,1.3350422382354736,3,False
102,detail,2,0.8,137,18,26.771339416503906,1.4414608478546143,3,False
102,detail,2,0.7,140,22,26.057857513427734,1.5689337253570557,2,False
102,detail,2,0.6,142,24,26.023571014404297,2.0043997764587402,2,False
103,coarse,1,0.3,42,0,19.070528030395508,,,True
103,coarse,2,0.3,64,8,19.179039001464844,,,True
103,detail,1,1.0,89,0,27.687374114990234,1.5646178722381592,4,False
103,detail,1,0.9,86,0,27.14472770690918,1.7182986736297607,3,False
103,detail,1,0.8,86,0,24.77215003967285,1.5672996044158936,3,False
103,detail,1,0.7,96,6,23.146244049072266,1.6658964157104492,2,True
103,detail,1,0.6,97,14,23.387460708618164,1.5604674816131592,2,False
103,detail,2,1.0,133,8,28.232147216796875,1.6157793998718262,4,False
103,detail,2,0.9,135,15,28.107070922851562,1.4814510345458984,3,False
103,detail,2,0.8,137,18,26.887495040893555,1.5719122886657715,3,False
103,detail,2,0.7,140,24,26.312599182128906,1.540597915649414,2,False
103,detail,2,0.6,142,24,26.167844772338867,2.054971694946289,2,False
104,coarse,1,0.3,62,8,18.982894897460938,,,True
104,coarse,2,0.3,40,0,19.05832862854004,,,True
104,detail,1,1.0,115,18,30.120548248291016,1.3290021419525146,4,False
104,detail,1,0.9,117,27,30.09001922607422,1.0734663009643555,3,False
104,detail,1,0.8,111,18,26.854446411132812,1.630408763885498,3,False
104,detail,1,0.7,111,14,24.41267204284668,1.7081060409545898,2,False
104,detail,1,0.6,113,22,24.0685977935791,1.6849727630615234,2,False
104,detail,2,1.0,79,0,28.686683654785156,1.7054619789123535,4,False
104,detail,2,0.9,79,0,26.599441528320312,1.7717182636260986,3,False
104,detail,2,0.8,85,0,25.102657318115234,1.6422812938690186,3,False
104,detail,2,0.7,85,2,24.175622940063477,2.0113768577575684,2,False
104,detail,2,0.6,85,8,23.003143310546875,2.0354104042053223,2,True
105,coarse,1,0.3,40,0,18.95145606994629,,,True
105,coarse,2,0.3,62,8,19.057506561279297,,,True
105,detail,1,1.0,79,0,28.7910099029541,1.7178764343261719,4,False
105,detail,1,0.9,79,0,26.682680130004883,1.8294248580932617,3,False
105,detail,1,0.8,85,0,25.429567337036133,1.5361013412475586,3,False
105,detail,1,0.7,89,4,25.021760940551758,2.0424575805664062,2,False
105,detail,1,0.6,83,8,23.731698989868164,2.1815474033355713,2,True
105,detail,2,1.0,129,18,30.810230255126953,1.1913352012634277,4,False
105,detail,2,0.9,131,24,30.763940811157227,1.284320592880249,3,False
105,detail,2,0.8,111,15,26.57660675048828,1.734419584274292,3,False
105,detail,2,0.7,111,14,24.69989776611328,1.790717601776123,2,False
105,detail,2,0.6,113,22,24.324966430664062,1.898052453994751,2,False
106,coarse,1,0.3,64,8,19.116050720214844,,,True
106,coarse,2,0.3,40,0,19.14072608947754,,,True
106,detail,1,1.0,131,18,30.61942481994629,1.190523624420166,4,False
106,detail,1,0.9,135,21,30.142675399780273,1.240495204925537,3,False
106,detail,1,0.8,137,24,29.334228515625,1.3314557075500488,3,False
106,detail,1,0.7,140,24,26.42573356628418,1.642777442932129,2,False
106,detail,1,0.6,115,24,25.971498489379883,2.104250907897949,2,False
106,detail,2,1.0,79,0,28.72468376159668,1.6754770278930664,4,False
106,detail,2,0.9,79,0,26.610973358154297,1.6899893283843994,3,False
106,detail,2,0.8,88,0,25.50271224975586,1.757124423980713,3,False
106,detail,2,0.7,87,8,25.427644729614258,1.5964231491088867,2,False
106,detail,2,0.6,87,10,24.24643325805664,1.7330527305603027,2,True
107,coarse,1,0.3,34,0,19.235633850097656,,,True
107,coarse,2,0.3,62,8,19.390621185302734,,,True
107,detail,1,1.0,55,0,29.36602020263672,1.8160803318023682,4,False
107,detail,1,0.9,55,0,27.928977966308594,1.6046075820922852,3,False
107,detail,1,0.8,55,6,28.0828800201416,1.504502534866333,3,False
107,detail,1,0.7,57,0,24.304134368896484,2.0731358528137207,2,False
107,detail,1,0.6,57,4,22.708881378173828,2.6669023036956787,2,True
107,detail,2,1.0,111,18,31.958288192749023,1.4673795700073242,4,False
107,detail,2,0.9,131,27,31.418899536132812,1.1309316158294678,3,False
107,detail,2,0.8,111,15,26.828125,1.7740435600280762,3,False
107,detail,2,0.7,113,16,25.077857971191406,1.9253664016723633,2,False
107,detail,2,0.6,113,22,24.718780517578125,1.6888453960418701,2,False
108,coarse,1,0.3,40,0,19.31321144104004,,,True
108,coarse,2,0.3,62,8,19.367883682250977,,,True
108,detail,1,1.0,85,0,29.319307327270508,1.7023935317993164,4,False
108,detail,1,0.9,87,0,27.25399398803711,1.8358337879180908,3,False
108,detail,1,0.8,88,0,25.52792739868164,1.6238255500793457,3,False
108,detail,1,0.7,89,8,25.684873580932617,1.5766549110412598,2,False
108,detail,1,0.6,93,12,24.602802276611328,2.5559940338134766,2,False
108,detail,2,1.0,115,18,30.767919540405273,1.527003288269043,4,False
108,detail,2,0.9,117,27,30.476253509521484,1.3178482055664062,3,False
108,detail,2,0.8,111,18,26.85664176940918,1.7300348281860352,3,False
108,detail,2,0.7,113,16,25.086671829223633,1.937157392501831,2,False
108,detail,2,0.6,115,22,24.21770668029785,1.926222324371338,2,True
109,coarse,1,0.3,24,28,19.211795806884766,,,True
109,coarse,2,0.3,40,0,19.24580192565918,,,True
109,coarse,3,0.3,60,6,19.344642639160156,,,True
109,detail,1,1.0,43,35,28.16550064086914,1.7621312141418457,4,False
109,detail,1,0.9,44,35,27.108482360839844,1.9449377059936523,3,False
109,detail,1,0.8,44,50,25.59628677368164,1.5567772388458252,3,False
109,detail,1,0.7,45,49,23.41109848022461,1.6359272003173828,2,False
109,detail,1,0.6,45,49,22.174928665161133,1.452817440032959,2,True
109,detail,2,1.0,79,0,28.81702423095703,1.738088607788086,4,False
109,detail,2,0.9,87,0,27.281232833862305,1.9192357063293457,3,False
109,detail,2,0.8,88,0,25.491609573364258,1.5356786251068115,3,False
109,detail,2,0.7,89,8,25.658958435058594,1.5484659671783447,2,False
109,detail,2,0.6,87,10,24.566749572753906,1.7473456859588623,2,False
109,detail,3,1.0,107,8,28.45881462097168,1.5869605541229248,4,False
109,detail,3,0.9,107,0,25.527843475341797,1.5803334712982178,3,False
109,detail,3,0.8,110,6,25.18155288696289,1.715792179107666,3,False
109,detail,3,0.7,115,16,24.557735443115234,2.1249611377716064,2,False
109,detail,3,0.6,107,16,24.161243438720703,1.9378137588500977,2,False
110,coarse,1,0.3,24,28,19.082611083984375,,,True
110,coarse,2,0.3,46,0,19.129241943359375,,,True
110,coarse,3,0.3,66,8,19.15736961364746,,,True
110,detail,1,1.0,35,35,28.06928825378418,1.4003901481628418,4,False
110,detail,1,0.9,44,35,27.120826721191406,2.009368419647217,3,False
110,detail,1,0.8,44,50,25.44678497314453,1.6456236839294434,3,False
110,detail,1,0.7,43,49,23.100482940673828,1.276442050933838,2,False
110,detail,1,0.6,45,49,22.147396087646484,1.5758798122406006,2,True
110,detail,2,1.0,91,0,28.108123779296875,1.8574855327606201,4,False
110,detail,2,0.9,88,0,27.07891082763672,1.9473903179168701,3,False
110,detail,2,0.8,100,0,24.54718780517578,1.5217621326446533,3,False
110,detail,2,0.7,104,8,23.994844436645508,2.0408811569213867,2,False
110,detail,2,0.6,106,16,24.36972427368164,2.0970027446746826,2,False
110,detail,3,1.0,137,4,26.389801025390625,1.863738775253296,4,False
110,detail,3,0.9,139,0,25.64217185974121,2.451009750366211,3,False
110,detail,3,0.8,141,6,24.684465408325195,2.5421111583709717,3,False
110,detail,3,0.7,144,12,23.798280715942383,2.884334087371826,2,False
110,detail,3,0.6,146,18,22.776411056518555,3.4865472316741943,2,False
111,coarse,1,0.3,24,28,19.11725616455078,,,True
111,coarse,2,0.3,62,8,19.444114685058594,,,True
111,coarse,3,0.3,38,0,19.48633575439453,,,True
111,detail,1,1.0,35,35,27.982606887817383,1.3447272777557373,4,False
111,detail,1,0.9,35,44,27.115163803100586,1.023291826248169,3,False
111,detail,1,0.8,44,50,25.417556762695312,1.5756759643554688,3,False
111,detail,1,0.7,45,49,23.329179763793945,1.6773178577423096,2,False
111,detail,1,0.6,45,49,22.010950088500977,1.4762537479400635,2,True
111,detail,2,1.0,111,8,27.986042022705078,1.7831060886383057,4,False
111,detail,2,0.9,111,0,25.182966232299805,1.9223778247833252,3,False
111,detail,2,0.8,111,6,25.14852523803711,1.7746286392211914,3,False
111,detail,2,0.7,115,14,24.243850708007812,2.143620491027832,2,False
111,detail,2,0.6,117,22,24.077537536621094,2.1441855430603027,2,False
111,detail,3,1.0,79,0,28.964298248291016,1.722724199295044,4,False
111,detail,3,0.9,81,0,27.743436813354492,1.6517844200134277,3,False
111,detail,3,0.8,81,3,26.286876678466797,1.524918556213379,3,False
111,detail,3,0.7,88,8,25.77605438232422,1.5452194213867188,2,False
111,detail,3,0.6,87,10,24.789857864379883,1.7396650314331055,2,False
112,coarse,1,0.3,24,28,19.206968307495117,,,True
112,coarse,2,0.3,62,8,19.4183292388916,,,True
112,coarse,3,0.3,32,0,19.49419403076172,,,True
112,detail,1,1.0,35,35,28.053417205810547,1.3936188220977783,4,False
112,detail,1,0.9,35,44,27.180057525634766,1.080453872680664,3,False
112,detail,1,0.8,44,50,25.400598526000977,1.6207489967346191,3,False
112,detail,1,0.7,45,49,23.307512283325195,1.7228071689605713,2,False
112,detail,1,0.6,45,49,21.899749755859375,1.4885387420654297,2,True
112,detail,2,1.0,115,18,31.32828140258789,1.4775114059448242,4,False
112,detail,2,0.9,111,9,26.656267166137695,1.8068194389343262,3,False
112,detail,2,0.8,111,9,26.613807678222656,1.819267749786377,3,False
112,detail,2,0.7,115,16,24.77596664428711,2.1966845989227295,2,False
112,detail,2,0.6,115,22,24.754179000854492,2.01826810836792,2,False
112,detail,3,1.0,55,0,30.026247024536133,1.7458226680755615,4,False
112,detail,3,0.9,60,0,27.143829345703125,1.762817621231079,3,False
112,detail,3,0.8,60,6,27.086816787719727,1.551833152770996,3,False
112,detail,3,0.7,59,0,24.121109008789062,2.0585274696350098,2,False
112,detail,3,0.6,57,4,23.183202743530273,2.499110698699951,2,False
113,coarse,1,0.3,24,28,19.32018280029297,,,True
113,coarse,2,0.3,46,0,19.397340774536133,,,True
113,coarse,3,0.3,66,8,19.472562789916992,,,True
113,detail,1,1.0,35,35,27.989389419555664,1.3303232192993164,4,False
113,detail,1,0.9,35,44,27.19308090209961,1.0604610443115234,3,False
113,detail,1,0.8,44,50,25.29759979248047,1.4434566497802734,3,False
113,detail,1,0.7,45,49,23.15586280822754,1.548318862915039,2,False
113,detail,1,0.6,45,49,21.742698669433594,1.3712267875671387,2,True
113,detail,2,1.0,91,0,28.330787658691406,1.9010906219482422,4,False
113,detail,2,0.9,88,0,27.413782119750977,1.9977781772613525,3,False
113,detail,2,0.8,100,0,24.94072723388672,1.4702599048614502,3,False
113,detail,2,0.7,104,8,24.384441375732422,1.913163661956787,2,False
113,detail,2,0.6,83,8,23.99645233154297,1.8831005096435547,2,False
113,detail,3,1.0,137,4,26.568729400634766,1.7805845737457275,4,False
113,detail,3,0.9,139,9,26.033227920532227,1.7316577434539795,3,False
113,detail,3,0.8,141,6,24.940956115722656,2.4420926570892334,3,False
113,detail,3,0.7,144,14,24.762418746948242,2.3683691024780273,2,False
113,detail,3,0.6,146,20,23.875202178955078,2.574388265609741,2,False
114,coarse,1,0.3,40,0,19.160961151123047,,,True
114,coarse,2,0.3,62,8,19.263206481933594,,,True
114,coarse,3,0.4,10,26,22.609371185302734,,,True
114,detail,1,1.0,85,0,29.522127151489258,1.6316702365875244,4,False
114,detail,1,0.9,87,0,27.197856903076172,1.7581539154052734,3,False
114,detail,1,0.8,88,0,25.107690811157227,1.4689271450042725,3,False
114,detail,1,0.7,89,8,25.32704734802246,1.6092503070831299,2,False
114,detail,1,0.6,89,10,24.329132080078125,1.6549930572509766,2,False
114,detail,2,1.0,115,18,31.352907180786133,1.4461805820465088,4,False
114,detail,2,0.9,111,9,26.517881393432617,1.7950656414031982,3,False
114,detail,2,0.8,111,6,25.085412979125977,1.9589159488677979,3,False
114,detail,2,0.7,115,16,24.695331573486328,2.23067307472229,2,False
114,detail,2,0.6,115,22,24.681467056274414,2.025609254837036,2,False
114,detail,3,1.0,17,35,28.534025192260742,1.100752592086792,4,False
114,detail,3,0.9,29,44,26.58047866821289,1.0915141105651855,3,False
114,detail,3,0.8,12,50,25.85519027709961,1.1527411937713623,3,False
114,detail,3,0.7,29,47,24.28704833984375,1.0578386783599854,2,True
114,detail,3,0.6,11,53,24.391826629638672,1.6834838390350342,2,False
115,coarse,1,0.3,40,0,19.008882522583008,,,True
115,coarse,2,0.3,62,8,19.181541442871094,,,True
115,detail,1,1.0,79,0,28.733245849609375,1.658827543258667,4,False
115,detail,1,0.9,87,0,27.11058235168457,1.8154993057250977,3,False
115,detail,1,0.8,88,0,24.880922317504883,1.5248448848724365,3,False
115,detail,1,0.7,85,2,24.822568893432617,1.7140722274780273,2,False
115,detail,1,0.6,91,10,23.777151107788086,2.0521140098571777,2,False
115,detail,2,1.0,111,12,30.47588539123535,1.777022123336792,4,False
115,detail,2,0.9,111,0,25.038894653320312,2.154306650161743,3,False
115,detail,2,0.8,111,6,24.904502868652344,2.023002862930298,3,False
115,detail,2,0.7,117,16,24.392728805541992,2.503366708755493,2,False
115,detail,2,0.6,117,22,23.77557945251465,2.3051881790161133,2,True
116,coarse,1,0.3,40,0,19.149702072143555,,,True
116,coarse,2,0.3,64,8,19.426715850830078,,,True
116,detail,1,1.0,79,0,28.824508666992188,1.6093249320983887,4,False
116,detail,1,0.9,87,0,27.161678314208984,1.8118727207183838,3,False
116,detail,1,0.8,88,0,24.902254104614258,1.5423414707183838,3,False
116,detail,1,0.7,85,2,24.88701057434082,1.6695306301116943,2,False
116,detail,1,0.6,85,8,23.458404541015625,1.7858915328979492,2,True
116,detail,2,1.0,133,16,30.361736297607422,1.2621567249298096,4,False
116,detail,2,0.9,115,15,27.43583869934082,1.9426496028900146,3,False
116,detail,2,0.8,115,9,26.342782974243164,2.257136344909668,3,False
116,detail,2,0.7,117,16,24.510602951049805,2.447343111038208,2,False
116,detail,2,0.6,117,22,23.838497161865234,2.25296688079834,2,False
117,coarse,1,0.3,40,0,19.20018768310547,,,True
117,coarse,2,0.3,64,8,19.28860855102539,,,True
117,detail,1,1.0,83,8,29.409587860107422,1.4915440082550049,4,False
117,detail,1,0.9,87,0,27.217609405517578,1.669546365737915,3,False
117,detail,1,0.8,88,0,24.90878677368164,1.4371240139007568,3,False
117,detail,1,0.7,85,2,24.988216400146484,1.701246738433838,2,False
117,detail,1,0.6,91,10,23.904190063476562,1.9739665985107422,2,True
117,detail,2,1.0,133,16,30.281827926635742,1.299724817276001,4,False
117,detail,2,0.9,135,15,28.15522003173828,1.3979637622833252,3,False
117,detail,2,0.8,136,18,27.41893196105957,1.2977657318115234,3,False
117,detail,2,0.7,115,16,24.60674476623535,2.0531890392303467,2,False
117,detail,2,0.6,115,22,24.46503257751465,1.809464454650879,2,False
118,coarse,1,0.3,40,0,19.217262268066406,,,True
118,coarse,2,0.3,64,8,19.286680221557617,,,True
118,detail,1,1.0,83,8,29.45722198486328,1.4847097396850586,4,False
118,detail,1,0.9,87,0,27.22224998474121,1.6521270275115967,3,False
118,detail,1,0.8,88,0,24.89620590209961,1.348196268081665,3,False
118,detail,1,0.7,89,8,25.20240020751953,1.613609790802002,2,False
118,detail,1,0.6,91,10,23.93212890625,1.9689931869506836,2,True
118,detail,2,1.0,133,16,30.256982803344727,1.2356863021850586,4,False
118,detail,2,0.9,135,21,29.88637924194336,1.2124290466308594,3,False
118,detail,2,0.8,136,21,28.605308532714844,1.2027101516723633,3,False
118,detail,2,0.7,115,24,27.560644149780273,1.5672824382781982,2,False
118,detail,2,0.6,117,24,25.725120544433594,1.9508285522460938,2,False
119,coarse,1,0.3,40,0,19.201858520507812,,,True
119,coarse,2,0.3,64,8,19.301572799682617,,,True
119,detail,1,1.0,83,8,29.453824996948242,1.4382903575897217,4,False
119,detail,1,0.9,87,0,27.292003631591797,1.5962998867034912,3,False
119,detail,1,0.8,89,0,24.97233772277832,1.3954505920410156,3,False
119,detail,1,0.7,89,8,25.364742279052734,1.5823132991790771,2,False
119,detail,1,0.6,91,10,24.032516479492188,2.000762939453125,2,True
119,detail,2,1.0,133,16,30.22132682800293,1.2158327102661133,4,False
119,detail,2,0.9,135,21,29.875139236450195,1.1288418769836426,3,False
119,detail,2,0.8,136,21,28.510868072509766,1.051971435546875,3,False
119,detail,2,0.7,115,24,27.73831558227539,1.539916753768921,2,False
119,detail,2,0.6,117,24,25.827919006347656,1.903400182723999,2,False
120,coarse,1,0.3,34,0,19.23270034790039,,,True
120,coarse,2,0.3,66,8,19.291955947875977,,,True
120,detail,1,1.0,55,18,34.189239501953125,1.2996504306793213,4,False
120,detail,1,0.9,58,0,27.907438278198242,1.614870548248291,3,False
120,detail,1,0.8,58,6,28.09430694580078,1.4048585891723633,3,False
120,detail,1,0.7,59,0,24.2791690826416,1.9934930801391602,2,False
120,detail,1,0.6,57,4,23.779401779174805,2.3234758377075195,2,True
120,detail,2,1.0,137,4,26.83374786376953,1.4385249614715576,4,False
120,detail,2,0.9,139,9,26.291746139526367,1.4163026809692383,3,False
120,detail,2,0.8,141,18,26.36585807800293,1.6115398406982422,3,False
120,detail,2,0.7,144,16,25.968687057495117,1.905461072921753,2,False
120,detail,2,0.6,146,22,24.868961334228516,1.8345832824707031,2,False
121,coarse,1,0.3,40,0,19.12423324584961,,,True
121,coarse,2,0.3,66,8,19.244892120361328,,,True
121,detail,1,1.0,83,0,29.477298736572266,1.549635410308838,4,False
121,detail,1,0.9,82,0,27.30472755432129,1.7609272003173828,3,False
121,detail,1,0.8,89,0,25.15094566345215,1.6618921756744385,3,False
121,detail,1,0.7,91,4,25.216222763061523,2.1007087230682373,2,False
121,detail,1,0.6,91,10,24.205625534057617,2.2330753803253174,2,True
121,detail,2,1.0,137,4,27.072134017944336,1.7481563091278076,4,False
121,detail,2,0.9,139,9,26.47772216796875,1.71199631690979,3,False
121,detail,2,0.8,141,18,26.522005081176758,1.66483736038208,3,False
121,detail,2,0.7,144,14,25.136735916137695,2.21463942527771,2,False
121,detail,2,0.6,121,24,25.198198318481445,2.1232759952545166,2,False
122,coarse,1,0.3,40,0,19.14560890197754,,,True
122,coarse,2,0.3,60,6,19.309974670410156,,,True
122,detail,1,1.0,83,0,29.431753158569336,1.556194543838501,4,False
122,detail,1,0.9,82,0,27.230920791625977,1.762939214706421,3,False
122,detail,1,0.8,89,0,25.074420928955078,1.6541683673858643,3,False
122,detail,1,0.7,92,4,25.008609771728516,2.250439405441284,2,False
122,detail,1,0.6,91,10,24.13520050048828,2.2800023555755615,2,True
122,detail,2,1.0,119,18,30.572708129882812,1.3290307521820068,4,False
122,detail,2,0.9,107,21,30.55818748474121,1.1128418445587158,3,False
122,detail,2,0.8,107,12,28.004108428955078,1.156010389328003,3,False
122,detail,2,0.7,107,16,26.14531707763672,1.268815279006958,2,False
122,detail,2,0.6,107,16,24.504159927368164,2.0025765895843506,2,False
123,coarse,1,0.3,40,0,19.348337173461914,,,True
123,coarse,2,0.3,66,8,19.418914794921875,,,True
123,detail,1,1.0,83,0,29.46147346496582,1.5060770511627197,4,False
123,detail,1,0.9,82,0,27.060270309448242,1.5652859210968018,3,False
123,detail,1,0.8,89,0,25.226821899414062,1.560016393661499,3,False
123,detail,1,0.7,91,8,25.563610076904297,1.7079651355743408,2,False
123,detail,1,0.6,94,12,25.253175735473633,2.0599656105041504,2,False
123,detail,2,1.0,137,8,28.267919540405273,1.5968010425567627,4,False
123,detail,2,0.9,139,9,26.51071548461914,1.6491246223449707,3,False
123,detail,2,0.8,141,18,26.526342391967773,1.4786174297332764,3,False
123,detail,2,0.7,144,16,26.06507682800293,1.971745491027832,2,False
123,detail,2,0.6,146,22,25.095993041992188,1.9174840450286865,2,True
124,coarse,1,0.3,70,2,19.330989837646484,,,True
124,coarse,2,0.3,32,0,19.458024978637695,,,True
124,detail,1,1.0,138,4,26.734638214111328,1.627333641052246,4,False
124,detail,1,0.9,140,9,26.1641788482666,1.6022169589996338,3,False
124,detail,1,0.8,142,15,26.198638916015625,1.727447509765625,3,False
124,detail,1,0.7,145,14,24.85024642944336,2.0330381393432617,2,False
124,detail,1,0.6,147,20,23.89323616027832,2.0391883850097656,2,True
124,detail,2,1.0,51,18,31.986068725585938,1.1429388523101807,4,False
124,detail,2,0.9,54,0,28.007295608520508,1.698481559753418,3,False
124,detail,2,0.8,51,0,27.648529052734375,1.555267572402954,3,False
124,detail,2,0.7,53,0,25.714672088623047,1.6833016872406006,2,False
124,detail,2,0.6,57,4,24.105316162109375,2.124631881713867,2,False
125,coarse,1,0.3,40,0,19.205137252807617,,,True
125,coarse,2,0.3,60,6,19.232540130615234,,,True
125,detail,1,1.0,83,0,29.261430740356445,1.622610330581665,4,False
125,detail,1,0.9,87,0,27.821704864501953,1.5451600551605225,3,False
125,detail,1,0.8,89,0,24.986967086791992,1.2895452976226807,3,True
125,detail,1,0.7,91,8,25.166934967041016,1.4412684440612793,2,False
125,detail,1,0.6,91,14,25.413049697875977,1.6716601848602295,2,False
125,detail,2,1.0,119,18,30.843719482421875,1.25663161277771,4,False
125,detail,2,0.9,107,18,29.71879768371582,1.052290439605713,3,False
125,detail,2,0.8,107,12,27.987041473388672,1.061072826385498,3,False
125,detail,2,0.7,107,16,26.30760383605957,1.3395545482635498,2,False
125,detail,2,0.6,121,24,25.441781997680664,2.023756980895996,2,False
126,coarse,1,0.3,48,2,19.19532012939453,,,True
126,coarse,2,0.3,68,8,19.38153839111328,,,True
126,detail,1,1.0,101,0,27.804927825927734,1.1979553699493408,4,False
126,detail,1,0.9,103,0,26.705562591552734,1.0728387832641602,3,False
126,detail,1,0.8,89,0,25.0544490814209,1.4053423404693604,3,False
126,detail,1,0.7,99,8,24.717117309570312,1.464395523071289,2,False
126,detail,1,0.6,97,14,24.83082389831543,1.8435280323028564,2,False
126,detail,2,1.0,138,4,26.874300003051758,1.7349114418029785,4,False
126,detail,2,0.9,140,9,26.303024291992188,1.6672735214233398,3,False
126,detail,2,0.8,142,15,26.46007537841797,1.6973278522491455,3,False
126,detail,2,0.7,145,14,25.17799186706543,2.548555850982666,2,False
126,detail,2,0.6,126,24,24.21796226501465,2.387587547302246,2,True
127,coarse,1,0.3,40,0,19.22516632080078,,,True
127,coarse,2,0.3,66,8,19.295326232910156,,,True
127,detail,1,1.0,85,8,29.410015106201172,1.3108067512512207,4,False
127,detail,1,0.9,87,0,27.93143653869629,1.1723496913909912,3,False
127,detail,1,0.8,89,3,25.981340408325195,1.1750617027282715,3,False
127,detail,1,0.7,91,8,25.05830192565918,1.5049378871917725,2,False
127,detail,1,0.6,93,14,25.40791130065918,1.7248950004577637,2,False
127,detail,2,1.0,137,4,27.234468460083008,1.7443807125091553,4,False
127,detail,2,0.9,139,9,26.73271369934082,1.6365861892700195,3,False
127,detail,2,0.8,141,15,26.832788467407227,1.551133155822754,3,False
127,detail,2,0.7,144,16,26.10911750793457,2.249396562576294,2,False
127,detail,2,0.6,125,24,24.396148681640625,2.3480541706085205,2,True
128,coarse,1,0.3,48,2,19.01408576965332,,,True
128,coarse,2,0.3,68,8,19.168039321899414,,,True
128,detail,1,1.0,101,0,27.808555603027344,1.123032569885254,4,False
128,detail,1,0.9,103,3,26.936777114868164,0.8799500465393066,3,False
128,detail,1,0.8,98,0,24.95745277404785,1.2391982078552246,3,False
128,detail,1,0.7,99,8,24.55377197265625,1.2157173156738281,2,False
128,detail,1,0.6,97,14,24.718238830566406,1.6998188495635986,2,False
128,detail,2,1.0,138,4,26.794313430786133,1.6896214485168457,4,False
128,detail,2,0.9,140,9,26.149242401123047,1.588568925857544,3,False
128,detail,2,0.8,142,15,26.205278396606445,1.6797385215759277,3,False
128,detail,2,0.7,145,14,24.619478225708008,2.395120620727539,2,False
128,detail,2,0.6,126,24,24.123319625854492,2.3236329555511475,2,True
129,coarse,1,0.3,36,0,19.175533294677734,,,True
129,coarse,2,0.3,68,8,19.210494995117188,,,True
129,detail,1,0.9,59,27,34.60640335083008,0.9283657073974609,3,False
129,detail,1,0.8,59,35,31.55094337463379,1.0200159549713135,3,False
129,detail,1,0.7,59,2,26.396686553955078,1.352348804473877,2,False
129,detail,1,0.6,61,10,26.25774383544922,1.0950813293457031,2,False
129,detail,2,1.0,138,4,26.99245834350586,1.5296735763549805,4,False
129,detail,2,0.9,140,9,26.3226318359375,1.4554691314697266,3,False
129,detail,2,0.8,142,15,26.352371215820312,1.501065731048584,3,False
129,detail,2,0.7,145,16,25.781938552856445,1.969308853149414,2,False
129,detail,2,0.6,147,22,24.680240631103516,2.014693021774292,2,True
130,coarse,1,0.3,48,2,18.96272087097168,,,True
130,coarse,2,0.3,68,8,19.066638946533203,,,True
130,detail,1,1.0,95,0,28.394800186157227,1.073458194732666,4,False
130,detail,1,0.9,89,0,27.003097534179688,1.014514684677124,3,False
130,detail,1,0.8,92,3,25.819656372070312,1.1440589427947998,3,False
130,detail,1,0.7,93,10,25.540328979492188,1.0610010623931885,2,False
130,detail,1,0.6,93,16,24.996925354003906,1.187345266342163,2,True
130,detail,2,1.0,138,18,31.587724685668945,1.1244549751281738,4,False
130,detail,2,0.9,120,27,31.33218002319336,0.9813785552978516,3,False
130,detail,2,0.8,142,24,29.25710105895996,1.2186901569366455,3,False
130,detail,2,0.7,145,24,26.235883712768555,1.5933165550231934,2,False
130,detail,2,0.6,147,24,25.888511657714844,2.126114845275879,2,False
131,coarse,1,0.3,48,2,18.99374008178711,,,True
131,coarse,2,0.3,68,8,19.07216453552246,,,True
131,detail,1,1.0,101,0,28.075321197509766,1.1484041213989258,4,False
131,detail,1,0.9,89,0,27.030925750732422,1.07609224319458,3,False
131,detail,1,0.8,92,3,25.82011604309082,1.0946059226989746,3,False
131,detail,1,0.7,93,10,25.563753128051758,1.060671091079712,2,False
131,detail,1,0.6,93,16,25.06893539428711,1.3430430889129639,2,True
131,detail,2,1.0,138,18,31.609180450439453,1.0646440982818604,4,False
131,detail,2,0.9,120,27,31.398700714111328,1.0602850914001465,3,False
131,detail,2,0.8,142,24,29.286666870117188,1.186610221862793,3,False
131,detail,2,0.7,145,24,26.248403549194336,1.546557903289795,2,False
131,detail,2,0.6,147,24,26.034337997436523,2.034815788269043,2,False
132,coarse,1,0.3,68,8,19.13123893737793,,,True
132,coarse,2,0.3,36,0,19.187387466430664,,,True
132,detail,1,1.0,120,18,31.069711685180664,0.9997603893280029,4,False
132,detail,1,0.9,123,27,31.022994995117188,0.9399850368499756,3,False
132,detail,1,0.8,142,24,29.361351013183594,1.1241190433502197,3,False
132,detail,1,0.7,145,24,26.39558219909668,1.4706549644470215,2,True
132,detail,1,0.6,147,28,26.949352264404297,1.5373785495758057,2,False
132,detail,2,0.8,59,35,31.259016036987305,0.8491146564483643,3,False
132,detail,2,0.7,59,42,29.2827205657959,0.9712326526641846,2,False
132,detail,2,0.6,85,50,26.768047332763672,0.8055052757263184,2,False
133,coarse,1,0.3,44,0,18.999801635742188,,,True
133,coarse,2,0.3,64,8,19.013132095336914,,,True
133,detail,1,1.0,93,0,27.7050724029541,1.158975601196289,4,False
133,detail,1,0.9,90,0,26.921531677246094,1.2542450428009033,3,False
133,detail,1,0.8,93,0,25.430164337158203,1.0838065147399902,3,False
133,detail,1,0.7,100,8,24.709951400756836,1.3051166534423828,2,False
133,detail,1,0.6,99,14,24.090368270874023,1.4987223148345947,2,True
133,detail,2,1.0,119,18,31.4437313079834,1.129485845565796,4,False
133,detail,2,0.9,124,27,31.297420501708984,0.8901238441467285,3,False
133,detail,2,0.8,127,33,31.969188690185547,0.7735228538513184,3,False
133,detail,2,0.7,117,26,28.86589241027832,1.732597827911377,2,False
133,detail,2,0.6,115,22,24.89480972290039,2.0569562911987305,2,False
134,coarse,1,0.3,44,0,19.002819061279297,,,True
134,coarse,2,0.3,70,8,19.160140991210938,,,True
134,detail,1,1.0,93,0,27.815141677856445,1.2238123416900635,4,False
134,detail,1,0.9,90,0,27.06304168701172,1.3080058097839355,3,False
134,detail,1,0.8,93,0,25.524795532226562,1.1776926517486572,3,False
134,detail,1,0.7,100,8,24.852142333984375,1.335319995880127,2,False
134,detail,1,0.6,99,14,24.237995147705078,1.545494556427002,2,True
134,detail,2,1.0,124,18,31.380456924438477,0.8591403961181641,4,False
134,detail,2,0.9,123,27,31.49478530883789,1.0237419605255127,3,False
134,detail,2,0.8,142,27,30.740205764770508,0.8642394542694092,3,False
134,detail,2,0.7,145,30,29.765756607055664,0.9139792919158936,2,False
134,detail,2,0.6,120,30,29.027692794799805,1.4386122226715088,2,False
135,coarse,1,0.3,44,0,18.963926315307617,,,True
135,coarse,2,0.3,66,8,18.992630004882812,,,True
135,detail,1,1.0,93,0,27.680782318115234,1.0833702087402344,4,False
135,detail,1,0.9,90,0,26.968698501586914,1.233267068862915,3,False
135,detail,1,0.8,93,3,25.97138214111328,1.2791893482208252,3,False
135,detail,1,0.7,100,8,24.884218215942383,1.1983203887939453,2,False
135,detail,1,0.6,99,14,24.519168853759766,1.3763833045959473,2,True
135,detail,2,1.0,123,18,31.08951187133789,0.8985261917114258,4,False
135,detail,2,0.9,125,27,31.456008911132812,0.9242002964019775,3,False
135,detail,2,0.8,125,33,32.118778228759766,0.8130166530609131,3,False
135,detail,2,0.7,119,26,28.83026123046875,1.5025320053100586,2,False
135,detail,2,0.6,119,24,26.35517692565918,1.839064359664917,2,False
136,coarse,1,0.3,44,0,19.004554748535156,,,True
136,coarse,2,0.3,64,8,19.038503646850586,,,True
136,detail,1,1.0,93,0,27.588533401489258,1.0301578044891357,4,False
136,detail,1,0.9,90,0,26.86054229736328,1.1492717266082764,3,False
136,detail,1,0.8,93,3,25.820249557495117,1.2012462615966797,3,False
136,detail,1,0.7,100,8,24.806808471679688,1.1179454326629639,2,True
136,detail,1,0.6,101,16,25.097795486450195,1.3368916511535645,2,False
136,detail,2,1.0,119,18,31.518693923950195,1.0829596519470215,4,False
136,detail,2,0.9,124,27,31.237689971923828,0.910189151763916,3,False
136,detail,2,0.8,127,33,31.89520263671875,0.7863218784332275,3,False
136,detail,2,0.7,129,38,32.516414642333984,0.7983691692352295,2,False
136,detail,2,0.6,119,36,31.719528198242188,1.3286066055297852,2,False
137,coarse,1,0.3,42,0,19.084003448486328,,,True
137,coarse,2,0.3,72,0,19.345857620239258,,,True
137,detail,1,1.0,89,0,29.28615379333496,1.1169795989990234,4,False
137,detail,1,0.9,91,0,26.857065200805664,1.194267749786377,3,False
137,detail,1,0.8,92,3,25.549976348876953,1.1156723499298096,3,True
137,detail,1,0.7,96,8,26.117582321166992,1.0294990539550781,2,False
137,detail,1,0.6,98,16,26.326522827148438,1.3988802433013916,2,False
137,detail,2,1.0,120,18,31.338544845581055,1.0775578022003174,4,False
137,detail,2,0.9,123,27,31.23219108581543,0.9832878112792969,3,False
137,detail,2,0.8,126,33,31.82271385192871,0.8240759372711182,3,False
137,detail,2,0.7,130,38,32.61603927612305,0.8579480648040771,2,False
137,detail,2,0.6,120,36,31.847360610961914,1.4825060367584229,2,False
138,coarse,1,0.3,44,0,19.124120712280273,,,True
138,coarse,2,0.3,68,8,19.2136287689209,,,True
138,detail,1,1.0,93,4,29.527254104614258,0.9697833061218262,4,False
138,detail,1,0.9,90,0,26.93450164794922,1.0305500030517578,3,False
138,detail,1,0.8,93,3,25.62500762939453,1.0713238716125488,3,False
138,detail,1,0.7,95,10,25.870464324951172,1.074784517288208,2,False
138,detail,1,0.6,102,16,25.056987762451172,1.121248483657837,2,True
138,detail,2,1.0,120,18,31.02878761291504,1.0218696594238281,4,False
138,detail,2,0.9,123,27,31.06161117553711,0.9621386528015137,3,False
138,detail,2,0.8,126,33,31.670846939086914,0.769777774810791,3,False
138,detail,2,0.7,130,38,32.425357818603516,0.7816367149353027,2,False
138,detail,2,0.6,130,38,31.573976516723633,0.8114035129547119,2,False
139,coarse,1,0.3,64,8,19.265501022338867,,,True
139,coarse,2,0.3,44,0,19.321044921875,,,True
139,detail,1,1.0,119,18,31.521343231201172,1.0224757194519043,4,False
139,detail,1,0.9,124,27,31.051136016845703,0.8787298202514648,3,False
139,detail,1,0.8,127,33,31.74151611328125,0.7575902938842773,3,False
139,detail,1,0.7,129,38,32.321964263916016,0.7192192077636719,2,False
139,detail,1,0.6,131,40,32.846073150634766,0.6681351661682129,2,False
139,detail,2,1.0,93,4,29.99772834777832,0.9821763038635254,4,False
139,detail,2,0.9,93,0,27.297311782836914,1.1044104099273682,3,False
139,detail,2,0.8,93,3,25.815073013305664,1.0269174575805664,3,False
139,detail,2,0.7,95,10,26.046710968017578,1.0181543827056885,2,False
139,detail,2,0.6,102,16,25.36842155456543,1.1036262512207031,2,True
140,coarse,1,0.3,50,2,19.062936782836914,,,True
140,coarse,2,0.3,70,8,19.070070266723633,,,True
140,detail,1,1.0,99,0,29.138046264648438,1.0335032939910889,4,False
140,detail,1,0.9,93,0,27.156719207763672,1.0620241165161133,3,False
140,detail,1,0.8,93,3,25.753360748291016,0.9985537528991699,3,False
140,detail,1,0.7,95,10,25.879947662353516,1.0048747062683105,2,False
140,detail,1,0.6,101,16,25.27898597717285,1.2104206085205078,2,True
140,detail,2,1.0,120,18,31.316083908081055,1.0061662197113037,4,False
140,detail,2,0.9,123,27,31.279878616333008,0.9599366188049316,3,False
140,detail,2,0.8,126,33,32.05220413208008,0.7350528240203857,3,False
140,detail,2,0.7,130,38,32.6218376159668,0.6608233451843262,2,False
140,detail,2,0.6,124,38,32.37547302246094,0.7373499870300293,2,False
141,coarse,1,0.3,46,0,19.16446876525879,,,True
141,coarse,2,0.3,70,8,19.166126251220703,,,True
141,detail,1,1.0,91,8,30.95766830444336,1.044736385345459,4,False
141,detail,1,0.9,94,0,27.699020385742188,0.9920220375061035,3,False
141,detail,1,0.8,94,3,26.065181732177734,1.070603370666504,3,False
141,detail,1,0.7,95,10,25.730512619018555,0.7787563800811768,2,False
141,detail,1,0.6,101,16,25.691987991333008,1.1860475540161133,2,True
141,detail,2,1.0,120,18,31.38687515258789,1.007054328918457,4,False
141,detail,2,0.9,123,27,31.32027816772461,0.961270809173584,3,False
141,detail,2,0.8,126,33,32.168094635009766,0.6977684497833252,3,False
141,detail,2,0.7,130,40,34.21450424194336,0.6953845024108887,2,False
141,detail,2,0.6,124,38,32.62017059326172,0.7901163101196289,2,False
142,coarse,1,0.3,70,8,19.036575317382812,,,True
142,coarse,2,0.3,36,0,19.057153701782227,,,True
142,detail,1,1.0,120,18,31.339569091796875,1.0063691139221191,4,False
142,detail,1,0.9,126,27,31.28704071044922,0.803959846496582,3,False
142,detail,1,0.8,126,33,32.214237213134766,0.6714930534362793,3,False
142,detail,1,0.7,130,40,34.29880905151367,0.6787102222442627,2,False
142,detail,1,0.6,142,40,33.6229133605957,0.699021577835083,2,False
142,detail,2,1.0,63,18,33.661624908447266,0.9424948692321777,4,False
142,detail,2,0.9,68,27,34.13330841064453,0.6783113479614258,3,False
142,detail,2,0.8,74,35,29.17413902282715,0.8065955638885498,3,False
142,detail,2,0.7,61,2,26.252147674560547,1.4870710372924805,2,False
142,detail,2,0.6,61,8,25.87602996826172,1.5873045921325684,2,True
143,coarse,1,0.3,36,0,19.158964157104492,,,True
143,coarse,2,0.3,70,8,19.30609703063965,,,True
143,detail,1,1.0,63,16,32.742919921875,0.9457478523254395,4,False
143,detail,1,0.9,68,27,34.1345100402832,0.730602502822876,3,False
143,detail,1,0.8,74,35,29.28949737548828,0.7751014232635498,3,False
143,detail,1,0.7,59,2,26.04833221435547,1.5752394199371338,2,False
143,detail,1,0.6,61,8,25.714357376098633,1.6124002933502197,2,True
143,detail,2,1.0,124,18,31.030241012573242,0.9539303779602051,4,False
143,detail,2,0.9,126,27,31.34317970275879,1.0180549621582031,3,False
143,detail,2,0.8,129,33,32.36299133300781,0.9027793407440186,3,False
143,detail,2,0.7,130,36,32.62073516845703,0.796907901763916,2,False
143,detail,2,0.6,132,32,28.122865676879883,1.1725833415985107,2,False
144,coarse,1,0.3,50,2,19.438383102416992,,,True
144,coarse,2,0.3,70,8,19.589162826538086,,,True
144,detail,1,1.0,105,18,30.198955535888672,1.2453172206878662,4,False
144,detail,1,0.9,99,6,28.655378341674805,0.8791332244873047,3,False
144,detail,1,0.8,102,3,27.35901641845703,0.8140544891357422,3,False
144,detail,1,0.7,111,16,26.366544723510742,0.9677305221557617,2,False
144,detail,1,0.6,101,16,25.72390365600586,1.0501782894134521,2,True
144,detail,2,1.0,124,18,31.2120361328125,1.0002119541168213,4,False
144,detail,2,0.9,126,27,31.47825050354004,1.0555317401885986,3,False
144,detail,2,0.8,129,30,32.151214599609375,0.7606894969940186,3,False
144,detail,2,0.7,130,34,32.651031494140625,1.1077189445495605,2,False
144,detail,2,0.6,132,30,27.835939407348633,1.436997652053833,2,False
145,coarse,1,0.3,40,0,19.369932174682617,,,True
145,coarse,2,0.3,64,6,19.446125030517578,,,True
145,detail,1,1.0,85,18,32.45905685424805,1.3816215991973877,4,False
145,detail,1,0.9,85,27,31.140581130981445,1.3802707195281982,3,False
145,detail,1,0.8,76,35,29.26080322265625,0.883655309677124,3,False
145,detail,1,0.7,92,10,27.860074996948242,1.2163350582122803,2,False
145,detail,1,0.6,94,14,26.013288497924805,1.1783990859985352,2,False
145,detail,2,1.0,123,18,31.624114990234375,1.3200078010559082,4,False
145,detail,2,0.9,127,27,32.02525329589844,1.2443411350250244,3,False
145,detail,2,0.8,115,27,32.78854751586914,1.0078389644622803,3,False
145,detail,2,0.7,121,26,29.745197296142578,1.4385128021240234,2,False
145,detail,2,0.6,119,22,25.140119552612305,1.705138921737671,2,True
146,coarse,1,0.3,40,0,19.465469360351562,,,True
146,coarse,2,0.3,64,6,19.550548553466797,,,True
146,detail,1,1.0,85,18,32.458213806152344,1.143904209136963,4,False
146,detail,1,0.9,85,27,31.06676483154297,1.0624709129333496,3,False
146,detail,1,0.8,76,35,29.344120025634766,0.8354697227478027,3,False
146,detail,1,0.7,92,20,29.0714168548584,1.257681131362915,2,False
146,detail,1,0.6,85,50,27.727163314819336,0.8863034248352051,2,False
146,detail,2,1.0,123,18,31.70048713684082,1.3685126304626465,4,False
146,detail,2,0.9,127,27,32.092472076416016,1.1892545223236084,3,False
146,detail,2,0.8,121,21,29.106351852416992,1.225511074066162,3,False
146,detail,2,0.7,121,14,24.280282974243164,1.6649737358093262,2,True
146,detail,2,0.6,123,22,24.75980567932129,1.5300078392028809,2,False
147,coarse,1,0.3,38,0,19.29970359802246,,,True
147,coarse,2,0.3,58,4,19.378379821777344,,,True
147,detail,1,1.0,67,18,33.918819427490234,0.8582451343536377,4,False
147,detail,1,0.9,69,27,34.68247604370117,0.8112010955810547,3,False
147,detail,1,0.8,85,35,29.76243019104004,0.9084582328796387,3,False
147,detail,1,0.7,88,42,29.393178939819336,1.0300719738006592,2,False
147,detail,1,0.6,63,10,27.369054794311523,1.1514487266540527,2,False
147,detail,2,1.0,111,12,30.585163116455078,0.9236271381378174,4,False
147,detail,2,0.9,106,3,28.092060089111328,0.9909200668334961,3,False
147,detail,2,0.8,109,9,26.92250633239746,0.9548594951629639,3,False
147,detail,2,0.7,111,14,26.471338272094727,1.0658226013183594,2,False
147,detail,2,0.6,123,22,24.610944747924805,1.4364538192749023,2,True
148,coarse,1,0.3,36,0,20.013599395751953,,,True
148,coarse,2,0.3,64,6,20.02755355834961,,,True
148,detail,1,1.0,67,18,34.1899299621582,0.7546818256378174,4,False
148,detail,1,0.9,59,24,34.51145935058594,1.016622543334961,3,False
148,detail,1,0.8,77,35,29.221900939941406,0.7224833965301514,3,False
148,detail,1,0.7,79,42,29.6616153717041,0.7314574718475342,2,False
148,detail,1,0.6,59,10,27.279726028442383,0.9798145294189453,2,False
148,detail,2,1.0,123,18,32.505245208740234,1.2802989482879639,4,False
148,detail,2,0.9,127,27,32.850284576416016,1.1229102611541748,3,False
148,detail,2,0.8,130,33,33.91260528564453,1.0283393859863281,3,False
148,detail,2,0.7,119,24,29.575355529785156,0.932645320892334,2,False
148,detail,2,0.6,121,22,25.816984176635742,1.098738431930542,2,True
149,coarse,1,0.3,64,6,19.360143661499023,,,True
149,coarse,2,0.4,42,0,24.05767822265625,,,True
149,detail,1,1.0,127,16,32.433162689208984,0.7808942794799805,4,False
149,detail,1,0.9,127,24,32.80152893066406,0.7093603610992432,3,False
149,detail,1,0.8,130,30,33.35150146484375,0.654773473739624,3,False
149,detail,1,0.7,119,30,31.814128875732422,0.7790250778198242,2,False
149,detail,1,0.6,115,24,28.264253616333008,0.861748218536377,2,False
149,detail,2,1.0,89,18,32.612422943115234,1.0240898132324219,4,False
149,detail,2,0.9,85,27,31.127641677856445,1.0260570049285889,3,False
149,detail,2,0.8,88,35,28.89618492126465,1.2162446975708008,3,False
149,detail,2,0.7,98,12,28.77618408203125,0.6637279987335205,2,False
149,detail,2,0.6,89,50,27.365686416625977,0.9916045665740967,2,True
150,coarse,1,0.3,36,0,19.594865798950195,,,True
150,coarse,2,0.3,64,6,19.598527908325195,,,True
150,detail,1,1.0,67,18,34.20880889892578,0.789374828338623,4,False
150,detail,1,0.9,77,27,31.874237060546875,0.8035681247711182,3,False
150,detail,1,0.8,77,35,29.39718246459961,0.8360569477081299,3,False
150,detail,1,0.7,59,40,29.589927673339844,1.3190281391143799,2,False
150,detail,1,0.6,59,48,27.35321044921875,1.4796562194824219,2,True
150,detail,2,1.0,127,16,32.46680450439453,0.7555949687957764,4,False
150,detail,2,0.9,127,24,32.88856506347656,0.7124967575073242,3,False
150,detail,2,0.8,130,30,33.4776725769043,0.6445989608764648,3,False
150,detail,2,0.7,133,36,34.40032958984375,0.6677780151367188,2,False
150,detail,2,0.6,135,32,29.541107177734375,1.0525901317596436,2,False
151,coarse,1,0.3,36,0,19.83572006225586,,,True
151,coarse,2,0.3,58,2,19.884496688842773,,,True
151,detail,1,1.0,77,18,33.34336853027344,0.8949618339538574,4,False
151,detail,1,0.9,77,27,32.010807037353516,1.0366089344024658,3,False
151,detail,1,0.8,77,35,29.51966094970703,1.1057088375091553,3,False
151,detail,1,0.7,59,40,29.745773315429688,1.2049131393432617,2,False
151,detail,1,0.6,59,48,27.27242660522461,1.2758111953735352,2,False
151,detail,2,1.0,103,0,30.375682830810547,0.9603736400604248,4,False
151,detail,2,0.9,109,6,28.361576080322266,0.789560079574585,3,False
151,detail,2,0.8,112,9,27.39122200012207,0.9087185859680176,3,False
151,detail,2,0.7,103,8,26.665607452392578,1.2014987468719482,2,False
151,detail,2,0.6,103,14,25.837053298950195,1.6715161800384521,2,True
152,coarse,1,0.3,40,0,19.584033966064453,,,True
152,coarse,2,0.3,64,6,19.628665924072266,,,True
152,detail,1,1.0,71,16,33.255043029785156,0.7615382671356201,4,False
152,detail,1,0.9,87,27,31.541051864624023,1.3366854190826416,3,False
152,detail,1,0.8,89,35,29.287485122680664,1.4470798969268799,3,False
152,detail,1,0.7,91,42,29.687328338623047,1.3868451118469238,2,False
152,detail,1,0.6,91,50,27.67515754699707,1.2624449729919434,2,True
152,detail,2,1.0,127,16,32.77676010131836,0.7232916355133057,4,False
152,detail,2,0.9,127,24,33.33766174316406,0.663508415222168,3,False
152,detail,2,0.8,130,30,34.07648849487305,0.5844476222991943,3,False
152,detail,2,0.7,115,44,34.60938262939453,1.7635784149169922,2,False
152,detail,2,0.6,129,30,29.728290557861328,0.8559975624084473,2,False
153,coarse,1,0.3,50,0,19.565444946289062,,,True
153,coarse,2,0.3,70,6,19.67353630065918,,,True
153,detail,1,1.0,105,18,32.884559631347656,1.410501480102539,4,False
153,detail,1,0.9,87,27,31.653188705444336,1.2717866897583008,3,False
153,detail,1,0.8,99,3,27.760238647460938,0.8351931571960449,3,False
153,detail,1,0.7,112,16,27.678070068359375,0.7980308532714844,2,False
153,detail,1,0.6,103,16,26.90913963317871,1.10257887840271,2,True
153,detail,2,1.0,128,16,32.75589370727539,0.7279512882232666,4,False
153,detail,2,0.9,140,27,33.171199798583984,1.0100226402282715,3,False
153,detail,2,0.8,142,33,33.73081588745117,0.7438094615936279,3,False
153,detail,2,0.7,134,32,33.444000244140625,0.6144449710845947,2,False
153,detail,2,0.6,134,30,29.55823516845703,0.8466641902923584,2,False
154,coarse,1,0.3,50,0,19.57210350036621,,,True
154,coarse,2,0.3,70,6,19.665191650390625,,,True
154,coarse,3,0.5,18,0,27.344520568847656,,,True
154,detail,1,1.0,91,18,33.07642364501953,1.2867703437805176,4,False
154,detail,1,0.9,102,6,29.498455047607422,0.9801335334777832,3,False
154,detail,1,0.8,99,6,28.43757438659668,1.066326379776001,3,False
154,detail,1,0.7,105,10,27.728818893432617,1.0657565593719482,2,False
154,detail,1,0.6,99,16,25.9656925201416,1.1578807830810547,2,False
154,detail,2,1.0,128,16,32.905277252197266,0.8407111167907715,4,False
154,detail,2,0.9,140,27,33.4343376159668,0.9813892841339111,3,False
154,detail,2,0.8,132,30,34.09632110595703,0.7560226917266846,3,False
154,detail,2,0.7,134,28,30.06255340576172,0.986008882522583,2,False
154,detail,2,0.6,136,26,29.239849090576172,1.3004264831542969,2,False
154,detail,3,1.0,43,16,31.327062606811523,0.9852187633514404,4,False
154,detail,3,0.9,47,24,29.32236099243164,1.121767520904541,3,False
154,detail,3,0.8,42,33,29.19711685180664,1.0788793563842773,3,False
154,detail,3,0.7,41,44,27.5179500579834,1.0171728134155273,2,False
154,detail,3,0.6,41,50,23.21746826171875,1.5728223323822021,2,True
155,coarse,1,0.3,56,2,19.645429611206055,,,True
155,coarse,2,0.5,18,0,27.326074600219727,,,True
155,detail,1,1.0,111,18,31.91353416442871,1.2632715702056885,4,False
155,detail,1,0.9,111,21,31.70270538330078,0.7933003902435303,3,False
155,detail,1,0.8,111,24,31.14098358154297,0.9468307495117188,3,False
155,detail,1,0.7,109,12,28.617610931396484,0.9879603385925293,2,False
155,detail,1,0.6,105,16,26.424802780151367,1.2988948822021484,2,False
155,detail,2,1.0,27,0,31.228065490722656,1.2938075065612793,4,False
155,detail,2,0.9,47,24,29.530628204345703,1.3975274562835693,3,False
155,detail,2,0.8,39,0,28.814550399780273,1.1673686504364014,3,False
155,detail,2,0.7,52,0,27.462491989135742,1.3310356140136719,2,False
155,detail,2,0.6,43,50,22.737226486206055,1.3637688159942627,2,True
156,coarse,1,0.3,60,2,20.056747436523438,,,True
156,coarse,2,0.5,18,0,27.65930938720703,,,True
156,detail,1,1.0,111,12,31.24411392211914,0.8140382766723633,4,False
156,detail,1,0.9,110,6,28.765926361083984,0.8467998504638672,3,False
156,detail,1,0.8,107,3,28.228134155273438,0.8507673740386963,3,False
156,detail,1,0.7,115,16,27.465864181518555,1.002002477645874,2,False
156,detail,1,0.6,117,22,27.529300689697266,1.0305354595184326,2,False
156,detail,2,1.0,43,16,31.608083724975586,1.1809465885162354,4,False
156,detail,2,0.9,42,24,29.681766510009766,1.16031813621521,3,False
156,detail,2,0.8,42,33,29.317153930664062,1.211822271347046,3,False
156,detail,2,0.7,43,44,27.508771896362305,1.1642048358917236,2,False
156,detail,2,0.6,43,50,22.901033401489258,1.4659795761108398,2,True
157,coarse,1,0.3,40,0,20.36502456665039,,,True
157,coarse,2,0.3,73,6,20.444169998168945,,,True
157,coarse,3,0.5,18,0,27.62561798095703,,,True
157,detail,1,1.0,79,16,33.39225769042969,0.989039421081543,4,False
157,detail,1,0.9,87,27,32.616127014160156,1.2571396827697754,3,False
157,detail,1,0.8,89,35,30.19073486328125,1.3438973426818848,3,False
157,detail,1,0.7,92,44,29.891040802001953,1.501706600189209,2,False
157,detail,1,0.6,89,50,27.86029815673828,1.5183954238891602,2,False
157,detail,2,1.0,128,16,34.040802001953125,0.9767673015594482,4,False
157,detail,2,0.9,140,27,34.48514938354492,1.1983509063720703,3,False
157,detail,2,0.8,142,33,34.849822998046875,0.7243006229400635,3,False
157,detail,2,0.7,120,22,30.356473922729492,1.0681638717651367,2,False
157,detail,2,0.6,120,22,26.92108726501465,1.0789597034454346,2,False
157,detail,3,1.0,31,16,31.5009765625,1.3466029167175293,4,False
157,detail,3,0.9,36,0,28.792707443237305,1.1863350868225098,3,False
157,detail,3,0.8,42,0,29.309709548950195,1.438079833984375,3,False
157,detail,3,0.7,43,44,27.705522537231445,1.5119333267211914,2,False
157,detail,3,0.6,43,50,22.816587448120117,1.6860828399658203,2,True
158,coarse,1,0.3,38,0,20.383052825927734,,,True
158,coarse,2,0.3,70,6,20.602758407592773,,,True
158,coarse,3,0.5,20,12,28.32238006591797,,,True
158,detail,1,1.0,79,16,33.221866607666016,0.9324228763580322,4,False
158,detail,1,0.9,81,27,32.853511810302734,1.2136445045471191,3,False
158,detail,1,0.8,81,35,30.121679306030273,1.2836410999298096,3,False
158,detail,1,0.7,63,42,30.173362731933594,1.623607873916626,2,False
158,detail,1,0.6,90,50,27.6988525390625,1.442143440246582,2,False
